statistics_code;statistics_label;time_code;time_label;time;1_variable_code;1_variable_label;1_variable_attribute_code;1_variable_attribute_label;2_variable_code;2_variable_label;2_variable_attribute_code;2_variable_attribute_label;value;value_unit;value_variable_code;value_variable_label;value_q
43311;Monatserhebung ü. Elektrizitäts- u. Wärmeerzeugung;JAHR;Jahr;2015;DINSG;Deutschland insgesamt;DG;Deutschland;ENRG03;Energieträger;WAS-PSP-03;Pumpspeicher ohne natürlichen Zufluss;-;MWh;WRM001;Nettowärmeerzeugung;
43311;Monatserhebung ü. Elektrizitäts- u. Wärmeerzeugung;JAHR;Jahr;2015;DINSG;Deutschland insgesamt;DG;Deutschland;ENRG03;Energieträger;WAS-PSP-03;Pumpspeicher ohne natürlichen Zufluss;5798667;MWh;EKT002;Elektrizitätserzeugung (netto);e
43311;Monatserhebung ü. Elektrizitäts- u. Wärmeerzeugung;JAHR;Jahr;2015;DINSG;Deutschland insgesamt;DG;Deutschland;ENRG03;Energieträger;WAS-PSP-03;Pumpspeicher ohne natürlichen Zufluss;5921283;MWh;EKT001;Elektrizitätserzeugung (brutto);e
43311;Monatserhebung ü. Elektrizitäts- u. Wärmeerzeugung;JAHR;Jahr;2015;DINSG;Deutschland insgesamt;DG;Deutschland;ENRG03;Energieträger;WAS-PSP-03;Pumpspeicher ohne natürlichen Zufluss;-;GJ;BRN001;Brennstoffeinsatz;
43311;Monatserhebung ü. Elektrizitäts- u. Wärmeerzeugung;JAHR;Jahr;2013;DINSG;Deutschland insgesamt;DG;Deutschland;ENRG03;Energieträger;GAS-RAF;Raffineriegas;-;MWh;WRM001;Nettowärmeerzeugung;
43311;Monatserhebung ü. Elektrizitäts- u. Wärmeerzeugung;JAHR;Jahr;2013;DINSG;Deutschland insgesamt;DG;Deutschland;ENRG03;Energieträger;GAS-RAF;Raffineriegas;-;MWh;EKT002;Elektrizitätserzeugung (netto);
43311;Monatserhebung ü. Elektrizitäts- u. Wärmeerzeugung;JAHR;Jahr;2013;DINSG;Deutschland insgesamt;DG;Deutschland;ENRG03;Energieträger;GAS-RAF;Raffineriegas;-;MWh;EKT001;Elektrizitätserzeugung (brutto);
43311;Monatserhebung ü. Elektrizitäts- u. Wärmeerzeugung;JAHR;Jahr;2013;DINSG;Deutschland insgesamt;DG;Deutschland;ENRG03;Energieträger;GAS-RAF;Raffineriegas;-;GJ;BRN001;Brennstoffeinsatz;
43311;Monatserhebung ü. Elektrizitäts- u. Wärmeerzeugung;JAHR;Jahr;2024;DINSG;Deutschland insgesamt;DG;Deutschland;ENRG03;Energieträger;ENRKER;Kernenergie;-;MWh;WRM001;Nettowärmeerzeugung;
43311;Monatserhebung ü. Elektrizitäts- u. Wärmeerzeugung;JAHR;Jahr;2024;DINSG;Deutschland insgesamt;DG;Deutschland;ENRG03;Energieträger;ENRKER;Kernenergie;-;MWh;EKT002;Elektrizitätserzeugung (netto);
43311;Monatserhebung ü. Elektrizitäts- u. Wärmeerzeugung;JAHR;Jahr;2024;DINSG;Deutschland insgesamt;DG;Deutschland;ENRG03;Energieträger;ENRKER;Kernenergie;-;MWh;EKT001;Elektrizitätserzeugung (brutto);
43311;Monatserhebung ü. Elektrizitäts- u. Wärmeerzeugung;JAHR;Jahr;2024;DINSG;Deutschland insgesamt;DG;Deutschland;ENRG03;Energieträger;ENRKER;Kernenergie;-;GJ;BRN001;Brennstoffeinsatz;
43311;Monatserhebung ü. Elektrizitäts- u. Wärmeerzeugung;JAHR;Jahr;2003;DINSG;Deutschland insgesamt;DG;Deutschland;ENRG03;Energieträger;KLS-01;Klärschlamm;12420;MWh;WRM001;Nettowärmeerzeugung;e
43311;Monatserhebung ü. Elektrizitäts- u. Wärmeerzeugung;JAHR;Jahr;2003;DINSG;Deutschland insgesamt;DG;Deutschland;ENRG03;Energieträger;KLS-01;Klärschlamm;87890;MWh;EKT002;Elektrizitätserzeugung (netto);e
43311;Monatserhebung ü. Elektrizitäts- u. Wärmeerzeugung;JAHR;Jahr;2003;DINSG;Deutschland insgesamt;DG;Deutschland;ENRG03;Energieträger;KLS-01;Klärschlamm;97957;MWh;EKT001;Elektrizitätserzeugung (brutto);e
43311;Monatserhebung ü. Elektrizitäts- u. Wärmeerzeugung;JAHR;Jahr;2003;DINSG;Deutschland insgesamt;DG;Deutschland;ENRG03;Energieträger;KLS-01;Klärschlamm;721723;GJ;BRN001;Brennstoffeinsatz;e
43311;Monatserhebung ü. Elektrizitäts- u. Wärmeerzeugung;JAHR;Jahr;2015;DINSG;Deutschland insgesamt;DG;Deutschland;ENRG03;Energieträger;BIO-F-01;Feste biogene Stoffe;5153261;MWh;WRM001;Nettowärmeerzeugung;e
43311;Monatserhebung ü. Elektrizitäts- u. Wärmeerzeugung;JAHR;Jahr;2015;DINSG;Deutschland insgesamt;DG;Deutschland;ENRG03;Energieträger;BIO-F-01;Feste biogene Stoffe;4376182;MWh;EKT002;Elektrizitätserzeugung (netto);e
43311;Monatserhebung ü. Elektrizitäts- u. Wärmeerzeugung;JAHR;Jahr;2015;DINSG;Deutschland insgesamt;DG;Deutschland;ENRG03;Energieträger;BIO-F-01;Feste biogene Stoffe;4867912;MWh;EKT001;Elektrizitätserzeugung (brutto);e
43311;Monatserhebung ü. Elektrizitäts- u. Wärmeerzeugung;JAHR;Jahr;2015;DINSG;Deutschland insgesamt;DG;Deutschland;ENRG03;Energieträger;BIO-F-01;Feste biogene Stoffe;77699213;GJ;BRN001;Brennstoffeinsatz;e
43311;Monatserhebung ü. Elektrizitäts- u. Wärmeerzeugung;JAHR;Jahr;2021;DINSG;Deutschland insgesamt;DG;Deutschland;ENRG03;Energieträger;WAS-SP-01;Speicherwasser;-;MWh;WRM001;Nettowärmeerzeugung;
43311;Monatserhebung ü. Elektrizitäts- u. Wärmeerzeugung;JAHR;Jahr;2021;DINSG;Deutschland insgesamt;DG;Deutschland;ENRG03;Energieträger;WAS-SP-01;Speicherwasser;686115;MWh;EKT002;Elektrizitätserzeugung (netto);e
43311;Monatserhebung ü. Elektrizitäts- u. Wärmeerzeugung;JAHR;Jahr;2021;DINSG;Deutschland insgesamt;DG;Deutschland;ENRG03;Energieträger;WAS-SP-01;Speicherwasser;690104;MWh;EKT001;Elektrizitätserzeugung (brutto);e
43311;Monatserhebung ü. Elektrizitäts- u. Wärmeerzeugung;JAHR;Jahr;2021;DINSG;Deutschland insgesamt;DG;Deutschland;ENRG03;Energieträger;WAS-SP-01;Speicherwasser;-;GJ;BRN001;Brennstoffeinsatz;
43311;Monatserhebung ü. Elektrizitäts- u. Wärmeerzeugung;JAHR;Jahr;2018;DINSG;Deutschland insgesamt;DG;Deutschland;ENRG03;Energieträger;;Insgesamt;108214657;MWh;WRM001;Nettowärmeerzeugung;e
43311;Monatserhebung ü. Elektrizitäts- u. Wärmeerzeugung;JAHR;Jahr;2018;DINSG;Deutschland insgesamt;DG;Deutschland;ENRG03;Energieträger;;Insgesamt;361342016;MWh;EKT002;Elektrizitätserzeugung (netto);e
43311;Monatserhebung ü. Elektrizitäts- u. Wärmeerzeugung;JAHR;Jahr;2018;DINSG;Deutschland insgesamt;DG;Deutschland;ENRG03;Energieträger;;Insgesamt;387499606;MWh;EKT001;Elektrizitätserzeugung (brutto);e
43311;Monatserhebung ü. Elektrizitäts- u. Wärmeerzeugung;JAHR;Jahr;2018;DINSG;Deutschland insgesamt;DG;Deutschland;ENRG03;Energieträger;;Insgesamt;2856853436;GJ;BRN001;Brennstoffeinsatz;e
43311;Monatserhebung ü. Elektrizitäts- u. Wärmeerzeugung;JAHR;Jahr;2015;DINSG;Deutschland insgesamt;DG;Deutschland;ENRG03;Energieträger;ENRSET;Sonstige Energieträger;96361;MWh;WRM001;Nettowärmeerzeugung;e
43311;Monatserhebung ü. Elektrizitäts- u. Wärmeerzeugung;JAHR;Jahr;2015;DINSG;Deutschland insgesamt;DG;Deutschland;ENRG03;Energieträger;ENRSET;Sonstige Energieträger;31972;MWh;EKT002;Elektrizitätserzeugung (netto);e
43311;Monatserhebung ü. Elektrizitäts- u. Wärmeerzeugung;JAHR;Jahr;2015;DINSG;Deutschland insgesamt;DG;Deutschland;ENRG03;Energieträger;ENRSET;Sonstige Energieträger;33485;MWh;EKT001;Elektrizitätserzeugung (brutto);e
43311;Monatserhebung ü. Elektrizitäts- u. Wärmeerzeugung;JAHR;Jahr;2015;DINSG;Deutschland insgesamt;DG;Deutschland;ENRG03;Energieträger;ENRSET;Sonstige Energieträger;505255;GJ;BRN001;Brennstoffeinsatz;e
43311;Monatserhebung ü. Elektrizitäts- u. Wärmeerzeugung;JAHR;Jahr;2019;DINSG;Deutschland insgesamt;DG;Deutschland;ENRG03;Energieträger;KHL-S-01;Steinkohlen;24480483;MWh;WRM001;Nettowärmeerzeugung;e
43311;Monatserhebung ü. Elektrizitäts- u. Wärmeerzeugung;JAHR;Jahr;2019;DINSG;Deutschland insgesamt;DG;Deutschland;ENRG03;Energieträger;KHL-S-01;Steinkohlen;49502524;MWh;EKT002;Elektrizitätserzeugung (netto);e
43311;Monatserhebung ü. Elektrizitäts- u. Wärmeerzeugung;JAHR;Jahr;2019;DINSG;Deutschland insgesamt;DG;Deutschland;ENRG03;Energieträger;KHL-S-01;Steinkohlen;54522044;MWh;EKT001;Elektrizitätserzeugung (brutto);e
43311;Monatserhebung ü. Elektrizitäts- u. Wärmeerzeugung;JAHR;Jahr;2019;DINSG;Deutschland insgesamt;DG;Deutschland;ENRG03;Energieträger;KHL-S-01;Steinkohlen;535206840;GJ;BRN001;Brennstoffeinsatz;e
43311;Monatserhebung ü. Elektrizitäts- u. Wärmeerzeugung;JAHR;Jahr;2018;DINSG;Deutschland insgesamt;DG;Deutschland;ENRG03;Energieträger;GEOTH-01;Geothermie;-;MWh;WRM001;Nettowärmeerzeugung;
43311;Monatserhebung ü. Elektrizitäts- u. Wärmeerzeugung;JAHR;Jahr;2018;DINSG;Deutschland insgesamt;DG;Deutschland;ENRG03;Energieträger;GEOTH-01;Geothermie;-;MWh;EKT002;Elektrizitätserzeugung (netto);
43311;Monatserhebung ü. Elektrizitäts- u. Wärmeerzeugung;JAHR;Jahr;2018;DINSG;Deutschland insgesamt;DG;Deutschland;ENRG03;Energieträger;GEOTH-01;Geothermie;-;MWh;EKT001;Elektrizitätserzeugung (brutto);
43311;Monatserhebung ü. Elektrizitäts- u. Wärmeerzeugung;JAHR;Jahr;2018;DINSG;Deutschland insgesamt;DG;Deutschland;ENRG03;Energieträger;GEOTH-01;Geothermie;-;GJ;BRN001;Brennstoffeinsatz;
43311;Monatserhebung ü. Elektrizitäts- u. Wärmeerzeugung;JAHR;Jahr;2005;DINSG;Deutschland insgesamt;DG;Deutschland;ENRG03;Energieträger;KHL-S-KOKS;Steinkohlenkoks;-;MWh;WRM001;Nettowärmeerzeugung;
43311;Monatserhebung ü. Elektrizitäts- u. Wärmeerzeugung;JAHR;Jahr;2005;DINSG;Deutschland insgesamt;DG;Deutschland;ENRG03;Energieträger;KHL-S-KOKS;Steinkohlenkoks;-;MWh;EKT002;Elektrizitätserzeugung (netto);
43311;Monatserhebung ü. Elektrizitäts- u. Wärmeerzeugung;JAHR;Jahr;2005;DINSG;Deutschland insgesamt;DG;Deutschland;ENRG03;Energieträger;KHL-S-KOKS;Steinkohlenkoks;-;MWh;EKT001;Elektrizitätserzeugung (brutto);
43311;Monatserhebung ü. Elektrizitäts- u. Wärmeerzeugung;JAHR;Jahr;2005;DINSG;Deutschland insgesamt;DG;Deutschland;ENRG03;Energieträger;KHL-S-KOKS;Steinkohlenkoks;-;GJ;BRN001;Brennstoffeinsatz;
43311;Monatserhebung ü. Elektrizitäts- u. Wärmeerzeugung;JAHR;Jahr;2008;DINSG;Deutschland insgesamt;DG;Deutschland;ENRG03;Energieträger;GAS-SONST;Sonstige hergestellte Gase;44741;MWh;WRM001;Nettowärmeerzeugung;e
43311;Monatserhebung ü. Elektrizitäts- u. Wärmeerzeugung;JAHR;Jahr;2008;DINSG;Deutschland insgesamt;DG;Deutschland;ENRG03;Energieträger;GAS-SONST;Sonstige hergestellte Gase;24068;MWh;EKT002;Elektrizitätserzeugung (netto);e
43311;Monatserhebung ü. Elektrizitäts- u. Wärmeerzeugung;JAHR;Jahr;2008;DINSG;Deutschland insgesamt;DG;Deutschland;ENRG03;Energieträger;GAS-SONST;Sonstige hergestellte Gase;24068;MWh;EKT001;Elektrizitätserzeugung (brutto);e
43311;Monatserhebung ü. Elektrizitäts- u. Wärmeerzeugung;JAHR;Jahr;2008;DINSG;Deutschland insgesamt;DG;Deutschland;ENRG03;Energieträger;GAS-SONST;Sonstige hergestellte Gase;263786;GJ;BRN001;Brennstoffeinsatz;e
43311;Monatserhebung ü. Elektrizitäts- u. Wärmeerzeugung;JAHR;Jahr;2014;DINSG;Deutschland insgesamt;DG;Deutschland;ENRG03;Energieträger;PHOTO-01;Photovoltaik;-;MWh;WRM001;Nettowärmeerzeugung;
43311;Monatserhebung ü. Elektrizitäts- u. Wärmeerzeugung;JAHR;Jahr;2014;DINSG;Deutschland insgesamt;DG;Deutschland;ENRG03;Energieträger;PHOTO-01;Photovoltaik;-;MWh;EKT002;Elektrizitätserzeugung (netto);
43311;Monatserhebung ü. Elektrizitäts- u. Wärmeerzeugung;JAHR;Jahr;2014;DINSG;Deutschland insgesamt;DG;Deutschland;ENRG03;Energieträger;PHOTO-01;Photovoltaik;-;MWh;EKT001;Elektrizitätserzeugung (brutto);
43311;Monatserhebung ü. Elektrizitäts- u. Wärmeerzeugung;JAHR;Jahr;2014;DINSG;Deutschland insgesamt;DG;Deutschland;ENRG03;Energieträger;PHOTO-01;Photovoltaik;-;GJ;BRN001;Brennstoffeinsatz;
43311;Monatserhebung ü. Elektrizitäts- u. Wärmeerzeugung;JAHR;Jahr;2016;DINSG;Deutschland insgesamt;DG;Deutschland;ENRG03;Energieträger;BIO-FL-01;Flüssige biogene Stoffe;.;MWh;WRM001;Nettowärmeerzeugung;
43311;Monatserhebung ü. Elektrizitäts- u. Wärmeerzeugung;JAHR;Jahr;2016;DINSG;Deutschland insgesamt;DG;Deutschland;ENRG03;Energieträger;BIO-FL-01;Flüssige biogene Stoffe;.;MWh;EKT002;Elektrizitätserzeugung (netto);
43311;Monatserhebung ü. Elektrizitäts- u. Wärmeerzeugung;JAHR;Jahr;2016;DINSG;Deutschland insgesamt;DG;Deutschland;ENRG03;Energieträger;BIO-FL-01;Flüssige biogene Stoffe;.;MWh;EKT001;Elektrizitätserzeugung (brutto);
43311;Monatserhebung ü. Elektrizitäts- u. Wärmeerzeugung;JAHR;Jahr;2016;DINSG;Deutschland insgesamt;DG;Deutschland;ENRG03;Energieträger;BIO-FL-01;Flüssige biogene Stoffe;.;GJ;BRN001;Brennstoffeinsatz;
43311;Monatserhebung ü. Elektrizitäts- u. Wärmeerzeugung;JAHR;Jahr;2005;DINSG;Deutschland insgesamt;DG;Deutschland;ENRG03;Energieträger;GEOTH-01;Geothermie;27240;MWh;WRM001;Nettowärmeerzeugung;e
43311;Monatserhebung ü. Elektrizitäts- u. Wärmeerzeugung;JAHR;Jahr;2005;DINSG;Deutschland insgesamt;DG;Deutschland;ENRG03;Energieträger;GEOTH-01;Geothermie;-;MWh;EKT002;Elektrizitätserzeugung (netto);
43311;Monatserhebung ü. Elektrizitäts- u. Wärmeerzeugung;JAHR;Jahr;2005;DINSG;Deutschland insgesamt;DG;Deutschland;ENRG03;Energieträger;GEOTH-01;Geothermie;-;MWh;EKT001;Elektrizitätserzeugung (brutto);
43311;Monatserhebung ü. Elektrizitäts- u. Wärmeerzeugung;JAHR;Jahr;2005;DINSG;Deutschland insgesamt;DG;Deutschland;ENRG03;Energieträger;GEOTH-01;Geothermie;-;GJ;BRN001;Brennstoffeinsatz;
43311;Monatserhebung ü. Elektrizitäts- u. Wärmeerzeugung;JAHR;Jahr;2021;DINSG;Deutschland insgesamt;DG;Deutschland;ENRG03;Energieträger;KHL-S-KWS;Kohlenwertstoffe aus Steinkohle;-;MWh;WRM001;Nettowärmeerzeugung;
43311;Monatserhebung ü. Elektrizitäts- u. Wärmeerzeugung;JAHR;Jahr;2021;DINSG;Deutschland insgesamt;DG;Deutschland;ENRG03;Energieträger;KHL-S-KWS;Kohlenwertstoffe aus Steinkohle;-;MWh;EKT002;Elektrizitätserzeugung (netto);
43311;Monatserhebung ü. Elektrizitäts- u. Wärmeerzeugung;JAHR;Jahr;2021;DINSG;Deutschland insgesamt;DG;Deutschland;ENRG03;Energieträger;KHL-S-KWS;Kohlenwertstoffe aus Steinkohle;-;MWh;EKT001;Elektrizitätserzeugung (brutto);
43311;Monatserhebung ü. Elektrizitäts- u. Wärmeerzeugung;JAHR;Jahr;2021;DINSG;Deutschland insgesamt;DG;Deutschland;ENRG03;Energieträger;KHL-S-KWS;Kohlenwertstoffe aus Steinkohle;-;GJ;BRN001;Brennstoffeinsatz;
43311;Monatserhebung ü. Elektrizitäts- u. Wärmeerzeugung;JAHR;Jahr;2006;DINSG;Deutschland insgesamt;DG;Deutschland;ENRG03;Energieträger;WAS-PSP-01;Pumpspeicherwasser;-;MWh;WRM001;Nettowärmeerzeugung;
43311;Monatserhebung ü. Elektrizitäts- u. Wärmeerzeugung;JAHR;Jahr;2006;DINSG;Deutschland insgesamt;DG;Deutschland;ENRG03;Energieträger;WAS-PSP-01;Pumpspeicherwasser;7244619;MWh;EKT002;Elektrizitätserzeugung (netto);e
43311;Monatserhebung ü. Elektrizitäts- u. Wärmeerzeugung;JAHR;Jahr;2006;DINSG;Deutschland insgesamt;DG;Deutschland;ENRG03;Energieträger;WAS-PSP-01;Pumpspeicherwasser;7372997;MWh;EKT001;Elektrizitätserzeugung (brutto);e
43311;Monatserhebung ü. Elektrizitäts- u. Wärmeerzeugung;JAHR;Jahr;2006;DINSG;Deutschland insgesamt;DG;Deutschland;ENRG03;Energieträger;WAS-PSP-01;Pumpspeicherwasser;-;GJ;BRN001;Brennstoffeinsatz;
43311;Monatserhebung ü. Elektrizitäts- u. Wärmeerzeugung;JAHR;Jahr;2015;DINSG;Deutschland insgesamt;DG;Deutschland;ENRG03;Energieträger;GAS-HO-01;Hochofengas;.;MWh;WRM001;Nettowärmeerzeugung;
43311;Monatserhebung ü. Elektrizitäts- u. Wärmeerzeugung;JAHR;Jahr;2015;DINSG;Deutschland insgesamt;DG;Deutschland;ENRG03;Energieträger;GAS-HO-01;Hochofengas;.;MWh;EKT002;Elektrizitätserzeugung (netto);
43311;Monatserhebung ü. Elektrizitäts- u. Wärmeerzeugung;JAHR;Jahr;2015;DINSG;Deutschland insgesamt;DG;Deutschland;ENRG03;Energieträger;GAS-HO-01;Hochofengas;.;MWh;EKT001;Elektrizitätserzeugung (brutto);
43311;Monatserhebung ü. Elektrizitäts- u. Wärmeerzeugung;JAHR;Jahr;2015;DINSG;Deutschland insgesamt;DG;Deutschland;ENRG03;Energieträger;GAS-HO-01;Hochofengas;.;GJ;BRN001;Brennstoffeinsatz;
43311;Monatserhebung ü. Elektrizitäts- u. Wärmeerzeugung;JAHR;Jahr;2003;DINSG;Deutschland insgesamt;DG;Deutschland;ENRG03;Energieträger;KHL-B-ROH;Rohbraunkohlen;9660943;MWh;WRM001;Nettowärmeerzeugung;e
43311;Monatserhebung ü. Elektrizitäts- u. Wärmeerzeugung;JAHR;Jahr;2003;DINSG;Deutschland insgesamt;DG;Deutschland;ENRG03;Energieträger;KHL-B-ROH;Rohbraunkohlen;141725570;MWh;EKT002;Elektrizitätserzeugung (netto);e
43311;Monatserhebung ü. Elektrizitäts- u. Wärmeerzeugung;JAHR;Jahr;2003;DINSG;Deutschland insgesamt;DG;Deutschland;ENRG03;Energieträger;KHL-B-ROH;Rohbraunkohlen;153603201;MWh;EKT001;Elektrizitätserzeugung (brutto);e
43311;Monatserhebung ü. Elektrizitäts- u. Wärmeerzeugung;JAHR;Jahr;2003;DINSG;Deutschland insgesamt;DG;Deutschland;ENRG03;Energieträger;KHL-B-ROH;Rohbraunkohlen;1492987291;GJ;BRN001;Brennstoffeinsatz;e
43311;Monatserhebung ü. Elektrizitäts- u. Wärmeerzeugung;JAHR;Jahr;2010;DINSG;Deutschland insgesamt;DG;Deutschland;ENRG03;Energieträger;WAS-PSP-02;Pumpspeicher mit natürlichem Zufluss;-;MWh;WRM001;Nettowärmeerzeugung;
43311;Monatserhebung ü. Elektrizitäts- u. Wärmeerzeugung;JAHR;Jahr;2010;DINSG;Deutschland insgesamt;DG;Deutschland;ENRG03;Energieträger;WAS-PSP-02;Pumpspeicher mit natürlichem Zufluss;-;MWh;EKT002;Elektrizitätserzeugung (netto);
43311;Monatserhebung ü. Elektrizitäts- u. Wärmeerzeugung;JAHR;Jahr;2010;DINSG;Deutschland insgesamt;DG;Deutschland;ENRG03;Energieträger;WAS-PSP-02;Pumpspeicher mit natürlichem Zufluss;-;MWh;EKT001;Elektrizitätserzeugung (brutto);
43311;Monatserhebung ü. Elektrizitäts- u. Wärmeerzeugung;JAHR;Jahr;2010;DINSG;Deutschland insgesamt;DG;Deutschland;ENRG03;Energieträger;WAS-PSP-02;Pumpspeicher mit natürlichem Zufluss;-;GJ;BRN001;Brennstoffeinsatz;
43311;Monatserhebung ü. Elektrizitäts- u. Wärmeerzeugung;JAHR;Jahr;2016;DINSG;Deutschland insgesamt;DG;Deutschland;ENRG03;Energieträger;KHL-S-SONST;Sonstige Steinkohlen;-;MWh;WRM001;Nettowärmeerzeugung;
43311;Monatserhebung ü. Elektrizitäts- u. Wärmeerzeugung;JAHR;Jahr;2016;DINSG;Deutschland insgesamt;DG;Deutschland;ENRG03;Energieträger;KHL-S-SONST;Sonstige Steinkohlen;-;MWh;EKT002;Elektrizitätserzeugung (netto);
43311;Monatserhebung ü. Elektrizitäts- u. Wärmeerzeugung;JAHR;Jahr;2016;DINSG;Deutschland insgesamt;DG;Deutschland;ENRG03;Energieträger;KHL-S-SONST;Sonstige Steinkohlen;-;MWh;EKT001;Elektrizitätserzeugung (brutto);
43311;Monatserhebung ü. Elektrizitäts- u. Wärmeerzeugung;JAHR;Jahr;2016;DINSG;Deutschland insgesamt;DG;Deutschland;ENRG03;Energieträger;KHL-S-SONST;Sonstige Steinkohlen;-;GJ;BRN001;Brennstoffeinsatz;
43311;Monatserhebung ü. Elektrizitäts- u. Wärmeerzeugung;JAHR;Jahr;2010;DINSG;Deutschland insgesamt;DG;Deutschland;ENRG03;Energieträger;KHL-B-ROH;Rohbraunkohlen;9632752;MWh;WRM001;Nettowärmeerzeugung;e
43311;Monatserhebung ü. Elektrizitäts- u. Wärmeerzeugung;JAHR;Jahr;2010;DINSG;Deutschland insgesamt;DG;Deutschland;ENRG03;Energieträger;KHL-B-ROH;Rohbraunkohlen;130429246;MWh;EKT002;Elektrizitätserzeugung (netto);e
43311;Monatserhebung ü. Elektrizitäts- u. Wärmeerzeugung;JAHR;Jahr;2010;DINSG;Deutschland insgesamt;DG;Deutschland;ENRG03;Energieträger;KHL-B-ROH;Rohbraunkohlen;141459454;MWh;EKT001;Elektrizitätserzeugung (brutto);e
43311;Monatserhebung ü. Elektrizitäts- u. Wärmeerzeugung;JAHR;Jahr;2010;DINSG;Deutschland insgesamt;DG;Deutschland;ENRG03;Energieträger;KHL-B-ROH;Rohbraunkohlen;1357698042;GJ;BRN001;Brennstoffeinsatz;e
43311;Monatserhebung ü. Elektrizitäts- u. Wärmeerzeugung;JAHR;Jahr;2013;DINSG;Deutschland insgesamt;DG;Deutschland;ENRG03;Energieträger;KHL-B-HART;Hartbraunkohlen;.;MWh;WRM001;Nettowärmeerzeugung;
43311;Monatserhebung ü. Elektrizitäts- u. Wärmeerzeugung;JAHR;Jahr;2013;DINSG;Deutschland insgesamt;DG;Deutschland;ENRG03;Energieträger;KHL-B-HART;Hartbraunkohlen;.;MWh;EKT002;Elektrizitätserzeugung (netto);
43311;Monatserhebung ü. Elektrizitäts- u. Wärmeerzeugung;JAHR;Jahr;2013;DINSG;Deutschland insgesamt;DG;Deutschland;ENRG03;Energieträger;KHL-B-HART;Hartbraunkohlen;.;MWh;EKT001;Elektrizitätserzeugung (brutto);
43311;Monatserhebung ü. Elektrizitäts- u. Wärmeerzeugung;JAHR;Jahr;2013;DINSG;Deutschland insgesamt;DG;Deutschland;ENRG03;Energieträger;KHL-B-HART;Hartbraunkohlen;.;GJ;BRN001;Brennstoffeinsatz;
43311;Monatserhebung ü. Elektrizitäts- u. Wärmeerzeugung;JAHR;Jahr;2015;DINSG;Deutschland insgesamt;DG;Deutschland;ENRG03;Energieträger;GAS-SONST;Sonstige hergestellte Gase;-;MWh;WRM001;Nettowärmeerzeugung;
43311;Monatserhebung ü. Elektrizitäts- u. Wärmeerzeugung;JAHR;Jahr;2015;DINSG;Deutschland insgesamt;DG;Deutschland;ENRG03;Energieträger;GAS-SONST;Sonstige hergestellte Gase;.;MWh;EKT002;Elektrizitätserzeugung (netto);
43311;Monatserhebung ü. Elektrizitäts- u. Wärmeerzeugung;JAHR;Jahr;2015;DINSG;Deutschland insgesamt;DG;Deutschland;ENRG03;Energieträger;GAS-SONST;Sonstige hergestellte Gase;.;MWh;EKT001;Elektrizitätserzeugung (brutto);
43311;Monatserhebung ü. Elektrizitäts- u. Wärmeerzeugung;JAHR;Jahr;2015;DINSG;Deutschland insgesamt;DG;Deutschland;ENRG03;Energieträger;GAS-SONST;Sonstige hergestellte Gase;.;GJ;BRN001;Brennstoffeinsatz;
43311;Monatserhebung ü. Elektrizitäts- u. Wärmeerzeugung;JAHR;Jahr;2003;DINSG;Deutschland insgesamt;DG;Deutschland;ENRG03;Energieträger;GAS-K-01;Kokereigas;-;MWh;WRM001;Nettowärmeerzeugung;
43311;Monatserhebung ü. Elektrizitäts- u. Wärmeerzeugung;JAHR;Jahr;2003;DINSG;Deutschland insgesamt;DG;Deutschland;ENRG03;Energieträger;GAS-K-01;Kokereigas;48905;MWh;EKT002;Elektrizitätserzeugung (netto);e
43311;Monatserhebung ü. Elektrizitäts- u. Wärmeerzeugung;JAHR;Jahr;2003;DINSG;Deutschland insgesamt;DG;Deutschland;ENRG03;Energieträger;GAS-K-01;Kokereigas;54266;MWh;EKT001;Elektrizitätserzeugung (brutto);e
43311;Monatserhebung ü. Elektrizitäts- u. Wärmeerzeugung;JAHR;Jahr;2003;DINSG;Deutschland insgesamt;DG;Deutschland;ENRG03;Energieträger;GAS-K-01;Kokereigas;504992;GJ;BRN001;Brennstoffeinsatz;e
43311;Monatserhebung ü. Elektrizitäts- u. Wärmeerzeugung;JAHR;Jahr;2010;DINSG;Deutschland insgesamt;DG;Deutschland;ENRG03;Energieträger;OEL-H-S-01;Heizöl, schwer;260324;MWh;WRM001;Nettowärmeerzeugung;e
43311;Monatserhebung ü. Elektrizitäts- u. Wärmeerzeugung;JAHR;Jahr;2010;DINSG;Deutschland insgesamt;DG;Deutschland;ENRG03;Energieträger;OEL-H-S-01;Heizöl, schwer;555281;MWh;EKT002;Elektrizitätserzeugung (netto);e
43311;Monatserhebung ü. Elektrizitäts- u. Wärmeerzeugung;JAHR;Jahr;2010;DINSG;Deutschland insgesamt;DG;Deutschland;ENRG03;Energieträger;OEL-H-S-01;Heizöl, schwer;600059;MWh;EKT001;Elektrizitätserzeugung (brutto);e
43311;Monatserhebung ü. Elektrizitäts- u. Wärmeerzeugung;JAHR;Jahr;2010;DINSG;Deutschland insgesamt;DG;Deutschland;ENRG03;Energieträger;OEL-H-S-01;Heizöl, schwer;6407926;GJ;BRN001;Brennstoffeinsatz;e
43311;Monatserhebung ü. Elektrizitäts- u. Wärmeerzeugung;JAHR;Jahr;2023;DINSG;Deutschland insgesamt;DG;Deutschland;ENRG03;Energieträger;DIESEL-01;Dieselkraftstoff;.;MWh;WRM001;Nettowärmeerzeugung;
43311;Monatserhebung ü. Elektrizitäts- u. Wärmeerzeugung;JAHR;Jahr;2023;DINSG;Deutschland insgesamt;DG;Deutschland;ENRG03;Energieträger;DIESEL-01;Dieselkraftstoff;.;MWh;EKT002;Elektrizitätserzeugung (netto);
43311;Monatserhebung ü. Elektrizitäts- u. Wärmeerzeugung;JAHR;Jahr;2023;DINSG;Deutschland insgesamt;DG;Deutschland;ENRG03;Energieträger;DIESEL-01;Dieselkraftstoff;.;MWh;EKT001;Elektrizitätserzeugung (brutto);
43311;Monatserhebung ü. Elektrizitäts- u. Wärmeerzeugung;JAHR;Jahr;2023;DINSG;Deutschland insgesamt;DG;Deutschland;ENRG03;Energieträger;DIESEL-01;Dieselkraftstoff;.;GJ;BRN001;Brennstoffeinsatz;
43311;Monatserhebung ü. Elektrizitäts- u. Wärmeerzeugung;JAHR;Jahr;2022;DINSG;Deutschland insgesamt;DG;Deutschland;ENRG03;Energieträger;KHL-S-KOKS;Steinkohlenkoks;-;MWh;WRM001;Nettowärmeerzeugung;
43311;Monatserhebung ü. Elektrizitäts- u. Wärmeerzeugung;JAHR;Jahr;2022;DINSG;Deutschland insgesamt;DG;Deutschland;ENRG03;Energieträger;KHL-S-KOKS;Steinkohlenkoks;-;MWh;EKT002;Elektrizitätserzeugung (netto);
43311;Monatserhebung ü. Elektrizitäts- u. Wärmeerzeugung;JAHR;Jahr;2022;DINSG;Deutschland insgesamt;DG;Deutschland;ENRG03;Energieträger;KHL-S-KOKS;Steinkohlenkoks;-;MWh;EKT001;Elektrizitätserzeugung (brutto);
43311;Monatserhebung ü. Elektrizitäts- u. Wärmeerzeugung;JAHR;Jahr;2022;DINSG;Deutschland insgesamt;DG;Deutschland;ENRG03;Energieträger;KHL-S-KOKS;Steinkohlenkoks;-;GJ;BRN001;Brennstoffeinsatz;
43311;Monatserhebung ü. Elektrizitäts- u. Wärmeerzeugung;JAHR;Jahr;2008;DINSG;Deutschland insgesamt;DG;Deutschland;ENRG03;Energieträger;KHL-B-WSK;Wirbelschichtkohle;280061;MWh;WRM001;Nettowärmeerzeugung;e
43311;Monatserhebung ü. Elektrizitäts- u. Wärmeerzeugung;JAHR;Jahr;2008;DINSG;Deutschland insgesamt;DG;Deutschland;ENRG03;Energieträger;KHL-B-WSK;Wirbelschichtkohle;280874;MWh;EKT002;Elektrizitätserzeugung (netto);e
43311;Monatserhebung ü. Elektrizitäts- u. Wärmeerzeugung;JAHR;Jahr;2008;DINSG;Deutschland insgesamt;DG;Deutschland;ENRG03;Energieträger;KHL-B-WSK;Wirbelschichtkohle;335614;MWh;EKT001;Elektrizitätserzeugung (brutto);e
43311;Monatserhebung ü. Elektrizitäts- u. Wärmeerzeugung;JAHR;Jahr;2008;DINSG;Deutschland insgesamt;DG;Deutschland;ENRG03;Energieträger;KHL-B-WSK;Wirbelschichtkohle;4546659;GJ;BRN001;Brennstoffeinsatz;e
43311;Monatserhebung ü. Elektrizitäts- u. Wärmeerzeugung;JAHR;Jahr;2007;DINSG;Deutschland insgesamt;DG;Deutschland;ENRG03;Energieträger;WRM-02;Wärmepumpen (Erd- und Umweltwärme);-;MWh;WRM001;Nettowärmeerzeugung;
43311;Monatserhebung ü. Elektrizitäts- u. Wärmeerzeugung;JAHR;Jahr;2007;DINSG;Deutschland insgesamt;DG;Deutschland;ENRG03;Energieträger;WRM-02;Wärmepumpen (Erd- und Umweltwärme);-;MWh;EKT002;Elektrizitätserzeugung (netto);
43311;Monatserhebung ü. Elektrizitäts- u. Wärmeerzeugung;JAHR;Jahr;2007;DINSG;Deutschland insgesamt;DG;Deutschland;ENRG03;Energieträger;WRM-02;Wärmepumpen (Erd- und Umweltwärme);-;MWh;EKT001;Elektrizitätserzeugung (brutto);
43311;Monatserhebung ü. Elektrizitäts- u. Wärmeerzeugung;JAHR;Jahr;2007;DINSG;Deutschland insgesamt;DG;Deutschland;ENRG03;Energieträger;WRM-02;Wärmepumpen (Erd- und Umweltwärme);-;GJ;BRN001;Brennstoffeinsatz;
43311;Monatserhebung ü. Elektrizitäts- u. Wärmeerzeugung;JAHR;Jahr;2012;DINSG;Deutschland insgesamt;DG;Deutschland;ENRG03;Energieträger;ABF-01;Abfall (Hausmüll, Industrie);-;MWh;WRM001;Nettowärmeerzeugung;
43311;Monatserhebung ü. Elektrizitäts- u. Wärmeerzeugung;JAHR;Jahr;2012;DINSG;Deutschland insgesamt;DG;Deutschland;ENRG03;Energieträger;ABF-01;Abfall (Hausmüll, Industrie);-;MWh;EKT002;Elektrizitätserzeugung (netto);
43311;Monatserhebung ü. Elektrizitäts- u. Wärmeerzeugung;JAHR;Jahr;2012;DINSG;Deutschland insgesamt;DG;Deutschland;ENRG03;Energieträger;ABF-01;Abfall (Hausmüll, Industrie);-;MWh;EKT001;Elektrizitätserzeugung (brutto);
43311;Monatserhebung ü. Elektrizitäts- u. Wärmeerzeugung;JAHR;Jahr;2012;DINSG;Deutschland insgesamt;DG;Deutschland;ENRG03;Energieträger;ABF-01;Abfall (Hausmüll, Industrie);-;GJ;BRN001;Brennstoffeinsatz;
43311;Monatserhebung ü. Elektrizitäts- u. Wärmeerzeugung;JAHR;Jahr;2009;DINSG;Deutschland insgesamt;DG;Deutschland;ENRG03;Energieträger;GAS-H2;Wasserstoff;-;MWh;WRM001;Nettowärmeerzeugung;
43311;Monatserhebung ü. Elektrizitäts- u. Wärmeerzeugung;JAHR;Jahr;2009;DINSG;Deutschland insgesamt;DG;Deutschland;ENRG03;Energieträger;GAS-H2;Wasserstoff;-;MWh;EKT002;Elektrizitätserzeugung (netto);
43311;Monatserhebung ü. Elektrizitäts- u. Wärmeerzeugung;JAHR;Jahr;2009;DINSG;Deutschland insgesamt;DG;Deutschland;ENRG03;Energieträger;GAS-H2;Wasserstoff;-;MWh;EKT001;Elektrizitätserzeugung (brutto);
43311;Monatserhebung ü. Elektrizitäts- u. Wärmeerzeugung;JAHR;Jahr;2009;DINSG;Deutschland insgesamt;DG;Deutschland;ENRG03;Energieträger;GAS-H2;Wasserstoff;-;GJ;BRN001;Brennstoffeinsatz;
43311;Monatserhebung ü. Elektrizitäts- u. Wärmeerzeugung;JAHR;Jahr;2022;DINSG;Deutschland insgesamt;DG;Deutschland;ENRG03;Energieträger;WRM-01;Wärme;1115125;MWh;WRM001;Nettowärmeerzeugung;e
43311;Monatserhebung ü. Elektrizitäts- u. Wärmeerzeugung;JAHR;Jahr;2022;DINSG;Deutschland insgesamt;DG;Deutschland;ENRG03;Energieträger;WRM-01;Wärme;330543;MWh;EKT002;Elektrizitätserzeugung (netto);e
43311;Monatserhebung ü. Elektrizitäts- u. Wärmeerzeugung;JAHR;Jahr;2022;DINSG;Deutschland insgesamt;DG;Deutschland;ENRG03;Energieträger;WRM-01;Wärme;346035;MWh;EKT001;Elektrizitätserzeugung (brutto);e
43311;Monatserhebung ü. Elektrizitäts- u. Wärmeerzeugung;JAHR;Jahr;2022;DINSG;Deutschland insgesamt;DG;Deutschland;ENRG03;Energieträger;WRM-01;Wärme;8318414;GJ;BRN001;Brennstoffeinsatz;e
43311;Monatserhebung ü. Elektrizitäts- u. Wärmeerzeugung;JAHR;Jahr;2009;DINSG;Deutschland insgesamt;DG;Deutschland;ENRG03;Energieträger;KHL-B-BRIK;Braunkohlenbriketts;35352;MWh;WRM001;Nettowärmeerzeugung;e
43311;Monatserhebung ü. Elektrizitäts- u. Wärmeerzeugung;JAHR;Jahr;2009;DINSG;Deutschland insgesamt;DG;Deutschland;ENRG03;Energieträger;KHL-B-BRIK;Braunkohlenbriketts;19409;MWh;EKT002;Elektrizitätserzeugung (netto);e
43311;Monatserhebung ü. Elektrizitäts- u. Wärmeerzeugung;JAHR;Jahr;2009;DINSG;Deutschland insgesamt;DG;Deutschland;ENRG03;Energieträger;KHL-B-BRIK;Braunkohlenbriketts;22067;MWh;EKT001;Elektrizitätserzeugung (brutto);e
43311;Monatserhebung ü. Elektrizitäts- u. Wärmeerzeugung;JAHR;Jahr;2009;DINSG;Deutschland insgesamt;DG;Deutschland;ENRG03;Energieträger;KHL-B-BRIK;Braunkohlenbriketts;325060;GJ;BRN001;Brennstoffeinsatz;e
43311;Monatserhebung ü. Elektrizitäts- u. Wärmeerzeugung;JAHR;Jahr;2002;DINSG;Deutschland insgesamt;DG;Deutschland;ENRG03;Energieträger;BIO-F-01;Feste biogene Stoffe;-;MWh;WRM001;Nettowärmeerzeugung;
43311;Monatserhebung ü. Elektrizitäts- u. Wärmeerzeugung;JAHR;Jahr;2002;DINSG;Deutschland insgesamt;DG;Deutschland;ENRG03;Energieträger;BIO-F-01;Feste biogene Stoffe;201648;MWh;EKT002;Elektrizitätserzeugung (netto);e
43311;Monatserhebung ü. Elektrizitäts- u. Wärmeerzeugung;JAHR;Jahr;2002;DINSG;Deutschland insgesamt;DG;Deutschland;ENRG03;Energieträger;BIO-F-01;Feste biogene Stoffe;219686;MWh;EKT001;Elektrizitätserzeugung (brutto);e
43311;Monatserhebung ü. Elektrizitäts- u. Wärmeerzeugung;JAHR;Jahr;2002;DINSG;Deutschland insgesamt;DG;Deutschland;ENRG03;Energieträger;BIO-F-01;Feste biogene Stoffe;2601936;GJ;BRN001;Brennstoffeinsatz;e
43311;Monatserhebung ü. Elektrizitäts- u. Wärmeerzeugung;JAHR;Jahr;2023;DINSG;Deutschland insgesamt;DG;Deutschland;ENRG03;Energieträger;BIO-FL-01;Flüssige biogene Stoffe;.;MWh;WRM001;Nettowärmeerzeugung;
43311;Monatserhebung ü. Elektrizitäts- u. Wärmeerzeugung;JAHR;Jahr;2023;DINSG;Deutschland insgesamt;DG;Deutschland;ENRG03;Energieträger;BIO-FL-01;Flüssige biogene Stoffe;.;MWh;EKT002;Elektrizitätserzeugung (netto);
43311;Monatserhebung ü. Elektrizitäts- u. Wärmeerzeugung;JAHR;Jahr;2023;DINSG;Deutschland insgesamt;DG;Deutschland;ENRG03;Energieträger;BIO-FL-01;Flüssige biogene Stoffe;.;MWh;EKT001;Elektrizitätserzeugung (brutto);
43311;Monatserhebung ü. Elektrizitäts- u. Wärmeerzeugung;JAHR;Jahr;2023;DINSG;Deutschland insgesamt;DG;Deutschland;ENRG03;Energieträger;BIO-FL-01;Flüssige biogene Stoffe;.;GJ;BRN001;Brennstoffeinsatz;
43311;Monatserhebung ü. Elektrizitäts- u. Wärmeerzeugung;JAHR;Jahr;2005;DINSG;Deutschland insgesamt;DG;Deutschland;ENRG03;Energieträger;GAS-DEP;Deponiegas;93859;MWh;WRM001;Nettowärmeerzeugung;e
43311;Monatserhebung ü. Elektrizitäts- u. Wärmeerzeugung;JAHR;Jahr;2005;DINSG;Deutschland insgesamt;DG;Deutschland;ENRG03;Energieträger;GAS-DEP;Deponiegas;201636;MWh;EKT002;Elektrizitätserzeugung (netto);e
43311;Monatserhebung ü. Elektrizitäts- u. Wärmeerzeugung;JAHR;Jahr;2005;DINSG;Deutschland insgesamt;DG;Deutschland;ENRG03;Energieträger;GAS-DEP;Deponiegas;207231;MWh;EKT001;Elektrizitätserzeugung (brutto);e
43311;Monatserhebung ü. Elektrizitäts- u. Wärmeerzeugung;JAHR;Jahr;2005;DINSG;Deutschland insgesamt;DG;Deutschland;ENRG03;Energieträger;GAS-DEP;Deponiegas;1687549;GJ;BRN001;Brennstoffeinsatz;e
43311;Monatserhebung ü. Elektrizitäts- u. Wärmeerzeugung;JAHR;Jahr;2023;DINSG;Deutschland insgesamt;DG;Deutschland;ENRG03;Energieträger;GAS-E-02;Erdgas, Erdölgas;42456582;MWh;WRM001;Nettowärmeerzeugung;p
43311;Monatserhebung ü. Elektrizitäts- u. Wärmeerzeugung;JAHR;Jahr;2023;DINSG;Deutschland insgesamt;DG;Deutschland;ENRG03;Energieträger;GAS-E-02;Erdgas, Erdölgas;44255013;MWh;EKT002;Elektrizitätserzeugung (netto);p
43311;Monatserhebung ü. Elektrizitäts- u. Wärmeerzeugung;JAHR;Jahr;2023;DINSG;Deutschland insgesamt;DG;Deutschland;ENRG03;Energieträger;GAS-E-02;Erdgas, Erdölgas;45638888;MWh;EKT001;Elektrizitätserzeugung (brutto);p
43311;Monatserhebung ü. Elektrizitäts- u. Wärmeerzeugung;JAHR;Jahr;2023;DINSG;Deutschland insgesamt;DG;Deutschland;ENRG03;Energieträger;GAS-E-02;Erdgas, Erdölgas;421879870;GJ;BRN001;Brennstoffeinsatz;p
43311;Monatserhebung ü. Elektrizitäts- u. Wärmeerzeugung;JAHR;Jahr;2020;DINSG;Deutschland insgesamt;DG;Deutschland;ENRG03;Energieträger;KHL-S-BRIK;Steinkohlenbriketts;0;MWh;WRM001;Nettowärmeerzeugung;e
43311;Monatserhebung ü. Elektrizitäts- u. Wärmeerzeugung;JAHR;Jahr;2020;DINSG;Deutschland insgesamt;DG;Deutschland;ENRG03;Energieträger;KHL-S-BRIK;Steinkohlenbriketts;0;MWh;EKT002;Elektrizitätserzeugung (netto);e
43311;Monatserhebung ü. Elektrizitäts- u. Wärmeerzeugung;JAHR;Jahr;2020;DINSG;Deutschland insgesamt;DG;Deutschland;ENRG03;Energieträger;KHL-S-BRIK;Steinkohlenbriketts;0;MWh;EKT001;Elektrizitätserzeugung (brutto);e
43311;Monatserhebung ü. Elektrizitäts- u. Wärmeerzeugung;JAHR;Jahr;2020;DINSG;Deutschland insgesamt;DG;Deutschland;ENRG03;Energieträger;KHL-S-BRIK;Steinkohlenbriketts;0;GJ;BRN001;Brennstoffeinsatz;e
43311;Monatserhebung ü. Elektrizitäts- u. Wärmeerzeugung;JAHR;Jahr;2018;DINSG;Deutschland insgesamt;DG;Deutschland;ENRG03;Energieträger;OEL-SONST;Sonstige Mineralölprodukte;.;MWh;WRM001;Nettowärmeerzeugung;
43311;Monatserhebung ü. Elektrizitäts- u. Wärmeerzeugung;JAHR;Jahr;2018;DINSG;Deutschland insgesamt;DG;Deutschland;ENRG03;Energieträger;OEL-SONST;Sonstige Mineralölprodukte;103614;MWh;EKT002;Elektrizitätserzeugung (netto);e
43311;Monatserhebung ü. Elektrizitäts- u. Wärmeerzeugung;JAHR;Jahr;2018;DINSG;Deutschland insgesamt;DG;Deutschland;ENRG03;Energieträger;OEL-SONST;Sonstige Mineralölprodukte;111323;MWh;EKT001;Elektrizitätserzeugung (brutto);e
43311;Monatserhebung ü. Elektrizitäts- u. Wärmeerzeugung;JAHR;Jahr;2018;DINSG;Deutschland insgesamt;DG;Deutschland;ENRG03;Energieträger;OEL-SONST;Sonstige Mineralölprodukte;1120318;GJ;BRN001;Brennstoffeinsatz;e
43311;Monatserhebung ü. Elektrizitäts- u. Wärmeerzeugung;JAHR;Jahr;2019;DINSG;Deutschland insgesamt;DG;Deutschland;ENRG03;Energieträger;DIESEL-01;Dieselkraftstoff;.;MWh;WRM001;Nettowärmeerzeugung;
43311;Monatserhebung ü. Elektrizitäts- u. Wärmeerzeugung;JAHR;Jahr;2019;DINSG;Deutschland insgesamt;DG;Deutschland;ENRG03;Energieträger;DIESEL-01;Dieselkraftstoff;453;MWh;EKT002;Elektrizitätserzeugung (netto);e
43311;Monatserhebung ü. Elektrizitäts- u. Wärmeerzeugung;JAHR;Jahr;2019;DINSG;Deutschland insgesamt;DG;Deutschland;ENRG03;Energieträger;DIESEL-01;Dieselkraftstoff;470;MWh;EKT001;Elektrizitätserzeugung (brutto);e
43311;Monatserhebung ü. Elektrizitäts- u. Wärmeerzeugung;JAHR;Jahr;2019;DINSG;Deutschland insgesamt;DG;Deutschland;ENRG03;Energieträger;DIESEL-01;Dieselkraftstoff;5719;GJ;BRN001;Brennstoffeinsatz;e
43311;Monatserhebung ü. Elektrizitäts- u. Wärmeerzeugung;JAHR;Jahr;2007;DINSG;Deutschland insgesamt;DG;Deutschland;ENRG03;Energieträger;ABF-01;Abfall (Hausmüll, Industrie);9565484;MWh;WRM001;Nettowärmeerzeugung;e
43311;Monatserhebung ü. Elektrizitäts- u. Wärmeerzeugung;JAHR;Jahr;2007;DINSG;Deutschland insgesamt;DG;Deutschland;ENRG03;Energieträger;ABF-01;Abfall (Hausmüll, Industrie);6398662;MWh;EKT002;Elektrizitätserzeugung (netto);e
43311;Monatserhebung ü. Elektrizitäts- u. Wärmeerzeugung;JAHR;Jahr;2007;DINSG;Deutschland insgesamt;DG;Deutschland;ENRG03;Energieträger;ABF-01;Abfall (Hausmüll, Industrie);8259887;MWh;EKT001;Elektrizitätserzeugung (brutto);e
43311;Monatserhebung ü. Elektrizitäts- u. Wärmeerzeugung;JAHR;Jahr;2007;DINSG;Deutschland insgesamt;DG;Deutschland;ENRG03;Energieträger;ABF-01;Abfall (Hausmüll, Industrie);149761354;GJ;BRN001;Brennstoffeinsatz;e
43311;Monatserhebung ü. Elektrizitäts- u. Wärmeerzeugung;JAHR;Jahr;2009;DINSG;Deutschland insgesamt;DG;Deutschland;ENRG03;Energieträger;WIND-01;Windkraft;-;MWh;WRM001;Nettowärmeerzeugung;
43311;Monatserhebung ü. Elektrizitäts- u. Wärmeerzeugung;JAHR;Jahr;2009;DINSG;Deutschland insgesamt;DG;Deutschland;ENRG03;Energieträger;WIND-01;Windkraft;448286;MWh;EKT002;Elektrizitätserzeugung (netto);e
43311;Monatserhebung ü. Elektrizitäts- u. Wärmeerzeugung;JAHR;Jahr;2009;DINSG;Deutschland insgesamt;DG;Deutschland;ENRG03;Energieträger;WIND-01;Windkraft;449581;MWh;EKT001;Elektrizitätserzeugung (brutto);e
43311;Monatserhebung ü. Elektrizitäts- u. Wärmeerzeugung;JAHR;Jahr;2009;DINSG;Deutschland insgesamt;DG;Deutschland;ENRG03;Energieträger;WIND-01;Windkraft;-;GJ;BRN001;Brennstoffeinsatz;
43311;Monatserhebung ü. Elektrizitäts- u. Wärmeerzeugung;JAHR;Jahr;2009;DINSG;Deutschland insgesamt;DG;Deutschland;ENRG03;Energieträger;BIO-FL-01;Flüssige biogene Stoffe;64297;MWh;WRM001;Nettowärmeerzeugung;e
43311;Monatserhebung ü. Elektrizitäts- u. Wärmeerzeugung;JAHR;Jahr;2009;DINSG;Deutschland insgesamt;DG;Deutschland;ENRG03;Energieträger;BIO-FL-01;Flüssige biogene Stoffe;58202;MWh;EKT002;Elektrizitätserzeugung (netto);e
43311;Monatserhebung ü. Elektrizitäts- u. Wärmeerzeugung;JAHR;Jahr;2009;DINSG;Deutschland insgesamt;DG;Deutschland;ENRG03;Energieträger;BIO-FL-01;Flüssige biogene Stoffe;61369;MWh;EKT001;Elektrizitätserzeugung (brutto);e
43311;Monatserhebung ü. Elektrizitäts- u. Wärmeerzeugung;JAHR;Jahr;2009;DINSG;Deutschland insgesamt;DG;Deutschland;ENRG03;Energieträger;BIO-FL-01;Flüssige biogene Stoffe;683722;GJ;BRN001;Brennstoffeinsatz;e
43311;Monatserhebung ü. Elektrizitäts- u. Wärmeerzeugung;JAHR;Jahr;2005;DINSG;Deutschland insgesamt;DG;Deutschland;ENRG03;Energieträger;WAS-LF-01;Laufwasser;-;MWh;WRM001;Nettowärmeerzeugung;
43311;Monatserhebung ü. Elektrizitäts- u. Wärmeerzeugung;JAHR;Jahr;2005;DINSG;Deutschland insgesamt;DG;Deutschland;ENRG03;Energieträger;WAS-LF-01;Laufwasser;15019200;MWh;EKT002;Elektrizitätserzeugung (netto);e
43311;Monatserhebung ü. Elektrizitäts- u. Wärmeerzeugung;JAHR;Jahr;2005;DINSG;Deutschland insgesamt;DG;Deutschland;ENRG03;Energieträger;WAS-LF-01;Laufwasser;15283518;MWh;EKT001;Elektrizitätserzeugung (brutto);e
43311;Monatserhebung ü. Elektrizitäts- u. Wärmeerzeugung;JAHR;Jahr;2005;DINSG;Deutschland insgesamt;DG;Deutschland;ENRG03;Energieträger;WAS-LF-01;Laufwasser;-;GJ;BRN001;Brennstoffeinsatz;
43311;Monatserhebung ü. Elektrizitäts- u. Wärmeerzeugung;JAHR;Jahr;2004;DINSG;Deutschland insgesamt;DG;Deutschland;ENRG03;Energieträger;PKOKS-01;Petrolkoks;164270;MWh;WRM001;Nettowärmeerzeugung;e
43311;Monatserhebung ü. Elektrizitäts- u. Wärmeerzeugung;JAHR;Jahr;2004;DINSG;Deutschland insgesamt;DG;Deutschland;ENRG03;Energieträger;PKOKS-01;Petrolkoks;1460389;MWh;EKT002;Elektrizitätserzeugung (netto);e
43311;Monatserhebung ü. Elektrizitäts- u. Wärmeerzeugung;JAHR;Jahr;2004;DINSG;Deutschland insgesamt;DG;Deutschland;ENRG03;Energieträger;PKOKS-01;Petrolkoks;1571373;MWh;EKT001;Elektrizitätserzeugung (brutto);e
43311;Monatserhebung ü. Elektrizitäts- u. Wärmeerzeugung;JAHR;Jahr;2004;DINSG;Deutschland insgesamt;DG;Deutschland;ENRG03;Energieträger;PKOKS-01;Petrolkoks;15136484;GJ;BRN001;Brennstoffeinsatz;e
43311;Monatserhebung ü. Elektrizitäts- u. Wärmeerzeugung;JAHR;Jahr;2023;DINSG;Deutschland insgesamt;DG;Deutschland;ENRG03;Energieträger;STROM-02;Strom (Elektrokessel);.;MWh;WRM001;Nettowärmeerzeugung;
43311;Monatserhebung ü. Elektrizitäts- u. Wärmeerzeugung;JAHR;Jahr;2023;DINSG;Deutschland insgesamt;DG;Deutschland;ENRG03;Energieträger;STROM-02;Strom (Elektrokessel);-;MWh;EKT002;Elektrizitätserzeugung (netto);
43311;Monatserhebung ü. Elektrizitäts- u. Wärmeerzeugung;JAHR;Jahr;2023;DINSG;Deutschland insgesamt;DG;Deutschland;ENRG03;Energieträger;STROM-02;Strom (Elektrokessel);-;MWh;EKT001;Elektrizitätserzeugung (brutto);
43311;Monatserhebung ü. Elektrizitäts- u. Wärmeerzeugung;JAHR;Jahr;2023;DINSG;Deutschland insgesamt;DG;Deutschland;ENRG03;Energieträger;STROM-02;Strom (Elektrokessel);.;GJ;BRN001;Brennstoffeinsatz;
43311;Monatserhebung ü. Elektrizitäts- u. Wärmeerzeugung;JAHR;Jahr;2017;DINSG;Deutschland insgesamt;DG;Deutschland;ENRG03;Energieträger;KHL-S-KWS;Kohlenwertstoffe aus Steinkohle;-;MWh;WRM001;Nettowärmeerzeugung;
43311;Monatserhebung ü. Elektrizitäts- u. Wärmeerzeugung;JAHR;Jahr;2017;DINSG;Deutschland insgesamt;DG;Deutschland;ENRG03;Energieträger;KHL-S-KWS;Kohlenwertstoffe aus Steinkohle;-;MWh;EKT002;Elektrizitätserzeugung (netto);
43311;Monatserhebung ü. Elektrizitäts- u. Wärmeerzeugung;JAHR;Jahr;2017;DINSG;Deutschland insgesamt;DG;Deutschland;ENRG03;Energieträger;KHL-S-KWS;Kohlenwertstoffe aus Steinkohle;-;MWh;EKT001;Elektrizitätserzeugung (brutto);
43311;Monatserhebung ü. Elektrizitäts- u. Wärmeerzeugung;JAHR;Jahr;2017;DINSG;Deutschland insgesamt;DG;Deutschland;ENRG03;Energieträger;KHL-S-KWS;Kohlenwertstoffe aus Steinkohle;-;GJ;BRN001;Brennstoffeinsatz;
43311;Monatserhebung ü. Elektrizitäts- u. Wärmeerzeugung;JAHR;Jahr;2021;DINSG;Deutschland insgesamt;DG;Deutschland;ENRG03;Energieträger;KHL-B-HART;Hartbraunkohlen;.;MWh;WRM001;Nettowärmeerzeugung;
43311;Monatserhebung ü. Elektrizitäts- u. Wärmeerzeugung;JAHR;Jahr;2021;DINSG;Deutschland insgesamt;DG;Deutschland;ENRG03;Energieträger;KHL-B-HART;Hartbraunkohlen;.;MWh;EKT002;Elektrizitätserzeugung (netto);
43311;Monatserhebung ü. Elektrizitäts- u. Wärmeerzeugung;JAHR;Jahr;2021;DINSG;Deutschland insgesamt;DG;Deutschland;ENRG03;Energieträger;KHL-B-HART;Hartbraunkohlen;.;MWh;EKT001;Elektrizitätserzeugung (brutto);
43311;Monatserhebung ü. Elektrizitäts- u. Wärmeerzeugung;JAHR;Jahr;2021;DINSG;Deutschland insgesamt;DG;Deutschland;ENRG03;Energieträger;KHL-B-HART;Hartbraunkohlen;.;GJ;BRN001;Brennstoffeinsatz;
43311;Monatserhebung ü. Elektrizitäts- u. Wärmeerzeugung;JAHR;Jahr;2012;DINSG;Deutschland insgesamt;DG;Deutschland;ENRG03;Energieträger;KHL-S-BRIK;Steinkohlenbriketts;-;MWh;WRM001;Nettowärmeerzeugung;
43311;Monatserhebung ü. Elektrizitäts- u. Wärmeerzeugung;JAHR;Jahr;2012;DINSG;Deutschland insgesamt;DG;Deutschland;ENRG03;Energieträger;KHL-S-BRIK;Steinkohlenbriketts;-;MWh;EKT002;Elektrizitätserzeugung (netto);
43311;Monatserhebung ü. Elektrizitäts- u. Wärmeerzeugung;JAHR;Jahr;2012;DINSG;Deutschland insgesamt;DG;Deutschland;ENRG03;Energieträger;KHL-S-BRIK;Steinkohlenbriketts;-;MWh;EKT001;Elektrizitätserzeugung (brutto);
43311;Monatserhebung ü. Elektrizitäts- u. Wärmeerzeugung;JAHR;Jahr;2012;DINSG;Deutschland insgesamt;DG;Deutschland;ENRG03;Energieträger;KHL-S-BRIK;Steinkohlenbriketts;-;GJ;BRN001;Brennstoffeinsatz;
43311;Monatserhebung ü. Elektrizitäts- u. Wärmeerzeugung;JAHR;Jahr;2018;DINSG;Deutschland insgesamt;DG;Deutschland;ENRG03;Energieträger;GAS-E-02;Erdgas, Erdölgas;44348813;MWh;WRM001;Nettowärmeerzeugung;e
43311;Monatserhebung ü. Elektrizitäts- u. Wärmeerzeugung;JAHR;Jahr;2018;DINSG;Deutschland insgesamt;DG;Deutschland;ENRG03;Energieträger;GAS-E-02;Erdgas, Erdölgas;44533130;MWh;EKT002;Elektrizitätserzeugung (netto);e
43311;Monatserhebung ü. Elektrizitäts- u. Wärmeerzeugung;JAHR;Jahr;2018;DINSG;Deutschland insgesamt;DG;Deutschland;ENRG03;Energieträger;GAS-E-02;Erdgas, Erdölgas;46282099;MWh;EKT001;Elektrizitätserzeugung (brutto);e
43311;Monatserhebung ü. Elektrizitäts- u. Wärmeerzeugung;JAHR;Jahr;2018;DINSG;Deutschland insgesamt;DG;Deutschland;ENRG03;Energieträger;GAS-E-02;Erdgas, Erdölgas;443186172;GJ;BRN001;Brennstoffeinsatz;e
43311;Monatserhebung ü. Elektrizitäts- u. Wärmeerzeugung;JAHR;Jahr;2009;DINSG;Deutschland insgesamt;DG;Deutschland;ENRG03;Energieträger;GAS-DEP;Deponiegas;64927;MWh;WRM001;Nettowärmeerzeugung;e
43311;Monatserhebung ü. Elektrizitäts- u. Wärmeerzeugung;JAHR;Jahr;2009;DINSG;Deutschland insgesamt;DG;Deutschland;ENRG03;Energieträger;GAS-DEP;Deponiegas;114831;MWh;EKT002;Elektrizitätserzeugung (netto);e
43311;Monatserhebung ü. Elektrizitäts- u. Wärmeerzeugung;JAHR;Jahr;2009;DINSG;Deutschland insgesamt;DG;Deutschland;ENRG03;Energieträger;GAS-DEP;Deponiegas;126844;MWh;EKT001;Elektrizitätserzeugung (brutto);e
43311;Monatserhebung ü. Elektrizitäts- u. Wärmeerzeugung;JAHR;Jahr;2009;DINSG;Deutschland insgesamt;DG;Deutschland;ENRG03;Energieträger;GAS-DEP;Deponiegas;1402226;GJ;BRN001;Brennstoffeinsatz;e
43311;Monatserhebung ü. Elektrizitäts- u. Wärmeerzeugung;JAHR;Jahr;2019;DINSG;Deutschland insgesamt;DG;Deutschland;ENRG03;Energieträger;KHL-B-KOKS;Braunkohlenkoks;.;MWh;WRM001;Nettowärmeerzeugung;
43311;Monatserhebung ü. Elektrizitäts- u. Wärmeerzeugung;JAHR;Jahr;2019;DINSG;Deutschland insgesamt;DG;Deutschland;ENRG03;Energieträger;KHL-B-KOKS;Braunkohlenkoks;.;MWh;EKT002;Elektrizitätserzeugung (netto);
43311;Monatserhebung ü. Elektrizitäts- u. Wärmeerzeugung;JAHR;Jahr;2019;DINSG;Deutschland insgesamt;DG;Deutschland;ENRG03;Energieträger;KHL-B-KOKS;Braunkohlenkoks;.;MWh;EKT001;Elektrizitätserzeugung (brutto);
43311;Monatserhebung ü. Elektrizitäts- u. Wärmeerzeugung;JAHR;Jahr;2019;DINSG;Deutschland insgesamt;DG;Deutschland;ENRG03;Energieträger;KHL-B-KOKS;Braunkohlenkoks;.;GJ;BRN001;Brennstoffeinsatz;
43311;Monatserhebung ü. Elektrizitäts- u. Wärmeerzeugung;JAHR;Jahr;2020;DINSG;Deutschland insgesamt;DG;Deutschland;ENRG03;Energieträger;GAS-H2;Wasserstoff;.;MWh;WRM001;Nettowärmeerzeugung;
43311;Monatserhebung ü. Elektrizitäts- u. Wärmeerzeugung;JAHR;Jahr;2020;DINSG;Deutschland insgesamt;DG;Deutschland;ENRG03;Energieträger;GAS-H2;Wasserstoff;.;MWh;EKT002;Elektrizitätserzeugung (netto);
43311;Monatserhebung ü. Elektrizitäts- u. Wärmeerzeugung;JAHR;Jahr;2020;DINSG;Deutschland insgesamt;DG;Deutschland;ENRG03;Energieträger;GAS-H2;Wasserstoff;.;MWh;EKT001;Elektrizitätserzeugung (brutto);
43311;Monatserhebung ü. Elektrizitäts- u. Wärmeerzeugung;JAHR;Jahr;2020;DINSG;Deutschland insgesamt;DG;Deutschland;ENRG03;Energieträger;GAS-H2;Wasserstoff;.;GJ;BRN001;Brennstoffeinsatz;
43311;Monatserhebung ü. Elektrizitäts- u. Wärmeerzeugung;JAHR;Jahr;2019;DINSG;Deutschland insgesamt;DG;Deutschland;ENRG03;Energieträger;ENR-EB-SONST;Sonstige erneuerbare Energien;-;MWh;WRM001;Nettowärmeerzeugung;
43311;Monatserhebung ü. Elektrizitäts- u. Wärmeerzeugung;JAHR;Jahr;2019;DINSG;Deutschland insgesamt;DG;Deutschland;ENRG03;Energieträger;ENR-EB-SONST;Sonstige erneuerbare Energien;-;MWh;EKT002;Elektrizitätserzeugung (netto);
43311;Monatserhebung ü. Elektrizitäts- u. Wärmeerzeugung;JAHR;Jahr;2019;DINSG;Deutschland insgesamt;DG;Deutschland;ENRG03;Energieträger;ENR-EB-SONST;Sonstige erneuerbare Energien;-;MWh;EKT001;Elektrizitätserzeugung (brutto);
43311;Monatserhebung ü. Elektrizitäts- u. Wärmeerzeugung;JAHR;Jahr;2019;DINSG;Deutschland insgesamt;DG;Deutschland;ENRG03;Energieträger;ENR-EB-SONST;Sonstige erneuerbare Energien;-;GJ;BRN001;Brennstoffeinsatz;
43311;Monatserhebung ü. Elektrizitäts- u. Wärmeerzeugung;JAHR;Jahr;2013;DINSG;Deutschland insgesamt;DG;Deutschland;ENRG03;Energieträger;GAS-FL;Flüssiggas;.;MWh;WRM001;Nettowärmeerzeugung;
43311;Monatserhebung ü. Elektrizitäts- u. Wärmeerzeugung;JAHR;Jahr;2013;DINSG;Deutschland insgesamt;DG;Deutschland;ENRG03;Energieträger;GAS-FL;Flüssiggas;.;MWh;EKT002;Elektrizitätserzeugung (netto);
43311;Monatserhebung ü. Elektrizitäts- u. Wärmeerzeugung;JAHR;Jahr;2013;DINSG;Deutschland insgesamt;DG;Deutschland;ENRG03;Energieträger;GAS-FL;Flüssiggas;.;MWh;EKT001;Elektrizitätserzeugung (brutto);
43311;Monatserhebung ü. Elektrizitäts- u. Wärmeerzeugung;JAHR;Jahr;2013;DINSG;Deutschland insgesamt;DG;Deutschland;ENRG03;Energieträger;GAS-FL;Flüssiggas;.;GJ;BRN001;Brennstoffeinsatz;
43311;Monatserhebung ü. Elektrizitäts- u. Wärmeerzeugung;JAHR;Jahr;2010;DINSG;Deutschland insgesamt;DG;Deutschland;ENRG03;Energieträger;ENRKER;Kernenergie;-;MWh;WRM001;Nettowärmeerzeugung;
43311;Monatserhebung ü. Elektrizitäts- u. Wärmeerzeugung;JAHR;Jahr;2010;DINSG;Deutschland insgesamt;DG;Deutschland;ENRG03;Energieträger;ENRKER;Kernenergie;132970651;MWh;EKT002;Elektrizitätserzeugung (netto);e
43311;Monatserhebung ü. Elektrizitäts- u. Wärmeerzeugung;JAHR;Jahr;2010;DINSG;Deutschland insgesamt;DG;Deutschland;ENRG03;Energieträger;ENRKER;Kernenergie;140556453;MWh;EKT001;Elektrizitätserzeugung (brutto);e
43311;Monatserhebung ü. Elektrizitäts- u. Wärmeerzeugung;JAHR;Jahr;2010;DINSG;Deutschland insgesamt;DG;Deutschland;ENRG03;Energieträger;ENRKER;Kernenergie;-;GJ;BRN001;Brennstoffeinsatz;
43311;Monatserhebung ü. Elektrizitäts- u. Wärmeerzeugung;JAHR;Jahr;2005;DINSG;Deutschland insgesamt;DG;Deutschland;ENRG03;Energieträger;GAS-E-02;Erdgas, Erdölgas;52708405;MWh;WRM001;Nettowärmeerzeugung;e
43311;Monatserhebung ü. Elektrizitäts- u. Wärmeerzeugung;JAHR;Jahr;2005;DINSG;Deutschland insgesamt;DG;Deutschland;ENRG03;Energieträger;GAS-E-02;Erdgas, Erdölgas;52310469;MWh;EKT002;Elektrizitätserzeugung (netto);e
43311;Monatserhebung ü. Elektrizitäts- u. Wärmeerzeugung;JAHR;Jahr;2005;DINSG;Deutschland insgesamt;DG;Deutschland;ENRG03;Energieträger;GAS-E-02;Erdgas, Erdölgas;54148538;MWh;EKT001;Elektrizitätserzeugung (brutto);e
43311;Monatserhebung ü. Elektrizitäts- u. Wärmeerzeugung;JAHR;Jahr;2005;DINSG;Deutschland insgesamt;DG;Deutschland;ENRG03;Energieträger;GAS-E-02;Erdgas, Erdölgas;543510467;GJ;BRN001;Brennstoffeinsatz;e
43311;Monatserhebung ü. Elektrizitäts- u. Wärmeerzeugung;JAHR;Jahr;2011;DINSG;Deutschland insgesamt;DG;Deutschland;ENRG03;Energieträger;GAS-RAF;Raffineriegas;-;MWh;WRM001;Nettowärmeerzeugung;
43311;Monatserhebung ü. Elektrizitäts- u. Wärmeerzeugung;JAHR;Jahr;2011;DINSG;Deutschland insgesamt;DG;Deutschland;ENRG03;Energieträger;GAS-RAF;Raffineriegas;-;MWh;EKT002;Elektrizitätserzeugung (netto);
43311;Monatserhebung ü. Elektrizitäts- u. Wärmeerzeugung;JAHR;Jahr;2011;DINSG;Deutschland insgesamt;DG;Deutschland;ENRG03;Energieträger;GAS-RAF;Raffineriegas;-;MWh;EKT001;Elektrizitätserzeugung (brutto);
43311;Monatserhebung ü. Elektrizitäts- u. Wärmeerzeugung;JAHR;Jahr;2011;DINSG;Deutschland insgesamt;DG;Deutschland;ENRG03;Energieträger;GAS-RAF;Raffineriegas;-;GJ;BRN001;Brennstoffeinsatz;
43311;Monatserhebung ü. Elektrizitäts- u. Wärmeerzeugung;JAHR;Jahr;2021;DINSG;Deutschland insgesamt;DG;Deutschland;ENRG03;Energieträger;GAS-KL;Klärgas;.;MWh;WRM001;Nettowärmeerzeugung;
43311;Monatserhebung ü. Elektrizitäts- u. Wärmeerzeugung;JAHR;Jahr;2021;DINSG;Deutschland insgesamt;DG;Deutschland;ENRG03;Energieträger;GAS-KL;Klärgas;19126;MWh;EKT002;Elektrizitätserzeugung (netto);e
43311;Monatserhebung ü. Elektrizitäts- u. Wärmeerzeugung;JAHR;Jahr;2021;DINSG;Deutschland insgesamt;DG;Deutschland;ENRG03;Energieträger;GAS-KL;Klärgas;.;MWh;EKT001;Elektrizitätserzeugung (brutto);
43311;Monatserhebung ü. Elektrizitäts- u. Wärmeerzeugung;JAHR;Jahr;2021;DINSG;Deutschland insgesamt;DG;Deutschland;ENRG03;Energieträger;GAS-KL;Klärgas;.;GJ;BRN001;Brennstoffeinsatz;
43311;Monatserhebung ü. Elektrizitäts- u. Wärmeerzeugung;JAHR;Jahr;2012;DINSG;Deutschland insgesamt;DG;Deutschland;ENRG03;Energieträger;KHL-B-WSK;Wirbelschichtkohle;716977;MWh;WRM001;Nettowärmeerzeugung;e
43311;Monatserhebung ü. Elektrizitäts- u. Wärmeerzeugung;JAHR;Jahr;2012;DINSG;Deutschland insgesamt;DG;Deutschland;ENRG03;Energieträger;KHL-B-WSK;Wirbelschichtkohle;594334;MWh;EKT002;Elektrizitätserzeugung (netto);e
43311;Monatserhebung ü. Elektrizitäts- u. Wärmeerzeugung;JAHR;Jahr;2012;DINSG;Deutschland insgesamt;DG;Deutschland;ENRG03;Energieträger;KHL-B-WSK;Wirbelschichtkohle;670946;MWh;EKT001;Elektrizitätserzeugung (brutto);e
43311;Monatserhebung ü. Elektrizitäts- u. Wärmeerzeugung;JAHR;Jahr;2012;DINSG;Deutschland insgesamt;DG;Deutschland;ENRG03;Energieträger;KHL-B-WSK;Wirbelschichtkohle;8092760;GJ;BRN001;Brennstoffeinsatz;e
43311;Monatserhebung ü. Elektrizitäts- u. Wärmeerzeugung;JAHR;Jahr;2004;DINSG;Deutschland insgesamt;DG;Deutschland;ENRG03;Energieträger;ENRKER;Kernenergie;-;MWh;WRM001;Nettowärmeerzeugung;
43311;Monatserhebung ü. Elektrizitäts- u. Wärmeerzeugung;JAHR;Jahr;2004;DINSG;Deutschland insgesamt;DG;Deutschland;ENRG03;Energieträger;ENRKER;Kernenergie;158378455;MWh;EKT002;Elektrizitätserzeugung (netto);e
43311;Monatserhebung ü. Elektrizitäts- u. Wärmeerzeugung;JAHR;Jahr;2004;DINSG;Deutschland insgesamt;DG;Deutschland;ENRG03;Energieträger;ENRKER;Kernenergie;167064610;MWh;EKT001;Elektrizitätserzeugung (brutto);e
43311;Monatserhebung ü. Elektrizitäts- u. Wärmeerzeugung;JAHR;Jahr;2004;DINSG;Deutschland insgesamt;DG;Deutschland;ENRG03;Energieträger;ENRKER;Kernenergie;-;GJ;BRN001;Brennstoffeinsatz;
43311;Monatserhebung ü. Elektrizitäts- u. Wärmeerzeugung;JAHR;Jahr;2013;DINSG;Deutschland insgesamt;DG;Deutschland;ENRG03;Energieträger;WRM-02;Wärmepumpen (Erd- und Umweltwärme);-;MWh;WRM001;Nettowärmeerzeugung;
43311;Monatserhebung ü. Elektrizitäts- u. Wärmeerzeugung;JAHR;Jahr;2013;DINSG;Deutschland insgesamt;DG;Deutschland;ENRG03;Energieträger;WRM-02;Wärmepumpen (Erd- und Umweltwärme);-;MWh;EKT002;Elektrizitätserzeugung (netto);
43311;Monatserhebung ü. Elektrizitäts- u. Wärmeerzeugung;JAHR;Jahr;2013;DINSG;Deutschland insgesamt;DG;Deutschland;ENRG03;Energieträger;WRM-02;Wärmepumpen (Erd- und Umweltwärme);-;MWh;EKT001;Elektrizitätserzeugung (brutto);
43311;Monatserhebung ü. Elektrizitäts- u. Wärmeerzeugung;JAHR;Jahr;2013;DINSG;Deutschland insgesamt;DG;Deutschland;ENRG03;Energieträger;WRM-02;Wärmepumpen (Erd- und Umweltwärme);-;GJ;BRN001;Brennstoffeinsatz;
43311;Monatserhebung ü. Elektrizitäts- u. Wärmeerzeugung;JAHR;Jahr;2002;DINSG;Deutschland insgesamt;DG;Deutschland;ENRG03;Energieträger;OEL-H-L-01;Heizöl, leicht;-;MWh;WRM001;Nettowärmeerzeugung;
43311;Monatserhebung ü. Elektrizitäts- u. Wärmeerzeugung;JAHR;Jahr;2002;DINSG;Deutschland insgesamt;DG;Deutschland;ENRG03;Energieträger;OEL-H-L-01;Heizöl, leicht;514135;MWh;EKT002;Elektrizitätserzeugung (netto);e
43311;Monatserhebung ü. Elektrizitäts- u. Wärmeerzeugung;JAHR;Jahr;2002;DINSG;Deutschland insgesamt;DG;Deutschland;ENRG03;Energieträger;OEL-H-L-01;Heizöl, leicht;564538;MWh;EKT001;Elektrizitätserzeugung (brutto);e
43311;Monatserhebung ü. Elektrizitäts- u. Wärmeerzeugung;JAHR;Jahr;2002;DINSG;Deutschland insgesamt;DG;Deutschland;ENRG03;Energieträger;OEL-H-L-01;Heizöl, leicht;6331402;GJ;BRN001;Brennstoffeinsatz;e
43311;Monatserhebung ü. Elektrizitäts- u. Wärmeerzeugung;JAHR;Jahr;2023;DINSG;Deutschland insgesamt;DG;Deutschland;ENRG03;Energieträger;WAS-PSP-01;Pumpspeicherwasser;-;MWh;WRM001;Nettowärmeerzeugung;
43311;Monatserhebung ü. Elektrizitäts- u. Wärmeerzeugung;JAHR;Jahr;2023;DINSG;Deutschland insgesamt;DG;Deutschland;ENRG03;Energieträger;WAS-PSP-01;Pumpspeicherwasser;-;MWh;EKT002;Elektrizitätserzeugung (netto);
43311;Monatserhebung ü. Elektrizitäts- u. Wärmeerzeugung;JAHR;Jahr;2023;DINSG;Deutschland insgesamt;DG;Deutschland;ENRG03;Energieträger;WAS-PSP-01;Pumpspeicherwasser;-;MWh;EKT001;Elektrizitätserzeugung (brutto);
43311;Monatserhebung ü. Elektrizitäts- u. Wärmeerzeugung;JAHR;Jahr;2023;DINSG;Deutschland insgesamt;DG;Deutschland;ENRG03;Energieträger;WAS-PSP-01;Pumpspeicherwasser;-;GJ;BRN001;Brennstoffeinsatz;
43311;Monatserhebung ü. Elektrizitäts- u. Wärmeerzeugung;JAHR;Jahr;2002;DINSG;Deutschland insgesamt;DG;Deutschland;ENRG03;Energieträger;WRM-01;Wärme;-;MWh;WRM001;Nettowärmeerzeugung;
43311;Monatserhebung ü. Elektrizitäts- u. Wärmeerzeugung;JAHR;Jahr;2002;DINSG;Deutschland insgesamt;DG;Deutschland;ENRG03;Energieträger;WRM-01;Wärme;-;MWh;EKT002;Elektrizitätserzeugung (netto);
43311;Monatserhebung ü. Elektrizitäts- u. Wärmeerzeugung;JAHR;Jahr;2002;DINSG;Deutschland insgesamt;DG;Deutschland;ENRG03;Energieträger;WRM-01;Wärme;-;MWh;EKT001;Elektrizitätserzeugung (brutto);
43311;Monatserhebung ü. Elektrizitäts- u. Wärmeerzeugung;JAHR;Jahr;2002;DINSG;Deutschland insgesamt;DG;Deutschland;ENRG03;Energieträger;WRM-01;Wärme;-;GJ;BRN001;Brennstoffeinsatz;
43311;Monatserhebung ü. Elektrizitäts- u. Wärmeerzeugung;JAHR;Jahr;2021;DINSG;Deutschland insgesamt;DG;Deutschland;ENRG03;Energieträger;ENRSET;Sonstige Energieträger;.;MWh;WRM001;Nettowärmeerzeugung;
43311;Monatserhebung ü. Elektrizitäts- u. Wärmeerzeugung;JAHR;Jahr;2021;DINSG;Deutschland insgesamt;DG;Deutschland;ENRG03;Energieträger;ENRSET;Sonstige Energieträger;.;MWh;EKT002;Elektrizitätserzeugung (netto);
43311;Monatserhebung ü. Elektrizitäts- u. Wärmeerzeugung;JAHR;Jahr;2021;DINSG;Deutschland insgesamt;DG;Deutschland;ENRG03;Energieträger;ENRSET;Sonstige Energieträger;.;MWh;EKT001;Elektrizitätserzeugung (brutto);
43311;Monatserhebung ü. Elektrizitäts- u. Wärmeerzeugung;JAHR;Jahr;2021;DINSG;Deutschland insgesamt;DG;Deutschland;ENRG03;Energieträger;ENRSET;Sonstige Energieträger;14486;GJ;BRN001;Brennstoffeinsatz;e
43311;Monatserhebung ü. Elektrizitäts- u. Wärmeerzeugung;JAHR;Jahr;2010;DINSG;Deutschland insgesamt;DG;Deutschland;ENRG03;Energieträger;KHL-B-KOKS;Braunkohlenkoks;597;MWh;WRM001;Nettowärmeerzeugung;e
43311;Monatserhebung ü. Elektrizitäts- u. Wärmeerzeugung;JAHR;Jahr;2010;DINSG;Deutschland insgesamt;DG;Deutschland;ENRG03;Energieträger;KHL-B-KOKS;Braunkohlenkoks;1173;MWh;EKT002;Elektrizitätserzeugung (netto);e
43311;Monatserhebung ü. Elektrizitäts- u. Wärmeerzeugung;JAHR;Jahr;2010;DINSG;Deutschland insgesamt;DG;Deutschland;ENRG03;Energieträger;KHL-B-KOKS;Braunkohlenkoks;1559;MWh;EKT001;Elektrizitätserzeugung (brutto);e
43311;Monatserhebung ü. Elektrizitäts- u. Wärmeerzeugung;JAHR;Jahr;2010;DINSG;Deutschland insgesamt;DG;Deutschland;ENRG03;Energieträger;KHL-B-KOKS;Braunkohlenkoks;35801;GJ;BRN001;Brennstoffeinsatz;e
43311;Monatserhebung ü. Elektrizitäts- u. Wärmeerzeugung;JAHR;Jahr;2017;DINSG;Deutschland insgesamt;DG;Deutschland;ENRG03;Energieträger;ABF-02;Abfall (Industrie);1686228;MWh;WRM001;Nettowärmeerzeugung;e
43311;Monatserhebung ü. Elektrizitäts- u. Wärmeerzeugung;JAHR;Jahr;2017;DINSG;Deutschland insgesamt;DG;Deutschland;ENRG03;Energieträger;ABF-02;Abfall (Industrie);864337;MWh;EKT002;Elektrizitätserzeugung (netto);e
43311;Monatserhebung ü. Elektrizitäts- u. Wärmeerzeugung;JAHR;Jahr;2017;DINSG;Deutschland insgesamt;DG;Deutschland;ENRG03;Energieträger;ABF-02;Abfall (Industrie);1085699;MWh;EKT001;Elektrizitätserzeugung (brutto);e
43311;Monatserhebung ü. Elektrizitäts- u. Wärmeerzeugung;JAHR;Jahr;2017;DINSG;Deutschland insgesamt;DG;Deutschland;ENRG03;Energieträger;ABF-02;Abfall (Industrie);20979273;GJ;BRN001;Brennstoffeinsatz;e
43311;Monatserhebung ü. Elektrizitäts- u. Wärmeerzeugung;JAHR;Jahr;2003;DINSG;Deutschland insgesamt;DG;Deutschland;ENRG03;Energieträger;KHL-B-STK;Staub- und Trockenkohle;887898;MWh;WRM001;Nettowärmeerzeugung;e
43311;Monatserhebung ü. Elektrizitäts- u. Wärmeerzeugung;JAHR;Jahr;2003;DINSG;Deutschland insgesamt;DG;Deutschland;ENRG03;Energieträger;KHL-B-STK;Staub- und Trockenkohle;467836;MWh;EKT002;Elektrizitätserzeugung (netto);e
43311;Monatserhebung ü. Elektrizitäts- u. Wärmeerzeugung;JAHR;Jahr;2003;DINSG;Deutschland insgesamt;DG;Deutschland;ENRG03;Energieträger;KHL-B-STK;Staub- und Trockenkohle;517742;MWh;EKT001;Elektrizitätserzeugung (brutto);e
43311;Monatserhebung ü. Elektrizitäts- u. Wärmeerzeugung;JAHR;Jahr;2003;DINSG;Deutschland insgesamt;DG;Deutschland;ENRG03;Energieträger;KHL-B-STK;Staub- und Trockenkohle;7514428;GJ;BRN001;Brennstoffeinsatz;e
43311;Monatserhebung ü. Elektrizitäts- u. Wärmeerzeugung;JAHR;Jahr;2003;DINSG;Deutschland insgesamt;DG;Deutschland;ENRG03;Energieträger;GAS-DEP;Deponiegas;63851;MWh;WRM001;Nettowärmeerzeugung;e
43311;Monatserhebung ü. Elektrizitäts- u. Wärmeerzeugung;JAHR;Jahr;2003;DINSG;Deutschland insgesamt;DG;Deutschland;ENRG03;Energieträger;GAS-DEP;Deponiegas;118179;MWh;EKT002;Elektrizitätserzeugung (netto);e
43311;Monatserhebung ü. Elektrizitäts- u. Wärmeerzeugung;JAHR;Jahr;2003;DINSG;Deutschland insgesamt;DG;Deutschland;ENRG03;Energieträger;GAS-DEP;Deponiegas;126330;MWh;EKT001;Elektrizitätserzeugung (brutto);e
43311;Monatserhebung ü. Elektrizitäts- u. Wärmeerzeugung;JAHR;Jahr;2003;DINSG;Deutschland insgesamt;DG;Deutschland;ENRG03;Energieträger;GAS-DEP;Deponiegas;1142756;GJ;BRN001;Brennstoffeinsatz;e
43311;Monatserhebung ü. Elektrizitäts- u. Wärmeerzeugung;JAHR;Jahr;2007;DINSG;Deutschland insgesamt;DG;Deutschland;ENRG03;Energieträger;WAS-SP-01;Speicherwasser;-;MWh;WRM001;Nettowärmeerzeugung;
43311;Monatserhebung ü. Elektrizitäts- u. Wärmeerzeugung;JAHR;Jahr;2007;DINSG;Deutschland insgesamt;DG;Deutschland;ENRG03;Energieträger;WAS-SP-01;Speicherwasser;705428;MWh;EKT002;Elektrizitätserzeugung (netto);e
43311;Monatserhebung ü. Elektrizitäts- u. Wärmeerzeugung;JAHR;Jahr;2007;DINSG;Deutschland insgesamt;DG;Deutschland;ENRG03;Energieträger;WAS-SP-01;Speicherwasser;711286;MWh;EKT001;Elektrizitätserzeugung (brutto);e
43311;Monatserhebung ü. Elektrizitäts- u. Wärmeerzeugung;JAHR;Jahr;2007;DINSG;Deutschland insgesamt;DG;Deutschland;ENRG03;Energieträger;WAS-SP-01;Speicherwasser;-;GJ;BRN001;Brennstoffeinsatz;
43311;Monatserhebung ü. Elektrizitäts- u. Wärmeerzeugung;JAHR;Jahr;2020;DINSG;Deutschland insgesamt;DG;Deutschland;ENRG03;Energieträger;GAS-BIO;Biogas;1795061;MWh;WRM001;Nettowärmeerzeugung;e
43311;Monatserhebung ü. Elektrizitäts- u. Wärmeerzeugung;JAHR;Jahr;2020;DINSG;Deutschland insgesamt;DG;Deutschland;ENRG03;Energieträger;GAS-BIO;Biogas;2177331;MWh;EKT002;Elektrizitätserzeugung (netto);e
43311;Monatserhebung ü. Elektrizitäts- u. Wärmeerzeugung;JAHR;Jahr;2020;DINSG;Deutschland insgesamt;DG;Deutschland;ENRG03;Energieträger;GAS-BIO;Biogas;2253939;MWh;EKT001;Elektrizitätserzeugung (brutto);e
43311;Monatserhebung ü. Elektrizitäts- u. Wärmeerzeugung;JAHR;Jahr;2020;DINSG;Deutschland insgesamt;DG;Deutschland;ENRG03;Energieträger;GAS-BIO;Biogas;21218709;GJ;BRN001;Brennstoffeinsatz;e
43311;Monatserhebung ü. Elektrizitäts- u. Wärmeerzeugung;JAHR;Jahr;2023;DINSG;Deutschland insgesamt;DG;Deutschland;ENRG03;Energieträger;GEOTH-01;Geothermie;-;MWh;WRM001;Nettowärmeerzeugung;
43311;Monatserhebung ü. Elektrizitäts- u. Wärmeerzeugung;JAHR;Jahr;2023;DINSG;Deutschland insgesamt;DG;Deutschland;ENRG03;Energieträger;GEOTH-01;Geothermie;-;MWh;EKT002;Elektrizitätserzeugung (netto);
43311;Monatserhebung ü. Elektrizitäts- u. Wärmeerzeugung;JAHR;Jahr;2023;DINSG;Deutschland insgesamt;DG;Deutschland;ENRG03;Energieträger;GEOTH-01;Geothermie;-;MWh;EKT001;Elektrizitätserzeugung (brutto);
43311;Monatserhebung ü. Elektrizitäts- u. Wärmeerzeugung;JAHR;Jahr;2023;DINSG;Deutschland insgesamt;DG;Deutschland;ENRG03;Energieträger;GEOTH-01;Geothermie;-;GJ;BRN001;Brennstoffeinsatz;
43311;Monatserhebung ü. Elektrizitäts- u. Wärmeerzeugung;JAHR;Jahr;2024;DINSG;Deutschland insgesamt;DG;Deutschland;ENRG03;Energieträger;KHL-S-KWS;Kohlenwertstoffe aus Steinkohle;-;MWh;WRM001;Nettowärmeerzeugung;
43311;Monatserhebung ü. Elektrizitäts- u. Wärmeerzeugung;JAHR;Jahr;2024;DINSG;Deutschland insgesamt;DG;Deutschland;ENRG03;Energieträger;KHL-S-KWS;Kohlenwertstoffe aus Steinkohle;-;MWh;EKT002;Elektrizitätserzeugung (netto);
43311;Monatserhebung ü. Elektrizitäts- u. Wärmeerzeugung;JAHR;Jahr;2024;DINSG;Deutschland insgesamt;DG;Deutschland;ENRG03;Energieträger;KHL-S-KWS;Kohlenwertstoffe aus Steinkohle;-;MWh;EKT001;Elektrizitätserzeugung (brutto);
43311;Monatserhebung ü. Elektrizitäts- u. Wärmeerzeugung;JAHR;Jahr;2024;DINSG;Deutschland insgesamt;DG;Deutschland;ENRG03;Energieträger;KHL-S-KWS;Kohlenwertstoffe aus Steinkohle;-;GJ;BRN001;Brennstoffeinsatz;
43311;Monatserhebung ü. Elektrizitäts- u. Wärmeerzeugung;JAHR;Jahr;2024;DINSG;Deutschland insgesamt;DG;Deutschland;ENRG03;Energieträger;KHL-S-01;Steinkohlen;11754721;MWh;WRM001;Nettowärmeerzeugung;e
43311;Monatserhebung ü. Elektrizitäts- u. Wärmeerzeugung;JAHR;Jahr;2024;DINSG;Deutschland insgesamt;DG;Deutschland;ENRG03;Energieträger;KHL-S-01;Steinkohlen;23760336;MWh;EKT002;Elektrizitätserzeugung (netto);e
43311;Monatserhebung ü. Elektrizitäts- u. Wärmeerzeugung;JAHR;Jahr;2024;DINSG;Deutschland insgesamt;DG;Deutschland;ENRG03;Energieträger;KHL-S-01;Steinkohlen;26258109;MWh;EKT001;Elektrizitätserzeugung (brutto);e
43311;Monatserhebung ü. Elektrizitäts- u. Wärmeerzeugung;JAHR;Jahr;2024;DINSG;Deutschland insgesamt;DG;Deutschland;ENRG03;Energieträger;KHL-S-01;Steinkohlen;256374038;GJ;BRN001;Brennstoffeinsatz;e
43311;Monatserhebung ü. Elektrizitäts- u. Wärmeerzeugung;JAHR;Jahr;2014;DINSG;Deutschland insgesamt;DG;Deutschland;ENRG03;Energieträger;KHL-S-KOKS;Steinkohlenkoks;-;MWh;WRM001;Nettowärmeerzeugung;
43311;Monatserhebung ü. Elektrizitäts- u. Wärmeerzeugung;JAHR;Jahr;2014;DINSG;Deutschland insgesamt;DG;Deutschland;ENRG03;Energieträger;KHL-S-KOKS;Steinkohlenkoks;-;MWh;EKT002;Elektrizitätserzeugung (netto);
43311;Monatserhebung ü. Elektrizitäts- u. Wärmeerzeugung;JAHR;Jahr;2014;DINSG;Deutschland insgesamt;DG;Deutschland;ENRG03;Energieträger;KHL-S-KOKS;Steinkohlenkoks;-;MWh;EKT001;Elektrizitätserzeugung (brutto);
43311;Monatserhebung ü. Elektrizitäts- u. Wärmeerzeugung;JAHR;Jahr;2014;DINSG;Deutschland insgesamt;DG;Deutschland;ENRG03;Energieträger;KHL-S-KOKS;Steinkohlenkoks;-;GJ;BRN001;Brennstoffeinsatz;
43311;Monatserhebung ü. Elektrizitäts- u. Wärmeerzeugung;JAHR;Jahr;2002;DINSG;Deutschland insgesamt;DG;Deutschland;ENRG03;Energieträger;WAS-PSP-02;Pumpspeicher mit natürlichem Zufluss;-;MWh;WRM001;Nettowärmeerzeugung;
43311;Monatserhebung ü. Elektrizitäts- u. Wärmeerzeugung;JAHR;Jahr;2002;DINSG;Deutschland insgesamt;DG;Deutschland;ENRG03;Energieträger;WAS-PSP-02;Pumpspeicher mit natürlichem Zufluss;-;MWh;EKT002;Elektrizitätserzeugung (netto);
43311;Monatserhebung ü. Elektrizitäts- u. Wärmeerzeugung;JAHR;Jahr;2002;DINSG;Deutschland insgesamt;DG;Deutschland;ENRG03;Energieträger;WAS-PSP-02;Pumpspeicher mit natürlichem Zufluss;-;MWh;EKT001;Elektrizitätserzeugung (brutto);
43311;Monatserhebung ü. Elektrizitäts- u. Wärmeerzeugung;JAHR;Jahr;2002;DINSG;Deutschland insgesamt;DG;Deutschland;ENRG03;Energieträger;WAS-PSP-02;Pumpspeicher mit natürlichem Zufluss;-;GJ;BRN001;Brennstoffeinsatz;
43311;Monatserhebung ü. Elektrizitäts- u. Wärmeerzeugung;JAHR;Jahr;2012;DINSG;Deutschland insgesamt;DG;Deutschland;ENRG03;Energieträger;WAS-LF-01;Laufwasser;-;MWh;WRM001;Nettowärmeerzeugung;
43311;Monatserhebung ü. Elektrizitäts- u. Wärmeerzeugung;JAHR;Jahr;2012;DINSG;Deutschland insgesamt;DG;Deutschland;ENRG03;Energieträger;WAS-LF-01;Laufwasser;16585896;MWh;EKT002;Elektrizitätserzeugung (netto);e
43311;Monatserhebung ü. Elektrizitäts- u. Wärmeerzeugung;JAHR;Jahr;2012;DINSG;Deutschland insgesamt;DG;Deutschland;ENRG03;Energieträger;WAS-LF-01;Laufwasser;16925429;MWh;EKT001;Elektrizitätserzeugung (brutto);e
43311;Monatserhebung ü. Elektrizitäts- u. Wärmeerzeugung;JAHR;Jahr;2012;DINSG;Deutschland insgesamt;DG;Deutschland;ENRG03;Energieträger;WAS-LF-01;Laufwasser;-;GJ;BRN001;Brennstoffeinsatz;
43311;Monatserhebung ü. Elektrizitäts- u. Wärmeerzeugung;JAHR;Jahr;2003;DINSG;Deutschland insgesamt;DG;Deutschland;ENRG03;Energieträger;WRM-01;Wärme;-;MWh;WRM001;Nettowärmeerzeugung;
43311;Monatserhebung ü. Elektrizitäts- u. Wärmeerzeugung;JAHR;Jahr;2003;DINSG;Deutschland insgesamt;DG;Deutschland;ENRG03;Energieträger;WRM-01;Wärme;-;MWh;EKT002;Elektrizitätserzeugung (netto);
43311;Monatserhebung ü. Elektrizitäts- u. Wärmeerzeugung;JAHR;Jahr;2003;DINSG;Deutschland insgesamt;DG;Deutschland;ENRG03;Energieträger;WRM-01;Wärme;-;MWh;EKT001;Elektrizitätserzeugung (brutto);
43311;Monatserhebung ü. Elektrizitäts- u. Wärmeerzeugung;JAHR;Jahr;2003;DINSG;Deutschland insgesamt;DG;Deutschland;ENRG03;Energieträger;WRM-01;Wärme;-;GJ;BRN001;Brennstoffeinsatz;
43311;Monatserhebung ü. Elektrizitäts- u. Wärmeerzeugung;JAHR;Jahr;2012;DINSG;Deutschland insgesamt;DG;Deutschland;ENRG03;Energieträger;WRM-02;Wärmepumpen (Erd- und Umweltwärme);-;MWh;WRM001;Nettowärmeerzeugung;
43311;Monatserhebung ü. Elektrizitäts- u. Wärmeerzeugung;JAHR;Jahr;2012;DINSG;Deutschland insgesamt;DG;Deutschland;ENRG03;Energieträger;WRM-02;Wärmepumpen (Erd- und Umweltwärme);-;MWh;EKT002;Elektrizitätserzeugung (netto);
43311;Monatserhebung ü. Elektrizitäts- u. Wärmeerzeugung;JAHR;Jahr;2012;DINSG;Deutschland insgesamt;DG;Deutschland;ENRG03;Energieträger;WRM-02;Wärmepumpen (Erd- und Umweltwärme);-;MWh;EKT001;Elektrizitätserzeugung (brutto);
43311;Monatserhebung ü. Elektrizitäts- u. Wärmeerzeugung;JAHR;Jahr;2012;DINSG;Deutschland insgesamt;DG;Deutschland;ENRG03;Energieträger;WRM-02;Wärmepumpen (Erd- und Umweltwärme);-;GJ;BRN001;Brennstoffeinsatz;
43311;Monatserhebung ü. Elektrizitäts- u. Wärmeerzeugung;JAHR;Jahr;2002;DINSG;Deutschland insgesamt;DG;Deutschland;ENRG03;Energieträger;GAS-KL;Klärgas;-;MWh;WRM001;Nettowärmeerzeugung;
43311;Monatserhebung ü. Elektrizitäts- u. Wärmeerzeugung;JAHR;Jahr;2002;DINSG;Deutschland insgesamt;DG;Deutschland;ENRG03;Energieträger;GAS-KL;Klärgas;11837;MWh;EKT002;Elektrizitätserzeugung (netto);e
43311;Monatserhebung ü. Elektrizitäts- u. Wärmeerzeugung;JAHR;Jahr;2002;DINSG;Deutschland insgesamt;DG;Deutschland;ENRG03;Energieträger;GAS-KL;Klärgas;11981;MWh;EKT001;Elektrizitätserzeugung (brutto);e
43311;Monatserhebung ü. Elektrizitäts- u. Wärmeerzeugung;JAHR;Jahr;2002;DINSG;Deutschland insgesamt;DG;Deutschland;ENRG03;Energieträger;GAS-KL;Klärgas;64567;GJ;BRN001;Brennstoffeinsatz;e
43311;Monatserhebung ü. Elektrizitäts- u. Wärmeerzeugung;JAHR;Jahr;2002;DINSG;Deutschland insgesamt;DG;Deutschland;ENRG03;Energieträger;ABF-02;Abfall (Industrie);-;MWh;WRM001;Nettowärmeerzeugung;
43311;Monatserhebung ü. Elektrizitäts- u. Wärmeerzeugung;JAHR;Jahr;2002;DINSG;Deutschland insgesamt;DG;Deutschland;ENRG03;Energieträger;ABF-02;Abfall (Industrie);-;MWh;EKT002;Elektrizitätserzeugung (netto);
43311;Monatserhebung ü. Elektrizitäts- u. Wärmeerzeugung;JAHR;Jahr;2002;DINSG;Deutschland insgesamt;DG;Deutschland;ENRG03;Energieträger;ABF-02;Abfall (Industrie);-;MWh;EKT001;Elektrizitätserzeugung (brutto);
43311;Monatserhebung ü. Elektrizitäts- u. Wärmeerzeugung;JAHR;Jahr;2002;DINSG;Deutschland insgesamt;DG;Deutschland;ENRG03;Energieträger;ABF-02;Abfall (Industrie);-;GJ;BRN001;Brennstoffeinsatz;
43311;Monatserhebung ü. Elektrizitäts- u. Wärmeerzeugung;JAHR;Jahr;2022;DINSG;Deutschland insgesamt;DG;Deutschland;ENRG03;Energieträger;GAS-BIO;Biogas;2238806;MWh;WRM001;Nettowärmeerzeugung;e
43311;Monatserhebung ü. Elektrizitäts- u. Wärmeerzeugung;JAHR;Jahr;2022;DINSG;Deutschland insgesamt;DG;Deutschland;ENRG03;Energieträger;GAS-BIO;Biogas;2662858;MWh;EKT002;Elektrizitätserzeugung (netto);e
43311;Monatserhebung ü. Elektrizitäts- u. Wärmeerzeugung;JAHR;Jahr;2022;DINSG;Deutschland insgesamt;DG;Deutschland;ENRG03;Energieträger;GAS-BIO;Biogas;2781281;MWh;EKT001;Elektrizitätserzeugung (brutto);e
43311;Monatserhebung ü. Elektrizitäts- u. Wärmeerzeugung;JAHR;Jahr;2022;DINSG;Deutschland insgesamt;DG;Deutschland;ENRG03;Energieträger;GAS-BIO;Biogas;25471287;GJ;BRN001;Brennstoffeinsatz;e
43311;Monatserhebung ü. Elektrizitäts- u. Wärmeerzeugung;JAHR;Jahr;2012;DINSG;Deutschland insgesamt;DG;Deutschland;ENRG03;Energieträger;GAS-SONST;Sonstige hergestellte Gase;2381;MWh;WRM001;Nettowärmeerzeugung;e
43311;Monatserhebung ü. Elektrizitäts- u. Wärmeerzeugung;JAHR;Jahr;2012;DINSG;Deutschland insgesamt;DG;Deutschland;ENRG03;Energieträger;GAS-SONST;Sonstige hergestellte Gase;.;MWh;EKT002;Elektrizitätserzeugung (netto);
43311;Monatserhebung ü. Elektrizitäts- u. Wärmeerzeugung;JAHR;Jahr;2012;DINSG;Deutschland insgesamt;DG;Deutschland;ENRG03;Energieträger;GAS-SONST;Sonstige hergestellte Gase;.;MWh;EKT001;Elektrizitätserzeugung (brutto);
43311;Monatserhebung ü. Elektrizitäts- u. Wärmeerzeugung;JAHR;Jahr;2012;DINSG;Deutschland insgesamt;DG;Deutschland;ENRG03;Energieträger;GAS-SONST;Sonstige hergestellte Gase;11588;GJ;BRN001;Brennstoffeinsatz;e
43311;Monatserhebung ü. Elektrizitäts- u. Wärmeerzeugung;JAHR;Jahr;2023;DINSG;Deutschland insgesamt;DG;Deutschland;ENRG03;Energieträger;KHL-S-01;Steinkohlen;14905682;MWh;WRM001;Nettowärmeerzeugung;p
43311;Monatserhebung ü. Elektrizitäts- u. Wärmeerzeugung;JAHR;Jahr;2023;DINSG;Deutschland insgesamt;DG;Deutschland;ENRG03;Energieträger;KHL-S-01;Steinkohlen;33391800;MWh;EKT002;Elektrizitätserzeugung (netto);p
43311;Monatserhebung ü. Elektrizitäts- u. Wärmeerzeugung;JAHR;Jahr;2023;DINSG;Deutschland insgesamt;DG;Deutschland;ENRG03;Energieträger;KHL-S-01;Steinkohlen;36824528;MWh;EKT001;Elektrizitätserzeugung (brutto);p
43311;Monatserhebung ü. Elektrizitäts- u. Wärmeerzeugung;JAHR;Jahr;2023;DINSG;Deutschland insgesamt;DG;Deutschland;ENRG03;Energieträger;KHL-S-01;Steinkohlen;360489220;GJ;BRN001;Brennstoffeinsatz;p
43311;Monatserhebung ü. Elektrizitäts- u. Wärmeerzeugung;JAHR;Jahr;2004;DINSG;Deutschland insgesamt;DG;Deutschland;ENRG03;Energieträger;KHL-S-BRIK;Steinkohlenbriketts;-;MWh;WRM001;Nettowärmeerzeugung;
43311;Monatserhebung ü. Elektrizitäts- u. Wärmeerzeugung;JAHR;Jahr;2004;DINSG;Deutschland insgesamt;DG;Deutschland;ENRG03;Energieträger;KHL-S-BRIK;Steinkohlenbriketts;-;MWh;EKT002;Elektrizitätserzeugung (netto);
43311;Monatserhebung ü. Elektrizitäts- u. Wärmeerzeugung;JAHR;Jahr;2004;DINSG;Deutschland insgesamt;DG;Deutschland;ENRG03;Energieträger;KHL-S-BRIK;Steinkohlenbriketts;-;MWh;EKT001;Elektrizitätserzeugung (brutto);
43311;Monatserhebung ü. Elektrizitäts- u. Wärmeerzeugung;JAHR;Jahr;2004;DINSG;Deutschland insgesamt;DG;Deutschland;ENRG03;Energieträger;KHL-S-BRIK;Steinkohlenbriketts;-;GJ;BRN001;Brennstoffeinsatz;
43311;Monatserhebung ü. Elektrizitäts- u. Wärmeerzeugung;JAHR;Jahr;2020;DINSG;Deutschland insgesamt;DG;Deutschland;ENRG03;Energieträger;BIO-FL-01;Flüssige biogene Stoffe;.;MWh;WRM001;Nettowärmeerzeugung;
43311;Monatserhebung ü. Elektrizitäts- u. Wärmeerzeugung;JAHR;Jahr;2020;DINSG;Deutschland insgesamt;DG;Deutschland;ENRG03;Energieträger;BIO-FL-01;Flüssige biogene Stoffe;.;MWh;EKT002;Elektrizitätserzeugung (netto);
43311;Monatserhebung ü. Elektrizitäts- u. Wärmeerzeugung;JAHR;Jahr;2020;DINSG;Deutschland insgesamt;DG;Deutschland;ENRG03;Energieträger;BIO-FL-01;Flüssige biogene Stoffe;.;MWh;EKT001;Elektrizitätserzeugung (brutto);
43311;Monatserhebung ü. Elektrizitäts- u. Wärmeerzeugung;JAHR;Jahr;2020;DINSG;Deutschland insgesamt;DG;Deutschland;ENRG03;Energieträger;BIO-FL-01;Flüssige biogene Stoffe;.;GJ;BRN001;Brennstoffeinsatz;
43311;Monatserhebung ü. Elektrizitäts- u. Wärmeerzeugung;JAHR;Jahr;2009;DINSG;Deutschland insgesamt;DG;Deutschland;ENRG03;Energieträger;ENRSET;Sonstige Energieträger;484856;MWh;WRM001;Nettowärmeerzeugung;e
43311;Monatserhebung ü. Elektrizitäts- u. Wärmeerzeugung;JAHR;Jahr;2009;DINSG;Deutschland insgesamt;DG;Deutschland;ENRG03;Energieträger;ENRSET;Sonstige Energieträger;507018;MWh;EKT002;Elektrizitätserzeugung (netto);e
43311;Monatserhebung ü. Elektrizitäts- u. Wärmeerzeugung;JAHR;Jahr;2009;DINSG;Deutschland insgesamt;DG;Deutschland;ENRG03;Energieträger;ENRSET;Sonstige Energieträger;538782;MWh;EKT001;Elektrizitätserzeugung (brutto);e
43311;Monatserhebung ü. Elektrizitäts- u. Wärmeerzeugung;JAHR;Jahr;2009;DINSG;Deutschland insgesamt;DG;Deutschland;ENRG03;Energieträger;ENRSET;Sonstige Energieträger;7523970;GJ;BRN001;Brennstoffeinsatz;e
43311;Monatserhebung ü. Elektrizitäts- u. Wärmeerzeugung;JAHR;Jahr;2010;DINSG;Deutschland insgesamt;DG;Deutschland;ENRG03;Energieträger;KHL-S-SONST;Sonstige Steinkohlen;-;MWh;WRM001;Nettowärmeerzeugung;
43311;Monatserhebung ü. Elektrizitäts- u. Wärmeerzeugung;JAHR;Jahr;2010;DINSG;Deutschland insgesamt;DG;Deutschland;ENRG03;Energieträger;KHL-S-SONST;Sonstige Steinkohlen;-;MWh;EKT002;Elektrizitätserzeugung (netto);
43311;Monatserhebung ü. Elektrizitäts- u. Wärmeerzeugung;JAHR;Jahr;2010;DINSG;Deutschland insgesamt;DG;Deutschland;ENRG03;Energieträger;KHL-S-SONST;Sonstige Steinkohlen;-;MWh;EKT001;Elektrizitätserzeugung (brutto);
43311;Monatserhebung ü. Elektrizitäts- u. Wärmeerzeugung;JAHR;Jahr;2010;DINSG;Deutschland insgesamt;DG;Deutschland;ENRG03;Energieträger;KHL-S-SONST;Sonstige Steinkohlen;-;GJ;BRN001;Brennstoffeinsatz;
43311;Monatserhebung ü. Elektrizitäts- u. Wärmeerzeugung;JAHR;Jahr;2017;DINSG;Deutschland insgesamt;DG;Deutschland;ENRG03;Energieträger;KHL-B-BRIK;Braunkohlenbriketts;.;MWh;WRM001;Nettowärmeerzeugung;
43311;Monatserhebung ü. Elektrizitäts- u. Wärmeerzeugung;JAHR;Jahr;2017;DINSG;Deutschland insgesamt;DG;Deutschland;ENRG03;Energieträger;KHL-B-BRIK;Braunkohlenbriketts;.;MWh;EKT002;Elektrizitätserzeugung (netto);
43311;Monatserhebung ü. Elektrizitäts- u. Wärmeerzeugung;JAHR;Jahr;2017;DINSG;Deutschland insgesamt;DG;Deutschland;ENRG03;Energieträger;KHL-B-BRIK;Braunkohlenbriketts;.;MWh;EKT001;Elektrizitätserzeugung (brutto);
43311;Monatserhebung ü. Elektrizitäts- u. Wärmeerzeugung;JAHR;Jahr;2017;DINSG;Deutschland insgesamt;DG;Deutschland;ENRG03;Energieträger;KHL-B-BRIK;Braunkohlenbriketts;.;GJ;BRN001;Brennstoffeinsatz;
43311;Monatserhebung ü. Elektrizitäts- u. Wärmeerzeugung;JAHR;Jahr;2004;DINSG;Deutschland insgesamt;DG;Deutschland;ENRG03;Energieträger;;Insgesamt;111685890;MWh;WRM001;Nettowärmeerzeugung;e
43311;Monatserhebung ü. Elektrizitäts- u. Wärmeerzeugung;JAHR;Jahr;2004;DINSG;Deutschland insgesamt;DG;Deutschland;ENRG03;Energieträger;;Insgesamt;498816963;MWh;EKT002;Elektrizitätserzeugung (netto);e
43311;Monatserhebung ü. Elektrizitäts- u. Wärmeerzeugung;JAHR;Jahr;2004;DINSG;Deutschland insgesamt;DG;Deutschland;ENRG03;Energieträger;;Insgesamt;533273156;MWh;EKT001;Elektrizitätserzeugung (brutto);e
43311;Monatserhebung ü. Elektrizitäts- u. Wärmeerzeugung;JAHR;Jahr;2004;DINSG;Deutschland insgesamt;DG;Deutschland;ENRG03;Energieträger;;Insgesamt;3411672316;GJ;BRN001;Brennstoffeinsatz;e
43311;Monatserhebung ü. Elektrizitäts- u. Wärmeerzeugung;JAHR;Jahr;2015;DINSG;Deutschland insgesamt;DG;Deutschland;ENRG03;Energieträger;GAS-KL;Klärgas;61661;MWh;WRM001;Nettowärmeerzeugung;e
43311;Monatserhebung ü. Elektrizitäts- u. Wärmeerzeugung;JAHR;Jahr;2015;DINSG;Deutschland insgesamt;DG;Deutschland;ENRG03;Energieträger;GAS-KL;Klärgas;39870;MWh;EKT002;Elektrizitätserzeugung (netto);e
43311;Monatserhebung ü. Elektrizitäts- u. Wärmeerzeugung;JAHR;Jahr;2015;DINSG;Deutschland insgesamt;DG;Deutschland;ENRG03;Energieträger;GAS-KL;Klärgas;42343;MWh;EKT001;Elektrizitätserzeugung (brutto);e
43311;Monatserhebung ü. Elektrizitäts- u. Wärmeerzeugung;JAHR;Jahr;2015;DINSG;Deutschland insgesamt;DG;Deutschland;ENRG03;Energieträger;GAS-KL;Klärgas;538137;GJ;BRN001;Brennstoffeinsatz;e
43311;Monatserhebung ü. Elektrizitäts- u. Wärmeerzeugung;JAHR;Jahr;2014;DINSG;Deutschland insgesamt;DG;Deutschland;ENRG03;Energieträger;WAS-PSP-01;Pumpspeicherwasser;-;MWh;WRM001;Nettowärmeerzeugung;
43311;Monatserhebung ü. Elektrizitäts- u. Wärmeerzeugung;JAHR;Jahr;2014;DINSG;Deutschland insgesamt;DG;Deutschland;ENRG03;Energieträger;WAS-PSP-01;Pumpspeicherwasser;-;MWh;EKT002;Elektrizitätserzeugung (netto);
43311;Monatserhebung ü. Elektrizitäts- u. Wärmeerzeugung;JAHR;Jahr;2014;DINSG;Deutschland insgesamt;DG;Deutschland;ENRG03;Energieträger;WAS-PSP-01;Pumpspeicherwasser;-;MWh;EKT001;Elektrizitätserzeugung (brutto);
43311;Monatserhebung ü. Elektrizitäts- u. Wärmeerzeugung;JAHR;Jahr;2014;DINSG;Deutschland insgesamt;DG;Deutschland;ENRG03;Energieträger;WAS-PSP-01;Pumpspeicherwasser;-;GJ;BRN001;Brennstoffeinsatz;
43311;Monatserhebung ü. Elektrizitäts- u. Wärmeerzeugung;JAHR;Jahr;2016;DINSG;Deutschland insgesamt;DG;Deutschland;ENRG03;Energieträger;SOLTH-01;Solarthermie;-;MWh;WRM001;Nettowärmeerzeugung;
43311;Monatserhebung ü. Elektrizitäts- u. Wärmeerzeugung;JAHR;Jahr;2016;DINSG;Deutschland insgesamt;DG;Deutschland;ENRG03;Energieträger;SOLTH-01;Solarthermie;-;MWh;EKT002;Elektrizitätserzeugung (netto);
43311;Monatserhebung ü. Elektrizitäts- u. Wärmeerzeugung;JAHR;Jahr;2016;DINSG;Deutschland insgesamt;DG;Deutschland;ENRG03;Energieträger;SOLTH-01;Solarthermie;-;MWh;EKT001;Elektrizitätserzeugung (brutto);
43311;Monatserhebung ü. Elektrizitäts- u. Wärmeerzeugung;JAHR;Jahr;2016;DINSG;Deutschland insgesamt;DG;Deutschland;ENRG03;Energieträger;SOLTH-01;Solarthermie;-;GJ;BRN001;Brennstoffeinsatz;
43311;Monatserhebung ü. Elektrizitäts- u. Wärmeerzeugung;JAHR;Jahr;2007;DINSG;Deutschland insgesamt;DG;Deutschland;ENRG03;Energieträger;WAS-PSP-03;Pumpspeicher ohne natürlichen Zufluss;-;MWh;WRM001;Nettowärmeerzeugung;
43311;Monatserhebung ü. Elektrizitäts- u. Wärmeerzeugung;JAHR;Jahr;2007;DINSG;Deutschland insgesamt;DG;Deutschland;ENRG03;Energieträger;WAS-PSP-03;Pumpspeicher ohne natürlichen Zufluss;-;MWh;EKT002;Elektrizitätserzeugung (netto);
43311;Monatserhebung ü. Elektrizitäts- u. Wärmeerzeugung;JAHR;Jahr;2007;DINSG;Deutschland insgesamt;DG;Deutschland;ENRG03;Energieträger;WAS-PSP-03;Pumpspeicher ohne natürlichen Zufluss;-;MWh;EKT001;Elektrizitätserzeugung (brutto);
43311;Monatserhebung ü. Elektrizitäts- u. Wärmeerzeugung;JAHR;Jahr;2007;DINSG;Deutschland insgesamt;DG;Deutschland;ENRG03;Energieträger;WAS-PSP-03;Pumpspeicher ohne natürlichen Zufluss;-;GJ;BRN001;Brennstoffeinsatz;
43311;Monatserhebung ü. Elektrizitäts- u. Wärmeerzeugung;JAHR;Jahr;2014;DINSG;Deutschland insgesamt;DG;Deutschland;ENRG03;Energieträger;GAS-FL;Flüssiggas;.;MWh;WRM001;Nettowärmeerzeugung;
43311;Monatserhebung ü. Elektrizitäts- u. Wärmeerzeugung;JAHR;Jahr;2014;DINSG;Deutschland insgesamt;DG;Deutschland;ENRG03;Energieträger;GAS-FL;Flüssiggas;.;MWh;EKT002;Elektrizitätserzeugung (netto);
43311;Monatserhebung ü. Elektrizitäts- u. Wärmeerzeugung;JAHR;Jahr;2014;DINSG;Deutschland insgesamt;DG;Deutschland;ENRG03;Energieträger;GAS-FL;Flüssiggas;.;MWh;EKT001;Elektrizitätserzeugung (brutto);
43311;Monatserhebung ü. Elektrizitäts- u. Wärmeerzeugung;JAHR;Jahr;2014;DINSG;Deutschland insgesamt;DG;Deutschland;ENRG03;Energieträger;GAS-FL;Flüssiggas;.;GJ;BRN001;Brennstoffeinsatz;
43311;Monatserhebung ü. Elektrizitäts- u. Wärmeerzeugung;JAHR;Jahr;2023;DINSG;Deutschland insgesamt;DG;Deutschland;ENRG03;Energieträger;ABF-02;Abfall (Industrie);1176315;MWh;WRM001;Nettowärmeerzeugung;p
43311;Monatserhebung ü. Elektrizitäts- u. Wärmeerzeugung;JAHR;Jahr;2023;DINSG;Deutschland insgesamt;DG;Deutschland;ENRG03;Energieträger;ABF-02;Abfall (Industrie);337380;MWh;EKT002;Elektrizitätserzeugung (netto);p
43311;Monatserhebung ü. Elektrizitäts- u. Wärmeerzeugung;JAHR;Jahr;2023;DINSG;Deutschland insgesamt;DG;Deutschland;ENRG03;Energieträger;ABF-02;Abfall (Industrie);504531;MWh;EKT001;Elektrizitätserzeugung (brutto);p
43311;Monatserhebung ü. Elektrizitäts- u. Wärmeerzeugung;JAHR;Jahr;2023;DINSG;Deutschland insgesamt;DG;Deutschland;ENRG03;Energieträger;ABF-02;Abfall (Industrie);10482384;GJ;BRN001;Brennstoffeinsatz;p
43311;Monatserhebung ü. Elektrizitäts- u. Wärmeerzeugung;JAHR;Jahr;2024;DINSG;Deutschland insgesamt;DG;Deutschland;ENRG03;Energieträger;WAS-PSP-03;Pumpspeicher ohne natürlichen Zufluss;-;MWh;WRM001;Nettowärmeerzeugung;
43311;Monatserhebung ü. Elektrizitäts- u. Wärmeerzeugung;JAHR;Jahr;2024;DINSG;Deutschland insgesamt;DG;Deutschland;ENRG03;Energieträger;WAS-PSP-03;Pumpspeicher ohne natürlichen Zufluss;-;MWh;EKT002;Elektrizitätserzeugung (netto);
43311;Monatserhebung ü. Elektrizitäts- u. Wärmeerzeugung;JAHR;Jahr;2024;DINSG;Deutschland insgesamt;DG;Deutschland;ENRG03;Energieträger;WAS-PSP-03;Pumpspeicher ohne natürlichen Zufluss;-;MWh;EKT001;Elektrizitätserzeugung (brutto);
43311;Monatserhebung ü. Elektrizitäts- u. Wärmeerzeugung;JAHR;Jahr;2024;DINSG;Deutschland insgesamt;DG;Deutschland;ENRG03;Energieträger;WAS-PSP-03;Pumpspeicher ohne natürlichen Zufluss;-;GJ;BRN001;Brennstoffeinsatz;
43311;Monatserhebung ü. Elektrizitäts- u. Wärmeerzeugung;JAHR;Jahr;2022;DINSG;Deutschland insgesamt;DG;Deutschland;ENRG03;Energieträger;ABF-02;Abfall (Industrie);1083604;MWh;WRM001;Nettowärmeerzeugung;e
43311;Monatserhebung ü. Elektrizitäts- u. Wärmeerzeugung;JAHR;Jahr;2022;DINSG;Deutschland insgesamt;DG;Deutschland;ENRG03;Energieträger;ABF-02;Abfall (Industrie);368799;MWh;EKT002;Elektrizitätserzeugung (netto);e
43311;Monatserhebung ü. Elektrizitäts- u. Wärmeerzeugung;JAHR;Jahr;2022;DINSG;Deutschland insgesamt;DG;Deutschland;ENRG03;Energieträger;ABF-02;Abfall (Industrie);542529;MWh;EKT001;Elektrizitätserzeugung (brutto);e
43311;Monatserhebung ü. Elektrizitäts- u. Wärmeerzeugung;JAHR;Jahr;2022;DINSG;Deutschland insgesamt;DG;Deutschland;ENRG03;Energieträger;ABF-02;Abfall (Industrie);10362280;GJ;BRN001;Brennstoffeinsatz;e
43311;Monatserhebung ü. Elektrizitäts- u. Wärmeerzeugung;JAHR;Jahr;2022;DINSG;Deutschland insgesamt;DG;Deutschland;ENRG03;Energieträger;WAS-PSP-01;Pumpspeicherwasser;-;MWh;WRM001;Nettowärmeerzeugung;
43311;Monatserhebung ü. Elektrizitäts- u. Wärmeerzeugung;JAHR;Jahr;2022;DINSG;Deutschland insgesamt;DG;Deutschland;ENRG03;Energieträger;WAS-PSP-01;Pumpspeicherwasser;-;MWh;EKT002;Elektrizitätserzeugung (netto);
43311;Monatserhebung ü. Elektrizitäts- u. Wärmeerzeugung;JAHR;Jahr;2022;DINSG;Deutschland insgesamt;DG;Deutschland;ENRG03;Energieträger;WAS-PSP-01;Pumpspeicherwasser;-;MWh;EKT001;Elektrizitätserzeugung (brutto);
43311;Monatserhebung ü. Elektrizitäts- u. Wärmeerzeugung;JAHR;Jahr;2022;DINSG;Deutschland insgesamt;DG;Deutschland;ENRG03;Energieträger;WAS-PSP-01;Pumpspeicherwasser;-;GJ;BRN001;Brennstoffeinsatz;
43311;Monatserhebung ü. Elektrizitäts- u. Wärmeerzeugung;JAHR;Jahr;2008;DINSG;Deutschland insgesamt;DG;Deutschland;ENRG03;Energieträger;ABF-03;Abfall (Hausmüll, Siedlungsabfälle);-;MWh;WRM001;Nettowärmeerzeugung;
43311;Monatserhebung ü. Elektrizitäts- u. Wärmeerzeugung;JAHR;Jahr;2008;DINSG;Deutschland insgesamt;DG;Deutschland;ENRG03;Energieträger;ABF-03;Abfall (Hausmüll, Siedlungsabfälle);-;MWh;EKT002;Elektrizitätserzeugung (netto);
43311;Monatserhebung ü. Elektrizitäts- u. Wärmeerzeugung;JAHR;Jahr;2008;DINSG;Deutschland insgesamt;DG;Deutschland;ENRG03;Energieträger;ABF-03;Abfall (Hausmüll, Siedlungsabfälle);-;MWh;EKT001;Elektrizitätserzeugung (brutto);
43311;Monatserhebung ü. Elektrizitäts- u. Wärmeerzeugung;JAHR;Jahr;2008;DINSG;Deutschland insgesamt;DG;Deutschland;ENRG03;Energieträger;ABF-03;Abfall (Hausmüll, Siedlungsabfälle);-;GJ;BRN001;Brennstoffeinsatz;
43311;Monatserhebung ü. Elektrizitäts- u. Wärmeerzeugung;JAHR;Jahr;2003;DINSG;Deutschland insgesamt;DG;Deutschland;ENRG03;Energieträger;PKOKS-01;Petrolkoks;193252;MWh;WRM001;Nettowärmeerzeugung;e
43311;Monatserhebung ü. Elektrizitäts- u. Wärmeerzeugung;JAHR;Jahr;2003;DINSG;Deutschland insgesamt;DG;Deutschland;ENRG03;Energieträger;PKOKS-01;Petrolkoks;655202;MWh;EKT002;Elektrizitätserzeugung (netto);e
43311;Monatserhebung ü. Elektrizitäts- u. Wärmeerzeugung;JAHR;Jahr;2003;DINSG;Deutschland insgesamt;DG;Deutschland;ENRG03;Energieträger;PKOKS-01;Petrolkoks;717060;MWh;EKT001;Elektrizitätserzeugung (brutto);e
43311;Monatserhebung ü. Elektrizitäts- u. Wärmeerzeugung;JAHR;Jahr;2003;DINSG;Deutschland insgesamt;DG;Deutschland;ENRG03;Energieträger;PKOKS-01;Petrolkoks;10107120;GJ;BRN001;Brennstoffeinsatz;e
43311;Monatserhebung ü. Elektrizitäts- u. Wärmeerzeugung;JAHR;Jahr;2010;DINSG;Deutschland insgesamt;DG;Deutschland;ENRG03;Energieträger;GEOTH-01;Geothermie;45956;MWh;WRM001;Nettowärmeerzeugung;e
43311;Monatserhebung ü. Elektrizitäts- u. Wärmeerzeugung;JAHR;Jahr;2010;DINSG;Deutschland insgesamt;DG;Deutschland;ENRG03;Energieträger;GEOTH-01;Geothermie;11858;MWh;EKT002;Elektrizitätserzeugung (netto);e
43311;Monatserhebung ü. Elektrizitäts- u. Wärmeerzeugung;JAHR;Jahr;2010;DINSG;Deutschland insgesamt;DG;Deutschland;ENRG03;Energieträger;GEOTH-01;Geothermie;16494;MWh;EKT001;Elektrizitätserzeugung (brutto);e
43311;Monatserhebung ü. Elektrizitäts- u. Wärmeerzeugung;JAHR;Jahr;2010;DINSG;Deutschland insgesamt;DG;Deutschland;ENRG03;Energieträger;GEOTH-01;Geothermie;-;GJ;BRN001;Brennstoffeinsatz;
43311;Monatserhebung ü. Elektrizitäts- u. Wärmeerzeugung;JAHR;Jahr;2002;DINSG;Deutschland insgesamt;DG;Deutschland;ENRG03;Energieträger;OEL-H-S-01;Heizöl, schwer;-;MWh;WRM001;Nettowärmeerzeugung;
43311;Monatserhebung ü. Elektrizitäts- u. Wärmeerzeugung;JAHR;Jahr;2002;DINSG;Deutschland insgesamt;DG;Deutschland;ENRG03;Energieträger;OEL-H-S-01;Heizöl, schwer;610148;MWh;EKT002;Elektrizitätserzeugung (netto);e
43311;Monatserhebung ü. Elektrizitäts- u. Wärmeerzeugung;JAHR;Jahr;2002;DINSG;Deutschland insgesamt;DG;Deutschland;ENRG03;Energieträger;OEL-H-S-01;Heizöl, schwer;664701;MWh;EKT001;Elektrizitätserzeugung (brutto);e
43311;Monatserhebung ü. Elektrizitäts- u. Wärmeerzeugung;JAHR;Jahr;2002;DINSG;Deutschland insgesamt;DG;Deutschland;ENRG03;Energieträger;OEL-H-S-01;Heizöl, schwer;6829317;GJ;BRN001;Brennstoffeinsatz;e
43311;Monatserhebung ü. Elektrizitäts- u. Wärmeerzeugung;JAHR;Jahr;2004;DINSG;Deutschland insgesamt;DG;Deutschland;ENRG03;Energieträger;SP-SONST-01;Andere Speicher;-;MWh;WRM001;Nettowärmeerzeugung;
43311;Monatserhebung ü. Elektrizitäts- u. Wärmeerzeugung;JAHR;Jahr;2004;DINSG;Deutschland insgesamt;DG;Deutschland;ENRG03;Energieträger;SP-SONST-01;Andere Speicher;-;MWh;EKT002;Elektrizitätserzeugung (netto);
43311;Monatserhebung ü. Elektrizitäts- u. Wärmeerzeugung;JAHR;Jahr;2004;DINSG;Deutschland insgesamt;DG;Deutschland;ENRG03;Energieträger;SP-SONST-01;Andere Speicher;-;MWh;EKT001;Elektrizitätserzeugung (brutto);
43311;Monatserhebung ü. Elektrizitäts- u. Wärmeerzeugung;JAHR;Jahr;2004;DINSG;Deutschland insgesamt;DG;Deutschland;ENRG03;Energieträger;SP-SONST-01;Andere Speicher;-;GJ;BRN001;Brennstoffeinsatz;
43311;Monatserhebung ü. Elektrizitäts- u. Wärmeerzeugung;JAHR;Jahr;2017;DINSG;Deutschland insgesamt;DG;Deutschland;ENRG03;Energieträger;SOLTH-01;Solarthermie;-;MWh;WRM001;Nettowärmeerzeugung;
43311;Monatserhebung ü. Elektrizitäts- u. Wärmeerzeugung;JAHR;Jahr;2017;DINSG;Deutschland insgesamt;DG;Deutschland;ENRG03;Energieträger;SOLTH-01;Solarthermie;-;MWh;EKT002;Elektrizitätserzeugung (netto);
43311;Monatserhebung ü. Elektrizitäts- u. Wärmeerzeugung;JAHR;Jahr;2017;DINSG;Deutschland insgesamt;DG;Deutschland;ENRG03;Energieträger;SOLTH-01;Solarthermie;-;MWh;EKT001;Elektrizitätserzeugung (brutto);
43311;Monatserhebung ü. Elektrizitäts- u. Wärmeerzeugung;JAHR;Jahr;2017;DINSG;Deutschland insgesamt;DG;Deutschland;ENRG03;Energieträger;SOLTH-01;Solarthermie;-;GJ;BRN001;Brennstoffeinsatz;
43311;Monatserhebung ü. Elektrizitäts- u. Wärmeerzeugung;JAHR;Jahr;2007;DINSG;Deutschland insgesamt;DG;Deutschland;ENRG03;Energieträger;KHL-S-KWS;Kohlenwertstoffe aus Steinkohle;-;MWh;WRM001;Nettowärmeerzeugung;
43311;Monatserhebung ü. Elektrizitäts- u. Wärmeerzeugung;JAHR;Jahr;2007;DINSG;Deutschland insgesamt;DG;Deutschland;ENRG03;Energieträger;KHL-S-KWS;Kohlenwertstoffe aus Steinkohle;-;MWh;EKT002;Elektrizitätserzeugung (netto);
43311;Monatserhebung ü. Elektrizitäts- u. Wärmeerzeugung;JAHR;Jahr;2007;DINSG;Deutschland insgesamt;DG;Deutschland;ENRG03;Energieträger;KHL-S-KWS;Kohlenwertstoffe aus Steinkohle;-;MWh;EKT001;Elektrizitätserzeugung (brutto);
43311;Monatserhebung ü. Elektrizitäts- u. Wärmeerzeugung;JAHR;Jahr;2007;DINSG;Deutschland insgesamt;DG;Deutschland;ENRG03;Energieträger;KHL-S-KWS;Kohlenwertstoffe aus Steinkohle;-;GJ;BRN001;Brennstoffeinsatz;
43311;Monatserhebung ü. Elektrizitäts- u. Wärmeerzeugung;JAHR;Jahr;2014;DINSG;Deutschland insgesamt;DG;Deutschland;ENRG03;Energieträger;;Insgesamt;103010421;MWh;WRM001;Nettowärmeerzeugung;e
43311;Monatserhebung ü. Elektrizitäts- u. Wärmeerzeugung;JAHR;Jahr;2014;DINSG;Deutschland insgesamt;DG;Deutschland;ENRG03;Energieträger;;Insgesamt;414426524;MWh;EKT002;Elektrizitätserzeugung (netto);e
43311;Monatserhebung ü. Elektrizitäts- u. Wärmeerzeugung;JAHR;Jahr;2014;DINSG;Deutschland insgesamt;DG;Deutschland;ENRG03;Energieträger;;Insgesamt;445529657;MWh;EKT001;Elektrizitätserzeugung (brutto);e
43311;Monatserhebung ü. Elektrizitäts- u. Wärmeerzeugung;JAHR;Jahr;2014;DINSG;Deutschland insgesamt;DG;Deutschland;ENRG03;Energieträger;;Insgesamt;3287209397;GJ;BRN001;Brennstoffeinsatz;e
43311;Monatserhebung ü. Elektrizitäts- u. Wärmeerzeugung;JAHR;Jahr;2019;DINSG;Deutschland insgesamt;DG;Deutschland;ENRG03;Energieträger;GAS-DEP;Deponiegas;53093;MWh;WRM001;Nettowärmeerzeugung;e
43311;Monatserhebung ü. Elektrizitäts- u. Wärmeerzeugung;JAHR;Jahr;2019;DINSG;Deutschland insgesamt;DG;Deutschland;ENRG03;Energieträger;GAS-DEP;Deponiegas;54245;MWh;EKT002;Elektrizitätserzeugung (netto);e
43311;Monatserhebung ü. Elektrizitäts- u. Wärmeerzeugung;JAHR;Jahr;2019;DINSG;Deutschland insgesamt;DG;Deutschland;ENRG03;Energieträger;GAS-DEP;Deponiegas;59340;MWh;EKT001;Elektrizitätserzeugung (brutto);e
43311;Monatserhebung ü. Elektrizitäts- u. Wärmeerzeugung;JAHR;Jahr;2019;DINSG;Deutschland insgesamt;DG;Deutschland;ENRG03;Energieträger;GAS-DEP;Deponiegas;614791;GJ;BRN001;Brennstoffeinsatz;e
43311;Monatserhebung ü. Elektrizitäts- u. Wärmeerzeugung;JAHR;Jahr;2015;DINSG;Deutschland insgesamt;DG;Deutschland;ENRG03;Energieträger;KHL-B-WSK;Wirbelschichtkohle;.;MWh;WRM001;Nettowärmeerzeugung;
43311;Monatserhebung ü. Elektrizitäts- u. Wärmeerzeugung;JAHR;Jahr;2015;DINSG;Deutschland insgesamt;DG;Deutschland;ENRG03;Energieträger;KHL-B-WSK;Wirbelschichtkohle;.;MWh;EKT002;Elektrizitätserzeugung (netto);
43311;Monatserhebung ü. Elektrizitäts- u. Wärmeerzeugung;JAHR;Jahr;2015;DINSG;Deutschland insgesamt;DG;Deutschland;ENRG03;Energieträger;KHL-B-WSK;Wirbelschichtkohle;.;MWh;EKT001;Elektrizitätserzeugung (brutto);
43311;Monatserhebung ü. Elektrizitäts- u. Wärmeerzeugung;JAHR;Jahr;2015;DINSG;Deutschland insgesamt;DG;Deutschland;ENRG03;Energieträger;KHL-B-WSK;Wirbelschichtkohle;.;GJ;BRN001;Brennstoffeinsatz;
43311;Monatserhebung ü. Elektrizitäts- u. Wärmeerzeugung;JAHR;Jahr;2016;DINSG;Deutschland insgesamt;DG;Deutschland;ENRG03;Energieträger;GAS-KL;Klärgas;72960;MWh;WRM001;Nettowärmeerzeugung;e
43311;Monatserhebung ü. Elektrizitäts- u. Wärmeerzeugung;JAHR;Jahr;2016;DINSG;Deutschland insgesamt;DG;Deutschland;ENRG03;Energieträger;GAS-KL;Klärgas;41984;MWh;EKT002;Elektrizitätserzeugung (netto);e
43311;Monatserhebung ü. Elektrizitäts- u. Wärmeerzeugung;JAHR;Jahr;2016;DINSG;Deutschland insgesamt;DG;Deutschland;ENRG03;Energieträger;GAS-KL;Klärgas;45429;MWh;EKT001;Elektrizitätserzeugung (brutto);e
43311;Monatserhebung ü. Elektrizitäts- u. Wärmeerzeugung;JAHR;Jahr;2016;DINSG;Deutschland insgesamt;DG;Deutschland;ENRG03;Energieträger;GAS-KL;Klärgas;617631;GJ;BRN001;Brennstoffeinsatz;e
43311;Monatserhebung ü. Elektrizitäts- u. Wärmeerzeugung;JAHR;Jahr;2022;DINSG;Deutschland insgesamt;DG;Deutschland;ENRG03;Energieträger;KLS-01;Klärschlamm;107537;MWh;WRM001;Nettowärmeerzeugung;e
43311;Monatserhebung ü. Elektrizitäts- u. Wärmeerzeugung;JAHR;Jahr;2022;DINSG;Deutschland insgesamt;DG;Deutschland;ENRG03;Energieträger;KLS-01;Klärschlamm;181848;MWh;EKT002;Elektrizitätserzeugung (netto);e
43311;Monatserhebung ü. Elektrizitäts- u. Wärmeerzeugung;JAHR;Jahr;2022;DINSG;Deutschland insgesamt;DG;Deutschland;ENRG03;Energieträger;KLS-01;Klärschlamm;206726;MWh;EKT001;Elektrizitätserzeugung (brutto);e
43311;Monatserhebung ü. Elektrizitäts- u. Wärmeerzeugung;JAHR;Jahr;2022;DINSG;Deutschland insgesamt;DG;Deutschland;ENRG03;Energieträger;KLS-01;Klärschlamm;2241021;GJ;BRN001;Brennstoffeinsatz;e
43311;Monatserhebung ü. Elektrizitäts- u. Wärmeerzeugung;JAHR;Jahr;2017;DINSG;Deutschland insgesamt;DG;Deutschland;ENRG03;Energieträger;GAS-RAF;Raffineriegas;-;MWh;WRM001;Nettowärmeerzeugung;
43311;Monatserhebung ü. Elektrizitäts- u. Wärmeerzeugung;JAHR;Jahr;2017;DINSG;Deutschland insgesamt;DG;Deutschland;ENRG03;Energieträger;GAS-RAF;Raffineriegas;-;MWh;EKT002;Elektrizitätserzeugung (netto);
43311;Monatserhebung ü. Elektrizitäts- u. Wärmeerzeugung;JAHR;Jahr;2017;DINSG;Deutschland insgesamt;DG;Deutschland;ENRG03;Energieträger;GAS-RAF;Raffineriegas;-;MWh;EKT001;Elektrizitätserzeugung (brutto);
43311;Monatserhebung ü. Elektrizitäts- u. Wärmeerzeugung;JAHR;Jahr;2017;DINSG;Deutschland insgesamt;DG;Deutschland;ENRG03;Energieträger;GAS-RAF;Raffineriegas;-;GJ;BRN001;Brennstoffeinsatz;
43311;Monatserhebung ü. Elektrizitäts- u. Wärmeerzeugung;JAHR;Jahr;2002;DINSG;Deutschland insgesamt;DG;Deutschland;ENRG03;Energieträger;KHL-B-KOKS;Braunkohlenkoks;-;MWh;WRM001;Nettowärmeerzeugung;
43311;Monatserhebung ü. Elektrizitäts- u. Wärmeerzeugung;JAHR;Jahr;2002;DINSG;Deutschland insgesamt;DG;Deutschland;ENRG03;Energieträger;KHL-B-KOKS;Braunkohlenkoks;-;MWh;EKT002;Elektrizitätserzeugung (netto);
43311;Monatserhebung ü. Elektrizitäts- u. Wärmeerzeugung;JAHR;Jahr;2002;DINSG;Deutschland insgesamt;DG;Deutschland;ENRG03;Energieträger;KHL-B-KOKS;Braunkohlenkoks;-;MWh;EKT001;Elektrizitätserzeugung (brutto);
43311;Monatserhebung ü. Elektrizitäts- u. Wärmeerzeugung;JAHR;Jahr;2002;DINSG;Deutschland insgesamt;DG;Deutschland;ENRG03;Energieträger;KHL-B-KOKS;Braunkohlenkoks;-;GJ;BRN001;Brennstoffeinsatz;
43311;Monatserhebung ü. Elektrizitäts- u. Wärmeerzeugung;JAHR;Jahr;2008;DINSG;Deutschland insgesamt;DG;Deutschland;ENRG03;Energieträger;GAS-H2;Wasserstoff;-;MWh;WRM001;Nettowärmeerzeugung;
43311;Monatserhebung ü. Elektrizitäts- u. Wärmeerzeugung;JAHR;Jahr;2008;DINSG;Deutschland insgesamt;DG;Deutschland;ENRG03;Energieträger;GAS-H2;Wasserstoff;-;MWh;EKT002;Elektrizitätserzeugung (netto);
43311;Monatserhebung ü. Elektrizitäts- u. Wärmeerzeugung;JAHR;Jahr;2008;DINSG;Deutschland insgesamt;DG;Deutschland;ENRG03;Energieträger;GAS-H2;Wasserstoff;-;MWh;EKT001;Elektrizitätserzeugung (brutto);
43311;Monatserhebung ü. Elektrizitäts- u. Wärmeerzeugung;JAHR;Jahr;2008;DINSG;Deutschland insgesamt;DG;Deutschland;ENRG03;Energieträger;GAS-H2;Wasserstoff;-;GJ;BRN001;Brennstoffeinsatz;
43311;Monatserhebung ü. Elektrizitäts- u. Wärmeerzeugung;JAHR;Jahr;2023;DINSG;Deutschland insgesamt;DG;Deutschland;ENRG03;Energieträger;WRM-01;Wärme;1373112;MWh;WRM001;Nettowärmeerzeugung;p
43311;Monatserhebung ü. Elektrizitäts- u. Wärmeerzeugung;JAHR;Jahr;2023;DINSG;Deutschland insgesamt;DG;Deutschland;ENRG03;Energieträger;WRM-01;Wärme;422153;MWh;EKT002;Elektrizitätserzeugung (netto);p
43311;Monatserhebung ü. Elektrizitäts- u. Wärmeerzeugung;JAHR;Jahr;2023;DINSG;Deutschland insgesamt;DG;Deutschland;ENRG03;Energieträger;WRM-01;Wärme;440011;MWh;EKT001;Elektrizitätserzeugung (brutto);p
43311;Monatserhebung ü. Elektrizitäts- u. Wärmeerzeugung;JAHR;Jahr;2023;DINSG;Deutschland insgesamt;DG;Deutschland;ENRG03;Energieträger;WRM-01;Wärme;9503403;GJ;BRN001;Brennstoffeinsatz;p
43311;Monatserhebung ü. Elektrizitäts- u. Wärmeerzeugung;JAHR;Jahr;2024;DINSG;Deutschland insgesamt;DG;Deutschland;ENRG03;Energieträger;STROM-02;Strom (Elektrokessel);92187;MWh;WRM001;Nettowärmeerzeugung;e
43311;Monatserhebung ü. Elektrizitäts- u. Wärmeerzeugung;JAHR;Jahr;2024;DINSG;Deutschland insgesamt;DG;Deutschland;ENRG03;Energieträger;STROM-02;Strom (Elektrokessel);-;MWh;EKT002;Elektrizitätserzeugung (netto);
43311;Monatserhebung ü. Elektrizitäts- u. Wärmeerzeugung;JAHR;Jahr;2024;DINSG;Deutschland insgesamt;DG;Deutschland;ENRG03;Energieträger;STROM-02;Strom (Elektrokessel);-;MWh;EKT001;Elektrizitätserzeugung (brutto);
43311;Monatserhebung ü. Elektrizitäts- u. Wärmeerzeugung;JAHR;Jahr;2024;DINSG;Deutschland insgesamt;DG;Deutschland;ENRG03;Energieträger;STROM-02;Strom (Elektrokessel);338768;GJ;BRN001;Brennstoffeinsatz;e
43311;Monatserhebung ü. Elektrizitäts- u. Wärmeerzeugung;JAHR;Jahr;2005;DINSG;Deutschland insgesamt;DG;Deutschland;ENRG03;Energieträger;WAS-PSP-01;Pumpspeicherwasser;-;MWh;WRM001;Nettowärmeerzeugung;
43311;Monatserhebung ü. Elektrizitäts- u. Wärmeerzeugung;JAHR;Jahr;2005;DINSG;Deutschland insgesamt;DG;Deutschland;ENRG03;Energieträger;WAS-PSP-01;Pumpspeicherwasser;7308298;MWh;EKT002;Elektrizitätserzeugung (netto);e
43311;Monatserhebung ü. Elektrizitäts- u. Wärmeerzeugung;JAHR;Jahr;2005;DINSG;Deutschland insgesamt;DG;Deutschland;ENRG03;Energieträger;WAS-PSP-01;Pumpspeicherwasser;7429476;MWh;EKT001;Elektrizitätserzeugung (brutto);e
43311;Monatserhebung ü. Elektrizitäts- u. Wärmeerzeugung;JAHR;Jahr;2005;DINSG;Deutschland insgesamt;DG;Deutschland;ENRG03;Energieträger;WAS-PSP-01;Pumpspeicherwasser;-;GJ;BRN001;Brennstoffeinsatz;
43311;Monatserhebung ü. Elektrizitäts- u. Wärmeerzeugung;JAHR;Jahr;2007;DINSG;Deutschland insgesamt;DG;Deutschland;ENRG03;Energieträger;ABF-03;Abfall (Hausmüll, Siedlungsabfälle);-;MWh;WRM001;Nettowärmeerzeugung;
43311;Monatserhebung ü. Elektrizitäts- u. Wärmeerzeugung;JAHR;Jahr;2007;DINSG;Deutschland insgesamt;DG;Deutschland;ENRG03;Energieträger;ABF-03;Abfall (Hausmüll, Siedlungsabfälle);-;MWh;EKT002;Elektrizitätserzeugung (netto);
43311;Monatserhebung ü. Elektrizitäts- u. Wärmeerzeugung;JAHR;Jahr;2007;DINSG;Deutschland insgesamt;DG;Deutschland;ENRG03;Energieträger;ABF-03;Abfall (Hausmüll, Siedlungsabfälle);-;MWh;EKT001;Elektrizitätserzeugung (brutto);
43311;Monatserhebung ü. Elektrizitäts- u. Wärmeerzeugung;JAHR;Jahr;2007;DINSG;Deutschland insgesamt;DG;Deutschland;ENRG03;Energieträger;ABF-03;Abfall (Hausmüll, Siedlungsabfälle);-;GJ;BRN001;Brennstoffeinsatz;
43311;Monatserhebung ü. Elektrizitäts- u. Wärmeerzeugung;JAHR;Jahr;2004;DINSG;Deutschland insgesamt;DG;Deutschland;ENRG03;Energieträger;KHL-B-HART;Hartbraunkohlen;4954;MWh;WRM001;Nettowärmeerzeugung;e
43311;Monatserhebung ü. Elektrizitäts- u. Wärmeerzeugung;JAHR;Jahr;2004;DINSG;Deutschland insgesamt;DG;Deutschland;ENRG03;Energieträger;KHL-B-HART;Hartbraunkohlen;1176;MWh;EKT002;Elektrizitätserzeugung (netto);e
43311;Monatserhebung ü. Elektrizitäts- u. Wärmeerzeugung;JAHR;Jahr;2004;DINSG;Deutschland insgesamt;DG;Deutschland;ENRG03;Energieträger;KHL-B-HART;Hartbraunkohlen;1264;MWh;EKT001;Elektrizitätserzeugung (brutto);e
43311;Monatserhebung ü. Elektrizitäts- u. Wärmeerzeugung;JAHR;Jahr;2004;DINSG;Deutschland insgesamt;DG;Deutschland;ENRG03;Energieträger;KHL-B-HART;Hartbraunkohlen;32652;GJ;BRN001;Brennstoffeinsatz;e
43311;Monatserhebung ü. Elektrizitäts- u. Wärmeerzeugung;JAHR;Jahr;2023;DINSG;Deutschland insgesamt;DG;Deutschland;ENRG03;Energieträger;KLS-01;Klärschlamm;103060;MWh;WRM001;Nettowärmeerzeugung;p
43311;Monatserhebung ü. Elektrizitäts- u. Wärmeerzeugung;JAHR;Jahr;2023;DINSG;Deutschland insgesamt;DG;Deutschland;ENRG03;Energieträger;KLS-01;Klärschlamm;173900;MWh;EKT002;Elektrizitätserzeugung (netto);p
43311;Monatserhebung ü. Elektrizitäts- u. Wärmeerzeugung;JAHR;Jahr;2023;DINSG;Deutschland insgesamt;DG;Deutschland;ENRG03;Energieträger;KLS-01;Klärschlamm;200508;MWh;EKT001;Elektrizitätserzeugung (brutto);p
43311;Monatserhebung ü. Elektrizitäts- u. Wärmeerzeugung;JAHR;Jahr;2023;DINSG;Deutschland insgesamt;DG;Deutschland;ENRG03;Energieträger;KLS-01;Klärschlamm;2291505;GJ;BRN001;Brennstoffeinsatz;p
43311;Monatserhebung ü. Elektrizitäts- u. Wärmeerzeugung;JAHR;Jahr;2004;DINSG;Deutschland insgesamt;DG;Deutschland;ENRG03;Energieträger;GAS-GRUB;Grubengas;50687;MWh;WRM001;Nettowärmeerzeugung;e
43311;Monatserhebung ü. Elektrizitäts- u. Wärmeerzeugung;JAHR;Jahr;2004;DINSG;Deutschland insgesamt;DG;Deutschland;ENRG03;Energieträger;GAS-GRUB;Grubengas;313046;MWh;EKT002;Elektrizitätserzeugung (netto);e
43311;Monatserhebung ü. Elektrizitäts- u. Wärmeerzeugung;JAHR;Jahr;2004;DINSG;Deutschland insgesamt;DG;Deutschland;ENRG03;Energieträger;GAS-GRUB;Grubengas;341322;MWh;EKT001;Elektrizitätserzeugung (brutto);e
43311;Monatserhebung ü. Elektrizitäts- u. Wärmeerzeugung;JAHR;Jahr;2004;DINSG;Deutschland insgesamt;DG;Deutschland;ENRG03;Energieträger;GAS-GRUB;Grubengas;3197237;GJ;BRN001;Brennstoffeinsatz;e
43311;Monatserhebung ü. Elektrizitäts- u. Wärmeerzeugung;JAHR;Jahr;2024;DINSG;Deutschland insgesamt;DG;Deutschland;ENRG03;Energieträger;GAS-BIO;Biogas;2157775;MWh;WRM001;Nettowärmeerzeugung;e
43311;Monatserhebung ü. Elektrizitäts- u. Wärmeerzeugung;JAHR;Jahr;2024;DINSG;Deutschland insgesamt;DG;Deutschland;ENRG03;Energieträger;GAS-BIO;Biogas;2564675;MWh;EKT002;Elektrizitätserzeugung (netto);e
43311;Monatserhebung ü. Elektrizitäts- u. Wärmeerzeugung;JAHR;Jahr;2024;DINSG;Deutschland insgesamt;DG;Deutschland;ENRG03;Energieträger;GAS-BIO;Biogas;2654989;MWh;EKT001;Elektrizitätserzeugung (brutto);e
43311;Monatserhebung ü. Elektrizitäts- u. Wärmeerzeugung;JAHR;Jahr;2024;DINSG;Deutschland insgesamt;DG;Deutschland;ENRG03;Energieträger;GAS-BIO;Biogas;24857938;GJ;BRN001;Brennstoffeinsatz;e
43311;Monatserhebung ü. Elektrizitäts- u. Wärmeerzeugung;JAHR;Jahr;2019;DINSG;Deutschland insgesamt;DG;Deutschland;ENRG03;Energieträger;STROM-02;Strom (Elektrokessel);.;MWh;WRM001;Nettowärmeerzeugung;
43311;Monatserhebung ü. Elektrizitäts- u. Wärmeerzeugung;JAHR;Jahr;2019;DINSG;Deutschland insgesamt;DG;Deutschland;ENRG03;Energieträger;STROM-02;Strom (Elektrokessel);-;MWh;EKT002;Elektrizitätserzeugung (netto);
43311;Monatserhebung ü. Elektrizitäts- u. Wärmeerzeugung;JAHR;Jahr;2019;DINSG;Deutschland insgesamt;DG;Deutschland;ENRG03;Energieträger;STROM-02;Strom (Elektrokessel);-;MWh;EKT001;Elektrizitätserzeugung (brutto);
43311;Monatserhebung ü. Elektrizitäts- u. Wärmeerzeugung;JAHR;Jahr;2019;DINSG;Deutschland insgesamt;DG;Deutschland;ENRG03;Energieträger;STROM-02;Strom (Elektrokessel);.;GJ;BRN001;Brennstoffeinsatz;
43311;Monatserhebung ü. Elektrizitäts- u. Wärmeerzeugung;JAHR;Jahr;2015;DINSG;Deutschland insgesamt;DG;Deutschland;ENRG03;Energieträger;OEL-SONST;Sonstige Mineralölprodukte;.;MWh;WRM001;Nettowärmeerzeugung;
43311;Monatserhebung ü. Elektrizitäts- u. Wärmeerzeugung;JAHR;Jahr;2015;DINSG;Deutschland insgesamt;DG;Deutschland;ENRG03;Energieträger;OEL-SONST;Sonstige Mineralölprodukte;.;MWh;EKT002;Elektrizitätserzeugung (netto);
43311;Monatserhebung ü. Elektrizitäts- u. Wärmeerzeugung;JAHR;Jahr;2015;DINSG;Deutschland insgesamt;DG;Deutschland;ENRG03;Energieträger;OEL-SONST;Sonstige Mineralölprodukte;.;MWh;EKT001;Elektrizitätserzeugung (brutto);
43311;Monatserhebung ü. Elektrizitäts- u. Wärmeerzeugung;JAHR;Jahr;2015;DINSG;Deutschland insgesamt;DG;Deutschland;ENRG03;Energieträger;OEL-SONST;Sonstige Mineralölprodukte;.;GJ;BRN001;Brennstoffeinsatz;
43311;Monatserhebung ü. Elektrizitäts- u. Wärmeerzeugung;JAHR;Jahr;2014;DINSG;Deutschland insgesamt;DG;Deutschland;ENRG03;Energieträger;WAS-SP-01;Speicherwasser;-;MWh;WRM001;Nettowärmeerzeugung;
43311;Monatserhebung ü. Elektrizitäts- u. Wärmeerzeugung;JAHR;Jahr;2014;DINSG;Deutschland insgesamt;DG;Deutschland;ENRG03;Energieträger;WAS-SP-01;Speicherwasser;544901;MWh;EKT002;Elektrizitätserzeugung (netto);e
43311;Monatserhebung ü. Elektrizitäts- u. Wärmeerzeugung;JAHR;Jahr;2014;DINSG;Deutschland insgesamt;DG;Deutschland;ENRG03;Energieträger;WAS-SP-01;Speicherwasser;551477;MWh;EKT001;Elektrizitätserzeugung (brutto);e
43311;Monatserhebung ü. Elektrizitäts- u. Wärmeerzeugung;JAHR;Jahr;2014;DINSG;Deutschland insgesamt;DG;Deutschland;ENRG03;Energieträger;WAS-SP-01;Speicherwasser;-;GJ;BRN001;Brennstoffeinsatz;
43311;Monatserhebung ü. Elektrizitäts- u. Wärmeerzeugung;JAHR;Jahr;2016;DINSG;Deutschland insgesamt;DG;Deutschland;ENRG03;Energieträger;GAS-K-01;Kokereigas;-;MWh;WRM001;Nettowärmeerzeugung;
43311;Monatserhebung ü. Elektrizitäts- u. Wärmeerzeugung;JAHR;Jahr;2016;DINSG;Deutschland insgesamt;DG;Deutschland;ENRG03;Energieträger;GAS-K-01;Kokereigas;.;MWh;EKT002;Elektrizitätserzeugung (netto);
43311;Monatserhebung ü. Elektrizitäts- u. Wärmeerzeugung;JAHR;Jahr;2016;DINSG;Deutschland insgesamt;DG;Deutschland;ENRG03;Energieträger;GAS-K-01;Kokereigas;.;MWh;EKT001;Elektrizitätserzeugung (brutto);
43311;Monatserhebung ü. Elektrizitäts- u. Wärmeerzeugung;JAHR;Jahr;2016;DINSG;Deutschland insgesamt;DG;Deutschland;ENRG03;Energieträger;GAS-K-01;Kokereigas;.;GJ;BRN001;Brennstoffeinsatz;
43311;Monatserhebung ü. Elektrizitäts- u. Wärmeerzeugung;JAHR;Jahr;2020;DINSG;Deutschland insgesamt;DG;Deutschland;ENRG03;Energieträger;GAS-K-01;Kokereigas;0;MWh;WRM001;Nettowärmeerzeugung;e
43311;Monatserhebung ü. Elektrizitäts- u. Wärmeerzeugung;JAHR;Jahr;2020;DINSG;Deutschland insgesamt;DG;Deutschland;ENRG03;Energieträger;GAS-K-01;Kokereigas;.;MWh;EKT002;Elektrizitätserzeugung (netto);
43311;Monatserhebung ü. Elektrizitäts- u. Wärmeerzeugung;JAHR;Jahr;2020;DINSG;Deutschland insgesamt;DG;Deutschland;ENRG03;Energieträger;GAS-K-01;Kokereigas;.;MWh;EKT001;Elektrizitätserzeugung (brutto);
43311;Monatserhebung ü. Elektrizitäts- u. Wärmeerzeugung;JAHR;Jahr;2020;DINSG;Deutschland insgesamt;DG;Deutschland;ENRG03;Energieträger;GAS-K-01;Kokereigas;.;GJ;BRN001;Brennstoffeinsatz;
43311;Monatserhebung ü. Elektrizitäts- u. Wärmeerzeugung;JAHR;Jahr;2003;DINSG;Deutschland insgesamt;DG;Deutschland;ENRG03;Energieträger;ABF-02;Abfall (Industrie);-;MWh;WRM001;Nettowärmeerzeugung;
43311;Monatserhebung ü. Elektrizitäts- u. Wärmeerzeugung;JAHR;Jahr;2003;DINSG;Deutschland insgesamt;DG;Deutschland;ENRG03;Energieträger;ABF-02;Abfall (Industrie);-;MWh;EKT002;Elektrizitätserzeugung (netto);
43311;Monatserhebung ü. Elektrizitäts- u. Wärmeerzeugung;JAHR;Jahr;2003;DINSG;Deutschland insgesamt;DG;Deutschland;ENRG03;Energieträger;ABF-02;Abfall (Industrie);-;MWh;EKT001;Elektrizitätserzeugung (brutto);
43311;Monatserhebung ü. Elektrizitäts- u. Wärmeerzeugung;JAHR;Jahr;2003;DINSG;Deutschland insgesamt;DG;Deutschland;ENRG03;Energieträger;ABF-02;Abfall (Industrie);-;GJ;BRN001;Brennstoffeinsatz;
43311;Monatserhebung ü. Elektrizitäts- u. Wärmeerzeugung;JAHR;Jahr;2016;DINSG;Deutschland insgesamt;DG;Deutschland;ENRG03;Energieträger;;Insgesamt;109667940;MWh;WRM001;Nettowärmeerzeugung;e
43311;Monatserhebung ü. Elektrizitäts- u. Wärmeerzeugung;JAHR;Jahr;2016;DINSG;Deutschland insgesamt;DG;Deutschland;ENRG03;Energieträger;;Insgesamt;403201939;MWh;EKT002;Elektrizitätserzeugung (netto);e
43311;Monatserhebung ü. Elektrizitäts- u. Wärmeerzeugung;JAHR;Jahr;2016;DINSG;Deutschland insgesamt;DG;Deutschland;ENRG03;Energieträger;;Insgesamt;432429503;MWh;EKT001;Elektrizitätserzeugung (brutto);e
43311;Monatserhebung ü. Elektrizitäts- u. Wärmeerzeugung;JAHR;Jahr;2016;DINSG;Deutschland insgesamt;DG;Deutschland;ENRG03;Energieträger;;Insgesamt;3217116112;GJ;BRN001;Brennstoffeinsatz;e
43311;Monatserhebung ü. Elektrizitäts- u. Wärmeerzeugung;JAHR;Jahr;2008;DINSG;Deutschland insgesamt;DG;Deutschland;ENRG03;Energieträger;WAS-LF-01;Laufwasser;-;MWh;WRM001;Nettowärmeerzeugung;
43311;Monatserhebung ü. Elektrizitäts- u. Wärmeerzeugung;JAHR;Jahr;2008;DINSG;Deutschland insgesamt;DG;Deutschland;ENRG03;Energieträger;WAS-LF-01;Laufwasser;15383158;MWh;EKT002;Elektrizitätserzeugung (netto);e
43311;Monatserhebung ü. Elektrizitäts- u. Wärmeerzeugung;JAHR;Jahr;2008;DINSG;Deutschland insgesamt;DG;Deutschland;ENRG03;Energieträger;WAS-LF-01;Laufwasser;15672890;MWh;EKT001;Elektrizitätserzeugung (brutto);e
43311;Monatserhebung ü. Elektrizitäts- u. Wärmeerzeugung;JAHR;Jahr;2008;DINSG;Deutschland insgesamt;DG;Deutschland;ENRG03;Energieträger;WAS-LF-01;Laufwasser;-;GJ;BRN001;Brennstoffeinsatz;
43311;Monatserhebung ü. Elektrizitäts- u. Wärmeerzeugung;JAHR;Jahr;2004;DINSG;Deutschland insgesamt;DG;Deutschland;ENRG03;Energieträger;KHL-B-SONST;Sonstige Braunkohlen;284724;MWh;WRM001;Nettowärmeerzeugung;e
43311;Monatserhebung ü. Elektrizitäts- u. Wärmeerzeugung;JAHR;Jahr;2004;DINSG;Deutschland insgesamt;DG;Deutschland;ENRG03;Energieträger;KHL-B-SONST;Sonstige Braunkohlen;436979;MWh;EKT002;Elektrizitätserzeugung (netto);e
43311;Monatserhebung ü. Elektrizitäts- u. Wärmeerzeugung;JAHR;Jahr;2004;DINSG;Deutschland insgesamt;DG;Deutschland;ENRG03;Energieträger;KHL-B-SONST;Sonstige Braunkohlen;502297;MWh;EKT001;Elektrizitätserzeugung (brutto);e
43311;Monatserhebung ü. Elektrizitäts- u. Wärmeerzeugung;JAHR;Jahr;2004;DINSG;Deutschland insgesamt;DG;Deutschland;ENRG03;Energieträger;KHL-B-SONST;Sonstige Braunkohlen;5804195;GJ;BRN001;Brennstoffeinsatz;e
43311;Monatserhebung ü. Elektrizitäts- u. Wärmeerzeugung;JAHR;Jahr;2008;DINSG;Deutschland insgesamt;DG;Deutschland;ENRG03;Energieträger;GAS-HO-01;Hochofengas;22749;MWh;WRM001;Nettowärmeerzeugung;e
43311;Monatserhebung ü. Elektrizitäts- u. Wärmeerzeugung;JAHR;Jahr;2008;DINSG;Deutschland insgesamt;DG;Deutschland;ENRG03;Energieträger;GAS-HO-01;Hochofengas;2280769;MWh;EKT002;Elektrizitätserzeugung (netto);e
43311;Monatserhebung ü. Elektrizitäts- u. Wärmeerzeugung;JAHR;Jahr;2008;DINSG;Deutschland insgesamt;DG;Deutschland;ENRG03;Energieträger;GAS-HO-01;Hochofengas;2453368;MWh;EKT001;Elektrizitätserzeugung (brutto);e
43311;Monatserhebung ü. Elektrizitäts- u. Wärmeerzeugung;JAHR;Jahr;2008;DINSG;Deutschland insgesamt;DG;Deutschland;ENRG03;Energieträger;GAS-HO-01;Hochofengas;22696965;GJ;BRN001;Brennstoffeinsatz;e
43311;Monatserhebung ü. Elektrizitäts- u. Wärmeerzeugung;JAHR;Jahr;2020;DINSG;Deutschland insgesamt;DG;Deutschland;ENRG03;Energieträger;KHL-S-SONST;Sonstige Steinkohlen;0;MWh;WRM001;Nettowärmeerzeugung;e
43311;Monatserhebung ü. Elektrizitäts- u. Wärmeerzeugung;JAHR;Jahr;2020;DINSG;Deutschland insgesamt;DG;Deutschland;ENRG03;Energieträger;KHL-S-SONST;Sonstige Steinkohlen;0;MWh;EKT002;Elektrizitätserzeugung (netto);e
43311;Monatserhebung ü. Elektrizitäts- u. Wärmeerzeugung;JAHR;Jahr;2020;DINSG;Deutschland insgesamt;DG;Deutschland;ENRG03;Energieträger;KHL-S-SONST;Sonstige Steinkohlen;0;MWh;EKT001;Elektrizitätserzeugung (brutto);e
43311;Monatserhebung ü. Elektrizitäts- u. Wärmeerzeugung;JAHR;Jahr;2020;DINSG;Deutschland insgesamt;DG;Deutschland;ENRG03;Energieträger;KHL-S-SONST;Sonstige Steinkohlen;0;GJ;BRN001;Brennstoffeinsatz;e
43311;Monatserhebung ü. Elektrizitäts- u. Wärmeerzeugung;JAHR;Jahr;2022;DINSG;Deutschland insgesamt;DG;Deutschland;ENRG03;Energieträger;GEOTH-01;Geothermie;-;MWh;WRM001;Nettowärmeerzeugung;
43311;Monatserhebung ü. Elektrizitäts- u. Wärmeerzeugung;JAHR;Jahr;2022;DINSG;Deutschland insgesamt;DG;Deutschland;ENRG03;Energieträger;GEOTH-01;Geothermie;-;MWh;EKT002;Elektrizitätserzeugung (netto);
43311;Monatserhebung ü. Elektrizitäts- u. Wärmeerzeugung;JAHR;Jahr;2022;DINSG;Deutschland insgesamt;DG;Deutschland;ENRG03;Energieträger;GEOTH-01;Geothermie;-;MWh;EKT001;Elektrizitätserzeugung (brutto);
43311;Monatserhebung ü. Elektrizitäts- u. Wärmeerzeugung;JAHR;Jahr;2022;DINSG;Deutschland insgesamt;DG;Deutschland;ENRG03;Energieträger;GEOTH-01;Geothermie;-;GJ;BRN001;Brennstoffeinsatz;
43311;Monatserhebung ü. Elektrizitäts- u. Wärmeerzeugung;JAHR;Jahr;2013;DINSG;Deutschland insgesamt;DG;Deutschland;ENRG03;Energieträger;KHL-B-ROH;Rohbraunkohlen;10073732;MWh;WRM001;Nettowärmeerzeugung;e
43311;Monatserhebung ü. Elektrizitäts- u. Wärmeerzeugung;JAHR;Jahr;2013;DINSG;Deutschland insgesamt;DG;Deutschland;ENRG03;Energieträger;KHL-B-ROH;Rohbraunkohlen;145121600;MWh;EKT002;Elektrizitätserzeugung (netto);e
43311;Monatserhebung ü. Elektrizitäts- u. Wärmeerzeugung;JAHR;Jahr;2013;DINSG;Deutschland insgesamt;DG;Deutschland;ENRG03;Energieträger;KHL-B-ROH;Rohbraunkohlen;156102741;MWh;EKT001;Elektrizitätserzeugung (brutto);e
43311;Monatserhebung ü. Elektrizitäts- u. Wärmeerzeugung;JAHR;Jahr;2013;DINSG;Deutschland insgesamt;DG;Deutschland;ENRG03;Energieträger;KHL-B-ROH;Rohbraunkohlen;1464598153;GJ;BRN001;Brennstoffeinsatz;e
43311;Monatserhebung ü. Elektrizitäts- u. Wärmeerzeugung;JAHR;Jahr;2019;DINSG;Deutschland insgesamt;DG;Deutschland;ENRG03;Energieträger;GAS-BIO-02;Biomethan (Bioerdgas);945471;MWh;WRM001;Nettowärmeerzeugung;e
43311;Monatserhebung ü. Elektrizitäts- u. Wärmeerzeugung;JAHR;Jahr;2019;DINSG;Deutschland insgesamt;DG;Deutschland;ENRG03;Energieträger;GAS-BIO-02;Biomethan (Bioerdgas);786938;MWh;EKT002;Elektrizitätserzeugung (netto);e
43311;Monatserhebung ü. Elektrizitäts- u. Wärmeerzeugung;JAHR;Jahr;2019;DINSG;Deutschland insgesamt;DG;Deutschland;ENRG03;Energieträger;GAS-BIO-02;Biomethan (Bioerdgas);804642;MWh;EKT001;Elektrizitätserzeugung (brutto);e
43311;Monatserhebung ü. Elektrizitäts- u. Wärmeerzeugung;JAHR;Jahr;2019;DINSG;Deutschland insgesamt;DG;Deutschland;ENRG03;Energieträger;GAS-BIO-02;Biomethan (Bioerdgas);7577453;GJ;BRN001;Brennstoffeinsatz;e
43311;Monatserhebung ü. Elektrizitäts- u. Wärmeerzeugung;JAHR;Jahr;2019;DINSG;Deutschland insgesamt;DG;Deutschland;ENRG03;Energieträger;GAS-E-02;Erdgas, Erdölgas;45894941;MWh;WRM001;Nettowärmeerzeugung;e
43311;Monatserhebung ü. Elektrizitäts- u. Wärmeerzeugung;JAHR;Jahr;2019;DINSG;Deutschland insgesamt;DG;Deutschland;ENRG03;Energieträger;GAS-E-02;Erdgas, Erdölgas;52899668;MWh;EKT002;Elektrizitätserzeugung (netto);e
43311;Monatserhebung ü. Elektrizitäts- u. Wärmeerzeugung;JAHR;Jahr;2019;DINSG;Deutschland insgesamt;DG;Deutschland;ENRG03;Energieträger;GAS-E-02;Erdgas, Erdölgas;54669064;MWh;EKT001;Elektrizitätserzeugung (brutto);e
43311;Monatserhebung ü. Elektrizitäts- u. Wärmeerzeugung;JAHR;Jahr;2019;DINSG;Deutschland insgesamt;DG;Deutschland;ENRG03;Energieträger;GAS-E-02;Erdgas, Erdölgas;502994113;GJ;BRN001;Brennstoffeinsatz;e
43311;Monatserhebung ü. Elektrizitäts- u. Wärmeerzeugung;JAHR;Jahr;2021;DINSG;Deutschland insgesamt;DG;Deutschland;ENRG03;Energieträger;SOLTH-01;Solarthermie;-;MWh;WRM001;Nettowärmeerzeugung;
43311;Monatserhebung ü. Elektrizitäts- u. Wärmeerzeugung;JAHR;Jahr;2021;DINSG;Deutschland insgesamt;DG;Deutschland;ENRG03;Energieträger;SOLTH-01;Solarthermie;-;MWh;EKT002;Elektrizitätserzeugung (netto);
43311;Monatserhebung ü. Elektrizitäts- u. Wärmeerzeugung;JAHR;Jahr;2021;DINSG;Deutschland insgesamt;DG;Deutschland;ENRG03;Energieträger;SOLTH-01;Solarthermie;-;MWh;EKT001;Elektrizitätserzeugung (brutto);
43311;Monatserhebung ü. Elektrizitäts- u. Wärmeerzeugung;JAHR;Jahr;2021;DINSG;Deutschland insgesamt;DG;Deutschland;ENRG03;Energieträger;SOLTH-01;Solarthermie;-;GJ;BRN001;Brennstoffeinsatz;
43311;Monatserhebung ü. Elektrizitäts- u. Wärmeerzeugung;JAHR;Jahr;2015;DINSG;Deutschland insgesamt;DG;Deutschland;ENRG03;Energieträger;GAS-RAF;Raffineriegas;-;MWh;WRM001;Nettowärmeerzeugung;
43311;Monatserhebung ü. Elektrizitäts- u. Wärmeerzeugung;JAHR;Jahr;2015;DINSG;Deutschland insgesamt;DG;Deutschland;ENRG03;Energieträger;GAS-RAF;Raffineriegas;-;MWh;EKT002;Elektrizitätserzeugung (netto);
43311;Monatserhebung ü. Elektrizitäts- u. Wärmeerzeugung;JAHR;Jahr;2015;DINSG;Deutschland insgesamt;DG;Deutschland;ENRG03;Energieträger;GAS-RAF;Raffineriegas;-;MWh;EKT001;Elektrizitätserzeugung (brutto);
43311;Monatserhebung ü. Elektrizitäts- u. Wärmeerzeugung;JAHR;Jahr;2015;DINSG;Deutschland insgesamt;DG;Deutschland;ENRG03;Energieträger;GAS-RAF;Raffineriegas;-;GJ;BRN001;Brennstoffeinsatz;
43311;Monatserhebung ü. Elektrizitäts- u. Wärmeerzeugung;JAHR;Jahr;2007;DINSG;Deutschland insgesamt;DG;Deutschland;ENRG03;Energieträger;GAS-DEP;Deponiegas;101327;MWh;WRM001;Nettowärmeerzeugung;e
43311;Monatserhebung ü. Elektrizitäts- u. Wärmeerzeugung;JAHR;Jahr;2007;DINSG;Deutschland insgesamt;DG;Deutschland;ENRG03;Energieträger;GAS-DEP;Deponiegas;169711;MWh;EKT002;Elektrizitätserzeugung (netto);e
43311;Monatserhebung ü. Elektrizitäts- u. Wärmeerzeugung;JAHR;Jahr;2007;DINSG;Deutschland insgesamt;DG;Deutschland;ENRG03;Energieträger;GAS-DEP;Deponiegas;177837;MWh;EKT001;Elektrizitätserzeugung (brutto);e
43311;Monatserhebung ü. Elektrizitäts- u. Wärmeerzeugung;JAHR;Jahr;2007;DINSG;Deutschland insgesamt;DG;Deutschland;ENRG03;Energieträger;GAS-DEP;Deponiegas;1983570;GJ;BRN001;Brennstoffeinsatz;e
43311;Monatserhebung ü. Elektrizitäts- u. Wärmeerzeugung;JAHR;Jahr;2002;DINSG;Deutschland insgesamt;DG;Deutschland;ENRG03;Energieträger;;Insgesamt;-;MWh;WRM001;Nettowärmeerzeugung;
43311;Monatserhebung ü. Elektrizitäts- u. Wärmeerzeugung;JAHR;Jahr;2002;DINSG;Deutschland insgesamt;DG;Deutschland;ENRG03;Energieträger;;Insgesamt;484044338;MWh;EKT002;Elektrizitätserzeugung (netto);e
43311;Monatserhebung ü. Elektrizitäts- u. Wärmeerzeugung;JAHR;Jahr;2002;DINSG;Deutschland insgesamt;DG;Deutschland;ENRG03;Energieträger;;Insgesamt;517668789;MWh;EKT001;Elektrizitätserzeugung (brutto);e
43311;Monatserhebung ü. Elektrizitäts- u. Wärmeerzeugung;JAHR;Jahr;2002;DINSG;Deutschland insgesamt;DG;Deutschland;ENRG03;Energieträger;;Insgesamt;329025215;GJ;BRN001;Brennstoffeinsatz;e
43311;Monatserhebung ü. Elektrizitäts- u. Wärmeerzeugung;JAHR;Jahr;2010;DINSG;Deutschland insgesamt;DG;Deutschland;ENRG03;Energieträger;OEL-H-L-01;Heizöl, leicht;523662;MWh;WRM001;Nettowärmeerzeugung;e
43311;Monatserhebung ü. Elektrizitäts- u. Wärmeerzeugung;JAHR;Jahr;2010;DINSG;Deutschland insgesamt;DG;Deutschland;ENRG03;Energieträger;OEL-H-L-01;Heizöl, leicht;495363;MWh;EKT002;Elektrizitätserzeugung (netto);e
43311;Monatserhebung ü. Elektrizitäts- u. Wärmeerzeugung;JAHR;Jahr;2010;DINSG;Deutschland insgesamt;DG;Deutschland;ENRG03;Energieträger;OEL-H-L-01;Heizöl, leicht;547108;MWh;EKT001;Elektrizitätserzeugung (brutto);e
43311;Monatserhebung ü. Elektrizitäts- u. Wärmeerzeugung;JAHR;Jahr;2010;DINSG;Deutschland insgesamt;DG;Deutschland;ENRG03;Energieträger;OEL-H-L-01;Heizöl, leicht;8200059;GJ;BRN001;Brennstoffeinsatz;e
43311;Monatserhebung ü. Elektrizitäts- u. Wärmeerzeugung;JAHR;Jahr;2010;DINSG;Deutschland insgesamt;DG;Deutschland;ENRG03;Energieträger;KHL-B-STK;Staub- und Trockenkohle;378426;MWh;WRM001;Nettowärmeerzeugung;e
43311;Monatserhebung ü. Elektrizitäts- u. Wärmeerzeugung;JAHR;Jahr;2010;DINSG;Deutschland insgesamt;DG;Deutschland;ENRG03;Energieträger;KHL-B-STK;Staub- und Trockenkohle;122999;MWh;EKT002;Elektrizitätserzeugung (netto);e
43311;Monatserhebung ü. Elektrizitäts- u. Wärmeerzeugung;JAHR;Jahr;2010;DINSG;Deutschland insgesamt;DG;Deutschland;ENRG03;Energieträger;KHL-B-STK;Staub- und Trockenkohle;134590;MWh;EKT001;Elektrizitätserzeugung (brutto);e
43311;Monatserhebung ü. Elektrizitäts- u. Wärmeerzeugung;JAHR;Jahr;2010;DINSG;Deutschland insgesamt;DG;Deutschland;ENRG03;Energieträger;KHL-B-STK;Staub- und Trockenkohle;2840971;GJ;BRN001;Brennstoffeinsatz;e
43311;Monatserhebung ü. Elektrizitäts- u. Wärmeerzeugung;JAHR;Jahr;2012;DINSG;Deutschland insgesamt;DG;Deutschland;ENRG03;Energieträger;GAS-HO-01;Hochofengas;23204;MWh;WRM001;Nettowärmeerzeugung;e
43311;Monatserhebung ü. Elektrizitäts- u. Wärmeerzeugung;JAHR;Jahr;2012;DINSG;Deutschland insgesamt;DG;Deutschland;ENRG03;Energieträger;GAS-HO-01;Hochofengas;.;MWh;EKT002;Elektrizitätserzeugung (netto);
43311;Monatserhebung ü. Elektrizitäts- u. Wärmeerzeugung;JAHR;Jahr;2012;DINSG;Deutschland insgesamt;DG;Deutschland;ENRG03;Energieträger;GAS-HO-01;Hochofengas;.;MWh;EKT001;Elektrizitätserzeugung (brutto);
43311;Monatserhebung ü. Elektrizitäts- u. Wärmeerzeugung;JAHR;Jahr;2012;DINSG;Deutschland insgesamt;DG;Deutschland;ENRG03;Energieträger;GAS-HO-01;Hochofengas;.;GJ;BRN001;Brennstoffeinsatz;
43311;Monatserhebung ü. Elektrizitäts- u. Wärmeerzeugung;JAHR;Jahr;2008;DINSG;Deutschland insgesamt;DG;Deutschland;ENRG03;Energieträger;;Insgesamt;110745084;MWh;WRM001;Nettowärmeerzeugung;e
43311;Monatserhebung ü. Elektrizitäts- u. Wärmeerzeugung;JAHR;Jahr;2008;DINSG;Deutschland insgesamt;DG;Deutschland;ENRG03;Energieträger;;Insgesamt;488581284;MWh;EKT002;Elektrizitätserzeugung (netto);e
43311;Monatserhebung ü. Elektrizitäts- u. Wärmeerzeugung;JAHR;Jahr;2008;DINSG;Deutschland insgesamt;DG;Deutschland;ENRG03;Energieträger;;Insgesamt;522778029;MWh;EKT001;Elektrizitätserzeugung (brutto);e
43311;Monatserhebung ü. Elektrizitäts- u. Wärmeerzeugung;JAHR;Jahr;2008;DINSG;Deutschland insgesamt;DG;Deutschland;ENRG03;Energieträger;;Insgesamt;3464935361;GJ;BRN001;Brennstoffeinsatz;e
43311;Monatserhebung ü. Elektrizitäts- u. Wärmeerzeugung;JAHR;Jahr;2018;DINSG;Deutschland insgesamt;DG;Deutschland;ENRG03;Energieträger;KHL-B-WSK;Wirbelschichtkohle;.;MWh;WRM001;Nettowärmeerzeugung;
43311;Monatserhebung ü. Elektrizitäts- u. Wärmeerzeugung;JAHR;Jahr;2018;DINSG;Deutschland insgesamt;DG;Deutschland;ENRG03;Energieträger;KHL-B-WSK;Wirbelschichtkohle;.;MWh;EKT002;Elektrizitätserzeugung (netto);
43311;Monatserhebung ü. Elektrizitäts- u. Wärmeerzeugung;JAHR;Jahr;2018;DINSG;Deutschland insgesamt;DG;Deutschland;ENRG03;Energieträger;KHL-B-WSK;Wirbelschichtkohle;.;MWh;EKT001;Elektrizitätserzeugung (brutto);
43311;Monatserhebung ü. Elektrizitäts- u. Wärmeerzeugung;JAHR;Jahr;2018;DINSG;Deutschland insgesamt;DG;Deutschland;ENRG03;Energieträger;KHL-B-WSK;Wirbelschichtkohle;.;GJ;BRN001;Brennstoffeinsatz;
43311;Monatserhebung ü. Elektrizitäts- u. Wärmeerzeugung;JAHR;Jahr;2006;DINSG;Deutschland insgesamt;DG;Deutschland;ENRG03;Energieträger;WRM-02;Wärmepumpen (Erd- und Umweltwärme);-;MWh;WRM001;Nettowärmeerzeugung;
43311;Monatserhebung ü. Elektrizitäts- u. Wärmeerzeugung;JAHR;Jahr;2006;DINSG;Deutschland insgesamt;DG;Deutschland;ENRG03;Energieträger;WRM-02;Wärmepumpen (Erd- und Umweltwärme);-;MWh;EKT002;Elektrizitätserzeugung (netto);
43311;Monatserhebung ü. Elektrizitäts- u. Wärmeerzeugung;JAHR;Jahr;2006;DINSG;Deutschland insgesamt;DG;Deutschland;ENRG03;Energieträger;WRM-02;Wärmepumpen (Erd- und Umweltwärme);-;MWh;EKT001;Elektrizitätserzeugung (brutto);
43311;Monatserhebung ü. Elektrizitäts- u. Wärmeerzeugung;JAHR;Jahr;2006;DINSG;Deutschland insgesamt;DG;Deutschland;ENRG03;Energieträger;WRM-02;Wärmepumpen (Erd- und Umweltwärme);-;GJ;BRN001;Brennstoffeinsatz;
43311;Monatserhebung ü. Elektrizitäts- u. Wärmeerzeugung;JAHR;Jahr;2020;DINSG;Deutschland insgesamt;DG;Deutschland;ENRG03;Energieträger;KHL-B-HART;Hartbraunkohlen;.;MWh;WRM001;Nettowärmeerzeugung;
43311;Monatserhebung ü. Elektrizitäts- u. Wärmeerzeugung;JAHR;Jahr;2020;DINSG;Deutschland insgesamt;DG;Deutschland;ENRG03;Energieträger;KHL-B-HART;Hartbraunkohlen;.;MWh;EKT002;Elektrizitätserzeugung (netto);
43311;Monatserhebung ü. Elektrizitäts- u. Wärmeerzeugung;JAHR;Jahr;2020;DINSG;Deutschland insgesamt;DG;Deutschland;ENRG03;Energieträger;KHL-B-HART;Hartbraunkohlen;.;MWh;EKT001;Elektrizitätserzeugung (brutto);
43311;Monatserhebung ü. Elektrizitäts- u. Wärmeerzeugung;JAHR;Jahr;2020;DINSG;Deutschland insgesamt;DG;Deutschland;ENRG03;Energieträger;KHL-B-HART;Hartbraunkohlen;.;GJ;BRN001;Brennstoffeinsatz;
43311;Monatserhebung ü. Elektrizitäts- u. Wärmeerzeugung;JAHR;Jahr;2003;DINSG;Deutschland insgesamt;DG;Deutschland;ENRG03;Energieträger;BIO-F-01;Feste biogene Stoffe;644232;MWh;WRM001;Nettowärmeerzeugung;e
43311;Monatserhebung ü. Elektrizitäts- u. Wärmeerzeugung;JAHR;Jahr;2003;DINSG;Deutschland insgesamt;DG;Deutschland;ENRG03;Energieträger;BIO-F-01;Feste biogene Stoffe;255228;MWh;EKT002;Elektrizitätserzeugung (netto);e
43311;Monatserhebung ü. Elektrizitäts- u. Wärmeerzeugung;JAHR;Jahr;2003;DINSG;Deutschland insgesamt;DG;Deutschland;ENRG03;Energieträger;BIO-F-01;Feste biogene Stoffe;276398;MWh;EKT001;Elektrizitätserzeugung (brutto);e
43311;Monatserhebung ü. Elektrizitäts- u. Wärmeerzeugung;JAHR;Jahr;2003;DINSG;Deutschland insgesamt;DG;Deutschland;ENRG03;Energieträger;BIO-F-01;Feste biogene Stoffe;6261612;GJ;BRN001;Brennstoffeinsatz;e
43311;Monatserhebung ü. Elektrizitäts- u. Wärmeerzeugung;JAHR;Jahr;2010;DINSG;Deutschland insgesamt;DG;Deutschland;ENRG03;Energieträger;GAS-BIO-02;Biomethan (Bioerdgas);-;MWh;WRM001;Nettowärmeerzeugung;
43311;Monatserhebung ü. Elektrizitäts- u. Wärmeerzeugung;JAHR;Jahr;2010;DINSG;Deutschland insgesamt;DG;Deutschland;ENRG03;Energieträger;GAS-BIO-02;Biomethan (Bioerdgas);-;MWh;EKT002;Elektrizitätserzeugung (netto);
43311;Monatserhebung ü. Elektrizitäts- u. Wärmeerzeugung;JAHR;Jahr;2010;DINSG;Deutschland insgesamt;DG;Deutschland;ENRG03;Energieträger;GAS-BIO-02;Biomethan (Bioerdgas);-;MWh;EKT001;Elektrizitätserzeugung (brutto);
43311;Monatserhebung ü. Elektrizitäts- u. Wärmeerzeugung;JAHR;Jahr;2010;DINSG;Deutschland insgesamt;DG;Deutschland;ENRG03;Energieträger;GAS-BIO-02;Biomethan (Bioerdgas);-;GJ;BRN001;Brennstoffeinsatz;
43311;Monatserhebung ü. Elektrizitäts- u. Wärmeerzeugung;JAHR;Jahr;2004;DINSG;Deutschland insgesamt;DG;Deutschland;ENRG03;Energieträger;GEOTH-01;Geothermie;10896;MWh;WRM001;Nettowärmeerzeugung;e
43311;Monatserhebung ü. Elektrizitäts- u. Wärmeerzeugung;JAHR;Jahr;2004;DINSG;Deutschland insgesamt;DG;Deutschland;ENRG03;Energieträger;GEOTH-01;Geothermie;-;MWh;EKT002;Elektrizitätserzeugung (netto);
43311;Monatserhebung ü. Elektrizitäts- u. Wärmeerzeugung;JAHR;Jahr;2004;DINSG;Deutschland insgesamt;DG;Deutschland;ENRG03;Energieträger;GEOTH-01;Geothermie;-;MWh;EKT001;Elektrizitätserzeugung (brutto);
43311;Monatserhebung ü. Elektrizitäts- u. Wärmeerzeugung;JAHR;Jahr;2004;DINSG;Deutschland insgesamt;DG;Deutschland;ENRG03;Energieträger;GEOTH-01;Geothermie;-;GJ;BRN001;Brennstoffeinsatz;
43311;Monatserhebung ü. Elektrizitäts- u. Wärmeerzeugung;JAHR;Jahr;2006;DINSG;Deutschland insgesamt;DG;Deutschland;ENRG03;Energieträger;KHL-B-STK;Staub- und Trockenkohle;830194;MWh;WRM001;Nettowärmeerzeugung;e
43311;Monatserhebung ü. Elektrizitäts- u. Wärmeerzeugung;JAHR;Jahr;2006;DINSG;Deutschland insgesamt;DG;Deutschland;ENRG03;Energieträger;KHL-B-STK;Staub- und Trockenkohle;347581;MWh;EKT002;Elektrizitätserzeugung (netto);e
43311;Monatserhebung ü. Elektrizitäts- u. Wärmeerzeugung;JAHR;Jahr;2006;DINSG;Deutschland insgesamt;DG;Deutschland;ENRG03;Energieträger;KHL-B-STK;Staub- und Trockenkohle;400481;MWh;EKT001;Elektrizitätserzeugung (brutto);e
43311;Monatserhebung ü. Elektrizitäts- u. Wärmeerzeugung;JAHR;Jahr;2006;DINSG;Deutschland insgesamt;DG;Deutschland;ENRG03;Energieträger;KHL-B-STK;Staub- und Trockenkohle;6984084;GJ;BRN001;Brennstoffeinsatz;e
43311;Monatserhebung ü. Elektrizitäts- u. Wärmeerzeugung;JAHR;Jahr;2009;DINSG;Deutschland insgesamt;DG;Deutschland;ENRG03;Energieträger;GAS-FL;Flüssiggas;1956;MWh;WRM001;Nettowärmeerzeugung;e
43311;Monatserhebung ü. Elektrizitäts- u. Wärmeerzeugung;JAHR;Jahr;2009;DINSG;Deutschland insgesamt;DG;Deutschland;ENRG03;Energieträger;GAS-FL;Flüssiggas;12;MWh;EKT002;Elektrizitätserzeugung (netto);e
43311;Monatserhebung ü. Elektrizitäts- u. Wärmeerzeugung;JAHR;Jahr;2009;DINSG;Deutschland insgesamt;DG;Deutschland;ENRG03;Energieträger;GAS-FL;Flüssiggas;12;MWh;EKT001;Elektrizitätserzeugung (brutto);e
43311;Monatserhebung ü. Elektrizitäts- u. Wärmeerzeugung;JAHR;Jahr;2009;DINSG;Deutschland insgesamt;DG;Deutschland;ENRG03;Energieträger;GAS-FL;Flüssiggas;9408;GJ;BRN001;Brennstoffeinsatz;e
43311;Monatserhebung ü. Elektrizitäts- u. Wärmeerzeugung;JAHR;Jahr;2002;DINSG;Deutschland insgesamt;DG;Deutschland;ENRG03;Energieträger;PHOTO-01;Photovoltaik;-;MWh;WRM001;Nettowärmeerzeugung;
43311;Monatserhebung ü. Elektrizitäts- u. Wärmeerzeugung;JAHR;Jahr;2002;DINSG;Deutschland insgesamt;DG;Deutschland;ENRG03;Energieträger;PHOTO-01;Photovoltaik;1802;MWh;EKT002;Elektrizitätserzeugung (netto);e
43311;Monatserhebung ü. Elektrizitäts- u. Wärmeerzeugung;JAHR;Jahr;2002;DINSG;Deutschland insgesamt;DG;Deutschland;ENRG03;Energieträger;PHOTO-01;Photovoltaik;1877;MWh;EKT001;Elektrizitätserzeugung (brutto);e
43311;Monatserhebung ü. Elektrizitäts- u. Wärmeerzeugung;JAHR;Jahr;2002;DINSG;Deutschland insgesamt;DG;Deutschland;ENRG03;Energieträger;PHOTO-01;Photovoltaik;-;GJ;BRN001;Brennstoffeinsatz;
43311;Monatserhebung ü. Elektrizitäts- u. Wärmeerzeugung;JAHR;Jahr;2010;DINSG;Deutschland insgesamt;DG;Deutschland;ENRG03;Energieträger;GAS-GRUB;Grubengas;73864;MWh;WRM001;Nettowärmeerzeugung;e
43311;Monatserhebung ü. Elektrizitäts- u. Wärmeerzeugung;JAHR;Jahr;2010;DINSG;Deutschland insgesamt;DG;Deutschland;ENRG03;Energieträger;GAS-GRUB;Grubengas;381784;MWh;EKT002;Elektrizitätserzeugung (netto);e
43311;Monatserhebung ü. Elektrizitäts- u. Wärmeerzeugung;JAHR;Jahr;2010;DINSG;Deutschland insgesamt;DG;Deutschland;ENRG03;Energieträger;GAS-GRUB;Grubengas;386887;MWh;EKT001;Elektrizitätserzeugung (brutto);e
43311;Monatserhebung ü. Elektrizitäts- u. Wärmeerzeugung;JAHR;Jahr;2010;DINSG;Deutschland insgesamt;DG;Deutschland;ENRG03;Energieträger;GAS-GRUB;Grubengas;3480233;GJ;BRN001;Brennstoffeinsatz;e
43311;Monatserhebung ü. Elektrizitäts- u. Wärmeerzeugung;JAHR;Jahr;2008;DINSG;Deutschland insgesamt;DG;Deutschland;ENRG03;Energieträger;OEL-SONST;Sonstige Mineralölprodukte;32614;MWh;WRM001;Nettowärmeerzeugung;e
43311;Monatserhebung ü. Elektrizitäts- u. Wärmeerzeugung;JAHR;Jahr;2008;DINSG;Deutschland insgesamt;DG;Deutschland;ENRG03;Energieträger;OEL-SONST;Sonstige Mineralölprodukte;1211524;MWh;EKT002;Elektrizitätserzeugung (netto);e
43311;Monatserhebung ü. Elektrizitäts- u. Wärmeerzeugung;JAHR;Jahr;2008;DINSG;Deutschland insgesamt;DG;Deutschland;ENRG03;Energieträger;OEL-SONST;Sonstige Mineralölprodukte;1322503;MWh;EKT001;Elektrizitätserzeugung (brutto);e
43311;Monatserhebung ü. Elektrizitäts- u. Wärmeerzeugung;JAHR;Jahr;2008;DINSG;Deutschland insgesamt;DG;Deutschland;ENRG03;Energieträger;OEL-SONST;Sonstige Mineralölprodukte;11989511;GJ;BRN001;Brennstoffeinsatz;e
43311;Monatserhebung ü. Elektrizitäts- u. Wärmeerzeugung;JAHR;Jahr;2004;DINSG;Deutschland insgesamt;DG;Deutschland;ENRG03;Energieträger;WAS-SP-01;Speicherwasser;-;MWh;WRM001;Nettowärmeerzeugung;
43311;Monatserhebung ü. Elektrizitäts- u. Wärmeerzeugung;JAHR;Jahr;2004;DINSG;Deutschland insgesamt;DG;Deutschland;ENRG03;Energieträger;WAS-SP-01;Speicherwasser;1661449;MWh;EKT002;Elektrizitätserzeugung (netto);e
43311;Monatserhebung ü. Elektrizitäts- u. Wärmeerzeugung;JAHR;Jahr;2004;DINSG;Deutschland insgesamt;DG;Deutschland;ENRG03;Energieträger;WAS-SP-01;Speicherwasser;1689918;MWh;EKT001;Elektrizitätserzeugung (brutto);e
43311;Monatserhebung ü. Elektrizitäts- u. Wärmeerzeugung;JAHR;Jahr;2004;DINSG;Deutschland insgesamt;DG;Deutschland;ENRG03;Energieträger;WAS-SP-01;Speicherwasser;-;GJ;BRN001;Brennstoffeinsatz;
43311;Monatserhebung ü. Elektrizitäts- u. Wärmeerzeugung;JAHR;Jahr;2009;DINSG;Deutschland insgesamt;DG;Deutschland;ENRG03;Energieträger;GAS-BIO;Biogas;112093;MWh;WRM001;Nettowärmeerzeugung;e
43311;Monatserhebung ü. Elektrizitäts- u. Wärmeerzeugung;JAHR;Jahr;2009;DINSG;Deutschland insgesamt;DG;Deutschland;ENRG03;Energieträger;GAS-BIO;Biogas;106539;MWh;EKT002;Elektrizitätserzeugung (netto);e
43311;Monatserhebung ü. Elektrizitäts- u. Wärmeerzeugung;JAHR;Jahr;2009;DINSG;Deutschland insgesamt;DG;Deutschland;ENRG03;Energieträger;GAS-BIO;Biogas;111150;MWh;EKT001;Elektrizitätserzeugung (brutto);e
43311;Monatserhebung ü. Elektrizitäts- u. Wärmeerzeugung;JAHR;Jahr;2009;DINSG;Deutschland insgesamt;DG;Deutschland;ENRG03;Energieträger;GAS-BIO;Biogas;1251732;GJ;BRN001;Brennstoffeinsatz;e
43311;Monatserhebung ü. Elektrizitäts- u. Wärmeerzeugung;JAHR;Jahr;2007;DINSG;Deutschland insgesamt;DG;Deutschland;ENRG03;Energieträger;KHL-S-01;Steinkohlen;31627884;MWh;WRM001;Nettowärmeerzeugung;e
43311;Monatserhebung ü. Elektrizitäts- u. Wärmeerzeugung;JAHR;Jahr;2007;DINSG;Deutschland insgesamt;DG;Deutschland;ENRG03;Energieträger;KHL-S-01;Steinkohlen;119131139;MWh;EKT002;Elektrizitätserzeugung (netto);e
43311;Monatserhebung ü. Elektrizitäts- u. Wärmeerzeugung;JAHR;Jahr;2007;DINSG;Deutschland insgesamt;DG;Deutschland;ENRG03;Energieträger;KHL-S-01;Steinkohlen;129095345;MWh;EKT001;Elektrizitätserzeugung (brutto);e
43311;Monatserhebung ü. Elektrizitäts- u. Wärmeerzeugung;JAHR;Jahr;2007;DINSG;Deutschland insgesamt;DG;Deutschland;ENRG03;Energieträger;KHL-S-01;Steinkohlen;1256452411;GJ;BRN001;Brennstoffeinsatz;e
43311;Monatserhebung ü. Elektrizitäts- u. Wärmeerzeugung;JAHR;Jahr;2020;DINSG;Deutschland insgesamt;DG;Deutschland;ENRG03;Energieträger;GAS-FL;Flüssiggas;.;MWh;WRM001;Nettowärmeerzeugung;
43311;Monatserhebung ü. Elektrizitäts- u. Wärmeerzeugung;JAHR;Jahr;2020;DINSG;Deutschland insgesamt;DG;Deutschland;ENRG03;Energieträger;GAS-FL;Flüssiggas;.;MWh;EKT002;Elektrizitätserzeugung (netto);
43311;Monatserhebung ü. Elektrizitäts- u. Wärmeerzeugung;JAHR;Jahr;2020;DINSG;Deutschland insgesamt;DG;Deutschland;ENRG03;Energieträger;GAS-FL;Flüssiggas;0;MWh;EKT001;Elektrizitätserzeugung (brutto);e
43311;Monatserhebung ü. Elektrizitäts- u. Wärmeerzeugung;JAHR;Jahr;2020;DINSG;Deutschland insgesamt;DG;Deutschland;ENRG03;Energieträger;GAS-FL;Flüssiggas;.;GJ;BRN001;Brennstoffeinsatz;
43311;Monatserhebung ü. Elektrizitäts- u. Wärmeerzeugung;JAHR;Jahr;2015;DINSG;Deutschland insgesamt;DG;Deutschland;ENRG03;Energieträger;WAS-LF-01;Laufwasser;-;MWh;WRM001;Nettowärmeerzeugung;
43311;Monatserhebung ü. Elektrizitäts- u. Wärmeerzeugung;JAHR;Jahr;2015;DINSG;Deutschland insgesamt;DG;Deutschland;ENRG03;Energieträger;WAS-LF-01;Laufwasser;14439342;MWh;EKT002;Elektrizitätserzeugung (netto);e
43311;Monatserhebung ü. Elektrizitäts- u. Wärmeerzeugung;JAHR;Jahr;2015;DINSG;Deutschland insgesamt;DG;Deutschland;ENRG03;Energieträger;WAS-LF-01;Laufwasser;14674460;MWh;EKT001;Elektrizitätserzeugung (brutto);e
43311;Monatserhebung ü. Elektrizitäts- u. Wärmeerzeugung;JAHR;Jahr;2015;DINSG;Deutschland insgesamt;DG;Deutschland;ENRG03;Energieträger;WAS-LF-01;Laufwasser;-;GJ;BRN001;Brennstoffeinsatz;
43311;Monatserhebung ü. Elektrizitäts- u. Wärmeerzeugung;JAHR;Jahr;2006;DINSG;Deutschland insgesamt;DG;Deutschland;ENRG03;Energieträger;GEOTH-01;Geothermie;32349;MWh;WRM001;Nettowärmeerzeugung;e
43311;Monatserhebung ü. Elektrizitäts- u. Wärmeerzeugung;JAHR;Jahr;2006;DINSG;Deutschland insgesamt;DG;Deutschland;ENRG03;Energieträger;GEOTH-01;Geothermie;-;MWh;EKT002;Elektrizitätserzeugung (netto);
43311;Monatserhebung ü. Elektrizitäts- u. Wärmeerzeugung;JAHR;Jahr;2006;DINSG;Deutschland insgesamt;DG;Deutschland;ENRG03;Energieträger;GEOTH-01;Geothermie;-;MWh;EKT001;Elektrizitätserzeugung (brutto);
43311;Monatserhebung ü. Elektrizitäts- u. Wärmeerzeugung;JAHR;Jahr;2006;DINSG;Deutschland insgesamt;DG;Deutschland;ENRG03;Energieträger;GEOTH-01;Geothermie;-;GJ;BRN001;Brennstoffeinsatz;
43311;Monatserhebung ü. Elektrizitäts- u. Wärmeerzeugung;JAHR;Jahr;2017;DINSG;Deutschland insgesamt;DG;Deutschland;ENRG03;Energieträger;GAS-K-01;Kokereigas;-;MWh;WRM001;Nettowärmeerzeugung;
43311;Monatserhebung ü. Elektrizitäts- u. Wärmeerzeugung;JAHR;Jahr;2017;DINSG;Deutschland insgesamt;DG;Deutschland;ENRG03;Energieträger;GAS-K-01;Kokereigas;.;MWh;EKT002;Elektrizitätserzeugung (netto);
43311;Monatserhebung ü. Elektrizitäts- u. Wärmeerzeugung;JAHR;Jahr;2017;DINSG;Deutschland insgesamt;DG;Deutschland;ENRG03;Energieträger;GAS-K-01;Kokereigas;.;MWh;EKT001;Elektrizitätserzeugung (brutto);
43311;Monatserhebung ü. Elektrizitäts- u. Wärmeerzeugung;JAHR;Jahr;2017;DINSG;Deutschland insgesamt;DG;Deutschland;ENRG03;Energieträger;GAS-K-01;Kokereigas;.;GJ;BRN001;Brennstoffeinsatz;
43311;Monatserhebung ü. Elektrizitäts- u. Wärmeerzeugung;JAHR;Jahr;2021;DINSG;Deutschland insgesamt;DG;Deutschland;ENRG03;Energieträger;WRM-01;Wärme;1655621;MWh;WRM001;Nettowärmeerzeugung;e
43311;Monatserhebung ü. Elektrizitäts- u. Wärmeerzeugung;JAHR;Jahr;2021;DINSG;Deutschland insgesamt;DG;Deutschland;ENRG03;Energieträger;WRM-01;Wärme;534327;MWh;EKT002;Elektrizitätserzeugung (netto);e
43311;Monatserhebung ü. Elektrizitäts- u. Wärmeerzeugung;JAHR;Jahr;2021;DINSG;Deutschland insgesamt;DG;Deutschland;ENRG03;Energieträger;WRM-01;Wärme;552733;MWh;EKT001;Elektrizitätserzeugung (brutto);e
43311;Monatserhebung ü. Elektrizitäts- u. Wärmeerzeugung;JAHR;Jahr;2021;DINSG;Deutschland insgesamt;DG;Deutschland;ENRG03;Energieträger;WRM-01;Wärme;11236238;GJ;BRN001;Brennstoffeinsatz;e
43311;Monatserhebung ü. Elektrizitäts- u. Wärmeerzeugung;JAHR;Jahr;2014;DINSG;Deutschland insgesamt;DG;Deutschland;ENRG03;Energieträger;KHL-B-HART;Hartbraunkohlen;.;MWh;WRM001;Nettowärmeerzeugung;
43311;Monatserhebung ü. Elektrizitäts- u. Wärmeerzeugung;JAHR;Jahr;2014;DINSG;Deutschland insgesamt;DG;Deutschland;ENRG03;Energieträger;KHL-B-HART;Hartbraunkohlen;.;MWh;EKT002;Elektrizitätserzeugung (netto);
43311;Monatserhebung ü. Elektrizitäts- u. Wärmeerzeugung;JAHR;Jahr;2014;DINSG;Deutschland insgesamt;DG;Deutschland;ENRG03;Energieträger;KHL-B-HART;Hartbraunkohlen;.;MWh;EKT001;Elektrizitätserzeugung (brutto);
43311;Monatserhebung ü. Elektrizitäts- u. Wärmeerzeugung;JAHR;Jahr;2014;DINSG;Deutschland insgesamt;DG;Deutschland;ENRG03;Energieträger;KHL-B-HART;Hartbraunkohlen;.;GJ;BRN001;Brennstoffeinsatz;
43311;Monatserhebung ü. Elektrizitäts- u. Wärmeerzeugung;JAHR;Jahr;2018;DINSG;Deutschland insgesamt;DG;Deutschland;ENRG03;Energieträger;KHL-B-KOKS;Braunkohlenkoks;.;MWh;WRM001;Nettowärmeerzeugung;
43311;Monatserhebung ü. Elektrizitäts- u. Wärmeerzeugung;JAHR;Jahr;2018;DINSG;Deutschland insgesamt;DG;Deutschland;ENRG03;Energieträger;KHL-B-KOKS;Braunkohlenkoks;.;MWh;EKT002;Elektrizitätserzeugung (netto);
43311;Monatserhebung ü. Elektrizitäts- u. Wärmeerzeugung;JAHR;Jahr;2018;DINSG;Deutschland insgesamt;DG;Deutschland;ENRG03;Energieträger;KHL-B-KOKS;Braunkohlenkoks;.;MWh;EKT001;Elektrizitätserzeugung (brutto);
43311;Monatserhebung ü. Elektrizitäts- u. Wärmeerzeugung;JAHR;Jahr;2018;DINSG;Deutschland insgesamt;DG;Deutschland;ENRG03;Energieträger;KHL-B-KOKS;Braunkohlenkoks;.;GJ;BRN001;Brennstoffeinsatz;
43311;Monatserhebung ü. Elektrizitäts- u. Wärmeerzeugung;JAHR;Jahr;2013;DINSG;Deutschland insgesamt;DG;Deutschland;ENRG03;Energieträger;KHL-S-BRIK;Steinkohlenbriketts;-;MWh;WRM001;Nettowärmeerzeugung;
43311;Monatserhebung ü. Elektrizitäts- u. Wärmeerzeugung;JAHR;Jahr;2013;DINSG;Deutschland insgesamt;DG;Deutschland;ENRG03;Energieträger;KHL-S-BRIK;Steinkohlenbriketts;-;MWh;EKT002;Elektrizitätserzeugung (netto);
43311;Monatserhebung ü. Elektrizitäts- u. Wärmeerzeugung;JAHR;Jahr;2013;DINSG;Deutschland insgesamt;DG;Deutschland;ENRG03;Energieträger;KHL-S-BRIK;Steinkohlenbriketts;-;MWh;EKT001;Elektrizitätserzeugung (brutto);
43311;Monatserhebung ü. Elektrizitäts- u. Wärmeerzeugung;JAHR;Jahr;2013;DINSG;Deutschland insgesamt;DG;Deutschland;ENRG03;Energieträger;KHL-S-BRIK;Steinkohlenbriketts;-;GJ;BRN001;Brennstoffeinsatz;
43311;Monatserhebung ü. Elektrizitäts- u. Wärmeerzeugung;JAHR;Jahr;2011;DINSG;Deutschland insgesamt;DG;Deutschland;ENRG03;Energieträger;WAS-PSP-02;Pumpspeicher mit natürlichem Zufluss;-;MWh;WRM001;Nettowärmeerzeugung;
43311;Monatserhebung ü. Elektrizitäts- u. Wärmeerzeugung;JAHR;Jahr;2011;DINSG;Deutschland insgesamt;DG;Deutschland;ENRG03;Energieträger;WAS-PSP-02;Pumpspeicher mit natürlichem Zufluss;-;MWh;EKT002;Elektrizitätserzeugung (netto);
43311;Monatserhebung ü. Elektrizitäts- u. Wärmeerzeugung;JAHR;Jahr;2011;DINSG;Deutschland insgesamt;DG;Deutschland;ENRG03;Energieträger;WAS-PSP-02;Pumpspeicher mit natürlichem Zufluss;-;MWh;EKT001;Elektrizitätserzeugung (brutto);
43311;Monatserhebung ü. Elektrizitäts- u. Wärmeerzeugung;JAHR;Jahr;2011;DINSG;Deutschland insgesamt;DG;Deutschland;ENRG03;Energieträger;WAS-PSP-02;Pumpspeicher mit natürlichem Zufluss;-;GJ;BRN001;Brennstoffeinsatz;
43311;Monatserhebung ü. Elektrizitäts- u. Wärmeerzeugung;JAHR;Jahr;2004;DINSG;Deutschland insgesamt;DG;Deutschland;ENRG03;Energieträger;GAS-K-01;Kokereigas;-;MWh;WRM001;Nettowärmeerzeugung;
43311;Monatserhebung ü. Elektrizitäts- u. Wärmeerzeugung;JAHR;Jahr;2004;DINSG;Deutschland insgesamt;DG;Deutschland;ENRG03;Energieträger;GAS-K-01;Kokereigas;41983;MWh;EKT002;Elektrizitätserzeugung (netto);e
43311;Monatserhebung ü. Elektrizitäts- u. Wärmeerzeugung;JAHR;Jahr;2004;DINSG;Deutschland insgesamt;DG;Deutschland;ENRG03;Energieträger;GAS-K-01;Kokereigas;46373;MWh;EKT001;Elektrizitätserzeugung (brutto);e
43311;Monatserhebung ü. Elektrizitäts- u. Wärmeerzeugung;JAHR;Jahr;2004;DINSG;Deutschland insgesamt;DG;Deutschland;ENRG03;Energieträger;GAS-K-01;Kokereigas;436738;GJ;BRN001;Brennstoffeinsatz;e
43311;Monatserhebung ü. Elektrizitäts- u. Wärmeerzeugung;JAHR;Jahr;2023;DINSG;Deutschland insgesamt;DG;Deutschland;ENRG03;Energieträger;GAS-RAF;Raffineriegas;-;MWh;WRM001;Nettowärmeerzeugung;
43311;Monatserhebung ü. Elektrizitäts- u. Wärmeerzeugung;JAHR;Jahr;2023;DINSG;Deutschland insgesamt;DG;Deutschland;ENRG03;Energieträger;GAS-RAF;Raffineriegas;-;MWh;EKT002;Elektrizitätserzeugung (netto);
43311;Monatserhebung ü. Elektrizitäts- u. Wärmeerzeugung;JAHR;Jahr;2023;DINSG;Deutschland insgesamt;DG;Deutschland;ENRG03;Energieträger;GAS-RAF;Raffineriegas;-;MWh;EKT001;Elektrizitätserzeugung (brutto);
43311;Monatserhebung ü. Elektrizitäts- u. Wärmeerzeugung;JAHR;Jahr;2023;DINSG;Deutschland insgesamt;DG;Deutschland;ENRG03;Energieträger;GAS-RAF;Raffineriegas;-;GJ;BRN001;Brennstoffeinsatz;
43311;Monatserhebung ü. Elektrizitäts- u. Wärmeerzeugung;JAHR;Jahr;2023;DINSG;Deutschland insgesamt;DG;Deutschland;ENRG03;Energieträger;ENRKER;Kernenergie;-;MWh;WRM001;Nettowärmeerzeugung;
43311;Monatserhebung ü. Elektrizitäts- u. Wärmeerzeugung;JAHR;Jahr;2023;DINSG;Deutschland insgesamt;DG;Deutschland;ENRG03;Energieträger;ENRKER;Kernenergie;6723008;MWh;EKT002;Elektrizitätserzeugung (netto);p
43311;Monatserhebung ü. Elektrizitäts- u. Wärmeerzeugung;JAHR;Jahr;2023;DINSG;Deutschland insgesamt;DG;Deutschland;ENRG03;Energieträger;ENRKER;Kernenergie;7215636;MWh;EKT001;Elektrizitätserzeugung (brutto);p
43311;Monatserhebung ü. Elektrizitäts- u. Wärmeerzeugung;JAHR;Jahr;2023;DINSG;Deutschland insgesamt;DG;Deutschland;ENRG03;Energieträger;ENRKER;Kernenergie;-;GJ;BRN001;Brennstoffeinsatz;
43311;Monatserhebung ü. Elektrizitäts- u. Wärmeerzeugung;JAHR;Jahr;2021;DINSG;Deutschland insgesamt;DG;Deutschland;ENRG03;Energieträger;GAS-H2;Wasserstoff;.;MWh;WRM001;Nettowärmeerzeugung;
43311;Monatserhebung ü. Elektrizitäts- u. Wärmeerzeugung;JAHR;Jahr;2021;DINSG;Deutschland insgesamt;DG;Deutschland;ENRG03;Energieträger;GAS-H2;Wasserstoff;.;MWh;EKT002;Elektrizitätserzeugung (netto);
43311;Monatserhebung ü. Elektrizitäts- u. Wärmeerzeugung;JAHR;Jahr;2021;DINSG;Deutschland insgesamt;DG;Deutschland;ENRG03;Energieträger;GAS-H2;Wasserstoff;.;MWh;EKT001;Elektrizitätserzeugung (brutto);
43311;Monatserhebung ü. Elektrizitäts- u. Wärmeerzeugung;JAHR;Jahr;2021;DINSG;Deutschland insgesamt;DG;Deutschland;ENRG03;Energieträger;GAS-H2;Wasserstoff;.;GJ;BRN001;Brennstoffeinsatz;
43311;Monatserhebung ü. Elektrizitäts- u. Wärmeerzeugung;JAHR;Jahr;2004;DINSG;Deutschland insgesamt;DG;Deutschland;ENRG03;Energieträger;KLS-01;Klärschlamm;68253;MWh;WRM001;Nettowärmeerzeugung;e
43311;Monatserhebung ü. Elektrizitäts- u. Wärmeerzeugung;JAHR;Jahr;2004;DINSG;Deutschland insgesamt;DG;Deutschland;ENRG03;Energieträger;KLS-01;Klärschlamm;137523;MWh;EKT002;Elektrizitätserzeugung (netto);e
43311;Monatserhebung ü. Elektrizitäts- u. Wärmeerzeugung;JAHR;Jahr;2004;DINSG;Deutschland insgesamt;DG;Deutschland;ENRG03;Energieträger;KLS-01;Klärschlamm;158573;MWh;EKT001;Elektrizitätserzeugung (brutto);e
43311;Monatserhebung ü. Elektrizitäts- u. Wärmeerzeugung;JAHR;Jahr;2004;DINSG;Deutschland insgesamt;DG;Deutschland;ENRG03;Energieträger;KLS-01;Klärschlamm;870906;GJ;BRN001;Brennstoffeinsatz;e
43311;Monatserhebung ü. Elektrizitäts- u. Wärmeerzeugung;JAHR;Jahr;2002;DINSG;Deutschland insgesamt;DG;Deutschland;ENRG03;Energieträger;KHL-S-KWS;Kohlenwertstoffe aus Steinkohle;-;MWh;WRM001;Nettowärmeerzeugung;
43311;Monatserhebung ü. Elektrizitäts- u. Wärmeerzeugung;JAHR;Jahr;2002;DINSG;Deutschland insgesamt;DG;Deutschland;ENRG03;Energieträger;KHL-S-KWS;Kohlenwertstoffe aus Steinkohle;-;MWh;EKT002;Elektrizitätserzeugung (netto);
43311;Monatserhebung ü. Elektrizitäts- u. Wärmeerzeugung;JAHR;Jahr;2002;DINSG;Deutschland insgesamt;DG;Deutschland;ENRG03;Energieträger;KHL-S-KWS;Kohlenwertstoffe aus Steinkohle;-;MWh;EKT001;Elektrizitätserzeugung (brutto);
43311;Monatserhebung ü. Elektrizitäts- u. Wärmeerzeugung;JAHR;Jahr;2002;DINSG;Deutschland insgesamt;DG;Deutschland;ENRG03;Energieträger;KHL-S-KWS;Kohlenwertstoffe aus Steinkohle;-;GJ;BRN001;Brennstoffeinsatz;
43311;Monatserhebung ü. Elektrizitäts- u. Wärmeerzeugung;JAHR;Jahr;2012;DINSG;Deutschland insgesamt;DG;Deutschland;ENRG03;Energieträger;KHL-S-KOKS;Steinkohlenkoks;-;MWh;WRM001;Nettowärmeerzeugung;
43311;Monatserhebung ü. Elektrizitäts- u. Wärmeerzeugung;JAHR;Jahr;2012;DINSG;Deutschland insgesamt;DG;Deutschland;ENRG03;Energieträger;KHL-S-KOKS;Steinkohlenkoks;-;MWh;EKT002;Elektrizitätserzeugung (netto);
43311;Monatserhebung ü. Elektrizitäts- u. Wärmeerzeugung;JAHR;Jahr;2012;DINSG;Deutschland insgesamt;DG;Deutschland;ENRG03;Energieträger;KHL-S-KOKS;Steinkohlenkoks;-;MWh;EKT001;Elektrizitätserzeugung (brutto);
43311;Monatserhebung ü. Elektrizitäts- u. Wärmeerzeugung;JAHR;Jahr;2012;DINSG;Deutschland insgesamt;DG;Deutschland;ENRG03;Energieträger;KHL-S-KOKS;Steinkohlenkoks;-;GJ;BRN001;Brennstoffeinsatz;
43311;Monatserhebung ü. Elektrizitäts- u. Wärmeerzeugung;JAHR;Jahr;2014;DINSG;Deutschland insgesamt;DG;Deutschland;ENRG03;Energieträger;SP-SONST-01;Andere Speicher;-;MWh;WRM001;Nettowärmeerzeugung;
43311;Monatserhebung ü. Elektrizitäts- u. Wärmeerzeugung;JAHR;Jahr;2014;DINSG;Deutschland insgesamt;DG;Deutschland;ENRG03;Energieträger;SP-SONST-01;Andere Speicher;-;MWh;EKT002;Elektrizitätserzeugung (netto);
43311;Monatserhebung ü. Elektrizitäts- u. Wärmeerzeugung;JAHR;Jahr;2014;DINSG;Deutschland insgesamt;DG;Deutschland;ENRG03;Energieträger;SP-SONST-01;Andere Speicher;-;MWh;EKT001;Elektrizitätserzeugung (brutto);
43311;Monatserhebung ü. Elektrizitäts- u. Wärmeerzeugung;JAHR;Jahr;2014;DINSG;Deutschland insgesamt;DG;Deutschland;ENRG03;Energieträger;SP-SONST-01;Andere Speicher;-;GJ;BRN001;Brennstoffeinsatz;
43311;Monatserhebung ü. Elektrizitäts- u. Wärmeerzeugung;JAHR;Jahr;2011;DINSG;Deutschland insgesamt;DG;Deutschland;ENRG03;Energieträger;KHL-S-KWS;Kohlenwertstoffe aus Steinkohle;-;MWh;WRM001;Nettowärmeerzeugung;
43311;Monatserhebung ü. Elektrizitäts- u. Wärmeerzeugung;JAHR;Jahr;2011;DINSG;Deutschland insgesamt;DG;Deutschland;ENRG03;Energieträger;KHL-S-KWS;Kohlenwertstoffe aus Steinkohle;-;MWh;EKT002;Elektrizitätserzeugung (netto);
43311;Monatserhebung ü. Elektrizitäts- u. Wärmeerzeugung;JAHR;Jahr;2011;DINSG;Deutschland insgesamt;DG;Deutschland;ENRG03;Energieträger;KHL-S-KWS;Kohlenwertstoffe aus Steinkohle;-;MWh;EKT001;Elektrizitätserzeugung (brutto);
43311;Monatserhebung ü. Elektrizitäts- u. Wärmeerzeugung;JAHR;Jahr;2011;DINSG;Deutschland insgesamt;DG;Deutschland;ENRG03;Energieträger;KHL-S-KWS;Kohlenwertstoffe aus Steinkohle;-;GJ;BRN001;Brennstoffeinsatz;
43311;Monatserhebung ü. Elektrizitäts- u. Wärmeerzeugung;JAHR;Jahr;2015;DINSG;Deutschland insgesamt;DG;Deutschland;ENRG03;Energieträger;GAS-DEP;Deponiegas;52199;MWh;WRM001;Nettowärmeerzeugung;e
43311;Monatserhebung ü. Elektrizitäts- u. Wärmeerzeugung;JAHR;Jahr;2015;DINSG;Deutschland insgesamt;DG;Deutschland;ENRG03;Energieträger;GAS-DEP;Deponiegas;83699;MWh;EKT002;Elektrizitätserzeugung (netto);e
43311;Monatserhebung ü. Elektrizitäts- u. Wärmeerzeugung;JAHR;Jahr;2015;DINSG;Deutschland insgesamt;DG;Deutschland;ENRG03;Energieträger;GAS-DEP;Deponiegas;86314;MWh;EKT001;Elektrizitätserzeugung (brutto);e
43311;Monatserhebung ü. Elektrizitäts- u. Wärmeerzeugung;JAHR;Jahr;2015;DINSG;Deutschland insgesamt;DG;Deutschland;ENRG03;Energieträger;GAS-DEP;Deponiegas;893121;GJ;BRN001;Brennstoffeinsatz;e
43311;Monatserhebung ü. Elektrizitäts- u. Wärmeerzeugung;JAHR;Jahr;2007;DINSG;Deutschland insgesamt;DG;Deutschland;ENRG03;Energieträger;WAS-PSP-01;Pumpspeicherwasser;-;MWh;WRM001;Nettowärmeerzeugung;
43311;Monatserhebung ü. Elektrizitäts- u. Wärmeerzeugung;JAHR;Jahr;2007;DINSG;Deutschland insgesamt;DG;Deutschland;ENRG03;Energieträger;WAS-PSP-01;Pumpspeicherwasser;7439545;MWh;EKT002;Elektrizitätserzeugung (netto);e
43311;Monatserhebung ü. Elektrizitäts- u. Wärmeerzeugung;JAHR;Jahr;2007;DINSG;Deutschland insgesamt;DG;Deutschland;ENRG03;Energieträger;WAS-PSP-01;Pumpspeicherwasser;7554235;MWh;EKT001;Elektrizitätserzeugung (brutto);e
43311;Monatserhebung ü. Elektrizitäts- u. Wärmeerzeugung;JAHR;Jahr;2007;DINSG;Deutschland insgesamt;DG;Deutschland;ENRG03;Energieträger;WAS-PSP-01;Pumpspeicherwasser;-;GJ;BRN001;Brennstoffeinsatz;
43311;Monatserhebung ü. Elektrizitäts- u. Wärmeerzeugung;JAHR;Jahr;2019;DINSG;Deutschland insgesamt;DG;Deutschland;ENRG03;Energieträger;GEOTH-01;Geothermie;-;MWh;WRM001;Nettowärmeerzeugung;
43311;Monatserhebung ü. Elektrizitäts- u. Wärmeerzeugung;JAHR;Jahr;2019;DINSG;Deutschland insgesamt;DG;Deutschland;ENRG03;Energieträger;GEOTH-01;Geothermie;-;MWh;EKT002;Elektrizitätserzeugung (netto);
43311;Monatserhebung ü. Elektrizitäts- u. Wärmeerzeugung;JAHR;Jahr;2019;DINSG;Deutschland insgesamt;DG;Deutschland;ENRG03;Energieträger;GEOTH-01;Geothermie;-;MWh;EKT001;Elektrizitätserzeugung (brutto);
43311;Monatserhebung ü. Elektrizitäts- u. Wärmeerzeugung;JAHR;Jahr;2019;DINSG;Deutschland insgesamt;DG;Deutschland;ENRG03;Energieträger;GEOTH-01;Geothermie;-;GJ;BRN001;Brennstoffeinsatz;
43311;Monatserhebung ü. Elektrizitäts- u. Wärmeerzeugung;JAHR;Jahr;2008;DINSG;Deutschland insgesamt;DG;Deutschland;ENRG03;Energieträger;WRM-02;Wärmepumpen (Erd- und Umweltwärme);-;MWh;WRM001;Nettowärmeerzeugung;
43311;Monatserhebung ü. Elektrizitäts- u. Wärmeerzeugung;JAHR;Jahr;2008;DINSG;Deutschland insgesamt;DG;Deutschland;ENRG03;Energieträger;WRM-02;Wärmepumpen (Erd- und Umweltwärme);-;MWh;EKT002;Elektrizitätserzeugung (netto);
43311;Monatserhebung ü. Elektrizitäts- u. Wärmeerzeugung;JAHR;Jahr;2008;DINSG;Deutschland insgesamt;DG;Deutschland;ENRG03;Energieträger;WRM-02;Wärmepumpen (Erd- und Umweltwärme);-;MWh;EKT001;Elektrizitätserzeugung (brutto);
43311;Monatserhebung ü. Elektrizitäts- u. Wärmeerzeugung;JAHR;Jahr;2008;DINSG;Deutschland insgesamt;DG;Deutschland;ENRG03;Energieträger;WRM-02;Wärmepumpen (Erd- und Umweltwärme);-;GJ;BRN001;Brennstoffeinsatz;
43311;Monatserhebung ü. Elektrizitäts- u. Wärmeerzeugung;JAHR;Jahr;2011;DINSG;Deutschland insgesamt;DG;Deutschland;ENRG03;Energieträger;ABF-01;Abfall (Hausmüll, Industrie);13051547;MWh;WRM001;Nettowärmeerzeugung;e
43311;Monatserhebung ü. Elektrizitäts- u. Wärmeerzeugung;JAHR;Jahr;2011;DINSG;Deutschland insgesamt;DG;Deutschland;ENRG03;Energieträger;ABF-01;Abfall (Hausmüll, Industrie);8353124;MWh;EKT002;Elektrizitätserzeugung (netto);e
43311;Monatserhebung ü. Elektrizitäts- u. Wärmeerzeugung;JAHR;Jahr;2011;DINSG;Deutschland insgesamt;DG;Deutschland;ENRG03;Energieträger;ABF-01;Abfall (Hausmüll, Industrie);10529366;MWh;EKT001;Elektrizitätserzeugung (brutto);e
43311;Monatserhebung ü. Elektrizitäts- u. Wärmeerzeugung;JAHR;Jahr;2011;DINSG;Deutschland insgesamt;DG;Deutschland;ENRG03;Energieträger;ABF-01;Abfall (Hausmüll, Industrie);196084530;GJ;BRN001;Brennstoffeinsatz;e
43311;Monatserhebung ü. Elektrizitäts- u. Wärmeerzeugung;JAHR;Jahr;2013;DINSG;Deutschland insgesamt;DG;Deutschland;ENRG03;Energieträger;GAS-H2;Wasserstoff;-;MWh;WRM001;Nettowärmeerzeugung;
43311;Monatserhebung ü. Elektrizitäts- u. Wärmeerzeugung;JAHR;Jahr;2013;DINSG;Deutschland insgesamt;DG;Deutschland;ENRG03;Energieträger;GAS-H2;Wasserstoff;-;MWh;EKT002;Elektrizitätserzeugung (netto);
43311;Monatserhebung ü. Elektrizitäts- u. Wärmeerzeugung;JAHR;Jahr;2013;DINSG;Deutschland insgesamt;DG;Deutschland;ENRG03;Energieträger;GAS-H2;Wasserstoff;-;MWh;EKT001;Elektrizitätserzeugung (brutto);
43311;Monatserhebung ü. Elektrizitäts- u. Wärmeerzeugung;JAHR;Jahr;2013;DINSG;Deutschland insgesamt;DG;Deutschland;ENRG03;Energieträger;GAS-H2;Wasserstoff;-;GJ;BRN001;Brennstoffeinsatz;
43311;Monatserhebung ü. Elektrizitäts- u. Wärmeerzeugung;JAHR;Jahr;2020;DINSG;Deutschland insgesamt;DG;Deutschland;ENRG03;Energieträger;OEL-H-S-01;Heizöl, schwer;56296;MWh;WRM001;Nettowärmeerzeugung;e
43311;Monatserhebung ü. Elektrizitäts- u. Wärmeerzeugung;JAHR;Jahr;2020;DINSG;Deutschland insgesamt;DG;Deutschland;ENRG03;Energieträger;OEL-H-S-01;Heizöl, schwer;151801;MWh;EKT002;Elektrizitätserzeugung (netto);e
43311;Monatserhebung ü. Elektrizitäts- u. Wärmeerzeugung;JAHR;Jahr;2020;DINSG;Deutschland insgesamt;DG;Deutschland;ENRG03;Energieträger;OEL-H-S-01;Heizöl, schwer;167873;MWh;EKT001;Elektrizitätserzeugung (brutto);e
43311;Monatserhebung ü. Elektrizitäts- u. Wärmeerzeugung;JAHR;Jahr;2020;DINSG;Deutschland insgesamt;DG;Deutschland;ENRG03;Energieträger;OEL-H-S-01;Heizöl, schwer;1727145;GJ;BRN001;Brennstoffeinsatz;e
43311;Monatserhebung ü. Elektrizitäts- u. Wärmeerzeugung;JAHR;Jahr;2014;DINSG;Deutschland insgesamt;DG;Deutschland;ENRG03;Energieträger;WAS-PSP-03;Pumpspeicher ohne natürlichen Zufluss;-;MWh;WRM001;Nettowärmeerzeugung;
43311;Monatserhebung ü. Elektrizitäts- u. Wärmeerzeugung;JAHR;Jahr;2014;DINSG;Deutschland insgesamt;DG;Deutschland;ENRG03;Energieträger;WAS-PSP-03;Pumpspeicher ohne natürlichen Zufluss;5737565;MWh;EKT002;Elektrizitätserzeugung (netto);e
43311;Monatserhebung ü. Elektrizitäts- u. Wärmeerzeugung;JAHR;Jahr;2014;DINSG;Deutschland insgesamt;DG;Deutschland;ENRG03;Energieträger;WAS-PSP-03;Pumpspeicher ohne natürlichen Zufluss;5856899;MWh;EKT001;Elektrizitätserzeugung (brutto);e
43311;Monatserhebung ü. Elektrizitäts- u. Wärmeerzeugung;JAHR;Jahr;2014;DINSG;Deutschland insgesamt;DG;Deutschland;ENRG03;Energieträger;WAS-PSP-03;Pumpspeicher ohne natürlichen Zufluss;-;GJ;BRN001;Brennstoffeinsatz;
43311;Monatserhebung ü. Elektrizitäts- u. Wärmeerzeugung;JAHR;Jahr;2002;DINSG;Deutschland insgesamt;DG;Deutschland;ENRG03;Energieträger;GAS-K-01;Kokereigas;-;MWh;WRM001;Nettowärmeerzeugung;
43311;Monatserhebung ü. Elektrizitäts- u. Wärmeerzeugung;JAHR;Jahr;2002;DINSG;Deutschland insgesamt;DG;Deutschland;ENRG03;Energieträger;GAS-K-01;Kokereigas;44985;MWh;EKT002;Elektrizitätserzeugung (netto);e
43311;Monatserhebung ü. Elektrizitäts- u. Wärmeerzeugung;JAHR;Jahr;2002;DINSG;Deutschland insgesamt;DG;Deutschland;ENRG03;Energieträger;GAS-K-01;Kokereigas;50066;MWh;EKT001;Elektrizitätserzeugung (brutto);e
43311;Monatserhebung ü. Elektrizitäts- u. Wärmeerzeugung;JAHR;Jahr;2002;DINSG;Deutschland insgesamt;DG;Deutschland;ENRG03;Energieträger;GAS-K-01;Kokereigas;564303;GJ;BRN001;Brennstoffeinsatz;e
43311;Monatserhebung ü. Elektrizitäts- u. Wärmeerzeugung;JAHR;Jahr;2022;DINSG;Deutschland insgesamt;DG;Deutschland;ENRG03;Energieträger;GAS-E-02;Erdgas, Erdölgas;41934364;MWh;WRM001;Nettowärmeerzeugung;e
43311;Monatserhebung ü. Elektrizitäts- u. Wärmeerzeugung;JAHR;Jahr;2022;DINSG;Deutschland insgesamt;DG;Deutschland;ENRG03;Energieträger;GAS-E-02;Erdgas, Erdölgas;45163692;MWh;EKT002;Elektrizitätserzeugung (netto);e
43311;Monatserhebung ü. Elektrizitäts- u. Wärmeerzeugung;JAHR;Jahr;2022;DINSG;Deutschland insgesamt;DG;Deutschland;ENRG03;Energieträger;GAS-E-02;Erdgas, Erdölgas;46636174;MWh;EKT001;Elektrizitätserzeugung (brutto);e
43311;Monatserhebung ü. Elektrizitäts- u. Wärmeerzeugung;JAHR;Jahr;2022;DINSG;Deutschland insgesamt;DG;Deutschland;ENRG03;Energieträger;GAS-E-02;Erdgas, Erdölgas;431244326;GJ;BRN001;Brennstoffeinsatz;e
43311;Monatserhebung ü. Elektrizitäts- u. Wärmeerzeugung;JAHR;Jahr;2019;DINSG;Deutschland insgesamt;DG;Deutschland;ENRG03;Energieträger;KHL-B-BRIK;Braunkohlenbriketts;.;MWh;WRM001;Nettowärmeerzeugung;
43311;Monatserhebung ü. Elektrizitäts- u. Wärmeerzeugung;JAHR;Jahr;2019;DINSG;Deutschland insgesamt;DG;Deutschland;ENRG03;Energieträger;KHL-B-BRIK;Braunkohlenbriketts;.;MWh;EKT002;Elektrizitätserzeugung (netto);
43311;Monatserhebung ü. Elektrizitäts- u. Wärmeerzeugung;JAHR;Jahr;2019;DINSG;Deutschland insgesamt;DG;Deutschland;ENRG03;Energieträger;KHL-B-BRIK;Braunkohlenbriketts;.;MWh;EKT001;Elektrizitätserzeugung (brutto);
43311;Monatserhebung ü. Elektrizitäts- u. Wärmeerzeugung;JAHR;Jahr;2019;DINSG;Deutschland insgesamt;DG;Deutschland;ENRG03;Energieträger;KHL-B-BRIK;Braunkohlenbriketts;.;GJ;BRN001;Brennstoffeinsatz;
43311;Monatserhebung ü. Elektrizitäts- u. Wärmeerzeugung;JAHR;Jahr;2020;DINSG;Deutschland insgesamt;DG;Deutschland;ENRG03;Energieträger;PKOKS-01;Petrolkoks;.;MWh;WRM001;Nettowärmeerzeugung;
43311;Monatserhebung ü. Elektrizitäts- u. Wärmeerzeugung;JAHR;Jahr;2020;DINSG;Deutschland insgesamt;DG;Deutschland;ENRG03;Energieträger;PKOKS-01;Petrolkoks;.;MWh;EKT002;Elektrizitätserzeugung (netto);
43311;Monatserhebung ü. Elektrizitäts- u. Wärmeerzeugung;JAHR;Jahr;2020;DINSG;Deutschland insgesamt;DG;Deutschland;ENRG03;Energieträger;PKOKS-01;Petrolkoks;.;MWh;EKT001;Elektrizitätserzeugung (brutto);
43311;Monatserhebung ü. Elektrizitäts- u. Wärmeerzeugung;JAHR;Jahr;2020;DINSG;Deutschland insgesamt;DG;Deutschland;ENRG03;Energieträger;PKOKS-01;Petrolkoks;.;GJ;BRN001;Brennstoffeinsatz;
43311;Monatserhebung ü. Elektrizitäts- u. Wärmeerzeugung;JAHR;Jahr;2011;DINSG;Deutschland insgesamt;DG;Deutschland;ENRG03;Energieträger;WAS-SP-01;Speicherwasser;-;MWh;WRM001;Nettowärmeerzeugung;
43311;Monatserhebung ü. Elektrizitäts- u. Wärmeerzeugung;JAHR;Jahr;2011;DINSG;Deutschland insgesamt;DG;Deutschland;ENRG03;Energieträger;WAS-SP-01;Speicherwasser;532653;MWh;EKT002;Elektrizitätserzeugung (netto);e
43311;Monatserhebung ü. Elektrizitäts- u. Wärmeerzeugung;JAHR;Jahr;2011;DINSG;Deutschland insgesamt;DG;Deutschland;ENRG03;Energieträger;WAS-SP-01;Speicherwasser;535739;MWh;EKT001;Elektrizitätserzeugung (brutto);e
43311;Monatserhebung ü. Elektrizitäts- u. Wärmeerzeugung;JAHR;Jahr;2011;DINSG;Deutschland insgesamt;DG;Deutschland;ENRG03;Energieträger;WAS-SP-01;Speicherwasser;-;GJ;BRN001;Brennstoffeinsatz;
43311;Monatserhebung ü. Elektrizitäts- u. Wärmeerzeugung;JAHR;Jahr;2013;DINSG;Deutschland insgesamt;DG;Deutschland;ENRG03;Energieträger;KHL-B-STK;Staub- und Trockenkohle;550623;MWh;WRM001;Nettowärmeerzeugung;e
43311;Monatserhebung ü. Elektrizitäts- u. Wärmeerzeugung;JAHR;Jahr;2013;DINSG;Deutschland insgesamt;DG;Deutschland;ENRG03;Energieträger;KHL-B-STK;Staub- und Trockenkohle;194947;MWh;EKT002;Elektrizitätserzeugung (netto);e
43311;Monatserhebung ü. Elektrizitäts- u. Wärmeerzeugung;JAHR;Jahr;2013;DINSG;Deutschland insgesamt;DG;Deutschland;ENRG03;Energieträger;KHL-B-STK;Staub- und Trockenkohle;215292;MWh;EKT001;Elektrizitätserzeugung (brutto);e
43311;Monatserhebung ü. Elektrizitäts- u. Wärmeerzeugung;JAHR;Jahr;2013;DINSG;Deutschland insgesamt;DG;Deutschland;ENRG03;Energieträger;KHL-B-STK;Staub- und Trockenkohle;3877009;GJ;BRN001;Brennstoffeinsatz;e
43311;Monatserhebung ü. Elektrizitäts- u. Wärmeerzeugung;JAHR;Jahr;2013;DINSG;Deutschland insgesamt;DG;Deutschland;ENRG03;Energieträger;ABF-01;Abfall (Hausmüll, Industrie);-;MWh;WRM001;Nettowärmeerzeugung;
43311;Monatserhebung ü. Elektrizitäts- u. Wärmeerzeugung;JAHR;Jahr;2013;DINSG;Deutschland insgesamt;DG;Deutschland;ENRG03;Energieträger;ABF-01;Abfall (Hausmüll, Industrie);-;MWh;EKT002;Elektrizitätserzeugung (netto);
43311;Monatserhebung ü. Elektrizitäts- u. Wärmeerzeugung;JAHR;Jahr;2013;DINSG;Deutschland insgesamt;DG;Deutschland;ENRG03;Energieträger;ABF-01;Abfall (Hausmüll, Industrie);-;MWh;EKT001;Elektrizitätserzeugung (brutto);
43311;Monatserhebung ü. Elektrizitäts- u. Wärmeerzeugung;JAHR;Jahr;2013;DINSG;Deutschland insgesamt;DG;Deutschland;ENRG03;Energieträger;ABF-01;Abfall (Hausmüll, Industrie);-;GJ;BRN001;Brennstoffeinsatz;
43311;Monatserhebung ü. Elektrizitäts- u. Wärmeerzeugung;JAHR;Jahr;2003;DINSG;Deutschland insgesamt;DG;Deutschland;ENRG03;Energieträger;GAS-GRUB;Grubengas;46738;MWh;WRM001;Nettowärmeerzeugung;e
43311;Monatserhebung ü. Elektrizitäts- u. Wärmeerzeugung;JAHR;Jahr;2003;DINSG;Deutschland insgesamt;DG;Deutschland;ENRG03;Energieträger;GAS-GRUB;Grubengas;286779;MWh;EKT002;Elektrizitätserzeugung (netto);e
43311;Monatserhebung ü. Elektrizitäts- u. Wärmeerzeugung;JAHR;Jahr;2003;DINSG;Deutschland insgesamt;DG;Deutschland;ENRG03;Energieträger;GAS-GRUB;Grubengas;314029;MWh;EKT001;Elektrizitätserzeugung (brutto);e
43311;Monatserhebung ü. Elektrizitäts- u. Wärmeerzeugung;JAHR;Jahr;2003;DINSG;Deutschland insgesamt;DG;Deutschland;ENRG03;Energieträger;GAS-GRUB;Grubengas;2946854;GJ;BRN001;Brennstoffeinsatz;e
43311;Monatserhebung ü. Elektrizitäts- u. Wärmeerzeugung;JAHR;Jahr;2002;DINSG;Deutschland insgesamt;DG;Deutschland;ENRG03;Energieträger;SOLTH-01;Solarthermie;-;MWh;WRM001;Nettowärmeerzeugung;
43311;Monatserhebung ü. Elektrizitäts- u. Wärmeerzeugung;JAHR;Jahr;2002;DINSG;Deutschland insgesamt;DG;Deutschland;ENRG03;Energieträger;SOLTH-01;Solarthermie;-;MWh;EKT002;Elektrizitätserzeugung (netto);
43311;Monatserhebung ü. Elektrizitäts- u. Wärmeerzeugung;JAHR;Jahr;2002;DINSG;Deutschland insgesamt;DG;Deutschland;ENRG03;Energieträger;SOLTH-01;Solarthermie;-;MWh;EKT001;Elektrizitätserzeugung (brutto);
43311;Monatserhebung ü. Elektrizitäts- u. Wärmeerzeugung;JAHR;Jahr;2002;DINSG;Deutschland insgesamt;DG;Deutschland;ENRG03;Energieträger;SOLTH-01;Solarthermie;-;GJ;BRN001;Brennstoffeinsatz;
43311;Monatserhebung ü. Elektrizitäts- u. Wärmeerzeugung;JAHR;Jahr;2016;DINSG;Deutschland insgesamt;DG;Deutschland;ENRG03;Energieträger;KHL-B-ROH;Rohbraunkohlen;9083890;MWh;WRM001;Nettowärmeerzeugung;e
43311;Monatserhebung ü. Elektrizitäts- u. Wärmeerzeugung;JAHR;Jahr;2016;DINSG;Deutschland insgesamt;DG;Deutschland;ENRG03;Energieträger;KHL-B-ROH;Rohbraunkohlen;134885572;MWh;EKT002;Elektrizitätserzeugung (netto);e
43311;Monatserhebung ü. Elektrizitäts- u. Wärmeerzeugung;JAHR;Jahr;2016;DINSG;Deutschland insgesamt;DG;Deutschland;ENRG03;Energieträger;KHL-B-ROH;Rohbraunkohlen;145250858;MWh;EKT001;Elektrizitätserzeugung (brutto);e
43311;Monatserhebung ü. Elektrizitäts- u. Wärmeerzeugung;JAHR;Jahr;2016;DINSG;Deutschland insgesamt;DG;Deutschland;ENRG03;Energieträger;KHL-B-ROH;Rohbraunkohlen;1367880178;GJ;BRN001;Brennstoffeinsatz;e
43311;Monatserhebung ü. Elektrizitäts- u. Wärmeerzeugung;JAHR;Jahr;2011;DINSG;Deutschland insgesamt;DG;Deutschland;ENRG03;Energieträger;ENRKER;Kernenergie;-;MWh;WRM001;Nettowärmeerzeugung;
43311;Monatserhebung ü. Elektrizitäts- u. Wärmeerzeugung;JAHR;Jahr;2011;DINSG;Deutschland insgesamt;DG;Deutschland;ENRG03;Energieträger;ENRKER;Kernenergie;102240621;MWh;EKT002;Elektrizitätserzeugung (netto);e
43311;Monatserhebung ü. Elektrizitäts- u. Wärmeerzeugung;JAHR;Jahr;2011;DINSG;Deutschland insgesamt;DG;Deutschland;ENRG03;Energieträger;ENRKER;Kernenergie;107971228;MWh;EKT001;Elektrizitätserzeugung (brutto);e
43311;Monatserhebung ü. Elektrizitäts- u. Wärmeerzeugung;JAHR;Jahr;2011;DINSG;Deutschland insgesamt;DG;Deutschland;ENRG03;Energieträger;ENRKER;Kernenergie;-;GJ;BRN001;Brennstoffeinsatz;
43311;Monatserhebung ü. Elektrizitäts- u. Wärmeerzeugung;JAHR;Jahr;2011;DINSG;Deutschland insgesamt;DG;Deutschland;ENRG03;Energieträger;STROM-02;Strom (Elektrokessel);-;MWh;WRM001;Nettowärmeerzeugung;
43311;Monatserhebung ü. Elektrizitäts- u. Wärmeerzeugung;JAHR;Jahr;2011;DINSG;Deutschland insgesamt;DG;Deutschland;ENRG03;Energieträger;STROM-02;Strom (Elektrokessel);-;MWh;EKT002;Elektrizitätserzeugung (netto);
43311;Monatserhebung ü. Elektrizitäts- u. Wärmeerzeugung;JAHR;Jahr;2011;DINSG;Deutschland insgesamt;DG;Deutschland;ENRG03;Energieträger;STROM-02;Strom (Elektrokessel);-;MWh;EKT001;Elektrizitätserzeugung (brutto);
43311;Monatserhebung ü. Elektrizitäts- u. Wärmeerzeugung;JAHR;Jahr;2011;DINSG;Deutschland insgesamt;DG;Deutschland;ENRG03;Energieträger;STROM-02;Strom (Elektrokessel);-;GJ;BRN001;Brennstoffeinsatz;
43311;Monatserhebung ü. Elektrizitäts- u. Wärmeerzeugung;JAHR;Jahr;2005;DINSG;Deutschland insgesamt;DG;Deutschland;ENRG03;Energieträger;WAS-PSP-03;Pumpspeicher ohne natürlichen Zufluss;-;MWh;WRM001;Nettowärmeerzeugung;
43311;Monatserhebung ü. Elektrizitäts- u. Wärmeerzeugung;JAHR;Jahr;2005;DINSG;Deutschland insgesamt;DG;Deutschland;ENRG03;Energieträger;WAS-PSP-03;Pumpspeicher ohne natürlichen Zufluss;-;MWh;EKT002;Elektrizitätserzeugung (netto);
43311;Monatserhebung ü. Elektrizitäts- u. Wärmeerzeugung;JAHR;Jahr;2005;DINSG;Deutschland insgesamt;DG;Deutschland;ENRG03;Energieträger;WAS-PSP-03;Pumpspeicher ohne natürlichen Zufluss;-;MWh;EKT001;Elektrizitätserzeugung (brutto);
43311;Monatserhebung ü. Elektrizitäts- u. Wärmeerzeugung;JAHR;Jahr;2005;DINSG;Deutschland insgesamt;DG;Deutschland;ENRG03;Energieträger;WAS-PSP-03;Pumpspeicher ohne natürlichen Zufluss;-;GJ;BRN001;Brennstoffeinsatz;
43311;Monatserhebung ü. Elektrizitäts- u. Wärmeerzeugung;JAHR;Jahr;2005;DINSG;Deutschland insgesamt;DG;Deutschland;ENRG03;Energieträger;GAS-HO-01;Hochofengas;40964;MWh;WRM001;Nettowärmeerzeugung;e
43311;Monatserhebung ü. Elektrizitäts- u. Wärmeerzeugung;JAHR;Jahr;2005;DINSG;Deutschland insgesamt;DG;Deutschland;ENRG03;Energieträger;GAS-HO-01;Hochofengas;2743325;MWh;EKT002;Elektrizitätserzeugung (netto);e
43311;Monatserhebung ü. Elektrizitäts- u. Wärmeerzeugung;JAHR;Jahr;2005;DINSG;Deutschland insgesamt;DG;Deutschland;ENRG03;Energieträger;GAS-HO-01;Hochofengas;2922480;MWh;EKT001;Elektrizitätserzeugung (brutto);e
43311;Monatserhebung ü. Elektrizitäts- u. Wärmeerzeugung;JAHR;Jahr;2005;DINSG;Deutschland insgesamt;DG;Deutschland;ENRG03;Energieträger;GAS-HO-01;Hochofengas;26639718;GJ;BRN001;Brennstoffeinsatz;e
43311;Monatserhebung ü. Elektrizitäts- u. Wärmeerzeugung;JAHR;Jahr;2017;DINSG;Deutschland insgesamt;DG;Deutschland;ENRG03;Energieträger;GAS-BIO-02;Biomethan (Bioerdgas);-;MWh;WRM001;Nettowärmeerzeugung;
43311;Monatserhebung ü. Elektrizitäts- u. Wärmeerzeugung;JAHR;Jahr;2017;DINSG;Deutschland insgesamt;DG;Deutschland;ENRG03;Energieträger;GAS-BIO-02;Biomethan (Bioerdgas);-;MWh;EKT002;Elektrizitätserzeugung (netto);
43311;Monatserhebung ü. Elektrizitäts- u. Wärmeerzeugung;JAHR;Jahr;2017;DINSG;Deutschland insgesamt;DG;Deutschland;ENRG03;Energieträger;GAS-BIO-02;Biomethan (Bioerdgas);-;MWh;EKT001;Elektrizitätserzeugung (brutto);
43311;Monatserhebung ü. Elektrizitäts- u. Wärmeerzeugung;JAHR;Jahr;2017;DINSG;Deutschland insgesamt;DG;Deutschland;ENRG03;Energieträger;GAS-BIO-02;Biomethan (Bioerdgas);-;GJ;BRN001;Brennstoffeinsatz;
43311;Monatserhebung ü. Elektrizitäts- u. Wärmeerzeugung;JAHR;Jahr;2005;DINSG;Deutschland insgesamt;DG;Deutschland;ENRG03;Energieträger;GAS-BIO;Biogas;24588;MWh;WRM001;Nettowärmeerzeugung;e
43311;Monatserhebung ü. Elektrizitäts- u. Wärmeerzeugung;JAHR;Jahr;2005;DINSG;Deutschland insgesamt;DG;Deutschland;ENRG03;Energieträger;GAS-BIO;Biogas;17191;MWh;EKT002;Elektrizitätserzeugung (netto);e
43311;Monatserhebung ü. Elektrizitäts- u. Wärmeerzeugung;JAHR;Jahr;2005;DINSG;Deutschland insgesamt;DG;Deutschland;ENRG03;Energieträger;GAS-BIO;Biogas;18531;MWh;EKT001;Elektrizitätserzeugung (brutto);e
43311;Monatserhebung ü. Elektrizitäts- u. Wärmeerzeugung;JAHR;Jahr;2005;DINSG;Deutschland insgesamt;DG;Deutschland;ENRG03;Energieträger;GAS-BIO;Biogas;259253;GJ;BRN001;Brennstoffeinsatz;e
43311;Monatserhebung ü. Elektrizitäts- u. Wärmeerzeugung;JAHR;Jahr;2006;DINSG;Deutschland insgesamt;DG;Deutschland;ENRG03;Energieträger;KHL-S-SONST;Sonstige Steinkohlen;-;MWh;WRM001;Nettowärmeerzeugung;
43311;Monatserhebung ü. Elektrizitäts- u. Wärmeerzeugung;JAHR;Jahr;2006;DINSG;Deutschland insgesamt;DG;Deutschland;ENRG03;Energieträger;KHL-S-SONST;Sonstige Steinkohlen;-;MWh;EKT002;Elektrizitätserzeugung (netto);
43311;Monatserhebung ü. Elektrizitäts- u. Wärmeerzeugung;JAHR;Jahr;2006;DINSG;Deutschland insgesamt;DG;Deutschland;ENRG03;Energieträger;KHL-S-SONST;Sonstige Steinkohlen;-;MWh;EKT001;Elektrizitätserzeugung (brutto);
43311;Monatserhebung ü. Elektrizitäts- u. Wärmeerzeugung;JAHR;Jahr;2006;DINSG;Deutschland insgesamt;DG;Deutschland;ENRG03;Energieträger;KHL-S-SONST;Sonstige Steinkohlen;-;GJ;BRN001;Brennstoffeinsatz;
43311;Monatserhebung ü. Elektrizitäts- u. Wärmeerzeugung;JAHR;Jahr;2002;DINSG;Deutschland insgesamt;DG;Deutschland;ENRG03;Energieträger;GAS-SONST;Sonstige hergestellte Gase;-;MWh;WRM001;Nettowärmeerzeugung;
43311;Monatserhebung ü. Elektrizitäts- u. Wärmeerzeugung;JAHR;Jahr;2002;DINSG;Deutschland insgesamt;DG;Deutschland;ENRG03;Energieträger;GAS-SONST;Sonstige hergestellte Gase;244012;MWh;EKT002;Elektrizitätserzeugung (netto);e
43311;Monatserhebung ü. Elektrizitäts- u. Wärmeerzeugung;JAHR;Jahr;2002;DINSG;Deutschland insgesamt;DG;Deutschland;ENRG03;Energieträger;GAS-SONST;Sonstige hergestellte Gase;265669;MWh;EKT001;Elektrizitätserzeugung (brutto);e
43311;Monatserhebung ü. Elektrizitäts- u. Wärmeerzeugung;JAHR;Jahr;2002;DINSG;Deutschland insgesamt;DG;Deutschland;ENRG03;Energieträger;GAS-SONST;Sonstige hergestellte Gase;1340872;GJ;BRN001;Brennstoffeinsatz;e
43311;Monatserhebung ü. Elektrizitäts- u. Wärmeerzeugung;JAHR;Jahr;2017;DINSG;Deutschland insgesamt;DG;Deutschland;ENRG03;Energieträger;WIND-01;Windkraft;-;MWh;WRM001;Nettowärmeerzeugung;
43311;Monatserhebung ü. Elektrizitäts- u. Wärmeerzeugung;JAHR;Jahr;2017;DINSG;Deutschland insgesamt;DG;Deutschland;ENRG03;Energieträger;WIND-01;Windkraft;-;MWh;EKT002;Elektrizitätserzeugung (netto);
43311;Monatserhebung ü. Elektrizitäts- u. Wärmeerzeugung;JAHR;Jahr;2017;DINSG;Deutschland insgesamt;DG;Deutschland;ENRG03;Energieträger;WIND-01;Windkraft;-;MWh;EKT001;Elektrizitätserzeugung (brutto);
43311;Monatserhebung ü. Elektrizitäts- u. Wärmeerzeugung;JAHR;Jahr;2017;DINSG;Deutschland insgesamt;DG;Deutschland;ENRG03;Energieträger;WIND-01;Windkraft;-;GJ;BRN001;Brennstoffeinsatz;
43311;Monatserhebung ü. Elektrizitäts- u. Wärmeerzeugung;JAHR;Jahr;2002;DINSG;Deutschland insgesamt;DG;Deutschland;ENRG03;Energieträger;ENRSET;Sonstige Energieträger;-;MWh;WRM001;Nettowärmeerzeugung;
43311;Monatserhebung ü. Elektrizitäts- u. Wärmeerzeugung;JAHR;Jahr;2002;DINSG;Deutschland insgesamt;DG;Deutschland;ENRG03;Energieträger;ENRSET;Sonstige Energieträger;23853;MWh;EKT002;Elektrizitätserzeugung (netto);e
43311;Monatserhebung ü. Elektrizitäts- u. Wärmeerzeugung;JAHR;Jahr;2002;DINSG;Deutschland insgesamt;DG;Deutschland;ENRG03;Energieträger;ENRSET;Sonstige Energieträger;27282;MWh;EKT001;Elektrizitätserzeugung (brutto);e
43311;Monatserhebung ü. Elektrizitäts- u. Wärmeerzeugung;JAHR;Jahr;2002;DINSG;Deutschland insgesamt;DG;Deutschland;ENRG03;Energieträger;ENRSET;Sonstige Energieträger;205043;GJ;BRN001;Brennstoffeinsatz;e
43311;Monatserhebung ü. Elektrizitäts- u. Wärmeerzeugung;JAHR;Jahr;2006;DINSG;Deutschland insgesamt;DG;Deutschland;ENRG03;Energieträger;KHL-S-KOKS;Steinkohlenkoks;-;MWh;WRM001;Nettowärmeerzeugung;
43311;Monatserhebung ü. Elektrizitäts- u. Wärmeerzeugung;JAHR;Jahr;2006;DINSG;Deutschland insgesamt;DG;Deutschland;ENRG03;Energieträger;KHL-S-KOKS;Steinkohlenkoks;-;MWh;EKT002;Elektrizitätserzeugung (netto);
43311;Monatserhebung ü. Elektrizitäts- u. Wärmeerzeugung;JAHR;Jahr;2006;DINSG;Deutschland insgesamt;DG;Deutschland;ENRG03;Energieträger;KHL-S-KOKS;Steinkohlenkoks;-;MWh;EKT001;Elektrizitätserzeugung (brutto);
43311;Monatserhebung ü. Elektrizitäts- u. Wärmeerzeugung;JAHR;Jahr;2006;DINSG;Deutschland insgesamt;DG;Deutschland;ENRG03;Energieträger;KHL-S-KOKS;Steinkohlenkoks;-;GJ;BRN001;Brennstoffeinsatz;
43311;Monatserhebung ü. Elektrizitäts- u. Wärmeerzeugung;JAHR;Jahr;2004;DINSG;Deutschland insgesamt;DG;Deutschland;ENRG03;Energieträger;SOLTH-01;Solarthermie;-;MWh;WRM001;Nettowärmeerzeugung;
43311;Monatserhebung ü. Elektrizitäts- u. Wärmeerzeugung;JAHR;Jahr;2004;DINSG;Deutschland insgesamt;DG;Deutschland;ENRG03;Energieträger;SOLTH-01;Solarthermie;-;MWh;EKT002;Elektrizitätserzeugung (netto);
43311;Monatserhebung ü. Elektrizitäts- u. Wärmeerzeugung;JAHR;Jahr;2004;DINSG;Deutschland insgesamt;DG;Deutschland;ENRG03;Energieträger;SOLTH-01;Solarthermie;-;MWh;EKT001;Elektrizitätserzeugung (brutto);
43311;Monatserhebung ü. Elektrizitäts- u. Wärmeerzeugung;JAHR;Jahr;2004;DINSG;Deutschland insgesamt;DG;Deutschland;ENRG03;Energieträger;SOLTH-01;Solarthermie;-;GJ;BRN001;Brennstoffeinsatz;
43311;Monatserhebung ü. Elektrizitäts- u. Wärmeerzeugung;JAHR;Jahr;2022;DINSG;Deutschland insgesamt;DG;Deutschland;ENRG03;Energieträger;PKOKS-01;Petrolkoks;-;MWh;WRM001;Nettowärmeerzeugung;
43311;Monatserhebung ü. Elektrizitäts- u. Wärmeerzeugung;JAHR;Jahr;2022;DINSG;Deutschland insgesamt;DG;Deutschland;ENRG03;Energieträger;PKOKS-01;Petrolkoks;-;MWh;EKT002;Elektrizitätserzeugung (netto);
43311;Monatserhebung ü. Elektrizitäts- u. Wärmeerzeugung;JAHR;Jahr;2022;DINSG;Deutschland insgesamt;DG;Deutschland;ENRG03;Energieträger;PKOKS-01;Petrolkoks;-;MWh;EKT001;Elektrizitätserzeugung (brutto);
43311;Monatserhebung ü. Elektrizitäts- u. Wärmeerzeugung;JAHR;Jahr;2022;DINSG;Deutschland insgesamt;DG;Deutschland;ENRG03;Energieträger;PKOKS-01;Petrolkoks;-;GJ;BRN001;Brennstoffeinsatz;
43311;Monatserhebung ü. Elektrizitäts- u. Wärmeerzeugung;JAHR;Jahr;2012;DINSG;Deutschland insgesamt;DG;Deutschland;ENRG03;Energieträger;OEL-SONST;Sonstige Mineralölprodukte;38025;MWh;WRM001;Nettowärmeerzeugung;e
43311;Monatserhebung ü. Elektrizitäts- u. Wärmeerzeugung;JAHR;Jahr;2012;DINSG;Deutschland insgesamt;DG;Deutschland;ENRG03;Energieträger;OEL-SONST;Sonstige Mineralölprodukte;1251192;MWh;EKT002;Elektrizitätserzeugung (netto);e
43311;Monatserhebung ü. Elektrizitäts- u. Wärmeerzeugung;JAHR;Jahr;2012;DINSG;Deutschland insgesamt;DG;Deutschland;ENRG03;Energieträger;OEL-SONST;Sonstige Mineralölprodukte;1375208;MWh;EKT001;Elektrizitätserzeugung (brutto);e
43311;Monatserhebung ü. Elektrizitäts- u. Wärmeerzeugung;JAHR;Jahr;2012;DINSG;Deutschland insgesamt;DG;Deutschland;ENRG03;Energieträger;OEL-SONST;Sonstige Mineralölprodukte;12526766;GJ;BRN001;Brennstoffeinsatz;e
43311;Monatserhebung ü. Elektrizitäts- u. Wärmeerzeugung;JAHR;Jahr;2024;DINSG;Deutschland insgesamt;DG;Deutschland;ENRG03;Energieträger;WIND-01;Windkraft;-;MWh;WRM001;Nettowärmeerzeugung;
43311;Monatserhebung ü. Elektrizitäts- u. Wärmeerzeugung;JAHR;Jahr;2024;DINSG;Deutschland insgesamt;DG;Deutschland;ENRG03;Energieträger;WIND-01;Windkraft;-;MWh;EKT002;Elektrizitätserzeugung (netto);
43311;Monatserhebung ü. Elektrizitäts- u. Wärmeerzeugung;JAHR;Jahr;2024;DINSG;Deutschland insgesamt;DG;Deutschland;ENRG03;Energieträger;WIND-01;Windkraft;-;MWh;EKT001;Elektrizitätserzeugung (brutto);
43311;Monatserhebung ü. Elektrizitäts- u. Wärmeerzeugung;JAHR;Jahr;2024;DINSG;Deutschland insgesamt;DG;Deutschland;ENRG03;Energieträger;WIND-01;Windkraft;-;GJ;BRN001;Brennstoffeinsatz;
43311;Monatserhebung ü. Elektrizitäts- u. Wärmeerzeugung;JAHR;Jahr;2013;DINSG;Deutschland insgesamt;DG;Deutschland;ENRG03;Energieträger;BIO-FL-01;Flüssige biogene Stoffe;.;MWh;WRM001;Nettowärmeerzeugung;
43311;Monatserhebung ü. Elektrizitäts- u. Wärmeerzeugung;JAHR;Jahr;2013;DINSG;Deutschland insgesamt;DG;Deutschland;ENRG03;Energieträger;BIO-FL-01;Flüssige biogene Stoffe;.;MWh;EKT002;Elektrizitätserzeugung (netto);
43311;Monatserhebung ü. Elektrizitäts- u. Wärmeerzeugung;JAHR;Jahr;2013;DINSG;Deutschland insgesamt;DG;Deutschland;ENRG03;Energieträger;BIO-FL-01;Flüssige biogene Stoffe;.;MWh;EKT001;Elektrizitätserzeugung (brutto);
43311;Monatserhebung ü. Elektrizitäts- u. Wärmeerzeugung;JAHR;Jahr;2013;DINSG;Deutschland insgesamt;DG;Deutschland;ENRG03;Energieträger;BIO-FL-01;Flüssige biogene Stoffe;.;GJ;BRN001;Brennstoffeinsatz;
43311;Monatserhebung ü. Elektrizitäts- u. Wärmeerzeugung;JAHR;Jahr;2009;DINSG;Deutschland insgesamt;DG;Deutschland;ENRG03;Energieträger;DIESEL-01;Dieselkraftstoff;2;MWh;WRM001;Nettowärmeerzeugung;e
43311;Monatserhebung ü. Elektrizitäts- u. Wärmeerzeugung;JAHR;Jahr;2009;DINSG;Deutschland insgesamt;DG;Deutschland;ENRG03;Energieträger;DIESEL-01;Dieselkraftstoff;1549;MWh;EKT002;Elektrizitätserzeugung (netto);e
43311;Monatserhebung ü. Elektrizitäts- u. Wärmeerzeugung;JAHR;Jahr;2009;DINSG;Deutschland insgesamt;DG;Deutschland;ENRG03;Energieträger;DIESEL-01;Dieselkraftstoff;1683;MWh;EKT001;Elektrizitätserzeugung (brutto);e
43311;Monatserhebung ü. Elektrizitäts- u. Wärmeerzeugung;JAHR;Jahr;2009;DINSG;Deutschland insgesamt;DG;Deutschland;ENRG03;Energieträger;DIESEL-01;Dieselkraftstoff;20534;GJ;BRN001;Brennstoffeinsatz;e
43311;Monatserhebung ü. Elektrizitäts- u. Wärmeerzeugung;JAHR;Jahr;2017;DINSG;Deutschland insgesamt;DG;Deutschland;ENRG03;Energieträger;ENR-EB-SONST;Sonstige erneuerbare Energien;-;MWh;WRM001;Nettowärmeerzeugung;
43311;Monatserhebung ü. Elektrizitäts- u. Wärmeerzeugung;JAHR;Jahr;2017;DINSG;Deutschland insgesamt;DG;Deutschland;ENRG03;Energieträger;ENR-EB-SONST;Sonstige erneuerbare Energien;-;MWh;EKT002;Elektrizitätserzeugung (netto);
43311;Monatserhebung ü. Elektrizitäts- u. Wärmeerzeugung;JAHR;Jahr;2017;DINSG;Deutschland insgesamt;DG;Deutschland;ENRG03;Energieträger;ENR-EB-SONST;Sonstige erneuerbare Energien;-;MWh;EKT001;Elektrizitätserzeugung (brutto);
43311;Monatserhebung ü. Elektrizitäts- u. Wärmeerzeugung;JAHR;Jahr;2017;DINSG;Deutschland insgesamt;DG;Deutschland;ENRG03;Energieträger;ENR-EB-SONST;Sonstige erneuerbare Energien;4285859;GJ;BRN001;Brennstoffeinsatz;e
43311;Monatserhebung ü. Elektrizitäts- u. Wärmeerzeugung;JAHR;Jahr;2019;DINSG;Deutschland insgesamt;DG;Deutschland;ENRG03;Energieträger;GAS-RAF;Raffineriegas;-;MWh;WRM001;Nettowärmeerzeugung;
43311;Monatserhebung ü. Elektrizitäts- u. Wärmeerzeugung;JAHR;Jahr;2019;DINSG;Deutschland insgesamt;DG;Deutschland;ENRG03;Energieträger;GAS-RAF;Raffineriegas;-;MWh;EKT002;Elektrizitätserzeugung (netto);
43311;Monatserhebung ü. Elektrizitäts- u. Wärmeerzeugung;JAHR;Jahr;2019;DINSG;Deutschland insgesamt;DG;Deutschland;ENRG03;Energieträger;GAS-RAF;Raffineriegas;-;MWh;EKT001;Elektrizitätserzeugung (brutto);
43311;Monatserhebung ü. Elektrizitäts- u. Wärmeerzeugung;JAHR;Jahr;2019;DINSG;Deutschland insgesamt;DG;Deutschland;ENRG03;Energieträger;GAS-RAF;Raffineriegas;-;GJ;BRN001;Brennstoffeinsatz;
43311;Monatserhebung ü. Elektrizitäts- u. Wärmeerzeugung;JAHR;Jahr;2021;DINSG;Deutschland insgesamt;DG;Deutschland;ENRG03;Energieträger;KHL-S-BRIK;Steinkohlenbriketts;-;MWh;WRM001;Nettowärmeerzeugung;
43311;Monatserhebung ü. Elektrizitäts- u. Wärmeerzeugung;JAHR;Jahr;2021;DINSG;Deutschland insgesamt;DG;Deutschland;ENRG03;Energieträger;KHL-S-BRIK;Steinkohlenbriketts;-;MWh;EKT002;Elektrizitätserzeugung (netto);
43311;Monatserhebung ü. Elektrizitäts- u. Wärmeerzeugung;JAHR;Jahr;2021;DINSG;Deutschland insgesamt;DG;Deutschland;ENRG03;Energieträger;KHL-S-BRIK;Steinkohlenbriketts;-;MWh;EKT001;Elektrizitätserzeugung (brutto);
43311;Monatserhebung ü. Elektrizitäts- u. Wärmeerzeugung;JAHR;Jahr;2021;DINSG;Deutschland insgesamt;DG;Deutschland;ENRG03;Energieträger;KHL-S-BRIK;Steinkohlenbriketts;-;GJ;BRN001;Brennstoffeinsatz;
43311;Monatserhebung ü. Elektrizitäts- u. Wärmeerzeugung;JAHR;Jahr;2002;DINSG;Deutschland insgesamt;DG;Deutschland;ENRG03;Energieträger;KLS-01;Klärschlamm;-;MWh;WRM001;Nettowärmeerzeugung;
43311;Monatserhebung ü. Elektrizitäts- u. Wärmeerzeugung;JAHR;Jahr;2002;DINSG;Deutschland insgesamt;DG;Deutschland;ENRG03;Energieträger;KLS-01;Klärschlamm;51438;MWh;EKT002;Elektrizitätserzeugung (netto);e
43311;Monatserhebung ü. Elektrizitäts- u. Wärmeerzeugung;JAHR;Jahr;2002;DINSG;Deutschland insgesamt;DG;Deutschland;ENRG03;Energieträger;KLS-01;Klärschlamm;57445;MWh;EKT001;Elektrizitätserzeugung (brutto);e
43311;Monatserhebung ü. Elektrizitäts- u. Wärmeerzeugung;JAHR;Jahr;2002;DINSG;Deutschland insgesamt;DG;Deutschland;ENRG03;Energieträger;KLS-01;Klärschlamm;632912;GJ;BRN001;Brennstoffeinsatz;e
43311;Monatserhebung ü. Elektrizitäts- u. Wärmeerzeugung;JAHR;Jahr;2005;DINSG;Deutschland insgesamt;DG;Deutschland;ENRG03;Energieträger;KHL-S-01;Steinkohlen;35021990;MWh;WRM001;Nettowärmeerzeugung;e
43311;Monatserhebung ü. Elektrizitäts- u. Wärmeerzeugung;JAHR;Jahr;2005;DINSG;Deutschland insgesamt;DG;Deutschland;ENRG03;Energieträger;KHL-S-01;Steinkohlen;112973019;MWh;EKT002;Elektrizitätserzeugung (netto);e
43311;Monatserhebung ü. Elektrizitäts- u. Wärmeerzeugung;JAHR;Jahr;2005;DINSG;Deutschland insgesamt;DG;Deutschland;ENRG03;Energieträger;KHL-S-01;Steinkohlen;122759695;MWh;EKT001;Elektrizitätserzeugung (brutto);e
43311;Monatserhebung ü. Elektrizitäts- u. Wärmeerzeugung;JAHR;Jahr;2005;DINSG;Deutschland insgesamt;DG;Deutschland;ENRG03;Energieträger;KHL-S-01;Steinkohlen;1167867638;GJ;BRN001;Brennstoffeinsatz;e
43311;Monatserhebung ü. Elektrizitäts- u. Wärmeerzeugung;JAHR;Jahr;2020;DINSG;Deutschland insgesamt;DG;Deutschland;ENRG03;Energieträger;KHL-B-ROH;Rohbraunkohlen;6018420;MWh;WRM001;Nettowärmeerzeugung;e
43311;Monatserhebung ü. Elektrizitäts- u. Wärmeerzeugung;JAHR;Jahr;2020;DINSG;Deutschland insgesamt;DG;Deutschland;ENRG03;Energieträger;KHL-B-ROH;Rohbraunkohlen;82127603;MWh;EKT002;Elektrizitätserzeugung (netto);e
43311;Monatserhebung ü. Elektrizitäts- u. Wärmeerzeugung;JAHR;Jahr;2020;DINSG;Deutschland insgesamt;DG;Deutschland;ENRG03;Energieträger;KHL-B-ROH;Rohbraunkohlen;88696215;MWh;EKT001;Elektrizitätserzeugung (brutto);e
43311;Monatserhebung ü. Elektrizitäts- u. Wärmeerzeugung;JAHR;Jahr;2020;DINSG;Deutschland insgesamt;DG;Deutschland;ENRG03;Energieträger;KHL-B-ROH;Rohbraunkohlen;830367563;GJ;BRN001;Brennstoffeinsatz;e
43311;Monatserhebung ü. Elektrizitäts- u. Wärmeerzeugung;JAHR;Jahr;2013;DINSG;Deutschland insgesamt;DG;Deutschland;ENRG03;Energieträger;WAS-PSP-01;Pumpspeicherwasser;-;MWh;WRM001;Nettowärmeerzeugung;
43311;Monatserhebung ü. Elektrizitäts- u. Wärmeerzeugung;JAHR;Jahr;2013;DINSG;Deutschland insgesamt;DG;Deutschland;ENRG03;Energieträger;WAS-PSP-01;Pumpspeicherwasser;-;MWh;EKT002;Elektrizitätserzeugung (netto);
43311;Monatserhebung ü. Elektrizitäts- u. Wärmeerzeugung;JAHR;Jahr;2013;DINSG;Deutschland insgesamt;DG;Deutschland;ENRG03;Energieträger;WAS-PSP-01;Pumpspeicherwasser;-;MWh;EKT001;Elektrizitätserzeugung (brutto);
43311;Monatserhebung ü. Elektrizitäts- u. Wärmeerzeugung;JAHR;Jahr;2013;DINSG;Deutschland insgesamt;DG;Deutschland;ENRG03;Energieträger;WAS-PSP-01;Pumpspeicherwasser;-;GJ;BRN001;Brennstoffeinsatz;
43311;Monatserhebung ü. Elektrizitäts- u. Wärmeerzeugung;JAHR;Jahr;2013;DINSG;Deutschland insgesamt;DG;Deutschland;ENRG03;Energieträger;DIESEL-01;Dieselkraftstoff;.;MWh;WRM001;Nettowärmeerzeugung;
43311;Monatserhebung ü. Elektrizitäts- u. Wärmeerzeugung;JAHR;Jahr;2013;DINSG;Deutschland insgesamt;DG;Deutschland;ENRG03;Energieträger;DIESEL-01;Dieselkraftstoff;588;MWh;EKT002;Elektrizitätserzeugung (netto);e
43311;Monatserhebung ü. Elektrizitäts- u. Wärmeerzeugung;JAHR;Jahr;2013;DINSG;Deutschland insgesamt;DG;Deutschland;ENRG03;Energieträger;DIESEL-01;Dieselkraftstoff;636;MWh;EKT001;Elektrizitätserzeugung (brutto);e
43311;Monatserhebung ü. Elektrizitäts- u. Wärmeerzeugung;JAHR;Jahr;2013;DINSG;Deutschland insgesamt;DG;Deutschland;ENRG03;Energieträger;DIESEL-01;Dieselkraftstoff;8079;GJ;BRN001;Brennstoffeinsatz;e
43311;Monatserhebung ü. Elektrizitäts- u. Wärmeerzeugung;JAHR;Jahr;2005;DINSG;Deutschland insgesamt;DG;Deutschland;ENRG03;Energieträger;GAS-RAF;Raffineriegas;-;MWh;WRM001;Nettowärmeerzeugung;
43311;Monatserhebung ü. Elektrizitäts- u. Wärmeerzeugung;JAHR;Jahr;2005;DINSG;Deutschland insgesamt;DG;Deutschland;ENRG03;Energieträger;GAS-RAF;Raffineriegas;-;MWh;EKT002;Elektrizitätserzeugung (netto);
43311;Monatserhebung ü. Elektrizitäts- u. Wärmeerzeugung;JAHR;Jahr;2005;DINSG;Deutschland insgesamt;DG;Deutschland;ENRG03;Energieträger;GAS-RAF;Raffineriegas;-;MWh;EKT001;Elektrizitätserzeugung (brutto);
43311;Monatserhebung ü. Elektrizitäts- u. Wärmeerzeugung;JAHR;Jahr;2005;DINSG;Deutschland insgesamt;DG;Deutschland;ENRG03;Energieträger;GAS-RAF;Raffineriegas;-;GJ;BRN001;Brennstoffeinsatz;
43311;Monatserhebung ü. Elektrizitäts- u. Wärmeerzeugung;JAHR;Jahr;2020;DINSG;Deutschland insgesamt;DG;Deutschland;ENRG03;Energieträger;SOLTH-01;Solarthermie;0;MWh;WRM001;Nettowärmeerzeugung;e
43311;Monatserhebung ü. Elektrizitäts- u. Wärmeerzeugung;JAHR;Jahr;2020;DINSG;Deutschland insgesamt;DG;Deutschland;ENRG03;Energieträger;SOLTH-01;Solarthermie;0;MWh;EKT002;Elektrizitätserzeugung (netto);e
43311;Monatserhebung ü. Elektrizitäts- u. Wärmeerzeugung;JAHR;Jahr;2020;DINSG;Deutschland insgesamt;DG;Deutschland;ENRG03;Energieträger;SOLTH-01;Solarthermie;0;MWh;EKT001;Elektrizitätserzeugung (brutto);e
43311;Monatserhebung ü. Elektrizitäts- u. Wärmeerzeugung;JAHR;Jahr;2020;DINSG;Deutschland insgesamt;DG;Deutschland;ENRG03;Energieträger;SOLTH-01;Solarthermie;0;GJ;BRN001;Brennstoffeinsatz;e
43311;Monatserhebung ü. Elektrizitäts- u. Wärmeerzeugung;JAHR;Jahr;2003;DINSG;Deutschland insgesamt;DG;Deutschland;ENRG03;Energieträger;WIND-01;Windkraft;-;MWh;WRM001;Nettowärmeerzeugung;
43311;Monatserhebung ü. Elektrizitäts- u. Wärmeerzeugung;JAHR;Jahr;2003;DINSG;Deutschland insgesamt;DG;Deutschland;ENRG03;Energieträger;WIND-01;Windkraft;167254;MWh;EKT002;Elektrizitätserzeugung (netto);e
43311;Monatserhebung ü. Elektrizitäts- u. Wärmeerzeugung;JAHR;Jahr;2003;DINSG;Deutschland insgesamt;DG;Deutschland;ENRG03;Energieträger;WIND-01;Windkraft;173253;MWh;EKT001;Elektrizitätserzeugung (brutto);e
43311;Monatserhebung ü. Elektrizitäts- u. Wärmeerzeugung;JAHR;Jahr;2003;DINSG;Deutschland insgesamt;DG;Deutschland;ENRG03;Energieträger;WIND-01;Windkraft;-;GJ;BRN001;Brennstoffeinsatz;
43311;Monatserhebung ü. Elektrizitäts- u. Wärmeerzeugung;JAHR;Jahr;2021;DINSG;Deutschland insgesamt;DG;Deutschland;ENRG03;Energieträger;KHL-S-KOKS;Steinkohlenkoks;-;MWh;WRM001;Nettowärmeerzeugung;
43311;Monatserhebung ü. Elektrizitäts- u. Wärmeerzeugung;JAHR;Jahr;2021;DINSG;Deutschland insgesamt;DG;Deutschland;ENRG03;Energieträger;KHL-S-KOKS;Steinkohlenkoks;-;MWh;EKT002;Elektrizitätserzeugung (netto);
43311;Monatserhebung ü. Elektrizitäts- u. Wärmeerzeugung;JAHR;Jahr;2021;DINSG;Deutschland insgesamt;DG;Deutschland;ENRG03;Energieträger;KHL-S-KOKS;Steinkohlenkoks;-;MWh;EKT001;Elektrizitätserzeugung (brutto);
43311;Monatserhebung ü. Elektrizitäts- u. Wärmeerzeugung;JAHR;Jahr;2021;DINSG;Deutschland insgesamt;DG;Deutschland;ENRG03;Energieträger;KHL-S-KOKS;Steinkohlenkoks;-;GJ;BRN001;Brennstoffeinsatz;
43311;Monatserhebung ü. Elektrizitäts- u. Wärmeerzeugung;JAHR;Jahr;2011;DINSG;Deutschland insgesamt;DG;Deutschland;ENRG03;Energieträger;OEL-H-S-01;Heizöl, schwer;182372;MWh;WRM001;Nettowärmeerzeugung;e
43311;Monatserhebung ü. Elektrizitäts- u. Wärmeerzeugung;JAHR;Jahr;2011;DINSG;Deutschland insgesamt;DG;Deutschland;ENRG03;Energieträger;OEL-H-S-01;Heizöl, schwer;428810;MWh;EKT002;Elektrizitätserzeugung (netto);e
43311;Monatserhebung ü. Elektrizitäts- u. Wärmeerzeugung;JAHR;Jahr;2011;DINSG;Deutschland insgesamt;DG;Deutschland;ENRG03;Energieträger;OEL-H-S-01;Heizöl, schwer;462887;MWh;EKT001;Elektrizitätserzeugung (brutto);e
43311;Monatserhebung ü. Elektrizitäts- u. Wärmeerzeugung;JAHR;Jahr;2011;DINSG;Deutschland insgesamt;DG;Deutschland;ENRG03;Energieträger;OEL-H-S-01;Heizöl, schwer;5014754;GJ;BRN001;Brennstoffeinsatz;e
43311;Monatserhebung ü. Elektrizitäts- u. Wärmeerzeugung;JAHR;Jahr;2023;DINSG;Deutschland insgesamt;DG;Deutschland;ENRG03;Energieträger;KHL-B-ROH;Rohbraunkohlen;5535168;MWh;WRM001;Nettowärmeerzeugung;p
43311;Monatserhebung ü. Elektrizitäts- u. Wärmeerzeugung;JAHR;Jahr;2023;DINSG;Deutschland insgesamt;DG;Deutschland;ENRG03;Energieträger;KHL-B-ROH;Rohbraunkohlen;77586125;MWh;EKT002;Elektrizitätserzeugung (netto);p
43311;Monatserhebung ü. Elektrizitäts- u. Wärmeerzeugung;JAHR;Jahr;2023;DINSG;Deutschland insgesamt;DG;Deutschland;ENRG03;Energieträger;KHL-B-ROH;Rohbraunkohlen;83954004;MWh;EKT001;Elektrizitätserzeugung (brutto);p
43311;Monatserhebung ü. Elektrizitäts- u. Wärmeerzeugung;JAHR;Jahr;2023;DINSG;Deutschland insgesamt;DG;Deutschland;ENRG03;Energieträger;KHL-B-ROH;Rohbraunkohlen;789983664;GJ;BRN001;Brennstoffeinsatz;p
43311;Monatserhebung ü. Elektrizitäts- u. Wärmeerzeugung;JAHR;Jahr;2009;DINSG;Deutschland insgesamt;DG;Deutschland;ENRG03;Energieträger;GAS-RAF;Raffineriegas;-;MWh;WRM001;Nettowärmeerzeugung;
43311;Monatserhebung ü. Elektrizitäts- u. Wärmeerzeugung;JAHR;Jahr;2009;DINSG;Deutschland insgesamt;DG;Deutschland;ENRG03;Energieträger;GAS-RAF;Raffineriegas;-;MWh;EKT002;Elektrizitätserzeugung (netto);
43311;Monatserhebung ü. Elektrizitäts- u. Wärmeerzeugung;JAHR;Jahr;2009;DINSG;Deutschland insgesamt;DG;Deutschland;ENRG03;Energieträger;GAS-RAF;Raffineriegas;-;MWh;EKT001;Elektrizitätserzeugung (brutto);
43311;Monatserhebung ü. Elektrizitäts- u. Wärmeerzeugung;JAHR;Jahr;2009;DINSG;Deutschland insgesamt;DG;Deutschland;ENRG03;Energieträger;GAS-RAF;Raffineriegas;-;GJ;BRN001;Brennstoffeinsatz;
43311;Monatserhebung ü. Elektrizitäts- u. Wärmeerzeugung;JAHR;Jahr;2011;DINSG;Deutschland insgesamt;DG;Deutschland;ENRG03;Energieträger;GAS-DEP;Deponiegas;29254;MWh;WRM001;Nettowärmeerzeugung;e
43311;Monatserhebung ü. Elektrizitäts- u. Wärmeerzeugung;JAHR;Jahr;2011;DINSG;Deutschland insgesamt;DG;Deutschland;ENRG03;Energieträger;GAS-DEP;Deponiegas;71212;MWh;EKT002;Elektrizitätserzeugung (netto);e
43311;Monatserhebung ü. Elektrizitäts- u. Wärmeerzeugung;JAHR;Jahr;2011;DINSG;Deutschland insgesamt;DG;Deutschland;ENRG03;Energieträger;GAS-DEP;Deponiegas;75227;MWh;EKT001;Elektrizitätserzeugung (brutto);e
43311;Monatserhebung ü. Elektrizitäts- u. Wärmeerzeugung;JAHR;Jahr;2011;DINSG;Deutschland insgesamt;DG;Deutschland;ENRG03;Energieträger;GAS-DEP;Deponiegas;765145;GJ;BRN001;Brennstoffeinsatz;e
43311;Monatserhebung ü. Elektrizitäts- u. Wärmeerzeugung;JAHR;Jahr;2021;DINSG;Deutschland insgesamt;DG;Deutschland;ENRG03;Energieträger;GEOTH-01;Geothermie;-;MWh;WRM001;Nettowärmeerzeugung;
43311;Monatserhebung ü. Elektrizitäts- u. Wärmeerzeugung;JAHR;Jahr;2021;DINSG;Deutschland insgesamt;DG;Deutschland;ENRG03;Energieträger;GEOTH-01;Geothermie;-;MWh;EKT002;Elektrizitätserzeugung (netto);
43311;Monatserhebung ü. Elektrizitäts- u. Wärmeerzeugung;JAHR;Jahr;2021;DINSG;Deutschland insgesamt;DG;Deutschland;ENRG03;Energieträger;GEOTH-01;Geothermie;-;MWh;EKT001;Elektrizitätserzeugung (brutto);
43311;Monatserhebung ü. Elektrizitäts- u. Wärmeerzeugung;JAHR;Jahr;2021;DINSG;Deutschland insgesamt;DG;Deutschland;ENRG03;Energieträger;GEOTH-01;Geothermie;-;GJ;BRN001;Brennstoffeinsatz;
43311;Monatserhebung ü. Elektrizitäts- u. Wärmeerzeugung;JAHR;Jahr;2018;DINSG;Deutschland insgesamt;DG;Deutschland;ENRG03;Energieträger;SOLTH-01;Solarthermie;-;MWh;WRM001;Nettowärmeerzeugung;
43311;Monatserhebung ü. Elektrizitäts- u. Wärmeerzeugung;JAHR;Jahr;2018;DINSG;Deutschland insgesamt;DG;Deutschland;ENRG03;Energieträger;SOLTH-01;Solarthermie;-;MWh;EKT002;Elektrizitätserzeugung (netto);
43311;Monatserhebung ü. Elektrizitäts- u. Wärmeerzeugung;JAHR;Jahr;2018;DINSG;Deutschland insgesamt;DG;Deutschland;ENRG03;Energieträger;SOLTH-01;Solarthermie;-;MWh;EKT001;Elektrizitätserzeugung (brutto);
43311;Monatserhebung ü. Elektrizitäts- u. Wärmeerzeugung;JAHR;Jahr;2018;DINSG;Deutschland insgesamt;DG;Deutschland;ENRG03;Energieträger;SOLTH-01;Solarthermie;-;GJ;BRN001;Brennstoffeinsatz;
43311;Monatserhebung ü. Elektrizitäts- u. Wärmeerzeugung;JAHR;Jahr;2020;DINSG;Deutschland insgesamt;DG;Deutschland;ENRG03;Energieträger;KHL-B-STK;Staub- und Trockenkohle;.;MWh;WRM001;Nettowärmeerzeugung;
43311;Monatserhebung ü. Elektrizitäts- u. Wärmeerzeugung;JAHR;Jahr;2020;DINSG;Deutschland insgesamt;DG;Deutschland;ENRG03;Energieträger;KHL-B-STK;Staub- und Trockenkohle;103160;MWh;EKT002;Elektrizitätserzeugung (netto);e
43311;Monatserhebung ü. Elektrizitäts- u. Wärmeerzeugung;JAHR;Jahr;2020;DINSG;Deutschland insgesamt;DG;Deutschland;ENRG03;Energieträger;KHL-B-STK;Staub- und Trockenkohle;118104;MWh;EKT001;Elektrizitätserzeugung (brutto);e
43311;Monatserhebung ü. Elektrizitäts- u. Wärmeerzeugung;JAHR;Jahr;2020;DINSG;Deutschland insgesamt;DG;Deutschland;ENRG03;Energieträger;KHL-B-STK;Staub- und Trockenkohle;1945298;GJ;BRN001;Brennstoffeinsatz;e
43311;Monatserhebung ü. Elektrizitäts- u. Wärmeerzeugung;JAHR;Jahr;2012;DINSG;Deutschland insgesamt;DG;Deutschland;ENRG03;Energieträger;;Insgesamt;111641600;MWh;WRM001;Nettowärmeerzeugung;e
43311;Monatserhebung ü. Elektrizitäts- u. Wärmeerzeugung;JAHR;Jahr;2012;DINSG;Deutschland insgesamt;DG;Deutschland;ENRG03;Energieträger;;Insgesamt;435448764;MWh;EKT002;Elektrizitätserzeugung (netto);e
43311;Monatserhebung ü. Elektrizitäts- u. Wärmeerzeugung;JAHR;Jahr;2012;DINSG;Deutschland insgesamt;DG;Deutschland;ENRG03;Energieträger;;Insgesamt;467227654;MWh;EKT001;Elektrizitätserzeugung (brutto);e
43311;Monatserhebung ü. Elektrizitäts- u. Wärmeerzeugung;JAHR;Jahr;2012;DINSG;Deutschland insgesamt;DG;Deutschland;ENRG03;Energieträger;;Insgesamt;3443646883;GJ;BRN001;Brennstoffeinsatz;e
43311;Monatserhebung ü. Elektrizitäts- u. Wärmeerzeugung;JAHR;Jahr;2011;DINSG;Deutschland insgesamt;DG;Deutschland;ENRG03;Energieträger;KHL-B-HART;Hartbraunkohlen;-;MWh;WRM001;Nettowärmeerzeugung;
43311;Monatserhebung ü. Elektrizitäts- u. Wärmeerzeugung;JAHR;Jahr;2011;DINSG;Deutschland insgesamt;DG;Deutschland;ENRG03;Energieträger;KHL-B-HART;Hartbraunkohlen;-;MWh;EKT002;Elektrizitätserzeugung (netto);
43311;Monatserhebung ü. Elektrizitäts- u. Wärmeerzeugung;JAHR;Jahr;2011;DINSG;Deutschland insgesamt;DG;Deutschland;ENRG03;Energieträger;KHL-B-HART;Hartbraunkohlen;-;MWh;EKT001;Elektrizitätserzeugung (brutto);
43311;Monatserhebung ü. Elektrizitäts- u. Wärmeerzeugung;JAHR;Jahr;2011;DINSG;Deutschland insgesamt;DG;Deutschland;ENRG03;Energieträger;KHL-B-HART;Hartbraunkohlen;-;GJ;BRN001;Brennstoffeinsatz;
43311;Monatserhebung ü. Elektrizitäts- u. Wärmeerzeugung;JAHR;Jahr;2019;DINSG;Deutschland insgesamt;DG;Deutschland;ENRG03;Energieträger;KLS-01;Klärschlamm;42505;MWh;WRM001;Nettowärmeerzeugung;e
43311;Monatserhebung ü. Elektrizitäts- u. Wärmeerzeugung;JAHR;Jahr;2019;DINSG;Deutschland insgesamt;DG;Deutschland;ENRG03;Energieträger;KLS-01;Klärschlamm;199045;MWh;EKT002;Elektrizitätserzeugung (netto);e
43311;Monatserhebung ü. Elektrizitäts- u. Wärmeerzeugung;JAHR;Jahr;2019;DINSG;Deutschland insgesamt;DG;Deutschland;ENRG03;Energieträger;KLS-01;Klärschlamm;217878;MWh;EKT001;Elektrizitätserzeugung (brutto);e
43311;Monatserhebung ü. Elektrizitäts- u. Wärmeerzeugung;JAHR;Jahr;2019;DINSG;Deutschland insgesamt;DG;Deutschland;ENRG03;Energieträger;KLS-01;Klärschlamm;2237739;GJ;BRN001;Brennstoffeinsatz;e
43311;Monatserhebung ü. Elektrizitäts- u. Wärmeerzeugung;JAHR;Jahr;2003;DINSG;Deutschland insgesamt;DG;Deutschland;ENRG03;Energieträger;KHL-B-KOKS;Braunkohlenkoks;4384;MWh;WRM001;Nettowärmeerzeugung;e
43311;Monatserhebung ü. Elektrizitäts- u. Wärmeerzeugung;JAHR;Jahr;2003;DINSG;Deutschland insgesamt;DG;Deutschland;ENRG03;Energieträger;KHL-B-KOKS;Braunkohlenkoks;11747;MWh;EKT002;Elektrizitätserzeugung (netto);e
43311;Monatserhebung ü. Elektrizitäts- u. Wärmeerzeugung;JAHR;Jahr;2003;DINSG;Deutschland insgesamt;DG;Deutschland;ENRG03;Energieträger;KHL-B-KOKS;Braunkohlenkoks;13342;MWh;EKT001;Elektrizitätserzeugung (brutto);e
43311;Monatserhebung ü. Elektrizitäts- u. Wärmeerzeugung;JAHR;Jahr;2003;DINSG;Deutschland insgesamt;DG;Deutschland;ENRG03;Energieträger;KHL-B-KOKS;Braunkohlenkoks;127940;GJ;BRN001;Brennstoffeinsatz;e
43311;Monatserhebung ü. Elektrizitäts- u. Wärmeerzeugung;JAHR;Jahr;2020;DINSG;Deutschland insgesamt;DG;Deutschland;ENRG03;Energieträger;BIO-F-01;Feste biogene Stoffe;5461188;MWh;WRM001;Nettowärmeerzeugung;e
43311;Monatserhebung ü. Elektrizitäts- u. Wärmeerzeugung;JAHR;Jahr;2020;DINSG;Deutschland insgesamt;DG;Deutschland;ENRG03;Energieträger;BIO-F-01;Feste biogene Stoffe;4441568;MWh;EKT002;Elektrizitätserzeugung (netto);e
43311;Monatserhebung ü. Elektrizitäts- u. Wärmeerzeugung;JAHR;Jahr;2020;DINSG;Deutschland insgesamt;DG;Deutschland;ENRG03;Energieträger;BIO-F-01;Feste biogene Stoffe;5017150;MWh;EKT001;Elektrizitätserzeugung (brutto);e
43311;Monatserhebung ü. Elektrizitäts- u. Wärmeerzeugung;JAHR;Jahr;2020;DINSG;Deutschland insgesamt;DG;Deutschland;ENRG03;Energieträger;BIO-F-01;Feste biogene Stoffe;78678449;GJ;BRN001;Brennstoffeinsatz;e
43311;Monatserhebung ü. Elektrizitäts- u. Wärmeerzeugung;JAHR;Jahr;2022;DINSG;Deutschland insgesamt;DG;Deutschland;ENRG03;Energieträger;;Insgesamt;98388835;MWh;WRM001;Nettowärmeerzeugung;e
43311;Monatserhebung ü. Elektrizitäts- u. Wärmeerzeugung;JAHR;Jahr;2022;DINSG;Deutschland insgesamt;DG;Deutschland;ENRG03;Energieträger;;Insgesamt;273144778;MWh;EKT002;Elektrizitätserzeugung (netto);e
43311;Monatserhebung ü. Elektrizitäts- u. Wärmeerzeugung;JAHR;Jahr;2022;DINSG;Deutschland insgesamt;DG;Deutschland;ENRG03;Energieträger;;Insgesamt;293024354;MWh;EKT001;Elektrizitätserzeugung (brutto);e
43311;Monatserhebung ü. Elektrizitäts- u. Wärmeerzeugung;JAHR;Jahr;2022;DINSG;Deutschland insgesamt;DG;Deutschland;ENRG03;Energieträger;;Insgesamt;2395591232;GJ;BRN001;Brennstoffeinsatz;e
43311;Monatserhebung ü. Elektrizitäts- u. Wärmeerzeugung;JAHR;Jahr;2005;DINSG;Deutschland insgesamt;DG;Deutschland;ENRG03;Energieträger;KHL-B-HART;Hartbraunkohlen;-;MWh;WRM001;Nettowärmeerzeugung;
43311;Monatserhebung ü. Elektrizitäts- u. Wärmeerzeugung;JAHR;Jahr;2005;DINSG;Deutschland insgesamt;DG;Deutschland;ENRG03;Energieträger;KHL-B-HART;Hartbraunkohlen;-;MWh;EKT002;Elektrizitätserzeugung (netto);
43311;Monatserhebung ü. Elektrizitäts- u. Wärmeerzeugung;JAHR;Jahr;2005;DINSG;Deutschland insgesamt;DG;Deutschland;ENRG03;Energieträger;KHL-B-HART;Hartbraunkohlen;-;MWh;EKT001;Elektrizitätserzeugung (brutto);
43311;Monatserhebung ü. Elektrizitäts- u. Wärmeerzeugung;JAHR;Jahr;2005;DINSG;Deutschland insgesamt;DG;Deutschland;ENRG03;Energieträger;KHL-B-HART;Hartbraunkohlen;-;GJ;BRN001;Brennstoffeinsatz;
43311;Monatserhebung ü. Elektrizitäts- u. Wärmeerzeugung;JAHR;Jahr;2015;DINSG;Deutschland insgesamt;DG;Deutschland;ENRG03;Energieträger;WRM-01;Wärme;1795356;MWh;WRM001;Nettowärmeerzeugung;e
43311;Monatserhebung ü. Elektrizitäts- u. Wärmeerzeugung;JAHR;Jahr;2015;DINSG;Deutschland insgesamt;DG;Deutschland;ENRG03;Energieträger;WRM-01;Wärme;535377;MWh;EKT002;Elektrizitätserzeugung (netto);e
43311;Monatserhebung ü. Elektrizitäts- u. Wärmeerzeugung;JAHR;Jahr;2015;DINSG;Deutschland insgesamt;DG;Deutschland;ENRG03;Energieträger;WRM-01;Wärme;566358;MWh;EKT001;Elektrizitätserzeugung (brutto);e
43311;Monatserhebung ü. Elektrizitäts- u. Wärmeerzeugung;JAHR;Jahr;2015;DINSG;Deutschland insgesamt;DG;Deutschland;ENRG03;Energieträger;WRM-01;Wärme;11959498;GJ;BRN001;Brennstoffeinsatz;e
43311;Monatserhebung ü. Elektrizitäts- u. Wärmeerzeugung;JAHR;Jahr;2022;DINSG;Deutschland insgesamt;DG;Deutschland;ENRG03;Energieträger;KHL-S-01;Steinkohlen;19106288;MWh;WRM001;Nettowärmeerzeugung;e
43311;Monatserhebung ü. Elektrizitäts- u. Wärmeerzeugung;JAHR;Jahr;2022;DINSG;Deutschland insgesamt;DG;Deutschland;ENRG03;Energieträger;KHL-S-01;Steinkohlen;55443585;MWh;EKT002;Elektrizitätserzeugung (netto);e
43311;Monatserhebung ü. Elektrizitäts- u. Wärmeerzeugung;JAHR;Jahr;2022;DINSG;Deutschland insgesamt;DG;Deutschland;ENRG03;Energieträger;KHL-S-01;Steinkohlen;60759486;MWh;EKT001;Elektrizitätserzeugung (brutto);e
43311;Monatserhebung ü. Elektrizitäts- u. Wärmeerzeugung;JAHR;Jahr;2022;DINSG;Deutschland insgesamt;DG;Deutschland;ENRG03;Energieträger;KHL-S-01;Steinkohlen;571296845;GJ;BRN001;Brennstoffeinsatz;e
43311;Monatserhebung ü. Elektrizitäts- u. Wärmeerzeugung;JAHR;Jahr;2017;DINSG;Deutschland insgesamt;DG;Deutschland;ENRG03;Energieträger;GAS-GRUB;Grubengas;.;MWh;WRM001;Nettowärmeerzeugung;
43311;Monatserhebung ü. Elektrizitäts- u. Wärmeerzeugung;JAHR;Jahr;2017;DINSG;Deutschland insgesamt;DG;Deutschland;ENRG03;Energieträger;GAS-GRUB;Grubengas;.;MWh;EKT002;Elektrizitätserzeugung (netto);
43311;Monatserhebung ü. Elektrizitäts- u. Wärmeerzeugung;JAHR;Jahr;2017;DINSG;Deutschland insgesamt;DG;Deutschland;ENRG03;Energieträger;GAS-GRUB;Grubengas;.;MWh;EKT001;Elektrizitätserzeugung (brutto);
43311;Monatserhebung ü. Elektrizitäts- u. Wärmeerzeugung;JAHR;Jahr;2017;DINSG;Deutschland insgesamt;DG;Deutschland;ENRG03;Energieträger;GAS-GRUB;Grubengas;.;GJ;BRN001;Brennstoffeinsatz;
43311;Monatserhebung ü. Elektrizitäts- u. Wärmeerzeugung;JAHR;Jahr;2017;DINSG;Deutschland insgesamt;DG;Deutschland;ENRG03;Energieträger;KHL-S-SONST;Sonstige Steinkohlen;-;MWh;WRM001;Nettowärmeerzeugung;
43311;Monatserhebung ü. Elektrizitäts- u. Wärmeerzeugung;JAHR;Jahr;2017;DINSG;Deutschland insgesamt;DG;Deutschland;ENRG03;Energieträger;KHL-S-SONST;Sonstige Steinkohlen;-;MWh;EKT002;Elektrizitätserzeugung (netto);
43311;Monatserhebung ü. Elektrizitäts- u. Wärmeerzeugung;JAHR;Jahr;2017;DINSG;Deutschland insgesamt;DG;Deutschland;ENRG03;Energieträger;KHL-S-SONST;Sonstige Steinkohlen;-;MWh;EKT001;Elektrizitätserzeugung (brutto);
43311;Monatserhebung ü. Elektrizitäts- u. Wärmeerzeugung;JAHR;Jahr;2017;DINSG;Deutschland insgesamt;DG;Deutschland;ENRG03;Energieträger;KHL-S-SONST;Sonstige Steinkohlen;-;GJ;BRN001;Brennstoffeinsatz;
43311;Monatserhebung ü. Elektrizitäts- u. Wärmeerzeugung;JAHR;Jahr;2016;DINSG;Deutschland insgesamt;DG;Deutschland;ENRG03;Energieträger;KHL-B-BRIK;Braunkohlenbriketts;.;MWh;WRM001;Nettowärmeerzeugung;
43311;Monatserhebung ü. Elektrizitäts- u. Wärmeerzeugung;JAHR;Jahr;2016;DINSG;Deutschland insgesamt;DG;Deutschland;ENRG03;Energieträger;KHL-B-BRIK;Braunkohlenbriketts;.;MWh;EKT002;Elektrizitätserzeugung (netto);
43311;Monatserhebung ü. Elektrizitäts- u. Wärmeerzeugung;JAHR;Jahr;2016;DINSG;Deutschland insgesamt;DG;Deutschland;ENRG03;Energieträger;KHL-B-BRIK;Braunkohlenbriketts;.;MWh;EKT001;Elektrizitätserzeugung (brutto);
43311;Monatserhebung ü. Elektrizitäts- u. Wärmeerzeugung;JAHR;Jahr;2016;DINSG;Deutschland insgesamt;DG;Deutschland;ENRG03;Energieträger;KHL-B-BRIK;Braunkohlenbriketts;.;GJ;BRN001;Brennstoffeinsatz;
43311;Monatserhebung ü. Elektrizitäts- u. Wärmeerzeugung;JAHR;Jahr;2009;DINSG;Deutschland insgesamt;DG;Deutschland;ENRG03;Energieträger;KHL-B-STK;Staub- und Trockenkohle;588741;MWh;WRM001;Nettowärmeerzeugung;e
43311;Monatserhebung ü. Elektrizitäts- u. Wärmeerzeugung;JAHR;Jahr;2009;DINSG;Deutschland insgesamt;DG;Deutschland;ENRG03;Energieträger;KHL-B-STK;Staub- und Trockenkohle;275589;MWh;EKT002;Elektrizitätserzeugung (netto);e
43311;Monatserhebung ü. Elektrizitäts- u. Wärmeerzeugung;JAHR;Jahr;2009;DINSG;Deutschland insgesamt;DG;Deutschland;ENRG03;Energieträger;KHL-B-STK;Staub- und Trockenkohle;314561;MWh;EKT001;Elektrizitätserzeugung (brutto);e
43311;Monatserhebung ü. Elektrizitäts- u. Wärmeerzeugung;JAHR;Jahr;2009;DINSG;Deutschland insgesamt;DG;Deutschland;ENRG03;Energieträger;KHL-B-STK;Staub- und Trockenkohle;4856882;GJ;BRN001;Brennstoffeinsatz;e
43311;Monatserhebung ü. Elektrizitäts- u. Wärmeerzeugung;JAHR;Jahr;2017;DINSG;Deutschland insgesamt;DG;Deutschland;ENRG03;Energieträger;WAS-PSP-03;Pumpspeicher ohne natürlichen Zufluss;-;MWh;WRM001;Nettowärmeerzeugung;
43311;Monatserhebung ü. Elektrizitäts- u. Wärmeerzeugung;JAHR;Jahr;2017;DINSG;Deutschland insgesamt;DG;Deutschland;ENRG03;Energieträger;WAS-PSP-03;Pumpspeicher ohne natürlichen Zufluss;5909658;MWh;EKT002;Elektrizitätserzeugung (netto);e
43311;Monatserhebung ü. Elektrizitäts- u. Wärmeerzeugung;JAHR;Jahr;2017;DINSG;Deutschland insgesamt;DG;Deutschland;ENRG03;Energieträger;WAS-PSP-03;Pumpspeicher ohne natürlichen Zufluss;6004580;MWh;EKT001;Elektrizitätserzeugung (brutto);e
43311;Monatserhebung ü. Elektrizitäts- u. Wärmeerzeugung;JAHR;Jahr;2017;DINSG;Deutschland insgesamt;DG;Deutschland;ENRG03;Energieträger;WAS-PSP-03;Pumpspeicher ohne natürlichen Zufluss;-;GJ;BRN001;Brennstoffeinsatz;
43311;Monatserhebung ü. Elektrizitäts- u. Wärmeerzeugung;JAHR;Jahr;2005;DINSG;Deutschland insgesamt;DG;Deutschland;ENRG03;Energieträger;KHL-S-SONST;Sonstige Steinkohlen;-;MWh;WRM001;Nettowärmeerzeugung;
43311;Monatserhebung ü. Elektrizitäts- u. Wärmeerzeugung;JAHR;Jahr;2005;DINSG;Deutschland insgesamt;DG;Deutschland;ENRG03;Energieträger;KHL-S-SONST;Sonstige Steinkohlen;-;MWh;EKT002;Elektrizitätserzeugung (netto);
43311;Monatserhebung ü. Elektrizitäts- u. Wärmeerzeugung;JAHR;Jahr;2005;DINSG;Deutschland insgesamt;DG;Deutschland;ENRG03;Energieträger;KHL-S-SONST;Sonstige Steinkohlen;-;MWh;EKT001;Elektrizitätserzeugung (brutto);
43311;Monatserhebung ü. Elektrizitäts- u. Wärmeerzeugung;JAHR;Jahr;2005;DINSG;Deutschland insgesamt;DG;Deutschland;ENRG03;Energieträger;KHL-S-SONST;Sonstige Steinkohlen;-;GJ;BRN001;Brennstoffeinsatz;
43311;Monatserhebung ü. Elektrizitäts- u. Wärmeerzeugung;JAHR;Jahr;2009;DINSG;Deutschland insgesamt;DG;Deutschland;ENRG03;Energieträger;PHOTO-01;Photovoltaik;13;MWh;WRM001;Nettowärmeerzeugung;e
43311;Monatserhebung ü. Elektrizitäts- u. Wärmeerzeugung;JAHR;Jahr;2009;DINSG;Deutschland insgesamt;DG;Deutschland;ENRG03;Energieträger;PHOTO-01;Photovoltaik;20704;MWh;EKT002;Elektrizitätserzeugung (netto);e
43311;Monatserhebung ü. Elektrizitäts- u. Wärmeerzeugung;JAHR;Jahr;2009;DINSG;Deutschland insgesamt;DG;Deutschland;ENRG03;Energieträger;PHOTO-01;Photovoltaik;20704;MWh;EKT001;Elektrizitätserzeugung (brutto);e
43311;Monatserhebung ü. Elektrizitäts- u. Wärmeerzeugung;JAHR;Jahr;2009;DINSG;Deutschland insgesamt;DG;Deutschland;ENRG03;Energieträger;PHOTO-01;Photovoltaik;-;GJ;BRN001;Brennstoffeinsatz;
43311;Monatserhebung ü. Elektrizitäts- u. Wärmeerzeugung;JAHR;Jahr;2018;DINSG;Deutschland insgesamt;DG;Deutschland;ENRG03;Energieträger;STROM-02;Strom (Elektrokessel);.;MWh;WRM001;Nettowärmeerzeugung;
43311;Monatserhebung ü. Elektrizitäts- u. Wärmeerzeugung;JAHR;Jahr;2018;DINSG;Deutschland insgesamt;DG;Deutschland;ENRG03;Energieträger;STROM-02;Strom (Elektrokessel);-;MWh;EKT002;Elektrizitätserzeugung (netto);
43311;Monatserhebung ü. Elektrizitäts- u. Wärmeerzeugung;JAHR;Jahr;2018;DINSG;Deutschland insgesamt;DG;Deutschland;ENRG03;Energieträger;STROM-02;Strom (Elektrokessel);-;MWh;EKT001;Elektrizitätserzeugung (brutto);
43311;Monatserhebung ü. Elektrizitäts- u. Wärmeerzeugung;JAHR;Jahr;2018;DINSG;Deutschland insgesamt;DG;Deutschland;ENRG03;Energieträger;STROM-02;Strom (Elektrokessel);.;GJ;BRN001;Brennstoffeinsatz;
43311;Monatserhebung ü. Elektrizitäts- u. Wärmeerzeugung;JAHR;Jahr;2011;DINSG;Deutschland insgesamt;DG;Deutschland;ENRG03;Energieträger;OEL-H-L-01;Heizöl, leicht;246780;MWh;WRM001;Nettowärmeerzeugung;e
43311;Monatserhebung ü. Elektrizitäts- u. Wärmeerzeugung;JAHR;Jahr;2011;DINSG;Deutschland insgesamt;DG;Deutschland;ENRG03;Energieträger;OEL-H-L-01;Heizöl, leicht;477113;MWh;EKT002;Elektrizitätserzeugung (netto);e
43311;Monatserhebung ü. Elektrizitäts- u. Wärmeerzeugung;JAHR;Jahr;2011;DINSG;Deutschland insgesamt;DG;Deutschland;ENRG03;Energieträger;OEL-H-L-01;Heizöl, leicht;524410;MWh;EKT001;Elektrizitätserzeugung (brutto);e
43311;Monatserhebung ü. Elektrizitäts- u. Wärmeerzeugung;JAHR;Jahr;2011;DINSG;Deutschland insgesamt;DG;Deutschland;ENRG03;Energieträger;OEL-H-L-01;Heizöl, leicht;6871656;GJ;BRN001;Brennstoffeinsatz;e
43311;Monatserhebung ü. Elektrizitäts- u. Wärmeerzeugung;JAHR;Jahr;2023;DINSG;Deutschland insgesamt;DG;Deutschland;ENRG03;Energieträger;KHL-B-HART;Hartbraunkohlen;.;MWh;WRM001;Nettowärmeerzeugung;
43311;Monatserhebung ü. Elektrizitäts- u. Wärmeerzeugung;JAHR;Jahr;2023;DINSG;Deutschland insgesamt;DG;Deutschland;ENRG03;Energieträger;KHL-B-HART;Hartbraunkohlen;.;MWh;EKT002;Elektrizitätserzeugung (netto);
43311;Monatserhebung ü. Elektrizitäts- u. Wärmeerzeugung;JAHR;Jahr;2023;DINSG;Deutschland insgesamt;DG;Deutschland;ENRG03;Energieträger;KHL-B-HART;Hartbraunkohlen;.;MWh;EKT001;Elektrizitätserzeugung (brutto);
43311;Monatserhebung ü. Elektrizitäts- u. Wärmeerzeugung;JAHR;Jahr;2023;DINSG;Deutschland insgesamt;DG;Deutschland;ENRG03;Energieträger;KHL-B-HART;Hartbraunkohlen;.;GJ;BRN001;Brennstoffeinsatz;
43311;Monatserhebung ü. Elektrizitäts- u. Wärmeerzeugung;JAHR;Jahr;2022;DINSG;Deutschland insgesamt;DG;Deutschland;ENRG03;Energieträger;KHL-B-WSK;Wirbelschichtkohle;.;MWh;WRM001;Nettowärmeerzeugung;
43311;Monatserhebung ü. Elektrizitäts- u. Wärmeerzeugung;JAHR;Jahr;2022;DINSG;Deutschland insgesamt;DG;Deutschland;ENRG03;Energieträger;KHL-B-WSK;Wirbelschichtkohle;.;MWh;EKT002;Elektrizitätserzeugung (netto);
43311;Monatserhebung ü. Elektrizitäts- u. Wärmeerzeugung;JAHR;Jahr;2022;DINSG;Deutschland insgesamt;DG;Deutschland;ENRG03;Energieträger;KHL-B-WSK;Wirbelschichtkohle;.;MWh;EKT001;Elektrizitätserzeugung (brutto);
43311;Monatserhebung ü. Elektrizitäts- u. Wärmeerzeugung;JAHR;Jahr;2022;DINSG;Deutschland insgesamt;DG;Deutschland;ENRG03;Energieträger;KHL-B-WSK;Wirbelschichtkohle;.;GJ;BRN001;Brennstoffeinsatz;
43311;Monatserhebung ü. Elektrizitäts- u. Wärmeerzeugung;JAHR;Jahr;2022;DINSG;Deutschland insgesamt;DG;Deutschland;ENRG03;Energieträger;GAS-DEP;Deponiegas;35286;MWh;WRM001;Nettowärmeerzeugung;e
43311;Monatserhebung ü. Elektrizitäts- u. Wärmeerzeugung;JAHR;Jahr;2022;DINSG;Deutschland insgesamt;DG;Deutschland;ENRG03;Energieträger;GAS-DEP;Deponiegas;56080;MWh;EKT002;Elektrizitätserzeugung (netto);e
43311;Monatserhebung ü. Elektrizitäts- u. Wärmeerzeugung;JAHR;Jahr;2022;DINSG;Deutschland insgesamt;DG;Deutschland;ENRG03;Energieträger;GAS-DEP;Deponiegas;59864;MWh;EKT001;Elektrizitätserzeugung (brutto);e
43311;Monatserhebung ü. Elektrizitäts- u. Wärmeerzeugung;JAHR;Jahr;2022;DINSG;Deutschland insgesamt;DG;Deutschland;ENRG03;Energieträger;GAS-DEP;Deponiegas;623753;GJ;BRN001;Brennstoffeinsatz;e
43311;Monatserhebung ü. Elektrizitäts- u. Wärmeerzeugung;JAHR;Jahr;2018;DINSG;Deutschland insgesamt;DG;Deutschland;ENRG03;Energieträger;GAS-GRUB;Grubengas;.;MWh;WRM001;Nettowärmeerzeugung;
43311;Monatserhebung ü. Elektrizitäts- u. Wärmeerzeugung;JAHR;Jahr;2018;DINSG;Deutschland insgesamt;DG;Deutschland;ENRG03;Energieträger;GAS-GRUB;Grubengas;273568;MWh;EKT002;Elektrizitätserzeugung (netto);e
43311;Monatserhebung ü. Elektrizitäts- u. Wärmeerzeugung;JAHR;Jahr;2018;DINSG;Deutschland insgesamt;DG;Deutschland;ENRG03;Energieträger;GAS-GRUB;Grubengas;281473;MWh;EKT001;Elektrizitätserzeugung (brutto);e
43311;Monatserhebung ü. Elektrizitäts- u. Wärmeerzeugung;JAHR;Jahr;2018;DINSG;Deutschland insgesamt;DG;Deutschland;ENRG03;Energieträger;GAS-GRUB;Grubengas;2527151;GJ;BRN001;Brennstoffeinsatz;e
43311;Monatserhebung ü. Elektrizitäts- u. Wärmeerzeugung;JAHR;Jahr;2015;DINSG;Deutschland insgesamt;DG;Deutschland;ENRG03;Energieträger;KHL-S-KOKS;Steinkohlenkoks;-;MWh;WRM001;Nettowärmeerzeugung;
43311;Monatserhebung ü. Elektrizitäts- u. Wärmeerzeugung;JAHR;Jahr;2015;DINSG;Deutschland insgesamt;DG;Deutschland;ENRG03;Energieträger;KHL-S-KOKS;Steinkohlenkoks;-;MWh;EKT002;Elektrizitätserzeugung (netto);
43311;Monatserhebung ü. Elektrizitäts- u. Wärmeerzeugung;JAHR;Jahr;2015;DINSG;Deutschland insgesamt;DG;Deutschland;ENRG03;Energieträger;KHL-S-KOKS;Steinkohlenkoks;-;MWh;EKT001;Elektrizitätserzeugung (brutto);
43311;Monatserhebung ü. Elektrizitäts- u. Wärmeerzeugung;JAHR;Jahr;2015;DINSG;Deutschland insgesamt;DG;Deutschland;ENRG03;Energieträger;KHL-S-KOKS;Steinkohlenkoks;-;GJ;BRN001;Brennstoffeinsatz;
43311;Monatserhebung ü. Elektrizitäts- u. Wärmeerzeugung;JAHR;Jahr;2015;DINSG;Deutschland insgesamt;DG;Deutschland;ENRG03;Energieträger;SP-SONST-01;Andere Speicher;-;MWh;WRM001;Nettowärmeerzeugung;
43311;Monatserhebung ü. Elektrizitäts- u. Wärmeerzeugung;JAHR;Jahr;2015;DINSG;Deutschland insgesamt;DG;Deutschland;ENRG03;Energieträger;SP-SONST-01;Andere Speicher;-;MWh;EKT002;Elektrizitätserzeugung (netto);
43311;Monatserhebung ü. Elektrizitäts- u. Wärmeerzeugung;JAHR;Jahr;2015;DINSG;Deutschland insgesamt;DG;Deutschland;ENRG03;Energieträger;SP-SONST-01;Andere Speicher;-;MWh;EKT001;Elektrizitätserzeugung (brutto);
43311;Monatserhebung ü. Elektrizitäts- u. Wärmeerzeugung;JAHR;Jahr;2015;DINSG;Deutschland insgesamt;DG;Deutschland;ENRG03;Energieträger;SP-SONST-01;Andere Speicher;-;GJ;BRN001;Brennstoffeinsatz;
43311;Monatserhebung ü. Elektrizitäts- u. Wärmeerzeugung;JAHR;Jahr;2014;DINSG;Deutschland insgesamt;DG;Deutschland;ENRG03;Energieträger;KHL-S-KWS;Kohlenwertstoffe aus Steinkohle;-;MWh;WRM001;Nettowärmeerzeugung;
43311;Monatserhebung ü. Elektrizitäts- u. Wärmeerzeugung;JAHR;Jahr;2014;DINSG;Deutschland insgesamt;DG;Deutschland;ENRG03;Energieträger;KHL-S-KWS;Kohlenwertstoffe aus Steinkohle;-;MWh;EKT002;Elektrizitätserzeugung (netto);
43311;Monatserhebung ü. Elektrizitäts- u. Wärmeerzeugung;JAHR;Jahr;2014;DINSG;Deutschland insgesamt;DG;Deutschland;ENRG03;Energieträger;KHL-S-KWS;Kohlenwertstoffe aus Steinkohle;-;MWh;EKT001;Elektrizitätserzeugung (brutto);
43311;Monatserhebung ü. Elektrizitäts- u. Wärmeerzeugung;JAHR;Jahr;2014;DINSG;Deutschland insgesamt;DG;Deutschland;ENRG03;Energieträger;KHL-S-KWS;Kohlenwertstoffe aus Steinkohle;-;GJ;BRN001;Brennstoffeinsatz;
43311;Monatserhebung ü. Elektrizitäts- u. Wärmeerzeugung;JAHR;Jahr;2022;DINSG;Deutschland insgesamt;DG;Deutschland;ENRG03;Energieträger;WAS-LF-01;Laufwasser;-;MWh;WRM001;Nettowärmeerzeugung;
43311;Monatserhebung ü. Elektrizitäts- u. Wärmeerzeugung;JAHR;Jahr;2022;DINSG;Deutschland insgesamt;DG;Deutschland;ENRG03;Energieträger;WAS-LF-01;Laufwasser;13281638;MWh;EKT002;Elektrizitätserzeugung (netto);e
43311;Monatserhebung ü. Elektrizitäts- u. Wärmeerzeugung;JAHR;Jahr;2022;DINSG;Deutschland insgesamt;DG;Deutschland;ENRG03;Energieträger;WAS-LF-01;Laufwasser;13404202;MWh;EKT001;Elektrizitätserzeugung (brutto);e
43311;Monatserhebung ü. Elektrizitäts- u. Wärmeerzeugung;JAHR;Jahr;2022;DINSG;Deutschland insgesamt;DG;Deutschland;ENRG03;Energieträger;WAS-LF-01;Laufwasser;-;GJ;BRN001;Brennstoffeinsatz;
43311;Monatserhebung ü. Elektrizitäts- u. Wärmeerzeugung;JAHR;Jahr;2018;DINSG;Deutschland insgesamt;DG;Deutschland;ENRG03;Energieträger;WAS-LF-01;Laufwasser;-;MWh;WRM001;Nettowärmeerzeugung;
43311;Monatserhebung ü. Elektrizitäts- u. Wärmeerzeugung;JAHR;Jahr;2018;DINSG;Deutschland insgesamt;DG;Deutschland;ENRG03;Energieträger;WAS-LF-01;Laufwasser;13859807;MWh;EKT002;Elektrizitätserzeugung (netto);e
43311;Monatserhebung ü. Elektrizitäts- u. Wärmeerzeugung;JAHR;Jahr;2018;DINSG;Deutschland insgesamt;DG;Deutschland;ENRG03;Energieträger;WAS-LF-01;Laufwasser;13986518;MWh;EKT001;Elektrizitätserzeugung (brutto);e
43311;Monatserhebung ü. Elektrizitäts- u. Wärmeerzeugung;JAHR;Jahr;2018;DINSG;Deutschland insgesamt;DG;Deutschland;ENRG03;Energieträger;WAS-LF-01;Laufwasser;-;GJ;BRN001;Brennstoffeinsatz;
43311;Monatserhebung ü. Elektrizitäts- u. Wärmeerzeugung;JAHR;Jahr;2011;DINSG;Deutschland insgesamt;DG;Deutschland;ENRG03;Energieträger;ABF-03;Abfall (Hausmüll, Siedlungsabfälle);10572011;MWh;WRM001;Nettowärmeerzeugung;e
43311;Monatserhebung ü. Elektrizitäts- u. Wärmeerzeugung;JAHR;Jahr;2011;DINSG;Deutschland insgesamt;DG;Deutschland;ENRG03;Energieträger;ABF-03;Abfall (Hausmüll, Siedlungsabfälle);7211704;MWh;EKT002;Elektrizitätserzeugung (netto);e
43311;Monatserhebung ü. Elektrizitäts- u. Wärmeerzeugung;JAHR;Jahr;2011;DINSG;Deutschland insgesamt;DG;Deutschland;ENRG03;Energieträger;ABF-03;Abfall (Hausmüll, Siedlungsabfälle);9100545;MWh;EKT001;Elektrizitätserzeugung (brutto);e
43311;Monatserhebung ü. Elektrizitäts- u. Wärmeerzeugung;JAHR;Jahr;2011;DINSG;Deutschland insgesamt;DG;Deutschland;ENRG03;Energieträger;ABF-03;Abfall (Hausmüll, Siedlungsabfälle);168734630;GJ;BRN001;Brennstoffeinsatz;e
43311;Monatserhebung ü. Elektrizitäts- u. Wärmeerzeugung;JAHR;Jahr;2017;DINSG;Deutschland insgesamt;DG;Deutschland;ENRG03;Energieträger;STROM-02;Strom (Elektrokessel);-;MWh;WRM001;Nettowärmeerzeugung;
43311;Monatserhebung ü. Elektrizitäts- u. Wärmeerzeugung;JAHR;Jahr;2017;DINSG;Deutschland insgesamt;DG;Deutschland;ENRG03;Energieträger;STROM-02;Strom (Elektrokessel);-;MWh;EKT002;Elektrizitätserzeugung (netto);
43311;Monatserhebung ü. Elektrizitäts- u. Wärmeerzeugung;JAHR;Jahr;2017;DINSG;Deutschland insgesamt;DG;Deutschland;ENRG03;Energieträger;STROM-02;Strom (Elektrokessel);-;MWh;EKT001;Elektrizitätserzeugung (brutto);
43311;Monatserhebung ü. Elektrizitäts- u. Wärmeerzeugung;JAHR;Jahr;2017;DINSG;Deutschland insgesamt;DG;Deutschland;ENRG03;Energieträger;STROM-02;Strom (Elektrokessel);-;GJ;BRN001;Brennstoffeinsatz;
43311;Monatserhebung ü. Elektrizitäts- u. Wärmeerzeugung;JAHR;Jahr;2019;DINSG;Deutschland insgesamt;DG;Deutschland;ENRG03;Energieträger;ENRKER;Kernenergie;-;MWh;WRM001;Nettowärmeerzeugung;
43311;Monatserhebung ü. Elektrizitäts- u. Wärmeerzeugung;JAHR;Jahr;2019;DINSG;Deutschland insgesamt;DG;Deutschland;ENRG03;Energieträger;ENRKER;Kernenergie;70992175;MWh;EKT002;Elektrizitätserzeugung (netto);e
43311;Monatserhebung ü. Elektrizitäts- u. Wärmeerzeugung;JAHR;Jahr;2019;DINSG;Deutschland insgesamt;DG;Deutschland;ENRG03;Energieträger;ENRKER;Kernenergie;75071236;MWh;EKT001;Elektrizitätserzeugung (brutto);e
43311;Monatserhebung ü. Elektrizitäts- u. Wärmeerzeugung;JAHR;Jahr;2019;DINSG;Deutschland insgesamt;DG;Deutschland;ENRG03;Energieträger;ENRKER;Kernenergie;-;GJ;BRN001;Brennstoffeinsatz;
43311;Monatserhebung ü. Elektrizitäts- u. Wärmeerzeugung;JAHR;Jahr;2004;DINSG;Deutschland insgesamt;DG;Deutschland;ENRG03;Energieträger;WAS-PSP-01;Pumpspeicherwasser;-;MWh;WRM001;Nettowärmeerzeugung;
43311;Monatserhebung ü. Elektrizitäts- u. Wärmeerzeugung;JAHR;Jahr;2004;DINSG;Deutschland insgesamt;DG;Deutschland;ENRG03;Energieträger;WAS-PSP-01;Pumpspeicherwasser;6273414;MWh;EKT002;Elektrizitätserzeugung (netto);e
43311;Monatserhebung ü. Elektrizitäts- u. Wärmeerzeugung;JAHR;Jahr;2004;DINSG;Deutschland insgesamt;DG;Deutschland;ENRG03;Energieträger;WAS-PSP-01;Pumpspeicherwasser;6364152;MWh;EKT001;Elektrizitätserzeugung (brutto);e
43311;Monatserhebung ü. Elektrizitäts- u. Wärmeerzeugung;JAHR;Jahr;2004;DINSG;Deutschland insgesamt;DG;Deutschland;ENRG03;Energieträger;WAS-PSP-01;Pumpspeicherwasser;-;GJ;BRN001;Brennstoffeinsatz;
43311;Monatserhebung ü. Elektrizitäts- u. Wärmeerzeugung;JAHR;Jahr;2003;DINSG;Deutschland insgesamt;DG;Deutschland;ENRG03;Energieträger;SP-SONST-01;Andere Speicher;-;MWh;WRM001;Nettowärmeerzeugung;
43311;Monatserhebung ü. Elektrizitäts- u. Wärmeerzeugung;JAHR;Jahr;2003;DINSG;Deutschland insgesamt;DG;Deutschland;ENRG03;Energieträger;SP-SONST-01;Andere Speicher;-;MWh;EKT002;Elektrizitätserzeugung (netto);
43311;Monatserhebung ü. Elektrizitäts- u. Wärmeerzeugung;JAHR;Jahr;2003;DINSG;Deutschland insgesamt;DG;Deutschland;ENRG03;Energieträger;SP-SONST-01;Andere Speicher;-;MWh;EKT001;Elektrizitätserzeugung (brutto);
43311;Monatserhebung ü. Elektrizitäts- u. Wärmeerzeugung;JAHR;Jahr;2003;DINSG;Deutschland insgesamt;DG;Deutschland;ENRG03;Energieträger;SP-SONST-01;Andere Speicher;-;GJ;BRN001;Brennstoffeinsatz;
43311;Monatserhebung ü. Elektrizitäts- u. Wärmeerzeugung;JAHR;Jahr;2017;DINSG;Deutschland insgesamt;DG;Deutschland;ENRG03;Energieträger;ENRSET;Sonstige Energieträger;.;MWh;WRM001;Nettowärmeerzeugung;
43311;Monatserhebung ü. Elektrizitäts- u. Wärmeerzeugung;JAHR;Jahr;2017;DINSG;Deutschland insgesamt;DG;Deutschland;ENRG03;Energieträger;ENRSET;Sonstige Energieträger;49113;MWh;EKT002;Elektrizitätserzeugung (netto);e
43311;Monatserhebung ü. Elektrizitäts- u. Wärmeerzeugung;JAHR;Jahr;2017;DINSG;Deutschland insgesamt;DG;Deutschland;ENRG03;Energieträger;ENRSET;Sonstige Energieträger;51925;MWh;EKT001;Elektrizitätserzeugung (brutto);e
43311;Monatserhebung ü. Elektrizitäts- u. Wärmeerzeugung;JAHR;Jahr;2017;DINSG;Deutschland insgesamt;DG;Deutschland;ENRG03;Energieträger;ENRSET;Sonstige Energieträger;.;GJ;BRN001;Brennstoffeinsatz;
43311;Monatserhebung ü. Elektrizitäts- u. Wärmeerzeugung;JAHR;Jahr;2013;DINSG;Deutschland insgesamt;DG;Deutschland;ENRG03;Energieträger;ABF-03;Abfall (Hausmüll, Siedlungsabfälle);13741866;MWh;WRM001;Nettowärmeerzeugung;e
43311;Monatserhebung ü. Elektrizitäts- u. Wärmeerzeugung;JAHR;Jahr;2013;DINSG;Deutschland insgesamt;DG;Deutschland;ENRG03;Energieträger;ABF-03;Abfall (Hausmüll, Siedlungsabfälle);8094470;MWh;EKT002;Elektrizitätserzeugung (netto);e
43311;Monatserhebung ü. Elektrizitäts- u. Wärmeerzeugung;JAHR;Jahr;2013;DINSG;Deutschland insgesamt;DG;Deutschland;ENRG03;Energieträger;ABF-03;Abfall (Hausmüll, Siedlungsabfälle);10230725;MWh;EKT001;Elektrizitätserzeugung (brutto);e
43311;Monatserhebung ü. Elektrizitäts- u. Wärmeerzeugung;JAHR;Jahr;2013;DINSG;Deutschland insgesamt;DG;Deutschland;ENRG03;Energieträger;ABF-03;Abfall (Hausmüll, Siedlungsabfälle);197457747;GJ;BRN001;Brennstoffeinsatz;e
43311;Monatserhebung ü. Elektrizitäts- u. Wärmeerzeugung;JAHR;Jahr;2017;DINSG;Deutschland insgesamt;DG;Deutschland;ENRG03;Energieträger;WRM-01;Wärme;1413245;MWh;WRM001;Nettowärmeerzeugung;e
43311;Monatserhebung ü. Elektrizitäts- u. Wärmeerzeugung;JAHR;Jahr;2017;DINSG;Deutschland insgesamt;DG;Deutschland;ENRG03;Energieträger;WRM-01;Wärme;515226;MWh;EKT002;Elektrizitätserzeugung (netto);e
43311;Monatserhebung ü. Elektrizitäts- u. Wärmeerzeugung;JAHR;Jahr;2017;DINSG;Deutschland insgesamt;DG;Deutschland;ENRG03;Energieträger;WRM-01;Wärme;533026;MWh;EKT001;Elektrizitätserzeugung (brutto);e
43311;Monatserhebung ü. Elektrizitäts- u. Wärmeerzeugung;JAHR;Jahr;2017;DINSG;Deutschland insgesamt;DG;Deutschland;ENRG03;Energieträger;WRM-01;Wärme;10054145;GJ;BRN001;Brennstoffeinsatz;e
43311;Monatserhebung ü. Elektrizitäts- u. Wärmeerzeugung;JAHR;Jahr;2020;DINSG;Deutschland insgesamt;DG;Deutschland;ENRG03;Energieträger;DIESEL-01;Dieselkraftstoff;.;MWh;WRM001;Nettowärmeerzeugung;
43311;Monatserhebung ü. Elektrizitäts- u. Wärmeerzeugung;JAHR;Jahr;2020;DINSG;Deutschland insgesamt;DG;Deutschland;ENRG03;Energieträger;DIESEL-01;Dieselkraftstoff;240;MWh;EKT002;Elektrizitätserzeugung (netto);e
43311;Monatserhebung ü. Elektrizitäts- u. Wärmeerzeugung;JAHR;Jahr;2020;DINSG;Deutschland insgesamt;DG;Deutschland;ENRG03;Energieträger;DIESEL-01;Dieselkraftstoff;245;MWh;EKT001;Elektrizitätserzeugung (brutto);e
43311;Monatserhebung ü. Elektrizitäts- u. Wärmeerzeugung;JAHR;Jahr;2020;DINSG;Deutschland insgesamt;DG;Deutschland;ENRG03;Energieträger;DIESEL-01;Dieselkraftstoff;2534;GJ;BRN001;Brennstoffeinsatz;e
43311;Monatserhebung ü. Elektrizitäts- u. Wärmeerzeugung;JAHR;Jahr;2003;DINSG;Deutschland insgesamt;DG;Deutschland;ENRG03;Energieträger;KHL-S-BRIK;Steinkohlenbriketts;-;MWh;WRM001;Nettowärmeerzeugung;
43311;Monatserhebung ü. Elektrizitäts- u. Wärmeerzeugung;JAHR;Jahr;2003;DINSG;Deutschland insgesamt;DG;Deutschland;ENRG03;Energieträger;KHL-S-BRIK;Steinkohlenbriketts;-;MWh;EKT002;Elektrizitätserzeugung (netto);
43311;Monatserhebung ü. Elektrizitäts- u. Wärmeerzeugung;JAHR;Jahr;2003;DINSG;Deutschland insgesamt;DG;Deutschland;ENRG03;Energieträger;KHL-S-BRIK;Steinkohlenbriketts;-;MWh;EKT001;Elektrizitätserzeugung (brutto);
43311;Monatserhebung ü. Elektrizitäts- u. Wärmeerzeugung;JAHR;Jahr;2003;DINSG;Deutschland insgesamt;DG;Deutschland;ENRG03;Energieträger;KHL-S-BRIK;Steinkohlenbriketts;-;GJ;BRN001;Brennstoffeinsatz;
43311;Monatserhebung ü. Elektrizitäts- u. Wärmeerzeugung;JAHR;Jahr;2010;DINSG;Deutschland insgesamt;DG;Deutschland;ENRG03;Energieträger;BIO-FL-01;Flüssige biogene Stoffe;56548;MWh;WRM001;Nettowärmeerzeugung;e
43311;Monatserhebung ü. Elektrizitäts- u. Wärmeerzeugung;JAHR;Jahr;2010;DINSG;Deutschland insgesamt;DG;Deutschland;ENRG03;Energieträger;BIO-FL-01;Flüssige biogene Stoffe;44073;MWh;EKT002;Elektrizitätserzeugung (netto);e
43311;Monatserhebung ü. Elektrizitäts- u. Wärmeerzeugung;JAHR;Jahr;2010;DINSG;Deutschland insgesamt;DG;Deutschland;ENRG03;Energieträger;BIO-FL-01;Flüssige biogene Stoffe;46932;MWh;EKT001;Elektrizitätserzeugung (brutto);e
43311;Monatserhebung ü. Elektrizitäts- u. Wärmeerzeugung;JAHR;Jahr;2010;DINSG;Deutschland insgesamt;DG;Deutschland;ENRG03;Energieträger;BIO-FL-01;Flüssige biogene Stoffe;570799;GJ;BRN001;Brennstoffeinsatz;e
43311;Monatserhebung ü. Elektrizitäts- u. Wärmeerzeugung;JAHR;Jahr;2007;DINSG;Deutschland insgesamt;DG;Deutschland;ENRG03;Energieträger;GAS-FL;Flüssiggas;-;MWh;WRM001;Nettowärmeerzeugung;
43311;Monatserhebung ü. Elektrizitäts- u. Wärmeerzeugung;JAHR;Jahr;2007;DINSG;Deutschland insgesamt;DG;Deutschland;ENRG03;Energieträger;GAS-FL;Flüssiggas;-;MWh;EKT002;Elektrizitätserzeugung (netto);
43311;Monatserhebung ü. Elektrizitäts- u. Wärmeerzeugung;JAHR;Jahr;2007;DINSG;Deutschland insgesamt;DG;Deutschland;ENRG03;Energieträger;GAS-FL;Flüssiggas;-;MWh;EKT001;Elektrizitätserzeugung (brutto);
43311;Monatserhebung ü. Elektrizitäts- u. Wärmeerzeugung;JAHR;Jahr;2007;DINSG;Deutschland insgesamt;DG;Deutschland;ENRG03;Energieträger;GAS-FL;Flüssiggas;-;GJ;BRN001;Brennstoffeinsatz;
43311;Monatserhebung ü. Elektrizitäts- u. Wärmeerzeugung;JAHR;Jahr;2024;DINSG;Deutschland insgesamt;DG;Deutschland;ENRG03;Energieträger;KHL-S-KOKS;Steinkohlenkoks;-;MWh;WRM001;Nettowärmeerzeugung;
43311;Monatserhebung ü. Elektrizitäts- u. Wärmeerzeugung;JAHR;Jahr;2024;DINSG;Deutschland insgesamt;DG;Deutschland;ENRG03;Energieträger;KHL-S-KOKS;Steinkohlenkoks;-;MWh;EKT002;Elektrizitätserzeugung (netto);
43311;Monatserhebung ü. Elektrizitäts- u. Wärmeerzeugung;JAHR;Jahr;2024;DINSG;Deutschland insgesamt;DG;Deutschland;ENRG03;Energieträger;KHL-S-KOKS;Steinkohlenkoks;-;MWh;EKT001;Elektrizitätserzeugung (brutto);
43311;Monatserhebung ü. Elektrizitäts- u. Wärmeerzeugung;JAHR;Jahr;2024;DINSG;Deutschland insgesamt;DG;Deutschland;ENRG03;Energieträger;KHL-S-KOKS;Steinkohlenkoks;-;GJ;BRN001;Brennstoffeinsatz;
43311;Monatserhebung ü. Elektrizitäts- u. Wärmeerzeugung;JAHR;Jahr;2006;DINSG;Deutschland insgesamt;DG;Deutschland;ENRG03;Energieträger;GAS-E-02;Erdgas, Erdölgas;55344221;MWh;WRM001;Nettowärmeerzeugung;e
43311;Monatserhebung ü. Elektrizitäts- u. Wärmeerzeugung;JAHR;Jahr;2006;DINSG;Deutschland insgesamt;DG;Deutschland;ENRG03;Energieträger;GAS-E-02;Erdgas, Erdölgas;54957743;MWh;EKT002;Elektrizitätserzeugung (netto);e
43311;Monatserhebung ü. Elektrizitäts- u. Wärmeerzeugung;JAHR;Jahr;2006;DINSG;Deutschland insgesamt;DG;Deutschland;ENRG03;Energieträger;GAS-E-02;Erdgas, Erdölgas;56826926;MWh;EKT001;Elektrizitätserzeugung (brutto);e
43311;Monatserhebung ü. Elektrizitäts- u. Wärmeerzeugung;JAHR;Jahr;2006;DINSG;Deutschland insgesamt;DG;Deutschland;ENRG03;Energieträger;GAS-E-02;Erdgas, Erdölgas;562535640;GJ;BRN001;Brennstoffeinsatz;e
43311;Monatserhebung ü. Elektrizitäts- u. Wärmeerzeugung;JAHR;Jahr;2002;DINSG;Deutschland insgesamt;DG;Deutschland;ENRG03;Energieträger;GAS-HO-01;Hochofengas;-;MWh;WRM001;Nettowärmeerzeugung;
43311;Monatserhebung ü. Elektrizitäts- u. Wärmeerzeugung;JAHR;Jahr;2002;DINSG;Deutschland insgesamt;DG;Deutschland;ENRG03;Energieträger;GAS-HO-01;Hochofengas;3102993;MWh;EKT002;Elektrizitätserzeugung (netto);e
43311;Monatserhebung ü. Elektrizitäts- u. Wärmeerzeugung;JAHR;Jahr;2002;DINSG;Deutschland insgesamt;DG;Deutschland;ENRG03;Energieträger;GAS-HO-01;Hochofengas;3300300;MWh;EKT001;Elektrizitätserzeugung (brutto);e
43311;Monatserhebung ü. Elektrizitäts- u. Wärmeerzeugung;JAHR;Jahr;2002;DINSG;Deutschland insgesamt;DG;Deutschland;ENRG03;Energieträger;GAS-HO-01;Hochofengas;32578127;GJ;BRN001;Brennstoffeinsatz;e
43311;Monatserhebung ü. Elektrizitäts- u. Wärmeerzeugung;JAHR;Jahr;2021;DINSG;Deutschland insgesamt;DG;Deutschland;ENRG03;Energieträger;PKOKS-01;Petrolkoks;-;MWh;WRM001;Nettowärmeerzeugung;
43311;Monatserhebung ü. Elektrizitäts- u. Wärmeerzeugung;JAHR;Jahr;2021;DINSG;Deutschland insgesamt;DG;Deutschland;ENRG03;Energieträger;PKOKS-01;Petrolkoks;-;MWh;EKT002;Elektrizitätserzeugung (netto);
43311;Monatserhebung ü. Elektrizitäts- u. Wärmeerzeugung;JAHR;Jahr;2021;DINSG;Deutschland insgesamt;DG;Deutschland;ENRG03;Energieträger;PKOKS-01;Petrolkoks;-;MWh;EKT001;Elektrizitätserzeugung (brutto);
43311;Monatserhebung ü. Elektrizitäts- u. Wärmeerzeugung;JAHR;Jahr;2021;DINSG;Deutschland insgesamt;DG;Deutschland;ENRG03;Energieträger;PKOKS-01;Petrolkoks;-;GJ;BRN001;Brennstoffeinsatz;
43311;Monatserhebung ü. Elektrizitäts- u. Wärmeerzeugung;JAHR;Jahr;2003;DINSG;Deutschland insgesamt;DG;Deutschland;ENRG03;Energieträger;SOLTH-01;Solarthermie;-;MWh;WRM001;Nettowärmeerzeugung;
43311;Monatserhebung ü. Elektrizitäts- u. Wärmeerzeugung;JAHR;Jahr;2003;DINSG;Deutschland insgesamt;DG;Deutschland;ENRG03;Energieträger;SOLTH-01;Solarthermie;-;MWh;EKT002;Elektrizitätserzeugung (netto);
43311;Monatserhebung ü. Elektrizitäts- u. Wärmeerzeugung;JAHR;Jahr;2003;DINSG;Deutschland insgesamt;DG;Deutschland;ENRG03;Energieträger;SOLTH-01;Solarthermie;-;MWh;EKT001;Elektrizitätserzeugung (brutto);
43311;Monatserhebung ü. Elektrizitäts- u. Wärmeerzeugung;JAHR;Jahr;2003;DINSG;Deutschland insgesamt;DG;Deutschland;ENRG03;Energieträger;SOLTH-01;Solarthermie;-;GJ;BRN001;Brennstoffeinsatz;
43311;Monatserhebung ü. Elektrizitäts- u. Wärmeerzeugung;JAHR;Jahr;2005;DINSG;Deutschland insgesamt;DG;Deutschland;ENRG03;Energieträger;PKOKS-01;Petrolkoks;182584;MWh;WRM001;Nettowärmeerzeugung;e
43311;Monatserhebung ü. Elektrizitäts- u. Wärmeerzeugung;JAHR;Jahr;2005;DINSG;Deutschland insgesamt;DG;Deutschland;ENRG03;Energieträger;PKOKS-01;Petrolkoks;1912373;MWh;EKT002;Elektrizitätserzeugung (netto);e
43311;Monatserhebung ü. Elektrizitäts- u. Wärmeerzeugung;JAHR;Jahr;2005;DINSG;Deutschland insgesamt;DG;Deutschland;ENRG03;Energieträger;PKOKS-01;Petrolkoks;2079635;MWh;EKT001;Elektrizitätserzeugung (brutto);e
43311;Monatserhebung ü. Elektrizitäts- u. Wärmeerzeugung;JAHR;Jahr;2005;DINSG;Deutschland insgesamt;DG;Deutschland;ENRG03;Energieträger;PKOKS-01;Petrolkoks;18474276;GJ;BRN001;Brennstoffeinsatz;e
43311;Monatserhebung ü. Elektrizitäts- u. Wärmeerzeugung;JAHR;Jahr;2008;DINSG;Deutschland insgesamt;DG;Deutschland;ENRG03;Energieträger;KHL-B-ROH;Rohbraunkohlen;9254575;MWh;WRM001;Nettowärmeerzeugung;e
43311;Monatserhebung ü. Elektrizitäts- u. Wärmeerzeugung;JAHR;Jahr;2008;DINSG;Deutschland insgesamt;DG;Deutschland;ENRG03;Energieträger;KHL-B-ROH;Rohbraunkohlen;134498393;MWh;EKT002;Elektrizitätserzeugung (netto);e
43311;Monatserhebung ü. Elektrizitäts- u. Wärmeerzeugung;JAHR;Jahr;2008;DINSG;Deutschland insgesamt;DG;Deutschland;ENRG03;Energieträger;KHL-B-ROH;Rohbraunkohlen;146440892;MWh;EKT001;Elektrizitätserzeugung (brutto);e
43311;Monatserhebung ü. Elektrizitäts- u. Wärmeerzeugung;JAHR;Jahr;2008;DINSG;Deutschland insgesamt;DG;Deutschland;ENRG03;Energieträger;KHL-B-ROH;Rohbraunkohlen;1415706906;GJ;BRN001;Brennstoffeinsatz;e
43311;Monatserhebung ü. Elektrizitäts- u. Wärmeerzeugung;JAHR;Jahr;2020;DINSG;Deutschland insgesamt;DG;Deutschland;ENRG03;Energieträger;OEL-SONST;Sonstige Mineralölprodukte;.;MWh;WRM001;Nettowärmeerzeugung;
43311;Monatserhebung ü. Elektrizitäts- u. Wärmeerzeugung;JAHR;Jahr;2020;DINSG;Deutschland insgesamt;DG;Deutschland;ENRG03;Energieträger;OEL-SONST;Sonstige Mineralölprodukte;71260;MWh;EKT002;Elektrizitätserzeugung (netto);e
43311;Monatserhebung ü. Elektrizitäts- u. Wärmeerzeugung;JAHR;Jahr;2020;DINSG;Deutschland insgesamt;DG;Deutschland;ENRG03;Energieträger;OEL-SONST;Sonstige Mineralölprodukte;77375;MWh;EKT001;Elektrizitätserzeugung (brutto);e
43311;Monatserhebung ü. Elektrizitäts- u. Wärmeerzeugung;JAHR;Jahr;2020;DINSG;Deutschland insgesamt;DG;Deutschland;ENRG03;Energieträger;OEL-SONST;Sonstige Mineralölprodukte;806083;GJ;BRN001;Brennstoffeinsatz;e
43311;Monatserhebung ü. Elektrizitäts- u. Wärmeerzeugung;JAHR;Jahr;2007;DINSG;Deutschland insgesamt;DG;Deutschland;ENRG03;Energieträger;KHL-B-BRIK;Braunkohlenbriketts;167931;MWh;WRM001;Nettowärmeerzeugung;e
43311;Monatserhebung ü. Elektrizitäts- u. Wärmeerzeugung;JAHR;Jahr;2007;DINSG;Deutschland insgesamt;DG;Deutschland;ENRG03;Energieträger;KHL-B-BRIK;Braunkohlenbriketts;50551;MWh;EKT002;Elektrizitätserzeugung (netto);e
43311;Monatserhebung ü. Elektrizitäts- u. Wärmeerzeugung;JAHR;Jahr;2007;DINSG;Deutschland insgesamt;DG;Deutschland;ENRG03;Energieträger;KHL-B-BRIK;Braunkohlenbriketts;56831;MWh;EKT001;Elektrizitätserzeugung (brutto);e
43311;Monatserhebung ü. Elektrizitäts- u. Wärmeerzeugung;JAHR;Jahr;2007;DINSG;Deutschland insgesamt;DG;Deutschland;ENRG03;Energieträger;KHL-B-BRIK;Braunkohlenbriketts;1177147;GJ;BRN001;Brennstoffeinsatz;e
43311;Monatserhebung ü. Elektrizitäts- u. Wärmeerzeugung;JAHR;Jahr;2017;DINSG;Deutschland insgesamt;DG;Deutschland;ENRG03;Energieträger;KLS-01;Klärschlamm;32888;MWh;WRM001;Nettowärmeerzeugung;e
43311;Monatserhebung ü. Elektrizitäts- u. Wärmeerzeugung;JAHR;Jahr;2017;DINSG;Deutschland insgesamt;DG;Deutschland;ENRG03;Energieträger;KLS-01;Klärschlamm;104270;MWh;EKT002;Elektrizitätserzeugung (netto);e
43311;Monatserhebung ü. Elektrizitäts- u. Wärmeerzeugung;JAHR;Jahr;2017;DINSG;Deutschland insgesamt;DG;Deutschland;ENRG03;Energieträger;KLS-01;Klärschlamm;115743;MWh;EKT001;Elektrizitätserzeugung (brutto);e
43311;Monatserhebung ü. Elektrizitäts- u. Wärmeerzeugung;JAHR;Jahr;2017;DINSG;Deutschland insgesamt;DG;Deutschland;ENRG03;Energieträger;KLS-01;Klärschlamm;1216243;GJ;BRN001;Brennstoffeinsatz;e
43311;Monatserhebung ü. Elektrizitäts- u. Wärmeerzeugung;JAHR;Jahr;2016;DINSG;Deutschland insgesamt;DG;Deutschland;ENRG03;Energieträger;DIESEL-01;Dieselkraftstoff;-;MWh;WRM001;Nettowärmeerzeugung;
43311;Monatserhebung ü. Elektrizitäts- u. Wärmeerzeugung;JAHR;Jahr;2016;DINSG;Deutschland insgesamt;DG;Deutschland;ENRG03;Energieträger;DIESEL-01;Dieselkraftstoff;375;MWh;EKT002;Elektrizitätserzeugung (netto);e
43311;Monatserhebung ü. Elektrizitäts- u. Wärmeerzeugung;JAHR;Jahr;2016;DINSG;Deutschland insgesamt;DG;Deutschland;ENRG03;Energieträger;DIESEL-01;Dieselkraftstoff;383;MWh;EKT001;Elektrizitätserzeugung (brutto);e
43311;Monatserhebung ü. Elektrizitäts- u. Wärmeerzeugung;JAHR;Jahr;2016;DINSG;Deutschland insgesamt;DG;Deutschland;ENRG03;Energieträger;DIESEL-01;Dieselkraftstoff;3348;GJ;BRN001;Brennstoffeinsatz;e
43311;Monatserhebung ü. Elektrizitäts- u. Wärmeerzeugung;JAHR;Jahr;2010;DINSG;Deutschland insgesamt;DG;Deutschland;ENRG03;Energieträger;STROM-02;Strom (Elektrokessel);-;MWh;WRM001;Nettowärmeerzeugung;
43311;Monatserhebung ü. Elektrizitäts- u. Wärmeerzeugung;JAHR;Jahr;2010;DINSG;Deutschland insgesamt;DG;Deutschland;ENRG03;Energieträger;STROM-02;Strom (Elektrokessel);-;MWh;EKT002;Elektrizitätserzeugung (netto);
43311;Monatserhebung ü. Elektrizitäts- u. Wärmeerzeugung;JAHR;Jahr;2010;DINSG;Deutschland insgesamt;DG;Deutschland;ENRG03;Energieträger;STROM-02;Strom (Elektrokessel);-;MWh;EKT001;Elektrizitätserzeugung (brutto);
43311;Monatserhebung ü. Elektrizitäts- u. Wärmeerzeugung;JAHR;Jahr;2010;DINSG;Deutschland insgesamt;DG;Deutschland;ENRG03;Energieträger;STROM-02;Strom (Elektrokessel);-;GJ;BRN001;Brennstoffeinsatz;
43311;Monatserhebung ü. Elektrizitäts- u. Wärmeerzeugung;JAHR;Jahr;2023;DINSG;Deutschland insgesamt;DG;Deutschland;ENRG03;Energieträger;WAS-PSP-03;Pumpspeicher ohne natürlichen Zufluss;-;MWh;WRM001;Nettowärmeerzeugung;
43311;Monatserhebung ü. Elektrizitäts- u. Wärmeerzeugung;JAHR;Jahr;2023;DINSG;Deutschland insgesamt;DG;Deutschland;ENRG03;Energieträger;WAS-PSP-03;Pumpspeicher ohne natürlichen Zufluss;-;MWh;EKT002;Elektrizitätserzeugung (netto);
43311;Monatserhebung ü. Elektrizitäts- u. Wärmeerzeugung;JAHR;Jahr;2023;DINSG;Deutschland insgesamt;DG;Deutschland;ENRG03;Energieträger;WAS-PSP-03;Pumpspeicher ohne natürlichen Zufluss;-;MWh;EKT001;Elektrizitätserzeugung (brutto);
43311;Monatserhebung ü. Elektrizitäts- u. Wärmeerzeugung;JAHR;Jahr;2023;DINSG;Deutschland insgesamt;DG;Deutschland;ENRG03;Energieträger;WAS-PSP-03;Pumpspeicher ohne natürlichen Zufluss;-;GJ;BRN001;Brennstoffeinsatz;
43311;Monatserhebung ü. Elektrizitäts- u. Wärmeerzeugung;JAHR;Jahr;2006;DINSG;Deutschland insgesamt;DG;Deutschland;ENRG03;Energieträger;KHL-S-01;Steinkohlen;33246400;MWh;WRM001;Nettowärmeerzeugung;e
43311;Monatserhebung ü. Elektrizitäts- u. Wärmeerzeugung;JAHR;Jahr;2006;DINSG;Deutschland insgesamt;DG;Deutschland;ENRG03;Energieträger;KHL-S-01;Steinkohlen;116470179;MWh;EKT002;Elektrizitätserzeugung (netto);e
43311;Monatserhebung ü. Elektrizitäts- u. Wärmeerzeugung;JAHR;Jahr;2006;DINSG;Deutschland insgesamt;DG;Deutschland;ENRG03;Energieträger;KHL-S-01;Steinkohlen;126259053;MWh;EKT001;Elektrizitätserzeugung (brutto);e
43311;Monatserhebung ü. Elektrizitäts- u. Wärmeerzeugung;JAHR;Jahr;2006;DINSG;Deutschland insgesamt;DG;Deutschland;ENRG03;Energieträger;KHL-S-01;Steinkohlen;1224743008;GJ;BRN001;Brennstoffeinsatz;e
43311;Monatserhebung ü. Elektrizitäts- u. Wärmeerzeugung;JAHR;Jahr;2006;DINSG;Deutschland insgesamt;DG;Deutschland;ENRG03;Energieträger;BIO-FL-01;Flüssige biogene Stoffe;17522;MWh;WRM001;Nettowärmeerzeugung;e
43311;Monatserhebung ü. Elektrizitäts- u. Wärmeerzeugung;JAHR;Jahr;2006;DINSG;Deutschland insgesamt;DG;Deutschland;ENRG03;Energieträger;BIO-FL-01;Flüssige biogene Stoffe;36419;MWh;EKT002;Elektrizitätserzeugung (netto);e
43311;Monatserhebung ü. Elektrizitäts- u. Wärmeerzeugung;JAHR;Jahr;2006;DINSG;Deutschland insgesamt;DG;Deutschland;ENRG03;Energieträger;BIO-FL-01;Flüssige biogene Stoffe;38692;MWh;EKT001;Elektrizitätserzeugung (brutto);e
43311;Monatserhebung ü. Elektrizitäts- u. Wärmeerzeugung;JAHR;Jahr;2006;DINSG;Deutschland insgesamt;DG;Deutschland;ENRG03;Energieträger;BIO-FL-01;Flüssige biogene Stoffe;335701;GJ;BRN001;Brennstoffeinsatz;e
43311;Monatserhebung ü. Elektrizitäts- u. Wärmeerzeugung;JAHR;Jahr;2017;DINSG;Deutschland insgesamt;DG;Deutschland;ENRG03;Energieträger;ENRKER;Kernenergie;-;MWh;WRM001;Nettowärmeerzeugung;
43311;Monatserhebung ü. Elektrizitäts- u. Wärmeerzeugung;JAHR;Jahr;2017;DINSG;Deutschland insgesamt;DG;Deutschland;ENRG03;Energieträger;ENRKER;Kernenergie;72154982;MWh;EKT002;Elektrizitätserzeugung (netto);e
43311;Monatserhebung ü. Elektrizitäts- u. Wärmeerzeugung;JAHR;Jahr;2017;DINSG;Deutschland insgesamt;DG;Deutschland;ENRG03;Energieträger;ENRKER;Kernenergie;76324401;MWh;EKT001;Elektrizitätserzeugung (brutto);e
43311;Monatserhebung ü. Elektrizitäts- u. Wärmeerzeugung;JAHR;Jahr;2017;DINSG;Deutschland insgesamt;DG;Deutschland;ENRG03;Energieträger;ENRKER;Kernenergie;-;GJ;BRN001;Brennstoffeinsatz;
43311;Monatserhebung ü. Elektrizitäts- u. Wärmeerzeugung;JAHR;Jahr;2015;DINSG;Deutschland insgesamt;DG;Deutschland;ENRG03;Energieträger;GAS-H2;Wasserstoff;-;MWh;WRM001;Nettowärmeerzeugung;
43311;Monatserhebung ü. Elektrizitäts- u. Wärmeerzeugung;JAHR;Jahr;2015;DINSG;Deutschland insgesamt;DG;Deutschland;ENRG03;Energieträger;GAS-H2;Wasserstoff;-;MWh;EKT002;Elektrizitätserzeugung (netto);
43311;Monatserhebung ü. Elektrizitäts- u. Wärmeerzeugung;JAHR;Jahr;2015;DINSG;Deutschland insgesamt;DG;Deutschland;ENRG03;Energieträger;GAS-H2;Wasserstoff;-;MWh;EKT001;Elektrizitätserzeugung (brutto);
43311;Monatserhebung ü. Elektrizitäts- u. Wärmeerzeugung;JAHR;Jahr;2015;DINSG;Deutschland insgesamt;DG;Deutschland;ENRG03;Energieträger;GAS-H2;Wasserstoff;-;GJ;BRN001;Brennstoffeinsatz;
43311;Monatserhebung ü. Elektrizitäts- u. Wärmeerzeugung;JAHR;Jahr;2005;DINSG;Deutschland insgesamt;DG;Deutschland;ENRG03;Energieträger;OEL-SONST;Sonstige Mineralölprodukte;32383;MWh;WRM001;Nettowärmeerzeugung;e
43311;Monatserhebung ü. Elektrizitäts- u. Wärmeerzeugung;JAHR;Jahr;2005;DINSG;Deutschland insgesamt;DG;Deutschland;ENRG03;Energieträger;OEL-SONST;Sonstige Mineralölprodukte;1118141;MWh;EKT002;Elektrizitätserzeugung (netto);e
43311;Monatserhebung ü. Elektrizitäts- u. Wärmeerzeugung;JAHR;Jahr;2005;DINSG;Deutschland insgesamt;DG;Deutschland;ENRG03;Energieträger;OEL-SONST;Sonstige Mineralölprodukte;1206490;MWh;EKT001;Elektrizitätserzeugung (brutto);e
43311;Monatserhebung ü. Elektrizitäts- u. Wärmeerzeugung;JAHR;Jahr;2005;DINSG;Deutschland insgesamt;DG;Deutschland;ENRG03;Energieträger;OEL-SONST;Sonstige Mineralölprodukte;10894767;GJ;BRN001;Brennstoffeinsatz;e
43311;Monatserhebung ü. Elektrizitäts- u. Wärmeerzeugung;JAHR;Jahr;2021;DINSG;Deutschland insgesamt;DG;Deutschland;ENRG03;Energieträger;KHL-S-SONST;Sonstige Steinkohlen;-;MWh;WRM001;Nettowärmeerzeugung;
43311;Monatserhebung ü. Elektrizitäts- u. Wärmeerzeugung;JAHR;Jahr;2021;DINSG;Deutschland insgesamt;DG;Deutschland;ENRG03;Energieträger;KHL-S-SONST;Sonstige Steinkohlen;-;MWh;EKT002;Elektrizitätserzeugung (netto);
43311;Monatserhebung ü. Elektrizitäts- u. Wärmeerzeugung;JAHR;Jahr;2021;DINSG;Deutschland insgesamt;DG;Deutschland;ENRG03;Energieträger;KHL-S-SONST;Sonstige Steinkohlen;-;MWh;EKT001;Elektrizitätserzeugung (brutto);
43311;Monatserhebung ü. Elektrizitäts- u. Wärmeerzeugung;JAHR;Jahr;2021;DINSG;Deutschland insgesamt;DG;Deutschland;ENRG03;Energieträger;KHL-S-SONST;Sonstige Steinkohlen;-;GJ;BRN001;Brennstoffeinsatz;
43311;Monatserhebung ü. Elektrizitäts- u. Wärmeerzeugung;JAHR;Jahr;2005;DINSG;Deutschland insgesamt;DG;Deutschland;ENRG03;Energieträger;KHL-B-SONST;Sonstige Braunkohlen;22213;MWh;WRM001;Nettowärmeerzeugung;e
43311;Monatserhebung ü. Elektrizitäts- u. Wärmeerzeugung;JAHR;Jahr;2005;DINSG;Deutschland insgesamt;DG;Deutschland;ENRG03;Energieträger;KHL-B-SONST;Sonstige Braunkohlen;186717;MWh;EKT002;Elektrizitätserzeugung (netto);e
43311;Monatserhebung ü. Elektrizitäts- u. Wärmeerzeugung;JAHR;Jahr;2005;DINSG;Deutschland insgesamt;DG;Deutschland;ENRG03;Energieträger;KHL-B-SONST;Sonstige Braunkohlen;196752;MWh;EKT001;Elektrizitätserzeugung (brutto);e
43311;Monatserhebung ü. Elektrizitäts- u. Wärmeerzeugung;JAHR;Jahr;2005;DINSG;Deutschland insgesamt;DG;Deutschland;ENRG03;Energieträger;KHL-B-SONST;Sonstige Braunkohlen;1765695;GJ;BRN001;Brennstoffeinsatz;e
43311;Monatserhebung ü. Elektrizitäts- u. Wärmeerzeugung;JAHR;Jahr;2016;DINSG;Deutschland insgesamt;DG;Deutschland;ENRG03;Energieträger;GAS-BIO;Biogas;1753129;MWh;WRM001;Nettowärmeerzeugung;e
43311;Monatserhebung ü. Elektrizitäts- u. Wärmeerzeugung;JAHR;Jahr;2016;DINSG;Deutschland insgesamt;DG;Deutschland;ENRG03;Energieträger;GAS-BIO;Biogas;1730985;MWh;EKT002;Elektrizitätserzeugung (netto);e
43311;Monatserhebung ü. Elektrizitäts- u. Wärmeerzeugung;JAHR;Jahr;2016;DINSG;Deutschland insgesamt;DG;Deutschland;ENRG03;Energieträger;GAS-BIO;Biogas;1778272;MWh;EKT001;Elektrizitätserzeugung (brutto);e
43311;Monatserhebung ü. Elektrizitäts- u. Wärmeerzeugung;JAHR;Jahr;2016;DINSG;Deutschland insgesamt;DG;Deutschland;ENRG03;Energieträger;GAS-BIO;Biogas;17023006;GJ;BRN001;Brennstoffeinsatz;e
43311;Monatserhebung ü. Elektrizitäts- u. Wärmeerzeugung;JAHR;Jahr;2007;DINSG;Deutschland insgesamt;DG;Deutschland;ENRG03;Energieträger;WIND-01;Windkraft;-;MWh;WRM001;Nettowärmeerzeugung;
43311;Monatserhebung ü. Elektrizitäts- u. Wärmeerzeugung;JAHR;Jahr;2007;DINSG;Deutschland insgesamt;DG;Deutschland;ENRG03;Energieträger;WIND-01;Windkraft;442073;MWh;EKT002;Elektrizitätserzeugung (netto);e
43311;Monatserhebung ü. Elektrizitäts- u. Wärmeerzeugung;JAHR;Jahr;2007;DINSG;Deutschland insgesamt;DG;Deutschland;ENRG03;Energieträger;WIND-01;Windkraft;443150;MWh;EKT001;Elektrizitätserzeugung (brutto);e
43311;Monatserhebung ü. Elektrizitäts- u. Wärmeerzeugung;JAHR;Jahr;2007;DINSG;Deutschland insgesamt;DG;Deutschland;ENRG03;Energieträger;WIND-01;Windkraft;-;GJ;BRN001;Brennstoffeinsatz;
43311;Monatserhebung ü. Elektrizitäts- u. Wärmeerzeugung;JAHR;Jahr;2024;DINSG;Deutschland insgesamt;DG;Deutschland;ENRG03;Energieträger;GAS-HO-01;Hochofengas;-;MWh;WRM001;Nettowärmeerzeugung;
43311;Monatserhebung ü. Elektrizitäts- u. Wärmeerzeugung;JAHR;Jahr;2024;DINSG;Deutschland insgesamt;DG;Deutschland;ENRG03;Energieträger;GAS-HO-01;Hochofengas;-;MWh;EKT002;Elektrizitätserzeugung (netto);
43311;Monatserhebung ü. Elektrizitäts- u. Wärmeerzeugung;JAHR;Jahr;2024;DINSG;Deutschland insgesamt;DG;Deutschland;ENRG03;Energieträger;GAS-HO-01;Hochofengas;-;MWh;EKT001;Elektrizitätserzeugung (brutto);
43311;Monatserhebung ü. Elektrizitäts- u. Wärmeerzeugung;JAHR;Jahr;2024;DINSG;Deutschland insgesamt;DG;Deutschland;ENRG03;Energieträger;GAS-HO-01;Hochofengas;-;GJ;BRN001;Brennstoffeinsatz;
43311;Monatserhebung ü. Elektrizitäts- u. Wärmeerzeugung;JAHR;Jahr;2008;DINSG;Deutschland insgesamt;DG;Deutschland;ENRG03;Energieträger;WAS-PSP-03;Pumpspeicher ohne natürlichen Zufluss;-;MWh;WRM001;Nettowärmeerzeugung;
43311;Monatserhebung ü. Elektrizitäts- u. Wärmeerzeugung;JAHR;Jahr;2008;DINSG;Deutschland insgesamt;DG;Deutschland;ENRG03;Energieträger;WAS-PSP-03;Pumpspeicher ohne natürlichen Zufluss;-;MWh;EKT002;Elektrizitätserzeugung (netto);
43311;Monatserhebung ü. Elektrizitäts- u. Wärmeerzeugung;JAHR;Jahr;2008;DINSG;Deutschland insgesamt;DG;Deutschland;ENRG03;Energieträger;WAS-PSP-03;Pumpspeicher ohne natürlichen Zufluss;-;MWh;EKT001;Elektrizitätserzeugung (brutto);
43311;Monatserhebung ü. Elektrizitäts- u. Wärmeerzeugung;JAHR;Jahr;2008;DINSG;Deutschland insgesamt;DG;Deutschland;ENRG03;Energieträger;WAS-PSP-03;Pumpspeicher ohne natürlichen Zufluss;-;GJ;BRN001;Brennstoffeinsatz;
43311;Monatserhebung ü. Elektrizitäts- u. Wärmeerzeugung;JAHR;Jahr;2020;DINSG;Deutschland insgesamt;DG;Deutschland;ENRG03;Energieträger;OEL-H-L-01;Heizöl, leicht;224144;MWh;WRM001;Nettowärmeerzeugung;e
43311;Monatserhebung ü. Elektrizitäts- u. Wärmeerzeugung;JAHR;Jahr;2020;DINSG;Deutschland insgesamt;DG;Deutschland;ENRG03;Energieträger;OEL-H-L-01;Heizöl, leicht;454383;MWh;EKT002;Elektrizitätserzeugung (netto);e
43311;Monatserhebung ü. Elektrizitäts- u. Wärmeerzeugung;JAHR;Jahr;2020;DINSG;Deutschland insgesamt;DG;Deutschland;ENRG03;Energieträger;OEL-H-L-01;Heizöl, leicht;500688;MWh;EKT001;Elektrizitätserzeugung (brutto);e
43311;Monatserhebung ü. Elektrizitäts- u. Wärmeerzeugung;JAHR;Jahr;2020;DINSG;Deutschland insgesamt;DG;Deutschland;ENRG03;Energieträger;OEL-H-L-01;Heizöl, leicht;5895618;GJ;BRN001;Brennstoffeinsatz;e
43311;Monatserhebung ü. Elektrizitäts- u. Wärmeerzeugung;JAHR;Jahr;2005;DINSG;Deutschland insgesamt;DG;Deutschland;ENRG03;Energieträger;GAS-SONST;Sonstige hergestellte Gase;770757;MWh;WRM001;Nettowärmeerzeugung;e
43311;Monatserhebung ü. Elektrizitäts- u. Wärmeerzeugung;JAHR;Jahr;2005;DINSG;Deutschland insgesamt;DG;Deutschland;ENRG03;Energieträger;GAS-SONST;Sonstige hergestellte Gase;253826;MWh;EKT002;Elektrizitätserzeugung (netto);e
43311;Monatserhebung ü. Elektrizitäts- u. Wärmeerzeugung;JAHR;Jahr;2005;DINSG;Deutschland insgesamt;DG;Deutschland;ENRG03;Energieträger;GAS-SONST;Sonstige hergestellte Gase;275682;MWh;EKT001;Elektrizitätserzeugung (brutto);e
43311;Monatserhebung ü. Elektrizitäts- u. Wärmeerzeugung;JAHR;Jahr;2005;DINSG;Deutschland insgesamt;DG;Deutschland;ENRG03;Energieträger;GAS-SONST;Sonstige hergestellte Gase;4343951;GJ;BRN001;Brennstoffeinsatz;e
43311;Monatserhebung ü. Elektrizitäts- u. Wärmeerzeugung;JAHR;Jahr;2020;DINSG;Deutschland insgesamt;DG;Deutschland;ENRG03;Energieträger;WRM-01;Wärme;1801833;MWh;WRM001;Nettowärmeerzeugung;e
43311;Monatserhebung ü. Elektrizitäts- u. Wärmeerzeugung;JAHR;Jahr;2020;DINSG;Deutschland insgesamt;DG;Deutschland;ENRG03;Energieträger;WRM-01;Wärme;514311;MWh;EKT002;Elektrizitätserzeugung (netto);e
43311;Monatserhebung ü. Elektrizitäts- u. Wärmeerzeugung;JAHR;Jahr;2020;DINSG;Deutschland insgesamt;DG;Deutschland;ENRG03;Energieträger;WRM-01;Wärme;536607;MWh;EKT001;Elektrizitätserzeugung (brutto);e
43311;Monatserhebung ü. Elektrizitäts- u. Wärmeerzeugung;JAHR;Jahr;2020;DINSG;Deutschland insgesamt;DG;Deutschland;ENRG03;Energieträger;WRM-01;Wärme;11907416;GJ;BRN001;Brennstoffeinsatz;e
43311;Monatserhebung ü. Elektrizitäts- u. Wärmeerzeugung;JAHR;Jahr;2016;DINSG;Deutschland insgesamt;DG;Deutschland;ENRG03;Energieträger;ENR-EB-SONST;Sonstige erneuerbare Energien;-;MWh;WRM001;Nettowärmeerzeugung;
43311;Monatserhebung ü. Elektrizitäts- u. Wärmeerzeugung;JAHR;Jahr;2016;DINSG;Deutschland insgesamt;DG;Deutschland;ENRG03;Energieträger;ENR-EB-SONST;Sonstige erneuerbare Energien;-;MWh;EKT002;Elektrizitätserzeugung (netto);
43311;Monatserhebung ü. Elektrizitäts- u. Wärmeerzeugung;JAHR;Jahr;2016;DINSG;Deutschland insgesamt;DG;Deutschland;ENRG03;Energieträger;ENR-EB-SONST;Sonstige erneuerbare Energien;-;MWh;EKT001;Elektrizitätserzeugung (brutto);
43311;Monatserhebung ü. Elektrizitäts- u. Wärmeerzeugung;JAHR;Jahr;2016;DINSG;Deutschland insgesamt;DG;Deutschland;ENRG03;Energieträger;ENR-EB-SONST;Sonstige erneuerbare Energien;2950977;GJ;BRN001;Brennstoffeinsatz;e
43311;Monatserhebung ü. Elektrizitäts- u. Wärmeerzeugung;JAHR;Jahr;2010;DINSG;Deutschland insgesamt;DG;Deutschland;ENRG03;Energieträger;SOLTH-01;Solarthermie;-;MWh;WRM001;Nettowärmeerzeugung;
43311;Monatserhebung ü. Elektrizitäts- u. Wärmeerzeugung;JAHR;Jahr;2010;DINSG;Deutschland insgesamt;DG;Deutschland;ENRG03;Energieträger;SOLTH-01;Solarthermie;-;MWh;EKT002;Elektrizitätserzeugung (netto);
43311;Monatserhebung ü. Elektrizitäts- u. Wärmeerzeugung;JAHR;Jahr;2010;DINSG;Deutschland insgesamt;DG;Deutschland;ENRG03;Energieträger;SOLTH-01;Solarthermie;-;MWh;EKT001;Elektrizitätserzeugung (brutto);
43311;Monatserhebung ü. Elektrizitäts- u. Wärmeerzeugung;JAHR;Jahr;2010;DINSG;Deutschland insgesamt;DG;Deutschland;ENRG03;Energieträger;SOLTH-01;Solarthermie;-;GJ;BRN001;Brennstoffeinsatz;
43311;Monatserhebung ü. Elektrizitäts- u. Wärmeerzeugung;JAHR;Jahr;2021;DINSG;Deutschland insgesamt;DG;Deutschland;ENRG03;Energieträger;GAS-FL;Flüssiggas;-;MWh;WRM001;Nettowärmeerzeugung;
43311;Monatserhebung ü. Elektrizitäts- u. Wärmeerzeugung;JAHR;Jahr;2021;DINSG;Deutschland insgesamt;DG;Deutschland;ENRG03;Energieträger;GAS-FL;Flüssiggas;-;MWh;EKT002;Elektrizitätserzeugung (netto);
43311;Monatserhebung ü. Elektrizitäts- u. Wärmeerzeugung;JAHR;Jahr;2021;DINSG;Deutschland insgesamt;DG;Deutschland;ENRG03;Energieträger;GAS-FL;Flüssiggas;-;MWh;EKT001;Elektrizitätserzeugung (brutto);
43311;Monatserhebung ü. Elektrizitäts- u. Wärmeerzeugung;JAHR;Jahr;2021;DINSG;Deutschland insgesamt;DG;Deutschland;ENRG03;Energieträger;GAS-FL;Flüssiggas;-;GJ;BRN001;Brennstoffeinsatz;
43311;Monatserhebung ü. Elektrizitäts- u. Wärmeerzeugung;JAHR;Jahr;2021;DINSG;Deutschland insgesamt;DG;Deutschland;ENRG03;Energieträger;OEL-H-S-01;Heizöl, schwer;91720;MWh;WRM001;Nettowärmeerzeugung;e
43311;Monatserhebung ü. Elektrizitäts- u. Wärmeerzeugung;JAHR;Jahr;2021;DINSG;Deutschland insgesamt;DG;Deutschland;ENRG03;Energieträger;OEL-H-S-01;Heizöl, schwer;184404;MWh;EKT002;Elektrizitätserzeugung (netto);e
43311;Monatserhebung ü. Elektrizitäts- u. Wärmeerzeugung;JAHR;Jahr;2021;DINSG;Deutschland insgesamt;DG;Deutschland;ENRG03;Energieträger;OEL-H-S-01;Heizöl, schwer;203408;MWh;EKT001;Elektrizitätserzeugung (brutto);e
43311;Monatserhebung ü. Elektrizitäts- u. Wärmeerzeugung;JAHR;Jahr;2021;DINSG;Deutschland insgesamt;DG;Deutschland;ENRG03;Energieträger;OEL-H-S-01;Heizöl, schwer;2253887;GJ;BRN001;Brennstoffeinsatz;e
43311;Monatserhebung ü. Elektrizitäts- u. Wärmeerzeugung;JAHR;Jahr;2012;DINSG;Deutschland insgesamt;DG;Deutschland;ENRG03;Energieträger;WAS-PSP-01;Pumpspeicherwasser;-;MWh;WRM001;Nettowärmeerzeugung;
43311;Monatserhebung ü. Elektrizitäts- u. Wärmeerzeugung;JAHR;Jahr;2012;DINSG;Deutschland insgesamt;DG;Deutschland;ENRG03;Energieträger;WAS-PSP-01;Pumpspeicherwasser;-;MWh;EKT002;Elektrizitätserzeugung (netto);
43311;Monatserhebung ü. Elektrizitäts- u. Wärmeerzeugung;JAHR;Jahr;2012;DINSG;Deutschland insgesamt;DG;Deutschland;ENRG03;Energieträger;WAS-PSP-01;Pumpspeicherwasser;-;MWh;EKT001;Elektrizitätserzeugung (brutto);
43311;Monatserhebung ü. Elektrizitäts- u. Wärmeerzeugung;JAHR;Jahr;2012;DINSG;Deutschland insgesamt;DG;Deutschland;ENRG03;Energieträger;WAS-PSP-01;Pumpspeicherwasser;-;GJ;BRN001;Brennstoffeinsatz;
43311;Monatserhebung ü. Elektrizitäts- u. Wärmeerzeugung;JAHR;Jahr;2008;DINSG;Deutschland insgesamt;DG;Deutschland;ENRG03;Energieträger;KHL-S-01;Steinkohlen;32941845;MWh;WRM001;Nettowärmeerzeugung;e
43311;Monatserhebung ü. Elektrizitäts- u. Wärmeerzeugung;JAHR;Jahr;2008;DINSG;Deutschland insgesamt;DG;Deutschland;ENRG03;Energieträger;KHL-S-01;Steinkohlen;105713575;MWh;EKT002;Elektrizitätserzeugung (netto);e
43311;Monatserhebung ü. Elektrizitäts- u. Wärmeerzeugung;JAHR;Jahr;2008;DINSG;Deutschland insgesamt;DG;Deutschland;ENRG03;Energieträger;KHL-S-01;Steinkohlen;114885388;MWh;EKT001;Elektrizitätserzeugung (brutto);e
43311;Monatserhebung ü. Elektrizitäts- u. Wärmeerzeugung;JAHR;Jahr;2008;DINSG;Deutschland insgesamt;DG;Deutschland;ENRG03;Energieträger;KHL-S-01;Steinkohlen;1118638161;GJ;BRN001;Brennstoffeinsatz;e
43311;Monatserhebung ü. Elektrizitäts- u. Wärmeerzeugung;JAHR;Jahr;2009;DINSG;Deutschland insgesamt;DG;Deutschland;ENRG03;Energieträger;OEL-H-S-01;Heizöl, schwer;184276;MWh;WRM001;Nettowärmeerzeugung;e
43311;Monatserhebung ü. Elektrizitäts- u. Wärmeerzeugung;JAHR;Jahr;2009;DINSG;Deutschland insgesamt;DG;Deutschland;ENRG03;Energieträger;OEL-H-S-01;Heizöl, schwer;538658;MWh;EKT002;Elektrizitätserzeugung (netto);e
43311;Monatserhebung ü. Elektrizitäts- u. Wärmeerzeugung;JAHR;Jahr;2009;DINSG;Deutschland insgesamt;DG;Deutschland;ENRG03;Energieträger;OEL-H-S-01;Heizöl, schwer;589551;MWh;EKT001;Elektrizitätserzeugung (brutto);e
43311;Monatserhebung ü. Elektrizitäts- u. Wärmeerzeugung;JAHR;Jahr;2009;DINSG;Deutschland insgesamt;DG;Deutschland;ENRG03;Energieträger;OEL-H-S-01;Heizöl, schwer;6141081;GJ;BRN001;Brennstoffeinsatz;e
43311;Monatserhebung ü. Elektrizitäts- u. Wärmeerzeugung;JAHR;Jahr;2008;DINSG;Deutschland insgesamt;DG;Deutschland;ENRG03;Energieträger;GAS-KL;Klärgas;35443;MWh;WRM001;Nettowärmeerzeugung;e
43311;Monatserhebung ü. Elektrizitäts- u. Wärmeerzeugung;JAHR;Jahr;2008;DINSG;Deutschland insgesamt;DG;Deutschland;ENRG03;Energieträger;GAS-KL;Klärgas;27483;MWh;EKT002;Elektrizitätserzeugung (netto);e
43311;Monatserhebung ü. Elektrizitäts- u. Wärmeerzeugung;JAHR;Jahr;2008;DINSG;Deutschland insgesamt;DG;Deutschland;ENRG03;Energieträger;GAS-KL;Klärgas;29085;MWh;EKT001;Elektrizitätserzeugung (brutto);e
43311;Monatserhebung ü. Elektrizitäts- u. Wärmeerzeugung;JAHR;Jahr;2008;DINSG;Deutschland insgesamt;DG;Deutschland;ENRG03;Energieträger;GAS-KL;Klärgas;422513;GJ;BRN001;Brennstoffeinsatz;e
43311;Monatserhebung ü. Elektrizitäts- u. Wärmeerzeugung;JAHR;Jahr;2005;DINSG;Deutschland insgesamt;DG;Deutschland;ENRG03;Energieträger;GAS-K-01;Kokereigas;-;MWh;WRM001;Nettowärmeerzeugung;
43311;Monatserhebung ü. Elektrizitäts- u. Wärmeerzeugung;JAHR;Jahr;2005;DINSG;Deutschland insgesamt;DG;Deutschland;ENRG03;Energieträger;GAS-K-01;Kokereigas;42711;MWh;EKT002;Elektrizitätserzeugung (netto);e
43311;Monatserhebung ü. Elektrizitäts- u. Wärmeerzeugung;JAHR;Jahr;2005;DINSG;Deutschland insgesamt;DG;Deutschland;ENRG03;Energieträger;GAS-K-01;Kokereigas;47386;MWh;EKT001;Elektrizitätserzeugung (brutto);e
43311;Monatserhebung ü. Elektrizitäts- u. Wärmeerzeugung;JAHR;Jahr;2005;DINSG;Deutschland insgesamt;DG;Deutschland;ENRG03;Energieträger;GAS-K-01;Kokereigas;449367;GJ;BRN001;Brennstoffeinsatz;e
43311;Monatserhebung ü. Elektrizitäts- u. Wärmeerzeugung;JAHR;Jahr;2019;DINSG;Deutschland insgesamt;DG;Deutschland;ENRG03;Energieträger;KHL-S-KWS;Kohlenwertstoffe aus Steinkohle;-;MWh;WRM001;Nettowärmeerzeugung;
43311;Monatserhebung ü. Elektrizitäts- u. Wärmeerzeugung;JAHR;Jahr;2019;DINSG;Deutschland insgesamt;DG;Deutschland;ENRG03;Energieträger;KHL-S-KWS;Kohlenwertstoffe aus Steinkohle;-;MWh;EKT002;Elektrizitätserzeugung (netto);
43311;Monatserhebung ü. Elektrizitäts- u. Wärmeerzeugung;JAHR;Jahr;2019;DINSG;Deutschland insgesamt;DG;Deutschland;ENRG03;Energieträger;KHL-S-KWS;Kohlenwertstoffe aus Steinkohle;-;MWh;EKT001;Elektrizitätserzeugung (brutto);
43311;Monatserhebung ü. Elektrizitäts- u. Wärmeerzeugung;JAHR;Jahr;2019;DINSG;Deutschland insgesamt;DG;Deutschland;ENRG03;Energieträger;KHL-S-KWS;Kohlenwertstoffe aus Steinkohle;-;GJ;BRN001;Brennstoffeinsatz;
43311;Monatserhebung ü. Elektrizitäts- u. Wärmeerzeugung;JAHR;Jahr;2010;DINSG;Deutschland insgesamt;DG;Deutschland;ENRG03;Energieträger;SP-SONST-01;Andere Speicher;-;MWh;WRM001;Nettowärmeerzeugung;
43311;Monatserhebung ü. Elektrizitäts- u. Wärmeerzeugung;JAHR;Jahr;2010;DINSG;Deutschland insgesamt;DG;Deutschland;ENRG03;Energieträger;SP-SONST-01;Andere Speicher;-;MWh;EKT002;Elektrizitätserzeugung (netto);
43311;Monatserhebung ü. Elektrizitäts- u. Wärmeerzeugung;JAHR;Jahr;2010;DINSG;Deutschland insgesamt;DG;Deutschland;ENRG03;Energieträger;SP-SONST-01;Andere Speicher;-;MWh;EKT001;Elektrizitätserzeugung (brutto);
43311;Monatserhebung ü. Elektrizitäts- u. Wärmeerzeugung;JAHR;Jahr;2010;DINSG;Deutschland insgesamt;DG;Deutschland;ENRG03;Energieträger;SP-SONST-01;Andere Speicher;-;GJ;BRN001;Brennstoffeinsatz;
43311;Monatserhebung ü. Elektrizitäts- u. Wärmeerzeugung;JAHR;Jahr;2023;DINSG;Deutschland insgesamt;DG;Deutschland;ENRG03;Energieträger;KHL-B-STK;Staub- und Trockenkohle;.;MWh;WRM001;Nettowärmeerzeugung;
43311;Monatserhebung ü. Elektrizitäts- u. Wärmeerzeugung;JAHR;Jahr;2023;DINSG;Deutschland insgesamt;DG;Deutschland;ENRG03;Energieträger;KHL-B-STK;Staub- und Trockenkohle;.;MWh;EKT002;Elektrizitätserzeugung (netto);
43311;Monatserhebung ü. Elektrizitäts- u. Wärmeerzeugung;JAHR;Jahr;2023;DINSG;Deutschland insgesamt;DG;Deutschland;ENRG03;Energieträger;KHL-B-STK;Staub- und Trockenkohle;.;MWh;EKT001;Elektrizitätserzeugung (brutto);
43311;Monatserhebung ü. Elektrizitäts- u. Wärmeerzeugung;JAHR;Jahr;2023;DINSG;Deutschland insgesamt;DG;Deutschland;ENRG03;Energieträger;KHL-B-STK;Staub- und Trockenkohle;.;GJ;BRN001;Brennstoffeinsatz;
43311;Monatserhebung ü. Elektrizitäts- u. Wärmeerzeugung;JAHR;Jahr;2019;DINSG;Deutschland insgesamt;DG;Deutschland;ENRG03;Energieträger;PKOKS-01;Petrolkoks;.;MWh;WRM001;Nettowärmeerzeugung;
43311;Monatserhebung ü. Elektrizitäts- u. Wärmeerzeugung;JAHR;Jahr;2019;DINSG;Deutschland insgesamt;DG;Deutschland;ENRG03;Energieträger;PKOKS-01;Petrolkoks;.;MWh;EKT002;Elektrizitätserzeugung (netto);
43311;Monatserhebung ü. Elektrizitäts- u. Wärmeerzeugung;JAHR;Jahr;2019;DINSG;Deutschland insgesamt;DG;Deutschland;ENRG03;Energieträger;PKOKS-01;Petrolkoks;.;MWh;EKT001;Elektrizitätserzeugung (brutto);
43311;Monatserhebung ü. Elektrizitäts- u. Wärmeerzeugung;JAHR;Jahr;2019;DINSG;Deutschland insgesamt;DG;Deutschland;ENRG03;Energieträger;PKOKS-01;Petrolkoks;.;GJ;BRN001;Brennstoffeinsatz;
43311;Monatserhebung ü. Elektrizitäts- u. Wärmeerzeugung;JAHR;Jahr;2014;DINSG;Deutschland insgesamt;DG;Deutschland;ENRG03;Energieträger;DIESEL-01;Dieselkraftstoff;.;MWh;WRM001;Nettowärmeerzeugung;
43311;Monatserhebung ü. Elektrizitäts- u. Wärmeerzeugung;JAHR;Jahr;2014;DINSG;Deutschland insgesamt;DG;Deutschland;ENRG03;Energieträger;DIESEL-01;Dieselkraftstoff;407;MWh;EKT002;Elektrizitätserzeugung (netto);e
43311;Monatserhebung ü. Elektrizitäts- u. Wärmeerzeugung;JAHR;Jahr;2014;DINSG;Deutschland insgesamt;DG;Deutschland;ENRG03;Energieträger;DIESEL-01;Dieselkraftstoff;412;MWh;EKT001;Elektrizitätserzeugung (brutto);e
43311;Monatserhebung ü. Elektrizitäts- u. Wärmeerzeugung;JAHR;Jahr;2014;DINSG;Deutschland insgesamt;DG;Deutschland;ENRG03;Energieträger;DIESEL-01;Dieselkraftstoff;4289;GJ;BRN001;Brennstoffeinsatz;e
43311;Monatserhebung ü. Elektrizitäts- u. Wärmeerzeugung;JAHR;Jahr;2010;DINSG;Deutschland insgesamt;DG;Deutschland;ENRG03;Energieträger;WRM-01;Wärme;-;MWh;WRM001;Nettowärmeerzeugung;
43311;Monatserhebung ü. Elektrizitäts- u. Wärmeerzeugung;JAHR;Jahr;2010;DINSG;Deutschland insgesamt;DG;Deutschland;ENRG03;Energieträger;WRM-01;Wärme;-;MWh;EKT002;Elektrizitätserzeugung (netto);
43311;Monatserhebung ü. Elektrizitäts- u. Wärmeerzeugung;JAHR;Jahr;2010;DINSG;Deutschland insgesamt;DG;Deutschland;ENRG03;Energieträger;WRM-01;Wärme;-;MWh;EKT001;Elektrizitätserzeugung (brutto);
43311;Monatserhebung ü. Elektrizitäts- u. Wärmeerzeugung;JAHR;Jahr;2010;DINSG;Deutschland insgesamt;DG;Deutschland;ENRG03;Energieträger;WRM-01;Wärme;-;GJ;BRN001;Brennstoffeinsatz;
43311;Monatserhebung ü. Elektrizitäts- u. Wärmeerzeugung;JAHR;Jahr;2011;DINSG;Deutschland insgesamt;DG;Deutschland;ENRG03;Energieträger;WIND-01;Windkraft;-;MWh;WRM001;Nettowärmeerzeugung;
43311;Monatserhebung ü. Elektrizitäts- u. Wärmeerzeugung;JAHR;Jahr;2011;DINSG;Deutschland insgesamt;DG;Deutschland;ENRG03;Energieträger;WIND-01;Windkraft;-;MWh;EKT002;Elektrizitätserzeugung (netto);
43311;Monatserhebung ü. Elektrizitäts- u. Wärmeerzeugung;JAHR;Jahr;2011;DINSG;Deutschland insgesamt;DG;Deutschland;ENRG03;Energieträger;WIND-01;Windkraft;-;MWh;EKT001;Elektrizitätserzeugung (brutto);
43311;Monatserhebung ü. Elektrizitäts- u. Wärmeerzeugung;JAHR;Jahr;2011;DINSG;Deutschland insgesamt;DG;Deutschland;ENRG03;Energieträger;WIND-01;Windkraft;-;GJ;BRN001;Brennstoffeinsatz;
43311;Monatserhebung ü. Elektrizitäts- u. Wärmeerzeugung;JAHR;Jahr;2009;DINSG;Deutschland insgesamt;DG;Deutschland;ENRG03;Energieträger;WRM-01;Wärme;-;MWh;WRM001;Nettowärmeerzeugung;
43311;Monatserhebung ü. Elektrizitäts- u. Wärmeerzeugung;JAHR;Jahr;2009;DINSG;Deutschland insgesamt;DG;Deutschland;ENRG03;Energieträger;WRM-01;Wärme;-;MWh;EKT002;Elektrizitätserzeugung (netto);
43311;Monatserhebung ü. Elektrizitäts- u. Wärmeerzeugung;JAHR;Jahr;2009;DINSG;Deutschland insgesamt;DG;Deutschland;ENRG03;Energieträger;WRM-01;Wärme;-;MWh;EKT001;Elektrizitätserzeugung (brutto);
43311;Monatserhebung ü. Elektrizitäts- u. Wärmeerzeugung;JAHR;Jahr;2009;DINSG;Deutschland insgesamt;DG;Deutschland;ENRG03;Energieträger;WRM-01;Wärme;-;GJ;BRN001;Brennstoffeinsatz;
43311;Monatserhebung ü. Elektrizitäts- u. Wärmeerzeugung;JAHR;Jahr;2004;DINSG;Deutschland insgesamt;DG;Deutschland;ENRG03;Energieträger;OEL-H-S-01;Heizöl, schwer;322688;MWh;WRM001;Nettowärmeerzeugung;e
43311;Monatserhebung ü. Elektrizitäts- u. Wärmeerzeugung;JAHR;Jahr;2004;DINSG;Deutschland insgesamt;DG;Deutschland;ENRG03;Energieträger;OEL-H-S-01;Heizöl, schwer;430681;MWh;EKT002;Elektrizitätserzeugung (netto);e
43311;Monatserhebung ü. Elektrizitäts- u. Wärmeerzeugung;JAHR;Jahr;2004;DINSG;Deutschland insgesamt;DG;Deutschland;ENRG03;Energieträger;OEL-H-S-01;Heizöl, schwer;468929;MWh;EKT001;Elektrizitätserzeugung (brutto);e
43311;Monatserhebung ü. Elektrizitäts- u. Wärmeerzeugung;JAHR;Jahr;2004;DINSG;Deutschland insgesamt;DG;Deutschland;ENRG03;Energieträger;OEL-H-S-01;Heizöl, schwer;6233274;GJ;BRN001;Brennstoffeinsatz;e
43311;Monatserhebung ü. Elektrizitäts- u. Wärmeerzeugung;JAHR;Jahr;2012;DINSG;Deutschland insgesamt;DG;Deutschland;ENRG03;Energieträger;GAS-E-02;Erdgas, Erdölgas;46545173;MWh;WRM001;Nettowärmeerzeugung;e
43311;Monatserhebung ü. Elektrizitäts- u. Wärmeerzeugung;JAHR;Jahr;2012;DINSG;Deutschland insgesamt;DG;Deutschland;ENRG03;Energieträger;GAS-E-02;Erdgas, Erdölgas;49867958;MWh;EKT002;Elektrizitätserzeugung (netto);e
43311;Monatserhebung ü. Elektrizitäts- u. Wärmeerzeugung;JAHR;Jahr;2012;DINSG;Deutschland insgesamt;DG;Deutschland;ENRG03;Energieträger;GAS-E-02;Erdgas, Erdölgas;51448794;MWh;EKT001;Elektrizitätserzeugung (brutto);e
43311;Monatserhebung ü. Elektrizitäts- u. Wärmeerzeugung;JAHR;Jahr;2012;DINSG;Deutschland insgesamt;DG;Deutschland;ENRG03;Energieträger;GAS-E-02;Erdgas, Erdölgas;487758589;GJ;BRN001;Brennstoffeinsatz;e
43311;Monatserhebung ü. Elektrizitäts- u. Wärmeerzeugung;JAHR;Jahr;2010;DINSG;Deutschland insgesamt;DG;Deutschland;ENRG03;Energieträger;KHL-B-WSK;Wirbelschichtkohle;455380;MWh;WRM001;Nettowärmeerzeugung;e
43311;Monatserhebung ü. Elektrizitäts- u. Wärmeerzeugung;JAHR;Jahr;2010;DINSG;Deutschland insgesamt;DG;Deutschland;ENRG03;Energieträger;KHL-B-WSK;Wirbelschichtkohle;327134;MWh;EKT002;Elektrizitätserzeugung (netto);e
43311;Monatserhebung ü. Elektrizitäts- u. Wärmeerzeugung;JAHR;Jahr;2010;DINSG;Deutschland insgesamt;DG;Deutschland;ENRG03;Energieträger;KHL-B-WSK;Wirbelschichtkohle;382877;MWh;EKT001;Elektrizitätserzeugung (brutto);e
43311;Monatserhebung ü. Elektrizitäts- u. Wärmeerzeugung;JAHR;Jahr;2010;DINSG;Deutschland insgesamt;DG;Deutschland;ENRG03;Energieträger;KHL-B-WSK;Wirbelschichtkohle;5273501;GJ;BRN001;Brennstoffeinsatz;e
43311;Monatserhebung ü. Elektrizitäts- u. Wärmeerzeugung;JAHR;Jahr;2012;DINSG;Deutschland insgesamt;DG;Deutschland;ENRG03;Energieträger;GAS-H2;Wasserstoff;-;MWh;WRM001;Nettowärmeerzeugung;
43311;Monatserhebung ü. Elektrizitäts- u. Wärmeerzeugung;JAHR;Jahr;2012;DINSG;Deutschland insgesamt;DG;Deutschland;ENRG03;Energieträger;GAS-H2;Wasserstoff;-;MWh;EKT002;Elektrizitätserzeugung (netto);
43311;Monatserhebung ü. Elektrizitäts- u. Wärmeerzeugung;JAHR;Jahr;2012;DINSG;Deutschland insgesamt;DG;Deutschland;ENRG03;Energieträger;GAS-H2;Wasserstoff;-;MWh;EKT001;Elektrizitätserzeugung (brutto);
43311;Monatserhebung ü. Elektrizitäts- u. Wärmeerzeugung;JAHR;Jahr;2012;DINSG;Deutschland insgesamt;DG;Deutschland;ENRG03;Energieträger;GAS-H2;Wasserstoff;-;GJ;BRN001;Brennstoffeinsatz;
43311;Monatserhebung ü. Elektrizitäts- u. Wärmeerzeugung;JAHR;Jahr;2011;DINSG;Deutschland insgesamt;DG;Deutschland;ENRG03;Energieträger;GAS-FL;Flüssiggas;1819;MWh;WRM001;Nettowärmeerzeugung;e
43311;Monatserhebung ü. Elektrizitäts- u. Wärmeerzeugung;JAHR;Jahr;2011;DINSG;Deutschland insgesamt;DG;Deutschland;ENRG03;Energieträger;GAS-FL;Flüssiggas;24;MWh;EKT002;Elektrizitätserzeugung (netto);e
43311;Monatserhebung ü. Elektrizitäts- u. Wärmeerzeugung;JAHR;Jahr;2011;DINSG;Deutschland insgesamt;DG;Deutschland;ENRG03;Energieträger;GAS-FL;Flüssiggas;24;MWh;EKT001;Elektrizitätserzeugung (brutto);e
43311;Monatserhebung ü. Elektrizitäts- u. Wärmeerzeugung;JAHR;Jahr;2011;DINSG;Deutschland insgesamt;DG;Deutschland;ENRG03;Energieträger;GAS-FL;Flüssiggas;8858;GJ;BRN001;Brennstoffeinsatz;e
43311;Monatserhebung ü. Elektrizitäts- u. Wärmeerzeugung;JAHR;Jahr;2015;DINSG;Deutschland insgesamt;DG;Deutschland;ENRG03;Energieträger;ABF-03;Abfall (Hausmüll, Siedlungsabfälle);14494232;MWh;WRM001;Nettowärmeerzeugung;e
43311;Monatserhebung ü. Elektrizitäts- u. Wärmeerzeugung;JAHR;Jahr;2015;DINSG;Deutschland insgesamt;DG;Deutschland;ENRG03;Energieträger;ABF-03;Abfall (Hausmüll, Siedlungsabfälle);8678620;MWh;EKT002;Elektrizitätserzeugung (netto);e
43311;Monatserhebung ü. Elektrizitäts- u. Wärmeerzeugung;JAHR;Jahr;2015;DINSG;Deutschland insgesamt;DG;Deutschland;ENRG03;Energieträger;ABF-03;Abfall (Hausmüll, Siedlungsabfälle);11020301;MWh;EKT001;Elektrizitätserzeugung (brutto);e
43311;Monatserhebung ü. Elektrizitäts- u. Wärmeerzeugung;JAHR;Jahr;2015;DINSG;Deutschland insgesamt;DG;Deutschland;ENRG03;Energieträger;ABF-03;Abfall (Hausmüll, Siedlungsabfälle);204670819;GJ;BRN001;Brennstoffeinsatz;e
43311;Monatserhebung ü. Elektrizitäts- u. Wärmeerzeugung;JAHR;Jahr;2019;DINSG;Deutschland insgesamt;DG;Deutschland;ENRG03;Energieträger;KHL-B-ROH;Rohbraunkohlen;6258649;MWh;WRM001;Nettowärmeerzeugung;e
43311;Monatserhebung ü. Elektrizitäts- u. Wärmeerzeugung;JAHR;Jahr;2019;DINSG;Deutschland insgesamt;DG;Deutschland;ENRG03;Energieträger;KHL-B-ROH;Rohbraunkohlen;101924391;MWh;EKT002;Elektrizitätserzeugung (netto);e
43311;Monatserhebung ü. Elektrizitäts- u. Wärmeerzeugung;JAHR;Jahr;2019;DINSG;Deutschland insgesamt;DG;Deutschland;ENRG03;Energieträger;KHL-B-ROH;Rohbraunkohlen;109976601;MWh;EKT001;Elektrizitätserzeugung (brutto);e
43311;Monatserhebung ü. Elektrizitäts- u. Wärmeerzeugung;JAHR;Jahr;2019;DINSG;Deutschland insgesamt;DG;Deutschland;ENRG03;Energieträger;KHL-B-ROH;Rohbraunkohlen;1023023270;GJ;BRN001;Brennstoffeinsatz;e
43311;Monatserhebung ü. Elektrizitäts- u. Wärmeerzeugung;JAHR;Jahr;2013;DINSG;Deutschland insgesamt;DG;Deutschland;ENRG03;Energieträger;ENRSET;Sonstige Energieträger;.;MWh;WRM001;Nettowärmeerzeugung;
43311;Monatserhebung ü. Elektrizitäts- u. Wärmeerzeugung;JAHR;Jahr;2013;DINSG;Deutschland insgesamt;DG;Deutschland;ENRG03;Energieträger;ENRSET;Sonstige Energieträger;.;MWh;EKT002;Elektrizitätserzeugung (netto);
43311;Monatserhebung ü. Elektrizitäts- u. Wärmeerzeugung;JAHR;Jahr;2013;DINSG;Deutschland insgesamt;DG;Deutschland;ENRG03;Energieträger;ENRSET;Sonstige Energieträger;.;MWh;EKT001;Elektrizitätserzeugung (brutto);
43311;Monatserhebung ü. Elektrizitäts- u. Wärmeerzeugung;JAHR;Jahr;2013;DINSG;Deutschland insgesamt;DG;Deutschland;ENRG03;Energieträger;ENRSET;Sonstige Energieträger;.;GJ;BRN001;Brennstoffeinsatz;
43311;Monatserhebung ü. Elektrizitäts- u. Wärmeerzeugung;JAHR;Jahr;2012;DINSG;Deutschland insgesamt;DG;Deutschland;ENRG03;Energieträger;WIND-01;Windkraft;-;MWh;WRM001;Nettowärmeerzeugung;
43311;Monatserhebung ü. Elektrizitäts- u. Wärmeerzeugung;JAHR;Jahr;2012;DINSG;Deutschland insgesamt;DG;Deutschland;ENRG03;Energieträger;WIND-01;Windkraft;-;MWh;EKT002;Elektrizitätserzeugung (netto);
43311;Monatserhebung ü. Elektrizitäts- u. Wärmeerzeugung;JAHR;Jahr;2012;DINSG;Deutschland insgesamt;DG;Deutschland;ENRG03;Energieträger;WIND-01;Windkraft;-;MWh;EKT001;Elektrizitätserzeugung (brutto);
43311;Monatserhebung ü. Elektrizitäts- u. Wärmeerzeugung;JAHR;Jahr;2012;DINSG;Deutschland insgesamt;DG;Deutschland;ENRG03;Energieträger;WIND-01;Windkraft;-;GJ;BRN001;Brennstoffeinsatz;
43311;Monatserhebung ü. Elektrizitäts- u. Wärmeerzeugung;JAHR;Jahr;2013;DINSG;Deutschland insgesamt;DG;Deutschland;ENRG03;Energieträger;SP-SONST-01;Andere Speicher;-;MWh;WRM001;Nettowärmeerzeugung;
43311;Monatserhebung ü. Elektrizitäts- u. Wärmeerzeugung;JAHR;Jahr;2013;DINSG;Deutschland insgesamt;DG;Deutschland;ENRG03;Energieträger;SP-SONST-01;Andere Speicher;-;MWh;EKT002;Elektrizitätserzeugung (netto);
43311;Monatserhebung ü. Elektrizitäts- u. Wärmeerzeugung;JAHR;Jahr;2013;DINSG;Deutschland insgesamt;DG;Deutschland;ENRG03;Energieträger;SP-SONST-01;Andere Speicher;-;MWh;EKT001;Elektrizitätserzeugung (brutto);
43311;Monatserhebung ü. Elektrizitäts- u. Wärmeerzeugung;JAHR;Jahr;2013;DINSG;Deutschland insgesamt;DG;Deutschland;ENRG03;Energieträger;SP-SONST-01;Andere Speicher;-;GJ;BRN001;Brennstoffeinsatz;
43311;Monatserhebung ü. Elektrizitäts- u. Wärmeerzeugung;JAHR;Jahr;2017;DINSG;Deutschland insgesamt;DG;Deutschland;ENRG03;Energieträger;WAS-PSP-01;Pumpspeicherwasser;-;MWh;WRM001;Nettowärmeerzeugung;
43311;Monatserhebung ü. Elektrizitäts- u. Wärmeerzeugung;JAHR;Jahr;2017;DINSG;Deutschland insgesamt;DG;Deutschland;ENRG03;Energieträger;WAS-PSP-01;Pumpspeicherwasser;-;MWh;EKT002;Elektrizitätserzeugung (netto);
43311;Monatserhebung ü. Elektrizitäts- u. Wärmeerzeugung;JAHR;Jahr;2017;DINSG;Deutschland insgesamt;DG;Deutschland;ENRG03;Energieträger;WAS-PSP-01;Pumpspeicherwasser;-;MWh;EKT001;Elektrizitätserzeugung (brutto);
43311;Monatserhebung ü. Elektrizitäts- u. Wärmeerzeugung;JAHR;Jahr;2017;DINSG;Deutschland insgesamt;DG;Deutschland;ENRG03;Energieträger;WAS-PSP-01;Pumpspeicherwasser;-;GJ;BRN001;Brennstoffeinsatz;
43311;Monatserhebung ü. Elektrizitäts- u. Wärmeerzeugung;JAHR;Jahr;2006;DINSG;Deutschland insgesamt;DG;Deutschland;ENRG03;Energieträger;GAS-HO-01;Hochofengas;38390;MWh;WRM001;Nettowärmeerzeugung;e
43311;Monatserhebung ü. Elektrizitäts- u. Wärmeerzeugung;JAHR;Jahr;2006;DINSG;Deutschland insgesamt;DG;Deutschland;ENRG03;Energieträger;GAS-HO-01;Hochofengas;2661588;MWh;EKT002;Elektrizitätserzeugung (netto);e
43311;Monatserhebung ü. Elektrizitäts- u. Wärmeerzeugung;JAHR;Jahr;2006;DINSG;Deutschland insgesamt;DG;Deutschland;ENRG03;Energieträger;GAS-HO-01;Hochofengas;2845856;MWh;EKT001;Elektrizitätserzeugung (brutto);e
43311;Monatserhebung ü. Elektrizitäts- u. Wärmeerzeugung;JAHR;Jahr;2006;DINSG;Deutschland insgesamt;DG;Deutschland;ENRG03;Energieträger;GAS-HO-01;Hochofengas;27615299;GJ;BRN001;Brennstoffeinsatz;e
43311;Monatserhebung ü. Elektrizitäts- u. Wärmeerzeugung;JAHR;Jahr;2003;DINSG;Deutschland insgesamt;DG;Deutschland;ENRG03;Energieträger;KHL-B-WSK;Wirbelschichtkohle;-;MWh;WRM001;Nettowärmeerzeugung;
43311;Monatserhebung ü. Elektrizitäts- u. Wärmeerzeugung;JAHR;Jahr;2003;DINSG;Deutschland insgesamt;DG;Deutschland;ENRG03;Energieträger;KHL-B-WSK;Wirbelschichtkohle;-;MWh;EKT002;Elektrizitätserzeugung (netto);
43311;Monatserhebung ü. Elektrizitäts- u. Wärmeerzeugung;JAHR;Jahr;2003;DINSG;Deutschland insgesamt;DG;Deutschland;ENRG03;Energieträger;KHL-B-WSK;Wirbelschichtkohle;-;MWh;EKT001;Elektrizitätserzeugung (brutto);
43311;Monatserhebung ü. Elektrizitäts- u. Wärmeerzeugung;JAHR;Jahr;2003;DINSG;Deutschland insgesamt;DG;Deutschland;ENRG03;Energieträger;KHL-B-WSK;Wirbelschichtkohle;-;GJ;BRN001;Brennstoffeinsatz;
43311;Monatserhebung ü. Elektrizitäts- u. Wärmeerzeugung;JAHR;Jahr;2010;DINSG;Deutschland insgesamt;DG;Deutschland;ENRG03;Energieträger;GAS-SONST;Sonstige hergestellte Gase;66475;MWh;WRM001;Nettowärmeerzeugung;e
43311;Monatserhebung ü. Elektrizitäts- u. Wärmeerzeugung;JAHR;Jahr;2010;DINSG;Deutschland insgesamt;DG;Deutschland;ENRG03;Energieträger;GAS-SONST;Sonstige hergestellte Gase;30103;MWh;EKT002;Elektrizitätserzeugung (netto);e
43311;Monatserhebung ü. Elektrizitäts- u. Wärmeerzeugung;JAHR;Jahr;2010;DINSG;Deutschland insgesamt;DG;Deutschland;ENRG03;Energieträger;GAS-SONST;Sonstige hergestellte Gase;30103;MWh;EKT001;Elektrizitätserzeugung (brutto);e
43311;Monatserhebung ü. Elektrizitäts- u. Wärmeerzeugung;JAHR;Jahr;2010;DINSG;Deutschland insgesamt;DG;Deutschland;ENRG03;Energieträger;GAS-SONST;Sonstige hergestellte Gase;384764;GJ;BRN001;Brennstoffeinsatz;e
43311;Monatserhebung ü. Elektrizitäts- u. Wärmeerzeugung;JAHR;Jahr;2017;DINSG;Deutschland insgesamt;DG;Deutschland;ENRG03;Energieträger;KHL-S-01;Steinkohlen;26497089;MWh;WRM001;Nettowärmeerzeugung;e
43311;Monatserhebung ü. Elektrizitäts- u. Wärmeerzeugung;JAHR;Jahr;2017;DINSG;Deutschland insgesamt;DG;Deutschland;ENRG03;Energieträger;KHL-S-01;Steinkohlen;81723616;MWh;EKT002;Elektrizitätserzeugung (netto);e
43311;Monatserhebung ü. Elektrizitäts- u. Wärmeerzeugung;JAHR;Jahr;2017;DINSG;Deutschland insgesamt;DG;Deutschland;ENRG03;Energieträger;KHL-S-01;Steinkohlen;89461230;MWh;EKT001;Elektrizitätserzeugung (brutto);e
43311;Monatserhebung ü. Elektrizitäts- u. Wärmeerzeugung;JAHR;Jahr;2017;DINSG;Deutschland insgesamt;DG;Deutschland;ENRG03;Energieträger;KHL-S-01;Steinkohlen;826739480;GJ;BRN001;Brennstoffeinsatz;e
43311;Monatserhebung ü. Elektrizitäts- u. Wärmeerzeugung;JAHR;Jahr;2002;DINSG;Deutschland insgesamt;DG;Deutschland;ENRG03;Energieträger;GAS-GRUB;Grubengas;-;MWh;WRM001;Nettowärmeerzeugung;
43311;Monatserhebung ü. Elektrizitäts- u. Wärmeerzeugung;JAHR;Jahr;2002;DINSG;Deutschland insgesamt;DG;Deutschland;ENRG03;Energieträger;GAS-GRUB;Grubengas;215765;MWh;EKT002;Elektrizitätserzeugung (netto);e
43311;Monatserhebung ü. Elektrizitäts- u. Wärmeerzeugung;JAHR;Jahr;2002;DINSG;Deutschland insgesamt;DG;Deutschland;ENRG03;Energieträger;GAS-GRUB;Grubengas;239484;MWh;EKT001;Elektrizitätserzeugung (brutto);e
43311;Monatserhebung ü. Elektrizitäts- u. Wärmeerzeugung;JAHR;Jahr;2002;DINSG;Deutschland insgesamt;DG;Deutschland;ENRG03;Energieträger;GAS-GRUB;Grubengas;2639608;GJ;BRN001;Brennstoffeinsatz;e
43311;Monatserhebung ü. Elektrizitäts- u. Wärmeerzeugung;JAHR;Jahr;2002;DINSG;Deutschland insgesamt;DG;Deutschland;ENRG03;Energieträger;OEL-SONST;Sonstige Mineralölprodukte;-;MWh;WRM001;Nettowärmeerzeugung;
43311;Monatserhebung ü. Elektrizitäts- u. Wärmeerzeugung;JAHR;Jahr;2002;DINSG;Deutschland insgesamt;DG;Deutschland;ENRG03;Energieträger;OEL-SONST;Sonstige Mineralölprodukte;624212;MWh;EKT002;Elektrizitätserzeugung (netto);e
43311;Monatserhebung ü. Elektrizitäts- u. Wärmeerzeugung;JAHR;Jahr;2002;DINSG;Deutschland insgesamt;DG;Deutschland;ENRG03;Energieträger;OEL-SONST;Sonstige Mineralölprodukte;682857;MWh;EKT001;Elektrizitätserzeugung (brutto);e
43311;Monatserhebung ü. Elektrizitäts- u. Wärmeerzeugung;JAHR;Jahr;2002;DINSG;Deutschland insgesamt;DG;Deutschland;ENRG03;Energieträger;OEL-SONST;Sonstige Mineralölprodukte;6207960;GJ;BRN001;Brennstoffeinsatz;e
43311;Monatserhebung ü. Elektrizitäts- u. Wärmeerzeugung;JAHR;Jahr;2005;DINSG;Deutschland insgesamt;DG;Deutschland;ENRG03;Energieträger;ABF-02;Abfall (Industrie);-;MWh;WRM001;Nettowärmeerzeugung;
43311;Monatserhebung ü. Elektrizitäts- u. Wärmeerzeugung;JAHR;Jahr;2005;DINSG;Deutschland insgesamt;DG;Deutschland;ENRG03;Energieträger;ABF-02;Abfall (Industrie);-;MWh;EKT002;Elektrizitätserzeugung (netto);
43311;Monatserhebung ü. Elektrizitäts- u. Wärmeerzeugung;JAHR;Jahr;2005;DINSG;Deutschland insgesamt;DG;Deutschland;ENRG03;Energieträger;ABF-02;Abfall (Industrie);-;MWh;EKT001;Elektrizitätserzeugung (brutto);
43311;Monatserhebung ü. Elektrizitäts- u. Wärmeerzeugung;JAHR;Jahr;2005;DINSG;Deutschland insgesamt;DG;Deutschland;ENRG03;Energieträger;ABF-02;Abfall (Industrie);-;GJ;BRN001;Brennstoffeinsatz;
43311;Monatserhebung ü. Elektrizitäts- u. Wärmeerzeugung;JAHR;Jahr;2016;DINSG;Deutschland insgesamt;DG;Deutschland;ENRG03;Energieträger;KHL-B-STK;Staub- und Trockenkohle;405298;MWh;WRM001;Nettowärmeerzeugung;e
43311;Monatserhebung ü. Elektrizitäts- u. Wärmeerzeugung;JAHR;Jahr;2016;DINSG;Deutschland insgesamt;DG;Deutschland;ENRG03;Energieträger;KHL-B-STK;Staub- und Trockenkohle;191571;MWh;EKT002;Elektrizitätserzeugung (netto);e
43311;Monatserhebung ü. Elektrizitäts- u. Wärmeerzeugung;JAHR;Jahr;2016;DINSG;Deutschland insgesamt;DG;Deutschland;ENRG03;Energieträger;KHL-B-STK;Staub- und Trockenkohle;209935;MWh;EKT001;Elektrizitätserzeugung (brutto);e
43311;Monatserhebung ü. Elektrizitäts- u. Wärmeerzeugung;JAHR;Jahr;2016;DINSG;Deutschland insgesamt;DG;Deutschland;ENRG03;Energieträger;KHL-B-STK;Staub- und Trockenkohle;3183422;GJ;BRN001;Brennstoffeinsatz;e
43311;Monatserhebung ü. Elektrizitäts- u. Wärmeerzeugung;JAHR;Jahr;2022;DINSG;Deutschland insgesamt;DG;Deutschland;ENRG03;Energieträger;GAS-H2;Wasserstoff;.;MWh;WRM001;Nettowärmeerzeugung;
43311;Monatserhebung ü. Elektrizitäts- u. Wärmeerzeugung;JAHR;Jahr;2022;DINSG;Deutschland insgesamt;DG;Deutschland;ENRG03;Energieträger;GAS-H2;Wasserstoff;.;MWh;EKT002;Elektrizitätserzeugung (netto);
43311;Monatserhebung ü. Elektrizitäts- u. Wärmeerzeugung;JAHR;Jahr;2022;DINSG;Deutschland insgesamt;DG;Deutschland;ENRG03;Energieträger;GAS-H2;Wasserstoff;.;MWh;EKT001;Elektrizitätserzeugung (brutto);
43311;Monatserhebung ü. Elektrizitäts- u. Wärmeerzeugung;JAHR;Jahr;2022;DINSG;Deutschland insgesamt;DG;Deutschland;ENRG03;Energieträger;GAS-H2;Wasserstoff;.;GJ;BRN001;Brennstoffeinsatz;
43311;Monatserhebung ü. Elektrizitäts- u. Wärmeerzeugung;JAHR;Jahr;2010;DINSG;Deutschland insgesamt;DG;Deutschland;ENRG03;Energieträger;GAS-HO-01;Hochofengas;26604;MWh;WRM001;Nettowärmeerzeugung;e
43311;Monatserhebung ü. Elektrizitäts- u. Wärmeerzeugung;JAHR;Jahr;2010;DINSG;Deutschland insgesamt;DG;Deutschland;ENRG03;Energieträger;GAS-HO-01;Hochofengas;2408477;MWh;EKT002;Elektrizitätserzeugung (netto);e
43311;Monatserhebung ü. Elektrizitäts- u. Wärmeerzeugung;JAHR;Jahr;2010;DINSG;Deutschland insgesamt;DG;Deutschland;ENRG03;Energieträger;GAS-HO-01;Hochofengas;2610581;MWh;EKT001;Elektrizitätserzeugung (brutto);e
43311;Monatserhebung ü. Elektrizitäts- u. Wärmeerzeugung;JAHR;Jahr;2010;DINSG;Deutschland insgesamt;DG;Deutschland;ENRG03;Energieträger;GAS-HO-01;Hochofengas;24212563;GJ;BRN001;Brennstoffeinsatz;e
43311;Monatserhebung ü. Elektrizitäts- u. Wärmeerzeugung;JAHR;Jahr;2020;DINSG;Deutschland insgesamt;DG;Deutschland;ENRG03;Energieträger;GAS-BIO-02;Biomethan (Bioerdgas);1070682;MWh;WRM001;Nettowärmeerzeugung;e
43311;Monatserhebung ü. Elektrizitäts- u. Wärmeerzeugung;JAHR;Jahr;2020;DINSG;Deutschland insgesamt;DG;Deutschland;ENRG03;Energieträger;GAS-BIO-02;Biomethan (Bioerdgas);904377;MWh;EKT002;Elektrizitätserzeugung (netto);e
43311;Monatserhebung ü. Elektrizitäts- u. Wärmeerzeugung;JAHR;Jahr;2020;DINSG;Deutschland insgesamt;DG;Deutschland;ENRG03;Energieträger;GAS-BIO-02;Biomethan (Bioerdgas);923386;MWh;EKT001;Elektrizitätserzeugung (brutto);e
43311;Monatserhebung ü. Elektrizitäts- u. Wärmeerzeugung;JAHR;Jahr;2020;DINSG;Deutschland insgesamt;DG;Deutschland;ENRG03;Energieträger;GAS-BIO-02;Biomethan (Bioerdgas);8681981;GJ;BRN001;Brennstoffeinsatz;e
43311;Monatserhebung ü. Elektrizitäts- u. Wärmeerzeugung;JAHR;Jahr;2010;DINSG;Deutschland insgesamt;DG;Deutschland;ENRG03;Energieträger;KHL-B-BRIK;Braunkohlenbriketts;54251;MWh;WRM001;Nettowärmeerzeugung;e
43311;Monatserhebung ü. Elektrizitäts- u. Wärmeerzeugung;JAHR;Jahr;2010;DINSG;Deutschland insgesamt;DG;Deutschland;ENRG03;Energieträger;KHL-B-BRIK;Braunkohlenbriketts;20922;MWh;EKT002;Elektrizitätserzeugung (netto);e
43311;Monatserhebung ü. Elektrizitäts- u. Wärmeerzeugung;JAHR;Jahr;2010;DINSG;Deutschland insgesamt;DG;Deutschland;ENRG03;Energieträger;KHL-B-BRIK;Braunkohlenbriketts;23734;MWh;EKT001;Elektrizitätserzeugung (brutto);e
43311;Monatserhebung ü. Elektrizitäts- u. Wärmeerzeugung;JAHR;Jahr;2010;DINSG;Deutschland insgesamt;DG;Deutschland;ENRG03;Energieträger;KHL-B-BRIK;Braunkohlenbriketts;430544;GJ;BRN001;Brennstoffeinsatz;e
43311;Monatserhebung ü. Elektrizitäts- u. Wärmeerzeugung;JAHR;Jahr;2009;DINSG;Deutschland insgesamt;DG;Deutschland;ENRG03;Energieträger;WAS-PSP-02;Pumpspeicher mit natürlichem Zufluss;-;MWh;WRM001;Nettowärmeerzeugung;
43311;Monatserhebung ü. Elektrizitäts- u. Wärmeerzeugung;JAHR;Jahr;2009;DINSG;Deutschland insgesamt;DG;Deutschland;ENRG03;Energieträger;WAS-PSP-02;Pumpspeicher mit natürlichem Zufluss;-;MWh;EKT002;Elektrizitätserzeugung (netto);
43311;Monatserhebung ü. Elektrizitäts- u. Wärmeerzeugung;JAHR;Jahr;2009;DINSG;Deutschland insgesamt;DG;Deutschland;ENRG03;Energieträger;WAS-PSP-02;Pumpspeicher mit natürlichem Zufluss;-;MWh;EKT001;Elektrizitätserzeugung (brutto);
43311;Monatserhebung ü. Elektrizitäts- u. Wärmeerzeugung;JAHR;Jahr;2009;DINSG;Deutschland insgesamt;DG;Deutschland;ENRG03;Energieträger;WAS-PSP-02;Pumpspeicher mit natürlichem Zufluss;-;GJ;BRN001;Brennstoffeinsatz;
43311;Monatserhebung ü. Elektrizitäts- u. Wärmeerzeugung;JAHR;Jahr;2021;DINSG;Deutschland insgesamt;DG;Deutschland;ENRG03;Energieträger;GAS-E-02;Erdgas, Erdölgas;50113751;MWh;WRM001;Nettowärmeerzeugung;e
43311;Monatserhebung ü. Elektrizitäts- u. Wärmeerzeugung;JAHR;Jahr;2021;DINSG;Deutschland insgesamt;DG;Deutschland;ENRG03;Energieträger;GAS-E-02;Erdgas, Erdölgas;51795659;MWh;EKT002;Elektrizitätserzeugung (netto);e
43311;Monatserhebung ü. Elektrizitäts- u. Wärmeerzeugung;JAHR;Jahr;2021;DINSG;Deutschland insgesamt;DG;Deutschland;ENRG03;Energieträger;GAS-E-02;Erdgas, Erdölgas;53453212;MWh;EKT001;Elektrizitätserzeugung (brutto);e
43311;Monatserhebung ü. Elektrizitäts- u. Wärmeerzeugung;JAHR;Jahr;2021;DINSG;Deutschland insgesamt;DG;Deutschland;ENRG03;Energieträger;GAS-E-02;Erdgas, Erdölgas;506193711;GJ;BRN001;Brennstoffeinsatz;e
43311;Monatserhebung ü. Elektrizitäts- u. Wärmeerzeugung;JAHR;Jahr;2023;DINSG;Deutschland insgesamt;DG;Deutschland;ENRG03;Energieträger;OEL-SONST;Sonstige Mineralölprodukte;.;MWh;WRM001;Nettowärmeerzeugung;
43311;Monatserhebung ü. Elektrizitäts- u. Wärmeerzeugung;JAHR;Jahr;2023;DINSG;Deutschland insgesamt;DG;Deutschland;ENRG03;Energieträger;OEL-SONST;Sonstige Mineralölprodukte;.;MWh;EKT002;Elektrizitätserzeugung (netto);
43311;Monatserhebung ü. Elektrizitäts- u. Wärmeerzeugung;JAHR;Jahr;2023;DINSG;Deutschland insgesamt;DG;Deutschland;ENRG03;Energieträger;OEL-SONST;Sonstige Mineralölprodukte;.;MWh;EKT001;Elektrizitätserzeugung (brutto);
43311;Monatserhebung ü. Elektrizitäts- u. Wärmeerzeugung;JAHR;Jahr;2023;DINSG;Deutschland insgesamt;DG;Deutschland;ENRG03;Energieträger;OEL-SONST;Sonstige Mineralölprodukte;.;GJ;BRN001;Brennstoffeinsatz;
43311;Monatserhebung ü. Elektrizitäts- u. Wärmeerzeugung;JAHR;Jahr;2023;DINSG;Deutschland insgesamt;DG;Deutschland;ENRG03;Energieträger;WAS-SP-01;Speicherwasser;-;MWh;WRM001;Nettowärmeerzeugung;
43311;Monatserhebung ü. Elektrizitäts- u. Wärmeerzeugung;JAHR;Jahr;2023;DINSG;Deutschland insgesamt;DG;Deutschland;ENRG03;Energieträger;WAS-SP-01;Speicherwasser;839316;MWh;EKT002;Elektrizitätserzeugung (netto);p
43311;Monatserhebung ü. Elektrizitäts- u. Wärmeerzeugung;JAHR;Jahr;2023;DINSG;Deutschland insgesamt;DG;Deutschland;ENRG03;Energieträger;WAS-SP-01;Speicherwasser;843278;MWh;EKT001;Elektrizitätserzeugung (brutto);p
43311;Monatserhebung ü. Elektrizitäts- u. Wärmeerzeugung;JAHR;Jahr;2023;DINSG;Deutschland insgesamt;DG;Deutschland;ENRG03;Energieträger;WAS-SP-01;Speicherwasser;-;GJ;BRN001;Brennstoffeinsatz;
43311;Monatserhebung ü. Elektrizitäts- u. Wärmeerzeugung;JAHR;Jahr;2021;DINSG;Deutschland insgesamt;DG;Deutschland;ENRG03;Energieträger;KHL-S-01;Steinkohlen;19885222;MWh;WRM001;Nettowärmeerzeugung;e
43311;Monatserhebung ü. Elektrizitäts- u. Wärmeerzeugung;JAHR;Jahr;2021;DINSG;Deutschland insgesamt;DG;Deutschland;ENRG03;Energieträger;KHL-S-01;Steinkohlen;46662271;MWh;EKT002;Elektrizitätserzeugung (netto);e
43311;Monatserhebung ü. Elektrizitäts- u. Wärmeerzeugung;JAHR;Jahr;2021;DINSG;Deutschland insgesamt;DG;Deutschland;ENRG03;Energieträger;KHL-S-01;Steinkohlen;51105726;MWh;EKT001;Elektrizitätserzeugung (brutto);e
43311;Monatserhebung ü. Elektrizitäts- u. Wärmeerzeugung;JAHR;Jahr;2021;DINSG;Deutschland insgesamt;DG;Deutschland;ENRG03;Energieträger;KHL-S-01;Steinkohlen;485083917;GJ;BRN001;Brennstoffeinsatz;e
43311;Monatserhebung ü. Elektrizitäts- u. Wärmeerzeugung;JAHR;Jahr;2009;DINSG;Deutschland insgesamt;DG;Deutschland;ENRG03;Energieträger;GAS-K-01;Kokereigas;5726;MWh;WRM001;Nettowärmeerzeugung;e
43311;Monatserhebung ü. Elektrizitäts- u. Wärmeerzeugung;JAHR;Jahr;2009;DINSG;Deutschland insgesamt;DG;Deutschland;ENRG03;Energieträger;GAS-K-01;Kokereigas;383720;MWh;EKT002;Elektrizitätserzeugung (netto);e
43311;Monatserhebung ü. Elektrizitäts- u. Wärmeerzeugung;JAHR;Jahr;2009;DINSG;Deutschland insgesamt;DG;Deutschland;ENRG03;Energieträger;GAS-K-01;Kokereigas;411747;MWh;EKT001;Elektrizitätserzeugung (brutto);e
43311;Monatserhebung ü. Elektrizitäts- u. Wärmeerzeugung;JAHR;Jahr;2009;DINSG;Deutschland insgesamt;DG;Deutschland;ENRG03;Energieträger;GAS-K-01;Kokereigas;3818351;GJ;BRN001;Brennstoffeinsatz;e
43311;Monatserhebung ü. Elektrizitäts- u. Wärmeerzeugung;JAHR;Jahr;2009;DINSG;Deutschland insgesamt;DG;Deutschland;ENRG03;Energieträger;ABF-02;Abfall (Industrie);1438030;MWh;WRM001;Nettowärmeerzeugung;e
43311;Monatserhebung ü. Elektrizitäts- u. Wärmeerzeugung;JAHR;Jahr;2009;DINSG;Deutschland insgesamt;DG;Deutschland;ENRG03;Energieträger;ABF-02;Abfall (Industrie);867999;MWh;EKT002;Elektrizitätserzeugung (netto);e
43311;Monatserhebung ü. Elektrizitäts- u. Wärmeerzeugung;JAHR;Jahr;2009;DINSG;Deutschland insgesamt;DG;Deutschland;ENRG03;Energieträger;ABF-02;Abfall (Industrie);1079469;MWh;EKT001;Elektrizitätserzeugung (brutto);e
43311;Monatserhebung ü. Elektrizitäts- u. Wärmeerzeugung;JAHR;Jahr;2009;DINSG;Deutschland insgesamt;DG;Deutschland;ENRG03;Energieträger;ABF-02;Abfall (Industrie);20792421;GJ;BRN001;Brennstoffeinsatz;e
43311;Monatserhebung ü. Elektrizitäts- u. Wärmeerzeugung;JAHR;Jahr;2023;DINSG;Deutschland insgesamt;DG;Deutschland;ENRG03;Energieträger;ENR-EB-SONST;Sonstige erneuerbare Energien;-;MWh;WRM001;Nettowärmeerzeugung;
43311;Monatserhebung ü. Elektrizitäts- u. Wärmeerzeugung;JAHR;Jahr;2023;DINSG;Deutschland insgesamt;DG;Deutschland;ENRG03;Energieträger;ENR-EB-SONST;Sonstige erneuerbare Energien;-;MWh;EKT002;Elektrizitätserzeugung (netto);
43311;Monatserhebung ü. Elektrizitäts- u. Wärmeerzeugung;JAHR;Jahr;2023;DINSG;Deutschland insgesamt;DG;Deutschland;ENRG03;Energieträger;ENR-EB-SONST;Sonstige erneuerbare Energien;-;MWh;EKT001;Elektrizitätserzeugung (brutto);
43311;Monatserhebung ü. Elektrizitäts- u. Wärmeerzeugung;JAHR;Jahr;2023;DINSG;Deutschland insgesamt;DG;Deutschland;ENRG03;Energieträger;ENR-EB-SONST;Sonstige erneuerbare Energien;-;GJ;BRN001;Brennstoffeinsatz;
43311;Monatserhebung ü. Elektrizitäts- u. Wärmeerzeugung;JAHR;Jahr;2006;DINSG;Deutschland insgesamt;DG;Deutschland;ENRG03;Energieträger;PKOKS-01;Petrolkoks;112710;MWh;WRM001;Nettowärmeerzeugung;e
43311;Monatserhebung ü. Elektrizitäts- u. Wärmeerzeugung;JAHR;Jahr;2006;DINSG;Deutschland insgesamt;DG;Deutschland;ENRG03;Energieträger;PKOKS-01;Petrolkoks;1247656;MWh;EKT002;Elektrizitätserzeugung (netto);e
43311;Monatserhebung ü. Elektrizitäts- u. Wärmeerzeugung;JAHR;Jahr;2006;DINSG;Deutschland insgesamt;DG;Deutschland;ENRG03;Energieträger;PKOKS-01;Petrolkoks;1344827;MWh;EKT001;Elektrizitätserzeugung (brutto);e
43311;Monatserhebung ü. Elektrizitäts- u. Wärmeerzeugung;JAHR;Jahr;2006;DINSG;Deutschland insgesamt;DG;Deutschland;ENRG03;Energieträger;PKOKS-01;Petrolkoks;12485925;GJ;BRN001;Brennstoffeinsatz;e
43311;Monatserhebung ü. Elektrizitäts- u. Wärmeerzeugung;JAHR;Jahr;2023;DINSG;Deutschland insgesamt;DG;Deutschland;ENRG03;Energieträger;GAS-KL;Klärgas;.;MWh;WRM001;Nettowärmeerzeugung;
43311;Monatserhebung ü. Elektrizitäts- u. Wärmeerzeugung;JAHR;Jahr;2023;DINSG;Deutschland insgesamt;DG;Deutschland;ENRG03;Energieträger;GAS-KL;Klärgas;.;MWh;EKT002;Elektrizitätserzeugung (netto);
43311;Monatserhebung ü. Elektrizitäts- u. Wärmeerzeugung;JAHR;Jahr;2023;DINSG;Deutschland insgesamt;DG;Deutschland;ENRG03;Energieträger;GAS-KL;Klärgas;.;MWh;EKT001;Elektrizitätserzeugung (brutto);
43311;Monatserhebung ü. Elektrizitäts- u. Wärmeerzeugung;JAHR;Jahr;2023;DINSG;Deutschland insgesamt;DG;Deutschland;ENRG03;Energieträger;GAS-KL;Klärgas;.;GJ;BRN001;Brennstoffeinsatz;
43311;Monatserhebung ü. Elektrizitäts- u. Wärmeerzeugung;JAHR;Jahr;2007;DINSG;Deutschland insgesamt;DG;Deutschland;ENRG03;Energieträger;GEOTH-01;Geothermie;29628;MWh;WRM001;Nettowärmeerzeugung;e
43311;Monatserhebung ü. Elektrizitäts- u. Wärmeerzeugung;JAHR;Jahr;2007;DINSG;Deutschland insgesamt;DG;Deutschland;ENRG03;Energieträger;GEOTH-01;Geothermie;-;MWh;EKT002;Elektrizitätserzeugung (netto);
43311;Monatserhebung ü. Elektrizitäts- u. Wärmeerzeugung;JAHR;Jahr;2007;DINSG;Deutschland insgesamt;DG;Deutschland;ENRG03;Energieträger;GEOTH-01;Geothermie;-;MWh;EKT001;Elektrizitätserzeugung (brutto);
43311;Monatserhebung ü. Elektrizitäts- u. Wärmeerzeugung;JAHR;Jahr;2007;DINSG;Deutschland insgesamt;DG;Deutschland;ENRG03;Energieträger;GEOTH-01;Geothermie;-;GJ;BRN001;Brennstoffeinsatz;
43311;Monatserhebung ü. Elektrizitäts- u. Wärmeerzeugung;JAHR;Jahr;2003;DINSG;Deutschland insgesamt;DG;Deutschland;ENRG03;Energieträger;GAS-E-02;Erdgas, Erdölgas;46649290;MWh;WRM001;Nettowärmeerzeugung;e
43311;Monatserhebung ü. Elektrizitäts- u. Wärmeerzeugung;JAHR;Jahr;2003;DINSG;Deutschland insgesamt;DG;Deutschland;ENRG03;Energieträger;GAS-E-02;Erdgas, Erdölgas;44973718;MWh;EKT002;Elektrizitätserzeugung (netto);e
43311;Monatserhebung ü. Elektrizitäts- u. Wärmeerzeugung;JAHR;Jahr;2003;DINSG;Deutschland insgesamt;DG;Deutschland;ENRG03;Energieträger;GAS-E-02;Erdgas, Erdölgas;46763519;MWh;EKT001;Elektrizitätserzeugung (brutto);e
43311;Monatserhebung ü. Elektrizitäts- u. Wärmeerzeugung;JAHR;Jahr;2003;DINSG;Deutschland insgesamt;DG;Deutschland;ENRG03;Energieträger;GAS-E-02;Erdgas, Erdölgas;483023332;GJ;BRN001;Brennstoffeinsatz;e
43311;Monatserhebung ü. Elektrizitäts- u. Wärmeerzeugung;JAHR;Jahr;2004;DINSG;Deutschland insgesamt;DG;Deutschland;ENRG03;Energieträger;GAS-KL;Klärgas;25449;MWh;WRM001;Nettowärmeerzeugung;e
43311;Monatserhebung ü. Elektrizitäts- u. Wärmeerzeugung;JAHR;Jahr;2004;DINSG;Deutschland insgesamt;DG;Deutschland;ENRG03;Energieträger;GAS-KL;Klärgas;20146;MWh;EKT002;Elektrizitätserzeugung (netto);e
43311;Monatserhebung ü. Elektrizitäts- u. Wärmeerzeugung;JAHR;Jahr;2004;DINSG;Deutschland insgesamt;DG;Deutschland;ENRG03;Energieträger;GAS-KL;Klärgas;20956;MWh;EKT001;Elektrizitätserzeugung (brutto);e
43311;Monatserhebung ü. Elektrizitäts- u. Wärmeerzeugung;JAHR;Jahr;2004;DINSG;Deutschland insgesamt;DG;Deutschland;ENRG03;Energieträger;GAS-KL;Klärgas;248723;GJ;BRN001;Brennstoffeinsatz;e
43311;Monatserhebung ü. Elektrizitäts- u. Wärmeerzeugung;JAHR;Jahr;2013;DINSG;Deutschland insgesamt;DG;Deutschland;ENRG03;Energieträger;GAS-SONST;Sonstige hergestellte Gase;-;MWh;WRM001;Nettowärmeerzeugung;
43311;Monatserhebung ü. Elektrizitäts- u. Wärmeerzeugung;JAHR;Jahr;2013;DINSG;Deutschland insgesamt;DG;Deutschland;ENRG03;Energieträger;GAS-SONST;Sonstige hergestellte Gase;-;MWh;EKT002;Elektrizitätserzeugung (netto);
43311;Monatserhebung ü. Elektrizitäts- u. Wärmeerzeugung;JAHR;Jahr;2013;DINSG;Deutschland insgesamt;DG;Deutschland;ENRG03;Energieträger;GAS-SONST;Sonstige hergestellte Gase;-;MWh;EKT001;Elektrizitätserzeugung (brutto);
43311;Monatserhebung ü. Elektrizitäts- u. Wärmeerzeugung;JAHR;Jahr;2013;DINSG;Deutschland insgesamt;DG;Deutschland;ENRG03;Energieträger;GAS-SONST;Sonstige hergestellte Gase;-;GJ;BRN001;Brennstoffeinsatz;
43311;Monatserhebung ü. Elektrizitäts- u. Wärmeerzeugung;JAHR;Jahr;2020;DINSG;Deutschland insgesamt;DG;Deutschland;ENRG03;Energieträger;KHL-B-KOKS;Braunkohlenkoks;.;MWh;WRM001;Nettowärmeerzeugung;
43311;Monatserhebung ü. Elektrizitäts- u. Wärmeerzeugung;JAHR;Jahr;2020;DINSG;Deutschland insgesamt;DG;Deutschland;ENRG03;Energieträger;KHL-B-KOKS;Braunkohlenkoks;.;MWh;EKT002;Elektrizitätserzeugung (netto);
43311;Monatserhebung ü. Elektrizitäts- u. Wärmeerzeugung;JAHR;Jahr;2020;DINSG;Deutschland insgesamt;DG;Deutschland;ENRG03;Energieträger;KHL-B-KOKS;Braunkohlenkoks;.;MWh;EKT001;Elektrizitätserzeugung (brutto);
43311;Monatserhebung ü. Elektrizitäts- u. Wärmeerzeugung;JAHR;Jahr;2020;DINSG;Deutschland insgesamt;DG;Deutschland;ENRG03;Energieträger;KHL-B-KOKS;Braunkohlenkoks;.;GJ;BRN001;Brennstoffeinsatz;
43311;Monatserhebung ü. Elektrizitäts- u. Wärmeerzeugung;JAHR;Jahr;2021;DINSG;Deutschland insgesamt;DG;Deutschland;ENRG03;Energieträger;STROM-02;Strom (Elektrokessel);.;MWh;WRM001;Nettowärmeerzeugung;
43311;Monatserhebung ü. Elektrizitäts- u. Wärmeerzeugung;JAHR;Jahr;2021;DINSG;Deutschland insgesamt;DG;Deutschland;ENRG03;Energieträger;STROM-02;Strom (Elektrokessel);-;MWh;EKT002;Elektrizitätserzeugung (netto);
43311;Monatserhebung ü. Elektrizitäts- u. Wärmeerzeugung;JAHR;Jahr;2021;DINSG;Deutschland insgesamt;DG;Deutschland;ENRG03;Energieträger;STROM-02;Strom (Elektrokessel);-;MWh;EKT001;Elektrizitätserzeugung (brutto);
43311;Monatserhebung ü. Elektrizitäts- u. Wärmeerzeugung;JAHR;Jahr;2021;DINSG;Deutschland insgesamt;DG;Deutschland;ENRG03;Energieträger;STROM-02;Strom (Elektrokessel);.;GJ;BRN001;Brennstoffeinsatz;
43311;Monatserhebung ü. Elektrizitäts- u. Wärmeerzeugung;JAHR;Jahr;2016;DINSG;Deutschland insgesamt;DG;Deutschland;ENRG03;Energieträger;GAS-BIO-02;Biomethan (Bioerdgas);-;MWh;WRM001;Nettowärmeerzeugung;
43311;Monatserhebung ü. Elektrizitäts- u. Wärmeerzeugung;JAHR;Jahr;2016;DINSG;Deutschland insgesamt;DG;Deutschland;ENRG03;Energieträger;GAS-BIO-02;Biomethan (Bioerdgas);-;MWh;EKT002;Elektrizitätserzeugung (netto);
43311;Monatserhebung ü. Elektrizitäts- u. Wärmeerzeugung;JAHR;Jahr;2016;DINSG;Deutschland insgesamt;DG;Deutschland;ENRG03;Energieträger;GAS-BIO-02;Biomethan (Bioerdgas);-;MWh;EKT001;Elektrizitätserzeugung (brutto);
43311;Monatserhebung ü. Elektrizitäts- u. Wärmeerzeugung;JAHR;Jahr;2016;DINSG;Deutschland insgesamt;DG;Deutschland;ENRG03;Energieträger;GAS-BIO-02;Biomethan (Bioerdgas);-;GJ;BRN001;Brennstoffeinsatz;
43311;Monatserhebung ü. Elektrizitäts- u. Wärmeerzeugung;JAHR;Jahr;2002;DINSG;Deutschland insgesamt;DG;Deutschland;ENRG03;Energieträger;GAS-H2;Wasserstoff;-;MWh;WRM001;Nettowärmeerzeugung;
43311;Monatserhebung ü. Elektrizitäts- u. Wärmeerzeugung;JAHR;Jahr;2002;DINSG;Deutschland insgesamt;DG;Deutschland;ENRG03;Energieträger;GAS-H2;Wasserstoff;-;MWh;EKT002;Elektrizitätserzeugung (netto);
43311;Monatserhebung ü. Elektrizitäts- u. Wärmeerzeugung;JAHR;Jahr;2002;DINSG;Deutschland insgesamt;DG;Deutschland;ENRG03;Energieträger;GAS-H2;Wasserstoff;-;MWh;EKT001;Elektrizitätserzeugung (brutto);
43311;Monatserhebung ü. Elektrizitäts- u. Wärmeerzeugung;JAHR;Jahr;2002;DINSG;Deutschland insgesamt;DG;Deutschland;ENRG03;Energieträger;GAS-H2;Wasserstoff;-;GJ;BRN001;Brennstoffeinsatz;
43311;Monatserhebung ü. Elektrizitäts- u. Wärmeerzeugung;JAHR;Jahr;2019;DINSG;Deutschland insgesamt;DG;Deutschland;ENRG03;Energieträger;ABF-03;Abfall (Hausmüll, Siedlungsabfälle);16900558;MWh;WRM001;Nettowärmeerzeugung;e
43311;Monatserhebung ü. Elektrizitäts- u. Wärmeerzeugung;JAHR;Jahr;2019;DINSG;Deutschland insgesamt;DG;Deutschland;ENRG03;Energieträger;ABF-03;Abfall (Hausmüll, Siedlungsabfälle);8807723;MWh;EKT002;Elektrizitätserzeugung (netto);e
43311;Monatserhebung ü. Elektrizitäts- u. Wärmeerzeugung;JAHR;Jahr;2019;DINSG;Deutschland insgesamt;DG;Deutschland;ENRG03;Energieträger;ABF-03;Abfall (Hausmüll, Siedlungsabfälle);11094381;MWh;EKT001;Elektrizitätserzeugung (brutto);e
43311;Monatserhebung ü. Elektrizitäts- u. Wärmeerzeugung;JAHR;Jahr;2019;DINSG;Deutschland insgesamt;DG;Deutschland;ENRG03;Energieträger;ABF-03;Abfall (Hausmüll, Siedlungsabfälle);193529497;GJ;BRN001;Brennstoffeinsatz;e
43311;Monatserhebung ü. Elektrizitäts- u. Wärmeerzeugung;JAHR;Jahr;2006;DINSG;Deutschland insgesamt;DG;Deutschland;ENRG03;Energieträger;KHL-S-BRIK;Steinkohlenbriketts;-;MWh;WRM001;Nettowärmeerzeugung;
43311;Monatserhebung ü. Elektrizitäts- u. Wärmeerzeugung;JAHR;Jahr;2006;DINSG;Deutschland insgesamt;DG;Deutschland;ENRG03;Energieträger;KHL-S-BRIK;Steinkohlenbriketts;-;MWh;EKT002;Elektrizitätserzeugung (netto);
43311;Monatserhebung ü. Elektrizitäts- u. Wärmeerzeugung;JAHR;Jahr;2006;DINSG;Deutschland insgesamt;DG;Deutschland;ENRG03;Energieträger;KHL-S-BRIK;Steinkohlenbriketts;-;MWh;EKT001;Elektrizitätserzeugung (brutto);
43311;Monatserhebung ü. Elektrizitäts- u. Wärmeerzeugung;JAHR;Jahr;2006;DINSG;Deutschland insgesamt;DG;Deutschland;ENRG03;Energieträger;KHL-S-BRIK;Steinkohlenbriketts;-;GJ;BRN001;Brennstoffeinsatz;
43311;Monatserhebung ü. Elektrizitäts- u. Wärmeerzeugung;JAHR;Jahr;2005;DINSG;Deutschland insgesamt;DG;Deutschland;ENRG03;Energieträger;KHL-B-ROH;Rohbraunkohlen;9435195;MWh;WRM001;Nettowärmeerzeugung;e
43311;Monatserhebung ü. Elektrizitäts- u. Wärmeerzeugung;JAHR;Jahr;2005;DINSG;Deutschland insgesamt;DG;Deutschland;ENRG03;Energieträger;KHL-B-ROH;Rohbraunkohlen;138205072;MWh;EKT002;Elektrizitätserzeugung (netto);e
43311;Monatserhebung ü. Elektrizitäts- u. Wärmeerzeugung;JAHR;Jahr;2005;DINSG;Deutschland insgesamt;DG;Deutschland;ENRG03;Energieträger;KHL-B-ROH;Rohbraunkohlen;150127463;MWh;EKT001;Elektrizitätserzeugung (brutto);e
43311;Monatserhebung ü. Elektrizitäts- u. Wärmeerzeugung;JAHR;Jahr;2005;DINSG;Deutschland insgesamt;DG;Deutschland;ENRG03;Energieträger;KHL-B-ROH;Rohbraunkohlen;1464839426;GJ;BRN001;Brennstoffeinsatz;e
43311;Monatserhebung ü. Elektrizitäts- u. Wärmeerzeugung;JAHR;Jahr;2019;DINSG;Deutschland insgesamt;DG;Deutschland;ENRG03;Energieträger;WAS-SP-01;Speicherwasser;-;MWh;WRM001;Nettowärmeerzeugung;
43311;Monatserhebung ü. Elektrizitäts- u. Wärmeerzeugung;JAHR;Jahr;2019;DINSG;Deutschland insgesamt;DG;Deutschland;ENRG03;Energieträger;WAS-SP-01;Speicherwasser;757694;MWh;EKT002;Elektrizitätserzeugung (netto);e
43311;Monatserhebung ü. Elektrizitäts- u. Wärmeerzeugung;JAHR;Jahr;2019;DINSG;Deutschland insgesamt;DG;Deutschland;ENRG03;Energieträger;WAS-SP-01;Speicherwasser;762301;MWh;EKT001;Elektrizitätserzeugung (brutto);e
43311;Monatserhebung ü. Elektrizitäts- u. Wärmeerzeugung;JAHR;Jahr;2019;DINSG;Deutschland insgesamt;DG;Deutschland;ENRG03;Energieträger;WAS-SP-01;Speicherwasser;-;GJ;BRN001;Brennstoffeinsatz;
43311;Monatserhebung ü. Elektrizitäts- u. Wärmeerzeugung;JAHR;Jahr;2004;DINSG;Deutschland insgesamt;DG;Deutschland;ENRG03;Energieträger;WAS-PSP-02;Pumpspeicher mit natürlichem Zufluss;-;MWh;WRM001;Nettowärmeerzeugung;
43311;Monatserhebung ü. Elektrizitäts- u. Wärmeerzeugung;JAHR;Jahr;2004;DINSG;Deutschland insgesamt;DG;Deutschland;ENRG03;Energieträger;WAS-PSP-02;Pumpspeicher mit natürlichem Zufluss;-;MWh;EKT002;Elektrizitätserzeugung (netto);
43311;Monatserhebung ü. Elektrizitäts- u. Wärmeerzeugung;JAHR;Jahr;2004;DINSG;Deutschland insgesamt;DG;Deutschland;ENRG03;Energieträger;WAS-PSP-02;Pumpspeicher mit natürlichem Zufluss;-;MWh;EKT001;Elektrizitätserzeugung (brutto);
43311;Monatserhebung ü. Elektrizitäts- u. Wärmeerzeugung;JAHR;Jahr;2004;DINSG;Deutschland insgesamt;DG;Deutschland;ENRG03;Energieträger;WAS-PSP-02;Pumpspeicher mit natürlichem Zufluss;-;GJ;BRN001;Brennstoffeinsatz;
43311;Monatserhebung ü. Elektrizitäts- u. Wärmeerzeugung;JAHR;Jahr;2007;DINSG;Deutschland insgesamt;DG;Deutschland;ENRG03;Energieträger;KHL-B-HART;Hartbraunkohlen;238069;MWh;WRM001;Nettowärmeerzeugung;e
43311;Monatserhebung ü. Elektrizitäts- u. Wärmeerzeugung;JAHR;Jahr;2007;DINSG;Deutschland insgesamt;DG;Deutschland;ENRG03;Energieträger;KHL-B-HART;Hartbraunkohlen;60274;MWh;EKT002;Elektrizitätserzeugung (netto);e
43311;Monatserhebung ü. Elektrizitäts- u. Wärmeerzeugung;JAHR;Jahr;2007;DINSG;Deutschland insgesamt;DG;Deutschland;ENRG03;Energieträger;KHL-B-HART;Hartbraunkohlen;73464;MWh;EKT001;Elektrizitätserzeugung (brutto);e
43311;Monatserhebung ü. Elektrizitäts- u. Wärmeerzeugung;JAHR;Jahr;2007;DINSG;Deutschland insgesamt;DG;Deutschland;ENRG03;Energieträger;KHL-B-HART;Hartbraunkohlen;1281180;GJ;BRN001;Brennstoffeinsatz;e
43311;Monatserhebung ü. Elektrizitäts- u. Wärmeerzeugung;JAHR;Jahr;2013;DINSG;Deutschland insgesamt;DG;Deutschland;ENRG03;Energieträger;GAS-BIO;Biogas;795144;MWh;WRM001;Nettowärmeerzeugung;e
43311;Monatserhebung ü. Elektrizitäts- u. Wärmeerzeugung;JAHR;Jahr;2013;DINSG;Deutschland insgesamt;DG;Deutschland;ENRG03;Energieträger;GAS-BIO;Biogas;833259;MWh;EKT002;Elektrizitätserzeugung (netto);e
43311;Monatserhebung ü. Elektrizitäts- u. Wärmeerzeugung;JAHR;Jahr;2013;DINSG;Deutschland insgesamt;DG;Deutschland;ENRG03;Energieträger;GAS-BIO;Biogas;860687;MWh;EKT001;Elektrizitätserzeugung (brutto);e
43311;Monatserhebung ü. Elektrizitäts- u. Wärmeerzeugung;JAHR;Jahr;2013;DINSG;Deutschland insgesamt;DG;Deutschland;ENRG03;Energieträger;GAS-BIO;Biogas;8681334;GJ;BRN001;Brennstoffeinsatz;e
43311;Monatserhebung ü. Elektrizitäts- u. Wärmeerzeugung;JAHR;Jahr;2003;DINSG;Deutschland insgesamt;DG;Deutschland;ENRG03;Energieträger;ENRSET;Sonstige Energieträger;1119752;MWh;WRM001;Nettowärmeerzeugung;e
43311;Monatserhebung ü. Elektrizitäts- u. Wärmeerzeugung;JAHR;Jahr;2003;DINSG;Deutschland insgesamt;DG;Deutschland;ENRG03;Energieträger;ENRSET;Sonstige Energieträger;586926;MWh;EKT002;Elektrizitätserzeugung (netto);e
43311;Monatserhebung ü. Elektrizitäts- u. Wärmeerzeugung;JAHR;Jahr;2003;DINSG;Deutschland insgesamt;DG;Deutschland;ENRG03;Energieträger;ENRSET;Sonstige Energieträger;648209;MWh;EKT001;Elektrizitätserzeugung (brutto);e
43311;Monatserhebung ü. Elektrizitäts- u. Wärmeerzeugung;JAHR;Jahr;2003;DINSG;Deutschland insgesamt;DG;Deutschland;ENRG03;Energieträger;ENRSET;Sonstige Energieträger;7484149;GJ;BRN001;Brennstoffeinsatz;e
43311;Monatserhebung ü. Elektrizitäts- u. Wärmeerzeugung;JAHR;Jahr;2017;DINSG;Deutschland insgesamt;DG;Deutschland;ENRG03;Energieträger;DIESEL-01;Dieselkraftstoff;-;MWh;WRM001;Nettowärmeerzeugung;
43311;Monatserhebung ü. Elektrizitäts- u. Wärmeerzeugung;JAHR;Jahr;2017;DINSG;Deutschland insgesamt;DG;Deutschland;ENRG03;Energieträger;DIESEL-01;Dieselkraftstoff;671;MWh;EKT002;Elektrizitätserzeugung (netto);e
43311;Monatserhebung ü. Elektrizitäts- u. Wärmeerzeugung;JAHR;Jahr;2017;DINSG;Deutschland insgesamt;DG;Deutschland;ENRG03;Energieträger;DIESEL-01;Dieselkraftstoff;672;MWh;EKT001;Elektrizitätserzeugung (brutto);e
43311;Monatserhebung ü. Elektrizitäts- u. Wärmeerzeugung;JAHR;Jahr;2017;DINSG;Deutschland insgesamt;DG;Deutschland;ENRG03;Energieträger;DIESEL-01;Dieselkraftstoff;.;GJ;BRN001;Brennstoffeinsatz;
43311;Monatserhebung ü. Elektrizitäts- u. Wärmeerzeugung;JAHR;Jahr;2007;DINSG;Deutschland insgesamt;DG;Deutschland;ENRG03;Energieträger;GAS-GRUB;Grubengas;104831;MWh;WRM001;Nettowärmeerzeugung;e
43311;Monatserhebung ü. Elektrizitäts- u. Wärmeerzeugung;JAHR;Jahr;2007;DINSG;Deutschland insgesamt;DG;Deutschland;ENRG03;Energieträger;GAS-GRUB;Grubengas;501313;MWh;EKT002;Elektrizitätserzeugung (netto);e
43311;Monatserhebung ü. Elektrizitäts- u. Wärmeerzeugung;JAHR;Jahr;2007;DINSG;Deutschland insgesamt;DG;Deutschland;ENRG03;Energieträger;GAS-GRUB;Grubengas;542972;MWh;EKT001;Elektrizitätserzeugung (brutto);e
43311;Monatserhebung ü. Elektrizitäts- u. Wärmeerzeugung;JAHR;Jahr;2007;DINSG;Deutschland insgesamt;DG;Deutschland;ENRG03;Energieträger;GAS-GRUB;Grubengas;5195321;GJ;BRN001;Brennstoffeinsatz;e
43311;Monatserhebung ü. Elektrizitäts- u. Wärmeerzeugung;JAHR;Jahr;2022;DINSG;Deutschland insgesamt;DG;Deutschland;ENRG03;Energieträger;KHL-S-BRIK;Steinkohlenbriketts;-;MWh;WRM001;Nettowärmeerzeugung;
43311;Monatserhebung ü. Elektrizitäts- u. Wärmeerzeugung;JAHR;Jahr;2022;DINSG;Deutschland insgesamt;DG;Deutschland;ENRG03;Energieträger;KHL-S-BRIK;Steinkohlenbriketts;-;MWh;EKT002;Elektrizitätserzeugung (netto);
43311;Monatserhebung ü. Elektrizitäts- u. Wärmeerzeugung;JAHR;Jahr;2022;DINSG;Deutschland insgesamt;DG;Deutschland;ENRG03;Energieträger;KHL-S-BRIK;Steinkohlenbriketts;-;MWh;EKT001;Elektrizitätserzeugung (brutto);
43311;Monatserhebung ü. Elektrizitäts- u. Wärmeerzeugung;JAHR;Jahr;2022;DINSG;Deutschland insgesamt;DG;Deutschland;ENRG03;Energieträger;KHL-S-BRIK;Steinkohlenbriketts;-;GJ;BRN001;Brennstoffeinsatz;
43311;Monatserhebung ü. Elektrizitäts- u. Wärmeerzeugung;JAHR;Jahr;2015;DINSG;Deutschland insgesamt;DG;Deutschland;ENRG03;Energieträger;GAS-FL;Flüssiggas;.;MWh;WRM001;Nettowärmeerzeugung;
43311;Monatserhebung ü. Elektrizitäts- u. Wärmeerzeugung;JAHR;Jahr;2015;DINSG;Deutschland insgesamt;DG;Deutschland;ENRG03;Energieträger;GAS-FL;Flüssiggas;.;MWh;EKT002;Elektrizitätserzeugung (netto);
43311;Monatserhebung ü. Elektrizitäts- u. Wärmeerzeugung;JAHR;Jahr;2015;DINSG;Deutschland insgesamt;DG;Deutschland;ENRG03;Energieträger;GAS-FL;Flüssiggas;.;MWh;EKT001;Elektrizitätserzeugung (brutto);
43311;Monatserhebung ü. Elektrizitäts- u. Wärmeerzeugung;JAHR;Jahr;2015;DINSG;Deutschland insgesamt;DG;Deutschland;ENRG03;Energieträger;GAS-FL;Flüssiggas;.;GJ;BRN001;Brennstoffeinsatz;
43311;Monatserhebung ü. Elektrizitäts- u. Wärmeerzeugung;JAHR;Jahr;2024;DINSG;Deutschland insgesamt;DG;Deutschland;ENRG03;Energieträger;ABF-02;Abfall (Industrie);1129490;MWh;WRM001;Nettowärmeerzeugung;e
43311;Monatserhebung ü. Elektrizitäts- u. Wärmeerzeugung;JAHR;Jahr;2024;DINSG;Deutschland insgesamt;DG;Deutschland;ENRG03;Energieträger;ABF-02;Abfall (Industrie);302544;MWh;EKT002;Elektrizitätserzeugung (netto);e
43311;Monatserhebung ü. Elektrizitäts- u. Wärmeerzeugung;JAHR;Jahr;2024;DINSG;Deutschland insgesamt;DG;Deutschland;ENRG03;Energieträger;ABF-02;Abfall (Industrie);462155;MWh;EKT001;Elektrizitätserzeugung (brutto);e
43311;Monatserhebung ü. Elektrizitäts- u. Wärmeerzeugung;JAHR;Jahr;2024;DINSG;Deutschland insgesamt;DG;Deutschland;ENRG03;Energieträger;ABF-02;Abfall (Industrie);9949729;GJ;BRN001;Brennstoffeinsatz;e
43311;Monatserhebung ü. Elektrizitäts- u. Wärmeerzeugung;JAHR;Jahr;2019;DINSG;Deutschland insgesamt;DG;Deutschland;ENRG03;Energieträger;GAS-GRUB;Grubengas;.;MWh;WRM001;Nettowärmeerzeugung;
43311;Monatserhebung ü. Elektrizitäts- u. Wärmeerzeugung;JAHR;Jahr;2019;DINSG;Deutschland insgesamt;DG;Deutschland;ENRG03;Energieträger;GAS-GRUB;Grubengas;.;MWh;EKT002;Elektrizitätserzeugung (netto);
43311;Monatserhebung ü. Elektrizitäts- u. Wärmeerzeugung;JAHR;Jahr;2019;DINSG;Deutschland insgesamt;DG;Deutschland;ENRG03;Energieträger;GAS-GRUB;Grubengas;.;MWh;EKT001;Elektrizitätserzeugung (brutto);
43311;Monatserhebung ü. Elektrizitäts- u. Wärmeerzeugung;JAHR;Jahr;2019;DINSG;Deutschland insgesamt;DG;Deutschland;ENRG03;Energieträger;GAS-GRUB;Grubengas;.;GJ;BRN001;Brennstoffeinsatz;
43311;Monatserhebung ü. Elektrizitäts- u. Wärmeerzeugung;JAHR;Jahr;2008;DINSG;Deutschland insgesamt;DG;Deutschland;ENRG03;Energieträger;KHL-S-KOKS;Steinkohlenkoks;-;MWh;WRM001;Nettowärmeerzeugung;
43311;Monatserhebung ü. Elektrizitäts- u. Wärmeerzeugung;JAHR;Jahr;2008;DINSG;Deutschland insgesamt;DG;Deutschland;ENRG03;Energieträger;KHL-S-KOKS;Steinkohlenkoks;-;MWh;EKT002;Elektrizitätserzeugung (netto);
43311;Monatserhebung ü. Elektrizitäts- u. Wärmeerzeugung;JAHR;Jahr;2008;DINSG;Deutschland insgesamt;DG;Deutschland;ENRG03;Energieträger;KHL-S-KOKS;Steinkohlenkoks;-;MWh;EKT001;Elektrizitätserzeugung (brutto);
43311;Monatserhebung ü. Elektrizitäts- u. Wärmeerzeugung;JAHR;Jahr;2008;DINSG;Deutschland insgesamt;DG;Deutschland;ENRG03;Energieträger;KHL-S-KOKS;Steinkohlenkoks;-;GJ;BRN001;Brennstoffeinsatz;
43311;Monatserhebung ü. Elektrizitäts- u. Wärmeerzeugung;JAHR;Jahr;2003;DINSG;Deutschland insgesamt;DG;Deutschland;ENRG03;Energieträger;WAS-LF-01;Laufwasser;-;MWh;WRM001;Nettowärmeerzeugung;
43311;Monatserhebung ü. Elektrizitäts- u. Wärmeerzeugung;JAHR;Jahr;2003;DINSG;Deutschland insgesamt;DG;Deutschland;ENRG03;Energieträger;WAS-LF-01;Laufwasser;13807008;MWh;EKT002;Elektrizitätserzeugung (netto);e
43311;Monatserhebung ü. Elektrizitäts- u. Wärmeerzeugung;JAHR;Jahr;2003;DINSG;Deutschland insgesamt;DG;Deutschland;ENRG03;Energieträger;WAS-LF-01;Laufwasser;14010918;MWh;EKT001;Elektrizitätserzeugung (brutto);e
43311;Monatserhebung ü. Elektrizitäts- u. Wärmeerzeugung;JAHR;Jahr;2003;DINSG;Deutschland insgesamt;DG;Deutschland;ENRG03;Energieträger;WAS-LF-01;Laufwasser;-;GJ;BRN001;Brennstoffeinsatz;
43311;Monatserhebung ü. Elektrizitäts- u. Wärmeerzeugung;JAHR;Jahr;2023;DINSG;Deutschland insgesamt;DG;Deutschland;ENRG03;Energieträger;KHL-B-BRIK;Braunkohlenbriketts;.;MWh;WRM001;Nettowärmeerzeugung;
43311;Monatserhebung ü. Elektrizitäts- u. Wärmeerzeugung;JAHR;Jahr;2023;DINSG;Deutschland insgesamt;DG;Deutschland;ENRG03;Energieträger;KHL-B-BRIK;Braunkohlenbriketts;.;MWh;EKT002;Elektrizitätserzeugung (netto);
43311;Monatserhebung ü. Elektrizitäts- u. Wärmeerzeugung;JAHR;Jahr;2023;DINSG;Deutschland insgesamt;DG;Deutschland;ENRG03;Energieträger;KHL-B-BRIK;Braunkohlenbriketts;.;MWh;EKT001;Elektrizitätserzeugung (brutto);
43311;Monatserhebung ü. Elektrizitäts- u. Wärmeerzeugung;JAHR;Jahr;2023;DINSG;Deutschland insgesamt;DG;Deutschland;ENRG03;Energieträger;KHL-B-BRIK;Braunkohlenbriketts;.;GJ;BRN001;Brennstoffeinsatz;
43311;Monatserhebung ü. Elektrizitäts- u. Wärmeerzeugung;JAHR;Jahr;2020;DINSG;Deutschland insgesamt;DG;Deutschland;ENRG03;Energieträger;KHL-S-KOKS;Steinkohlenkoks;0;MWh;WRM001;Nettowärmeerzeugung;e
43311;Monatserhebung ü. Elektrizitäts- u. Wärmeerzeugung;JAHR;Jahr;2020;DINSG;Deutschland insgesamt;DG;Deutschland;ENRG03;Energieträger;KHL-S-KOKS;Steinkohlenkoks;0;MWh;EKT002;Elektrizitätserzeugung (netto);e
43311;Monatserhebung ü. Elektrizitäts- u. Wärmeerzeugung;JAHR;Jahr;2020;DINSG;Deutschland insgesamt;DG;Deutschland;ENRG03;Energieträger;KHL-S-KOKS;Steinkohlenkoks;0;MWh;EKT001;Elektrizitätserzeugung (brutto);e
43311;Monatserhebung ü. Elektrizitäts- u. Wärmeerzeugung;JAHR;Jahr;2020;DINSG;Deutschland insgesamt;DG;Deutschland;ENRG03;Energieträger;KHL-S-KOKS;Steinkohlenkoks;0;GJ;BRN001;Brennstoffeinsatz;e
43311;Monatserhebung ü. Elektrizitäts- u. Wärmeerzeugung;JAHR;Jahr;2004;DINSG;Deutschland insgesamt;DG;Deutschland;ENRG03;Energieträger;OEL-H-L-01;Heizöl, leicht;702977;MWh;WRM001;Nettowärmeerzeugung;e
43311;Monatserhebung ü. Elektrizitäts- u. Wärmeerzeugung;JAHR;Jahr;2004;DINSG;Deutschland insgesamt;DG;Deutschland;ENRG03;Energieträger;OEL-H-L-01;Heizöl, leicht;481346;MWh;EKT002;Elektrizitätserzeugung (netto);e
43311;Monatserhebung ü. Elektrizitäts- u. Wärmeerzeugung;JAHR;Jahr;2004;DINSG;Deutschland insgesamt;DG;Deutschland;ENRG03;Energieträger;OEL-H-L-01;Heizöl, leicht;524520;MWh;EKT001;Elektrizitätserzeugung (brutto);e
43311;Monatserhebung ü. Elektrizitäts- u. Wärmeerzeugung;JAHR;Jahr;2004;DINSG;Deutschland insgesamt;DG;Deutschland;ENRG03;Energieträger;OEL-H-L-01;Heizöl, leicht;8271494;GJ;BRN001;Brennstoffeinsatz;e
43311;Monatserhebung ü. Elektrizitäts- u. Wärmeerzeugung;JAHR;Jahr;2016;DINSG;Deutschland insgesamt;DG;Deutschland;ENRG03;Energieträger;STROM-02;Strom (Elektrokessel);-;MWh;WRM001;Nettowärmeerzeugung;
43311;Monatserhebung ü. Elektrizitäts- u. Wärmeerzeugung;JAHR;Jahr;2016;DINSG;Deutschland insgesamt;DG;Deutschland;ENRG03;Energieträger;STROM-02;Strom (Elektrokessel);-;MWh;EKT002;Elektrizitätserzeugung (netto);
43311;Monatserhebung ü. Elektrizitäts- u. Wärmeerzeugung;JAHR;Jahr;2016;DINSG;Deutschland insgesamt;DG;Deutschland;ENRG03;Energieträger;STROM-02;Strom (Elektrokessel);-;MWh;EKT001;Elektrizitätserzeugung (brutto);
43311;Monatserhebung ü. Elektrizitäts- u. Wärmeerzeugung;JAHR;Jahr;2016;DINSG;Deutschland insgesamt;DG;Deutschland;ENRG03;Energieträger;STROM-02;Strom (Elektrokessel);-;GJ;BRN001;Brennstoffeinsatz;
43311;Monatserhebung ü. Elektrizitäts- u. Wärmeerzeugung;JAHR;Jahr;2006;DINSG;Deutschland insgesamt;DG;Deutschland;ENRG03;Energieträger;KHL-B-WSK;Wirbelschichtkohle;263992;MWh;WRM001;Nettowärmeerzeugung;e
43311;Monatserhebung ü. Elektrizitäts- u. Wärmeerzeugung;JAHR;Jahr;2006;DINSG;Deutschland insgesamt;DG;Deutschland;ENRG03;Energieträger;KHL-B-WSK;Wirbelschichtkohle;287805;MWh;EKT002;Elektrizitätserzeugung (netto);e
43311;Monatserhebung ü. Elektrizitäts- u. Wärmeerzeugung;JAHR;Jahr;2006;DINSG;Deutschland insgesamt;DG;Deutschland;ENRG03;Energieträger;KHL-B-WSK;Wirbelschichtkohle;353068;MWh;EKT001;Elektrizitätserzeugung (brutto);e
43311;Monatserhebung ü. Elektrizitäts- u. Wärmeerzeugung;JAHR;Jahr;2006;DINSG;Deutschland insgesamt;DG;Deutschland;ENRG03;Energieträger;KHL-B-WSK;Wirbelschichtkohle;4660425;GJ;BRN001;Brennstoffeinsatz;e
43311;Monatserhebung ü. Elektrizitäts- u. Wärmeerzeugung;JAHR;Jahr;2019;DINSG;Deutschland insgesamt;DG;Deutschland;ENRG03;Energieträger;KHL-B-STK;Staub- und Trockenkohle;.;MWh;WRM001;Nettowärmeerzeugung;
43311;Monatserhebung ü. Elektrizitäts- u. Wärmeerzeugung;JAHR;Jahr;2019;DINSG;Deutschland insgesamt;DG;Deutschland;ENRG03;Energieträger;KHL-B-STK;Staub- und Trockenkohle;105756;MWh;EKT002;Elektrizitätserzeugung (netto);e
43311;Monatserhebung ü. Elektrizitäts- u. Wärmeerzeugung;JAHR;Jahr;2019;DINSG;Deutschland insgesamt;DG;Deutschland;ENRG03;Energieträger;KHL-B-STK;Staub- und Trockenkohle;115591;MWh;EKT001;Elektrizitätserzeugung (brutto);e
43311;Monatserhebung ü. Elektrizitäts- u. Wärmeerzeugung;JAHR;Jahr;2019;DINSG;Deutschland insgesamt;DG;Deutschland;ENRG03;Energieträger;KHL-B-STK;Staub- und Trockenkohle;1876590;GJ;BRN001;Brennstoffeinsatz;e
43311;Monatserhebung ü. Elektrizitäts- u. Wärmeerzeugung;JAHR;Jahr;2023;DINSG;Deutschland insgesamt;DG;Deutschland;ENRG03;Energieträger;GAS-K-01;Kokereigas;-;MWh;WRM001;Nettowärmeerzeugung;
43311;Monatserhebung ü. Elektrizitäts- u. Wärmeerzeugung;JAHR;Jahr;2023;DINSG;Deutschland insgesamt;DG;Deutschland;ENRG03;Energieträger;GAS-K-01;Kokereigas;-;MWh;EKT002;Elektrizitätserzeugung (netto);
43311;Monatserhebung ü. Elektrizitäts- u. Wärmeerzeugung;JAHR;Jahr;2023;DINSG;Deutschland insgesamt;DG;Deutschland;ENRG03;Energieträger;GAS-K-01;Kokereigas;-;MWh;EKT001;Elektrizitätserzeugung (brutto);
43311;Monatserhebung ü. Elektrizitäts- u. Wärmeerzeugung;JAHR;Jahr;2023;DINSG;Deutschland insgesamt;DG;Deutschland;ENRG03;Energieträger;GAS-K-01;Kokereigas;-;GJ;BRN001;Brennstoffeinsatz;
43311;Monatserhebung ü. Elektrizitäts- u. Wärmeerzeugung;JAHR;Jahr;2020;DINSG;Deutschland insgesamt;DG;Deutschland;ENRG03;Energieträger;WAS-PSP-02;Pumpspeicher mit natürlichem Zufluss;0;MWh;WRM001;Nettowärmeerzeugung;e
43311;Monatserhebung ü. Elektrizitäts- u. Wärmeerzeugung;JAHR;Jahr;2020;DINSG;Deutschland insgesamt;DG;Deutschland;ENRG03;Energieträger;WAS-PSP-02;Pumpspeicher mit natürlichem Zufluss;507078;MWh;EKT002;Elektrizitätserzeugung (netto);e
43311;Monatserhebung ü. Elektrizitäts- u. Wärmeerzeugung;JAHR;Jahr;2020;DINSG;Deutschland insgesamt;DG;Deutschland;ENRG03;Energieträger;WAS-PSP-02;Pumpspeicher mit natürlichem Zufluss;507078;MWh;EKT001;Elektrizitätserzeugung (brutto);e
43311;Monatserhebung ü. Elektrizitäts- u. Wärmeerzeugung;JAHR;Jahr;2020;DINSG;Deutschland insgesamt;DG;Deutschland;ENRG03;Energieträger;WAS-PSP-02;Pumpspeicher mit natürlichem Zufluss;0;GJ;BRN001;Brennstoffeinsatz;e
43311;Monatserhebung ü. Elektrizitäts- u. Wärmeerzeugung;JAHR;Jahr;2003;DINSG;Deutschland insgesamt;DG;Deutschland;ENRG03;Energieträger;BIO-FL-01;Flüssige biogene Stoffe;-;MWh;WRM001;Nettowärmeerzeugung;
43311;Monatserhebung ü. Elektrizitäts- u. Wärmeerzeugung;JAHR;Jahr;2003;DINSG;Deutschland insgesamt;DG;Deutschland;ENRG03;Energieträger;BIO-FL-01;Flüssige biogene Stoffe;-;MWh;EKT002;Elektrizitätserzeugung (netto);
43311;Monatserhebung ü. Elektrizitäts- u. Wärmeerzeugung;JAHR;Jahr;2003;DINSG;Deutschland insgesamt;DG;Deutschland;ENRG03;Energieträger;BIO-FL-01;Flüssige biogene Stoffe;-;MWh;EKT001;Elektrizitätserzeugung (brutto);
43311;Monatserhebung ü. Elektrizitäts- u. Wärmeerzeugung;JAHR;Jahr;2003;DINSG;Deutschland insgesamt;DG;Deutschland;ENRG03;Energieträger;BIO-FL-01;Flüssige biogene Stoffe;-;GJ;BRN001;Brennstoffeinsatz;
43311;Monatserhebung ü. Elektrizitäts- u. Wärmeerzeugung;JAHR;Jahr;2016;DINSG;Deutschland insgesamt;DG;Deutschland;ENRG03;Energieträger;KHL-B-SONST;Sonstige Braunkohlen;-;MWh;WRM001;Nettowärmeerzeugung;
43311;Monatserhebung ü. Elektrizitäts- u. Wärmeerzeugung;JAHR;Jahr;2016;DINSG;Deutschland insgesamt;DG;Deutschland;ENRG03;Energieträger;KHL-B-SONST;Sonstige Braunkohlen;-;MWh;EKT002;Elektrizitätserzeugung (netto);
43311;Monatserhebung ü. Elektrizitäts- u. Wärmeerzeugung;JAHR;Jahr;2016;DINSG;Deutschland insgesamt;DG;Deutschland;ENRG03;Energieträger;KHL-B-SONST;Sonstige Braunkohlen;-;MWh;EKT001;Elektrizitätserzeugung (brutto);
43311;Monatserhebung ü. Elektrizitäts- u. Wärmeerzeugung;JAHR;Jahr;2016;DINSG;Deutschland insgesamt;DG;Deutschland;ENRG03;Energieträger;KHL-B-SONST;Sonstige Braunkohlen;-;GJ;BRN001;Brennstoffeinsatz;
43311;Monatserhebung ü. Elektrizitäts- u. Wärmeerzeugung;JAHR;Jahr;2022;DINSG;Deutschland insgesamt;DG;Deutschland;ENRG03;Energieträger;KHL-S-SONST;Sonstige Steinkohlen;-;MWh;WRM001;Nettowärmeerzeugung;
43311;Monatserhebung ü. Elektrizitäts- u. Wärmeerzeugung;JAHR;Jahr;2022;DINSG;Deutschland insgesamt;DG;Deutschland;ENRG03;Energieträger;KHL-S-SONST;Sonstige Steinkohlen;-;MWh;EKT002;Elektrizitätserzeugung (netto);
43311;Monatserhebung ü. Elektrizitäts- u. Wärmeerzeugung;JAHR;Jahr;2022;DINSG;Deutschland insgesamt;DG;Deutschland;ENRG03;Energieträger;KHL-S-SONST;Sonstige Steinkohlen;-;MWh;EKT001;Elektrizitätserzeugung (brutto);
43311;Monatserhebung ü. Elektrizitäts- u. Wärmeerzeugung;JAHR;Jahr;2022;DINSG;Deutschland insgesamt;DG;Deutschland;ENRG03;Energieträger;KHL-S-SONST;Sonstige Steinkohlen;-;GJ;BRN001;Brennstoffeinsatz;
43311;Monatserhebung ü. Elektrizitäts- u. Wärmeerzeugung;JAHR;Jahr;2009;DINSG;Deutschland insgesamt;DG;Deutschland;ENRG03;Energieträger;KHL-B-KOKS;Braunkohlenkoks;413;MWh;WRM001;Nettowärmeerzeugung;e
43311;Monatserhebung ü. Elektrizitäts- u. Wärmeerzeugung;JAHR;Jahr;2009;DINSG;Deutschland insgesamt;DG;Deutschland;ENRG03;Energieträger;KHL-B-KOKS;Braunkohlenkoks;1444;MWh;EKT002;Elektrizitätserzeugung (netto);e
43311;Monatserhebung ü. Elektrizitäts- u. Wärmeerzeugung;JAHR;Jahr;2009;DINSG;Deutschland insgesamt;DG;Deutschland;ENRG03;Energieträger;KHL-B-KOKS;Braunkohlenkoks;1914;MWh;EKT001;Elektrizitätserzeugung (brutto);e
43311;Monatserhebung ü. Elektrizitäts- u. Wärmeerzeugung;JAHR;Jahr;2009;DINSG;Deutschland insgesamt;DG;Deutschland;ENRG03;Energieträger;KHL-B-KOKS;Braunkohlenkoks;42271;GJ;BRN001;Brennstoffeinsatz;e
43311;Monatserhebung ü. Elektrizitäts- u. Wärmeerzeugung;JAHR;Jahr;2024;DINSG;Deutschland insgesamt;DG;Deutschland;ENRG03;Energieträger;SP-SONST-01;Andere Speicher;-;MWh;WRM001;Nettowärmeerzeugung;
43311;Monatserhebung ü. Elektrizitäts- u. Wärmeerzeugung;JAHR;Jahr;2024;DINSG;Deutschland insgesamt;DG;Deutschland;ENRG03;Energieträger;SP-SONST-01;Andere Speicher;-;MWh;EKT002;Elektrizitätserzeugung (netto);
43311;Monatserhebung ü. Elektrizitäts- u. Wärmeerzeugung;JAHR;Jahr;2024;DINSG;Deutschland insgesamt;DG;Deutschland;ENRG03;Energieträger;SP-SONST-01;Andere Speicher;-;MWh;EKT001;Elektrizitätserzeugung (brutto);
43311;Monatserhebung ü. Elektrizitäts- u. Wärmeerzeugung;JAHR;Jahr;2024;DINSG;Deutschland insgesamt;DG;Deutschland;ENRG03;Energieträger;SP-SONST-01;Andere Speicher;-;GJ;BRN001;Brennstoffeinsatz;
43311;Monatserhebung ü. Elektrizitäts- u. Wärmeerzeugung;JAHR;Jahr;2016;DINSG;Deutschland insgesamt;DG;Deutschland;ENRG03;Energieträger;GAS-FL;Flüssiggas;.;MWh;WRM001;Nettowärmeerzeugung;
43311;Monatserhebung ü. Elektrizitäts- u. Wärmeerzeugung;JAHR;Jahr;2016;DINSG;Deutschland insgesamt;DG;Deutschland;ENRG03;Energieträger;GAS-FL;Flüssiggas;.;MWh;EKT002;Elektrizitätserzeugung (netto);
43311;Monatserhebung ü. Elektrizitäts- u. Wärmeerzeugung;JAHR;Jahr;2016;DINSG;Deutschland insgesamt;DG;Deutschland;ENRG03;Energieträger;GAS-FL;Flüssiggas;.;MWh;EKT001;Elektrizitätserzeugung (brutto);
43311;Monatserhebung ü. Elektrizitäts- u. Wärmeerzeugung;JAHR;Jahr;2016;DINSG;Deutschland insgesamt;DG;Deutschland;ENRG03;Energieträger;GAS-FL;Flüssiggas;.;GJ;BRN001;Brennstoffeinsatz;
43311;Monatserhebung ü. Elektrizitäts- u. Wärmeerzeugung;JAHR;Jahr;2021;DINSG;Deutschland insgesamt;DG;Deutschland;ENRG03;Energieträger;ABF-03;Abfall (Hausmüll, Siedlungsabfälle);17741158;MWh;WRM001;Nettowärmeerzeugung;e
43311;Monatserhebung ü. Elektrizitäts- u. Wärmeerzeugung;JAHR;Jahr;2021;DINSG;Deutschland insgesamt;DG;Deutschland;ENRG03;Energieträger;ABF-03;Abfall (Hausmüll, Siedlungsabfälle);8559383;MWh;EKT002;Elektrizitätserzeugung (netto);e
43311;Monatserhebung ü. Elektrizitäts- u. Wärmeerzeugung;JAHR;Jahr;2021;DINSG;Deutschland insgesamt;DG;Deutschland;ENRG03;Energieträger;ABF-03;Abfall (Hausmüll, Siedlungsabfälle);10877853;MWh;EKT001;Elektrizitätserzeugung (brutto);e
43311;Monatserhebung ü. Elektrizitäts- u. Wärmeerzeugung;JAHR;Jahr;2021;DINSG;Deutschland insgesamt;DG;Deutschland;ENRG03;Energieträger;ABF-03;Abfall (Hausmüll, Siedlungsabfälle);.;GJ;BRN001;Brennstoffeinsatz;
43311;Monatserhebung ü. Elektrizitäts- u. Wärmeerzeugung;JAHR;Jahr;2015;DINSG;Deutschland insgesamt;DG;Deutschland;ENRG03;Energieträger;ABF-01;Abfall (Hausmüll, Industrie);-;MWh;WRM001;Nettowärmeerzeugung;
43311;Monatserhebung ü. Elektrizitäts- u. Wärmeerzeugung;JAHR;Jahr;2015;DINSG;Deutschland insgesamt;DG;Deutschland;ENRG03;Energieträger;ABF-01;Abfall (Hausmüll, Industrie);-;MWh;EKT002;Elektrizitätserzeugung (netto);
43311;Monatserhebung ü. Elektrizitäts- u. Wärmeerzeugung;JAHR;Jahr;2015;DINSG;Deutschland insgesamt;DG;Deutschland;ENRG03;Energieträger;ABF-01;Abfall (Hausmüll, Industrie);-;MWh;EKT001;Elektrizitätserzeugung (brutto);
43311;Monatserhebung ü. Elektrizitäts- u. Wärmeerzeugung;JAHR;Jahr;2015;DINSG;Deutschland insgesamt;DG;Deutschland;ENRG03;Energieträger;ABF-01;Abfall (Hausmüll, Industrie);-;GJ;BRN001;Brennstoffeinsatz;
43311;Monatserhebung ü. Elektrizitäts- u. Wärmeerzeugung;JAHR;Jahr;2006;DINSG;Deutschland insgesamt;DG;Deutschland;ENRG03;Energieträger;GAS-H2;Wasserstoff;-;MWh;WRM001;Nettowärmeerzeugung;
43311;Monatserhebung ü. Elektrizitäts- u. Wärmeerzeugung;JAHR;Jahr;2006;DINSG;Deutschland insgesamt;DG;Deutschland;ENRG03;Energieträger;GAS-H2;Wasserstoff;-;MWh;EKT002;Elektrizitätserzeugung (netto);
43311;Monatserhebung ü. Elektrizitäts- u. Wärmeerzeugung;JAHR;Jahr;2006;DINSG;Deutschland insgesamt;DG;Deutschland;ENRG03;Energieträger;GAS-H2;Wasserstoff;-;MWh;EKT001;Elektrizitätserzeugung (brutto);
43311;Monatserhebung ü. Elektrizitäts- u. Wärmeerzeugung;JAHR;Jahr;2006;DINSG;Deutschland insgesamt;DG;Deutschland;ENRG03;Energieträger;GAS-H2;Wasserstoff;-;GJ;BRN001;Brennstoffeinsatz;
43311;Monatserhebung ü. Elektrizitäts- u. Wärmeerzeugung;JAHR;Jahr;2004;DINSG;Deutschland insgesamt;DG;Deutschland;ENRG03;Energieträger;WRM-01;Wärme;-;MWh;WRM001;Nettowärmeerzeugung;
43311;Monatserhebung ü. Elektrizitäts- u. Wärmeerzeugung;JAHR;Jahr;2004;DINSG;Deutschland insgesamt;DG;Deutschland;ENRG03;Energieträger;WRM-01;Wärme;-;MWh;EKT002;Elektrizitätserzeugung (netto);
43311;Monatserhebung ü. Elektrizitäts- u. Wärmeerzeugung;JAHR;Jahr;2004;DINSG;Deutschland insgesamt;DG;Deutschland;ENRG03;Energieträger;WRM-01;Wärme;-;MWh;EKT001;Elektrizitätserzeugung (brutto);
43311;Monatserhebung ü. Elektrizitäts- u. Wärmeerzeugung;JAHR;Jahr;2004;DINSG;Deutschland insgesamt;DG;Deutschland;ENRG03;Energieträger;WRM-01;Wärme;-;GJ;BRN001;Brennstoffeinsatz;
43311;Monatserhebung ü. Elektrizitäts- u. Wärmeerzeugung;JAHR;Jahr;2016;DINSG;Deutschland insgesamt;DG;Deutschland;ENRG03;Energieträger;WAS-SP-01;Speicherwasser;-;MWh;WRM001;Nettowärmeerzeugung;
43311;Monatserhebung ü. Elektrizitäts- u. Wärmeerzeugung;JAHR;Jahr;2016;DINSG;Deutschland insgesamt;DG;Deutschland;ENRG03;Energieträger;WAS-SP-01;Speicherwasser;628060;MWh;EKT002;Elektrizitätserzeugung (netto);e
43311;Monatserhebung ü. Elektrizitäts- u. Wärmeerzeugung;JAHR;Jahr;2016;DINSG;Deutschland insgesamt;DG;Deutschland;ENRG03;Energieträger;WAS-SP-01;Speicherwasser;634219;MWh;EKT001;Elektrizitätserzeugung (brutto);e
43311;Monatserhebung ü. Elektrizitäts- u. Wärmeerzeugung;JAHR;Jahr;2016;DINSG;Deutschland insgesamt;DG;Deutschland;ENRG03;Energieträger;WAS-SP-01;Speicherwasser;-;GJ;BRN001;Brennstoffeinsatz;
43311;Monatserhebung ü. Elektrizitäts- u. Wärmeerzeugung;JAHR;Jahr;2021;DINSG;Deutschland insgesamt;DG;Deutschland;ENRG03;Energieträger;KLS-01;Klärschlamm;56941;MWh;WRM001;Nettowärmeerzeugung;e
43311;Monatserhebung ü. Elektrizitäts- u. Wärmeerzeugung;JAHR;Jahr;2021;DINSG;Deutschland insgesamt;DG;Deutschland;ENRG03;Energieträger;KLS-01;Klärschlamm;193210;MWh;EKT002;Elektrizitätserzeugung (netto);e
43311;Monatserhebung ü. Elektrizitäts- u. Wärmeerzeugung;JAHR;Jahr;2021;DINSG;Deutschland insgesamt;DG;Deutschland;ENRG03;Energieträger;KLS-01;Klärschlamm;212479;MWh;EKT001;Elektrizitätserzeugung (brutto);e
43311;Monatserhebung ü. Elektrizitäts- u. Wärmeerzeugung;JAHR;Jahr;2021;DINSG;Deutschland insgesamt;DG;Deutschland;ENRG03;Energieträger;KLS-01;Klärschlamm;2223900;GJ;BRN001;Brennstoffeinsatz;e
43311;Monatserhebung ü. Elektrizitäts- u. Wärmeerzeugung;JAHR;Jahr;2006;DINSG;Deutschland insgesamt;DG;Deutschland;ENRG03;Energieträger;KHL-B-BRIK;Braunkohlenbriketts;191926;MWh;WRM001;Nettowärmeerzeugung;e
43311;Monatserhebung ü. Elektrizitäts- u. Wärmeerzeugung;JAHR;Jahr;2006;DINSG;Deutschland insgesamt;DG;Deutschland;ENRG03;Energieträger;KHL-B-BRIK;Braunkohlenbriketts;37399;MWh;EKT002;Elektrizitätserzeugung (netto);e
43311;Monatserhebung ü. Elektrizitäts- u. Wärmeerzeugung;JAHR;Jahr;2006;DINSG;Deutschland insgesamt;DG;Deutschland;ENRG03;Energieträger;KHL-B-BRIK;Braunkohlenbriketts;43568;MWh;EKT001;Elektrizitätserzeugung (brutto);e
43311;Monatserhebung ü. Elektrizitäts- u. Wärmeerzeugung;JAHR;Jahr;2006;DINSG;Deutschland insgesamt;DG;Deutschland;ENRG03;Energieträger;KHL-B-BRIK;Braunkohlenbriketts;1164900;GJ;BRN001;Brennstoffeinsatz;e
43311;Monatserhebung ü. Elektrizitäts- u. Wärmeerzeugung;JAHR;Jahr;2009;DINSG;Deutschland insgesamt;DG;Deutschland;ENRG03;Energieträger;BIO-F-01;Feste biogene Stoffe;2669381;MWh;WRM001;Nettowärmeerzeugung;e
43311;Monatserhebung ü. Elektrizitäts- u. Wärmeerzeugung;JAHR;Jahr;2009;DINSG;Deutschland insgesamt;DG;Deutschland;ENRG03;Energieträger;BIO-F-01;Feste biogene Stoffe;2898048;MWh;EKT002;Elektrizitätserzeugung (netto);e
43311;Monatserhebung ü. Elektrizitäts- u. Wärmeerzeugung;JAHR;Jahr;2009;DINSG;Deutschland insgesamt;DG;Deutschland;ENRG03;Energieträger;BIO-F-01;Feste biogene Stoffe;3195719;MWh;EKT001;Elektrizitätserzeugung (brutto);e
43311;Monatserhebung ü. Elektrizitäts- u. Wärmeerzeugung;JAHR;Jahr;2009;DINSG;Deutschland insgesamt;DG;Deutschland;ENRG03;Energieträger;BIO-F-01;Feste biogene Stoffe;47477180;GJ;BRN001;Brennstoffeinsatz;e
43311;Monatserhebung ü. Elektrizitäts- u. Wärmeerzeugung;JAHR;Jahr;2008;DINSG;Deutschland insgesamt;DG;Deutschland;ENRG03;Energieträger;GAS-E-02;Erdgas, Erdölgas;52924302;MWh;WRM001;Nettowärmeerzeugung;e
43311;Monatserhebung ü. Elektrizitäts- u. Wärmeerzeugung;JAHR;Jahr;2008;DINSG;Deutschland insgesamt;DG;Deutschland;ENRG03;Energieträger;GAS-E-02;Erdgas, Erdölgas;66936721;MWh;EKT002;Elektrizitätserzeugung (netto);e
43311;Monatserhebung ü. Elektrizitäts- u. Wärmeerzeugung;JAHR;Jahr;2008;DINSG;Deutschland insgesamt;DG;Deutschland;ENRG03;Energieträger;GAS-E-02;Erdgas, Erdölgas;68985670;MWh;EKT001;Elektrizitätserzeugung (brutto);e
43311;Monatserhebung ü. Elektrizitäts- u. Wärmeerzeugung;JAHR;Jahr;2008;DINSG;Deutschland insgesamt;DG;Deutschland;ENRG03;Energieträger;GAS-E-02;Erdgas, Erdölgas;632227050;GJ;BRN001;Brennstoffeinsatz;e
43311;Monatserhebung ü. Elektrizitäts- u. Wärmeerzeugung;JAHR;Jahr;2010;DINSG;Deutschland insgesamt;DG;Deutschland;ENRG03;Energieträger;KHL-S-BRIK;Steinkohlenbriketts;-;MWh;WRM001;Nettowärmeerzeugung;
43311;Monatserhebung ü. Elektrizitäts- u. Wärmeerzeugung;JAHR;Jahr;2010;DINSG;Deutschland insgesamt;DG;Deutschland;ENRG03;Energieträger;KHL-S-BRIK;Steinkohlenbriketts;-;MWh;EKT002;Elektrizitätserzeugung (netto);
43311;Monatserhebung ü. Elektrizitäts- u. Wärmeerzeugung;JAHR;Jahr;2010;DINSG;Deutschland insgesamt;DG;Deutschland;ENRG03;Energieträger;KHL-S-BRIK;Steinkohlenbriketts;-;MWh;EKT001;Elektrizitätserzeugung (brutto);
43311;Monatserhebung ü. Elektrizitäts- u. Wärmeerzeugung;JAHR;Jahr;2010;DINSG;Deutschland insgesamt;DG;Deutschland;ENRG03;Energieträger;KHL-S-BRIK;Steinkohlenbriketts;-;GJ;BRN001;Brennstoffeinsatz;
43311;Monatserhebung ü. Elektrizitäts- u. Wärmeerzeugung;JAHR;Jahr;2021;DINSG;Deutschland insgesamt;DG;Deutschland;ENRG03;Energieträger;OEL-H-L-01;Heizöl, leicht;482246;MWh;WRM001;Nettowärmeerzeugung;e
43311;Monatserhebung ü. Elektrizitäts- u. Wärmeerzeugung;JAHR;Jahr;2021;DINSG;Deutschland insgesamt;DG;Deutschland;ENRG03;Energieträger;OEL-H-L-01;Heizöl, leicht;555125;MWh;EKT002;Elektrizitätserzeugung (netto);e
43311;Monatserhebung ü. Elektrizitäts- u. Wärmeerzeugung;JAHR;Jahr;2021;DINSG;Deutschland insgesamt;DG;Deutschland;ENRG03;Energieträger;OEL-H-L-01;Heizöl, leicht;598685;MWh;EKT001;Elektrizitätserzeugung (brutto);e
43311;Monatserhebung ü. Elektrizitäts- u. Wärmeerzeugung;JAHR;Jahr;2021;DINSG;Deutschland insgesamt;DG;Deutschland;ENRG03;Energieträger;OEL-H-L-01;Heizöl, leicht;7869131;GJ;BRN001;Brennstoffeinsatz;e
43311;Monatserhebung ü. Elektrizitäts- u. Wärmeerzeugung;JAHR;Jahr;2022;DINSG;Deutschland insgesamt;DG;Deutschland;ENRG03;Energieträger;ENRSET;Sonstige Energieträger;.;MWh;WRM001;Nettowärmeerzeugung;
43311;Monatserhebung ü. Elektrizitäts- u. Wärmeerzeugung;JAHR;Jahr;2022;DINSG;Deutschland insgesamt;DG;Deutschland;ENRG03;Energieträger;ENRSET;Sonstige Energieträger;.;MWh;EKT002;Elektrizitätserzeugung (netto);
43311;Monatserhebung ü. Elektrizitäts- u. Wärmeerzeugung;JAHR;Jahr;2022;DINSG;Deutschland insgesamt;DG;Deutschland;ENRG03;Energieträger;ENRSET;Sonstige Energieträger;.;MWh;EKT001;Elektrizitätserzeugung (brutto);
43311;Monatserhebung ü. Elektrizitäts- u. Wärmeerzeugung;JAHR;Jahr;2022;DINSG;Deutschland insgesamt;DG;Deutschland;ENRG03;Energieträger;ENRSET;Sonstige Energieträger;.;GJ;BRN001;Brennstoffeinsatz;
43311;Monatserhebung ü. Elektrizitäts- u. Wärmeerzeugung;JAHR;Jahr;2006;DINSG;Deutschland insgesamt;DG;Deutschland;ENRG03;Energieträger;KHL-B-HART;Hartbraunkohlen;208041;MWh;WRM001;Nettowärmeerzeugung;e
43311;Monatserhebung ü. Elektrizitäts- u. Wärmeerzeugung;JAHR;Jahr;2006;DINSG;Deutschland insgesamt;DG;Deutschland;ENRG03;Energieträger;KHL-B-HART;Hartbraunkohlen;54358;MWh;EKT002;Elektrizitätserzeugung (netto);e
43311;Monatserhebung ü. Elektrizitäts- u. Wärmeerzeugung;JAHR;Jahr;2006;DINSG;Deutschland insgesamt;DG;Deutschland;ENRG03;Energieträger;KHL-B-HART;Hartbraunkohlen;65284;MWh;EKT001;Elektrizitätserzeugung (brutto);e
43311;Monatserhebung ü. Elektrizitäts- u. Wärmeerzeugung;JAHR;Jahr;2006;DINSG;Deutschland insgesamt;DG;Deutschland;ENRG03;Energieträger;KHL-B-HART;Hartbraunkohlen;1122416;GJ;BRN001;Brennstoffeinsatz;e
43311;Monatserhebung ü. Elektrizitäts- u. Wärmeerzeugung;JAHR;Jahr;2003;DINSG;Deutschland insgesamt;DG;Deutschland;ENRG03;Energieträger;GAS-HO-01;Hochofengas;408520;MWh;WRM001;Nettowärmeerzeugung;e
43311;Monatserhebung ü. Elektrizitäts- u. Wärmeerzeugung;JAHR;Jahr;2003;DINSG;Deutschland insgesamt;DG;Deutschland;ENRG03;Energieträger;GAS-HO-01;Hochofengas;3516542;MWh;EKT002;Elektrizitätserzeugung (netto);e
43311;Monatserhebung ü. Elektrizitäts- u. Wärmeerzeugung;JAHR;Jahr;2003;DINSG;Deutschland insgesamt;DG;Deutschland;ENRG03;Energieträger;GAS-HO-01;Hochofengas;3726431;MWh;EKT001;Elektrizitätserzeugung (brutto);e
43311;Monatserhebung ü. Elektrizitäts- u. Wärmeerzeugung;JAHR;Jahr;2003;DINSG;Deutschland insgesamt;DG;Deutschland;ENRG03;Energieträger;GAS-HO-01;Hochofengas;37750782;GJ;BRN001;Brennstoffeinsatz;e
43311;Monatserhebung ü. Elektrizitäts- u. Wärmeerzeugung;JAHR;Jahr;2003;DINSG;Deutschland insgesamt;DG;Deutschland;ENRG03;Energieträger;GAS-KL;Klärgas;18407;MWh;WRM001;Nettowärmeerzeugung;e
43311;Monatserhebung ü. Elektrizitäts- u. Wärmeerzeugung;JAHR;Jahr;2003;DINSG;Deutschland insgesamt;DG;Deutschland;ENRG03;Energieträger;GAS-KL;Klärgas;17599;MWh;EKT002;Elektrizitätserzeugung (netto);e
43311;Monatserhebung ü. Elektrizitäts- u. Wärmeerzeugung;JAHR;Jahr;2003;DINSG;Deutschland insgesamt;DG;Deutschland;ENRG03;Energieträger;GAS-KL;Klärgas;18207;MWh;EKT001;Elektrizitätserzeugung (brutto);e
43311;Monatserhebung ü. Elektrizitäts- u. Wärmeerzeugung;JAHR;Jahr;2003;DINSG;Deutschland insgesamt;DG;Deutschland;ENRG03;Energieträger;GAS-KL;Klärgas;210621;GJ;BRN001;Brennstoffeinsatz;e
43311;Monatserhebung ü. Elektrizitäts- u. Wärmeerzeugung;JAHR;Jahr;2014;DINSG;Deutschland insgesamt;DG;Deutschland;ENRG03;Energieträger;KHL-S-SONST;Sonstige Steinkohlen;-;MWh;WRM001;Nettowärmeerzeugung;
43311;Monatserhebung ü. Elektrizitäts- u. Wärmeerzeugung;JAHR;Jahr;2014;DINSG;Deutschland insgesamt;DG;Deutschland;ENRG03;Energieträger;KHL-S-SONST;Sonstige Steinkohlen;-;MWh;EKT002;Elektrizitätserzeugung (netto);
43311;Monatserhebung ü. Elektrizitäts- u. Wärmeerzeugung;JAHR;Jahr;2014;DINSG;Deutschland insgesamt;DG;Deutschland;ENRG03;Energieträger;KHL-S-SONST;Sonstige Steinkohlen;-;MWh;EKT001;Elektrizitätserzeugung (brutto);
43311;Monatserhebung ü. Elektrizitäts- u. Wärmeerzeugung;JAHR;Jahr;2014;DINSG;Deutschland insgesamt;DG;Deutschland;ENRG03;Energieträger;KHL-S-SONST;Sonstige Steinkohlen;-;GJ;BRN001;Brennstoffeinsatz;
43311;Monatserhebung ü. Elektrizitäts- u. Wärmeerzeugung;JAHR;Jahr;2008;DINSG;Deutschland insgesamt;DG;Deutschland;ENRG03;Energieträger;PHOTO-01;Photovoltaik;-;MWh;WRM001;Nettowärmeerzeugung;
43311;Monatserhebung ü. Elektrizitäts- u. Wärmeerzeugung;JAHR;Jahr;2008;DINSG;Deutschland insgesamt;DG;Deutschland;ENRG03;Energieträger;PHOTO-01;Photovoltaik;7306;MWh;EKT002;Elektrizitätserzeugung (netto);e
43311;Monatserhebung ü. Elektrizitäts- u. Wärmeerzeugung;JAHR;Jahr;2008;DINSG;Deutschland insgesamt;DG;Deutschland;ENRG03;Energieträger;PHOTO-01;Photovoltaik;7306;MWh;EKT001;Elektrizitätserzeugung (brutto);e
43311;Monatserhebung ü. Elektrizitäts- u. Wärmeerzeugung;JAHR;Jahr;2008;DINSG;Deutschland insgesamt;DG;Deutschland;ENRG03;Energieträger;PHOTO-01;Photovoltaik;-;GJ;BRN001;Brennstoffeinsatz;
43311;Monatserhebung ü. Elektrizitäts- u. Wärmeerzeugung;JAHR;Jahr;2016;DINSG;Deutschland insgesamt;DG;Deutschland;ENRG03;Energieträger;SP-SONST-01;Andere Speicher;-;MWh;WRM001;Nettowärmeerzeugung;
43311;Monatserhebung ü. Elektrizitäts- u. Wärmeerzeugung;JAHR;Jahr;2016;DINSG;Deutschland insgesamt;DG;Deutschland;ENRG03;Energieträger;SP-SONST-01;Andere Speicher;-;MWh;EKT002;Elektrizitätserzeugung (netto);
43311;Monatserhebung ü. Elektrizitäts- u. Wärmeerzeugung;JAHR;Jahr;2016;DINSG;Deutschland insgesamt;DG;Deutschland;ENRG03;Energieträger;SP-SONST-01;Andere Speicher;-;MWh;EKT001;Elektrizitätserzeugung (brutto);
43311;Monatserhebung ü. Elektrizitäts- u. Wärmeerzeugung;JAHR;Jahr;2016;DINSG;Deutschland insgesamt;DG;Deutschland;ENRG03;Energieträger;SP-SONST-01;Andere Speicher;-;GJ;BRN001;Brennstoffeinsatz;
43311;Monatserhebung ü. Elektrizitäts- u. Wärmeerzeugung;JAHR;Jahr;2009;DINSG;Deutschland insgesamt;DG;Deutschland;ENRG03;Energieträger;OEL-H-L-01;Heizöl, leicht;484047;MWh;WRM001;Nettowärmeerzeugung;e
43311;Monatserhebung ü. Elektrizitäts- u. Wärmeerzeugung;JAHR;Jahr;2009;DINSG;Deutschland insgesamt;DG;Deutschland;ENRG03;Energieträger;OEL-H-L-01;Heizöl, leicht;474549;MWh;EKT002;Elektrizitätserzeugung (netto);e
43311;Monatserhebung ü. Elektrizitäts- u. Wärmeerzeugung;JAHR;Jahr;2009;DINSG;Deutschland insgesamt;DG;Deutschland;ENRG03;Energieträger;OEL-H-L-01;Heizöl, leicht;522040;MWh;EKT001;Elektrizitätserzeugung (brutto);e
43311;Monatserhebung ü. Elektrizitäts- u. Wärmeerzeugung;JAHR;Jahr;2009;DINSG;Deutschland insgesamt;DG;Deutschland;ENRG03;Energieträger;OEL-H-L-01;Heizöl, leicht;7929145;GJ;BRN001;Brennstoffeinsatz;e
43311;Monatserhebung ü. Elektrizitäts- u. Wärmeerzeugung;JAHR;Jahr;2024;DINSG;Deutschland insgesamt;DG;Deutschland;ENRG03;Energieträger;KHL-B-SONST;Sonstige Braunkohlen;-;MWh;WRM001;Nettowärmeerzeugung;
43311;Monatserhebung ü. Elektrizitäts- u. Wärmeerzeugung;JAHR;Jahr;2024;DINSG;Deutschland insgesamt;DG;Deutschland;ENRG03;Energieträger;KHL-B-SONST;Sonstige Braunkohlen;-;MWh;EKT002;Elektrizitätserzeugung (netto);
43311;Monatserhebung ü. Elektrizitäts- u. Wärmeerzeugung;JAHR;Jahr;2024;DINSG;Deutschland insgesamt;DG;Deutschland;ENRG03;Energieträger;KHL-B-SONST;Sonstige Braunkohlen;-;MWh;EKT001;Elektrizitätserzeugung (brutto);
43311;Monatserhebung ü. Elektrizitäts- u. Wärmeerzeugung;JAHR;Jahr;2024;DINSG;Deutschland insgesamt;DG;Deutschland;ENRG03;Energieträger;KHL-B-SONST;Sonstige Braunkohlen;-;GJ;BRN001;Brennstoffeinsatz;
43311;Monatserhebung ü. Elektrizitäts- u. Wärmeerzeugung;JAHR;Jahr;2011;DINSG;Deutschland insgesamt;DG;Deutschland;ENRG03;Energieträger;GEOTH-01;Geothermie;361;MWh;WRM001;Nettowärmeerzeugung;e
43311;Monatserhebung ü. Elektrizitäts- u. Wärmeerzeugung;JAHR;Jahr;2011;DINSG;Deutschland insgesamt;DG;Deutschland;ENRG03;Energieträger;GEOTH-01;Geothermie;10243;MWh;EKT002;Elektrizitätserzeugung (netto);e
43311;Monatserhebung ü. Elektrizitäts- u. Wärmeerzeugung;JAHR;Jahr;2011;DINSG;Deutschland insgesamt;DG;Deutschland;ENRG03;Energieträger;GEOTH-01;Geothermie;10243;MWh;EKT001;Elektrizitätserzeugung (brutto);e
43311;Monatserhebung ü. Elektrizitäts- u. Wärmeerzeugung;JAHR;Jahr;2011;DINSG;Deutschland insgesamt;DG;Deutschland;ENRG03;Energieträger;GEOTH-01;Geothermie;-;GJ;BRN001;Brennstoffeinsatz;
43311;Monatserhebung ü. Elektrizitäts- u. Wärmeerzeugung;JAHR;Jahr;2005;DINSG;Deutschland insgesamt;DG;Deutschland;ENRG03;Energieträger;WRM-01;Wärme;-;MWh;WRM001;Nettowärmeerzeugung;
43311;Monatserhebung ü. Elektrizitäts- u. Wärmeerzeugung;JAHR;Jahr;2005;DINSG;Deutschland insgesamt;DG;Deutschland;ENRG03;Energieträger;WRM-01;Wärme;-;MWh;EKT002;Elektrizitätserzeugung (netto);
43311;Monatserhebung ü. Elektrizitäts- u. Wärmeerzeugung;JAHR;Jahr;2005;DINSG;Deutschland insgesamt;DG;Deutschland;ENRG03;Energieträger;WRM-01;Wärme;-;MWh;EKT001;Elektrizitätserzeugung (brutto);
43311;Monatserhebung ü. Elektrizitäts- u. Wärmeerzeugung;JAHR;Jahr;2005;DINSG;Deutschland insgesamt;DG;Deutschland;ENRG03;Energieträger;WRM-01;Wärme;-;GJ;BRN001;Brennstoffeinsatz;
43311;Monatserhebung ü. Elektrizitäts- u. Wärmeerzeugung;JAHR;Jahr;2012;DINSG;Deutschland insgesamt;DG;Deutschland;ENRG03;Energieträger;GAS-DEP;Deponiegas;29559;MWh;WRM001;Nettowärmeerzeugung;e
43311;Monatserhebung ü. Elektrizitäts- u. Wärmeerzeugung;JAHR;Jahr;2012;DINSG;Deutschland insgesamt;DG;Deutschland;ENRG03;Energieträger;GAS-DEP;Deponiegas;70593;MWh;EKT002;Elektrizitätserzeugung (netto);e
43311;Monatserhebung ü. Elektrizitäts- u. Wärmeerzeugung;JAHR;Jahr;2012;DINSG;Deutschland insgesamt;DG;Deutschland;ENRG03;Energieträger;GAS-DEP;Deponiegas;73956;MWh;EKT001;Elektrizitätserzeugung (brutto);e
43311;Monatserhebung ü. Elektrizitäts- u. Wärmeerzeugung;JAHR;Jahr;2012;DINSG;Deutschland insgesamt;DG;Deutschland;ENRG03;Energieträger;GAS-DEP;Deponiegas;779612;GJ;BRN001;Brennstoffeinsatz;e
43311;Monatserhebung ü. Elektrizitäts- u. Wärmeerzeugung;JAHR;Jahr;2015;DINSG;Deutschland insgesamt;DG;Deutschland;ENRG03;Energieträger;GAS-BIO;Biogas;1708636;MWh;WRM001;Nettowärmeerzeugung;e
43311;Monatserhebung ü. Elektrizitäts- u. Wärmeerzeugung;JAHR;Jahr;2015;DINSG;Deutschland insgesamt;DG;Deutschland;ENRG03;Energieträger;GAS-BIO;Biogas;1656879;MWh;EKT002;Elektrizitätserzeugung (netto);e
43311;Monatserhebung ü. Elektrizitäts- u. Wärmeerzeugung;JAHR;Jahr;2015;DINSG;Deutschland insgesamt;DG;Deutschland;ENRG03;Energieträger;GAS-BIO;Biogas;1707025;MWh;EKT001;Elektrizitätserzeugung (brutto);e
43311;Monatserhebung ü. Elektrizitäts- u. Wärmeerzeugung;JAHR;Jahr;2015;DINSG;Deutschland insgesamt;DG;Deutschland;ENRG03;Energieträger;GAS-BIO;Biogas;16504082;GJ;BRN001;Brennstoffeinsatz;e
43311;Monatserhebung ü. Elektrizitäts- u. Wärmeerzeugung;JAHR;Jahr;2002;DINSG;Deutschland insgesamt;DG;Deutschland;ENRG03;Energieträger;ENR-EB-SONST;Sonstige erneuerbare Energien;-;MWh;WRM001;Nettowärmeerzeugung;
43311;Monatserhebung ü. Elektrizitäts- u. Wärmeerzeugung;JAHR;Jahr;2002;DINSG;Deutschland insgesamt;DG;Deutschland;ENRG03;Energieträger;ENR-EB-SONST;Sonstige erneuerbare Energien;243469;MWh;EKT002;Elektrizitätserzeugung (netto);e
43311;Monatserhebung ü. Elektrizitäts- u. Wärmeerzeugung;JAHR;Jahr;2002;DINSG;Deutschland insgesamt;DG;Deutschland;ENRG03;Energieträger;ENR-EB-SONST;Sonstige erneuerbare Energien;265526;MWh;EKT001;Elektrizitätserzeugung (brutto);e
43311;Monatserhebung ü. Elektrizitäts- u. Wärmeerzeugung;JAHR;Jahr;2002;DINSG;Deutschland insgesamt;DG;Deutschland;ENRG03;Energieträger;ENR-EB-SONST;Sonstige erneuerbare Energien;2571791;GJ;BRN001;Brennstoffeinsatz;e
43311;Monatserhebung ü. Elektrizitäts- u. Wärmeerzeugung;JAHR;Jahr;2020;DINSG;Deutschland insgesamt;DG;Deutschland;ENRG03;Energieträger;WAS-SP-01;Speicherwasser;0;MWh;WRM001;Nettowärmeerzeugung;e
43311;Monatserhebung ü. Elektrizitäts- u. Wärmeerzeugung;JAHR;Jahr;2020;DINSG;Deutschland insgesamt;DG;Deutschland;ENRG03;Energieträger;WAS-SP-01;Speicherwasser;894434;MWh;EKT002;Elektrizitätserzeugung (netto);e
43311;Monatserhebung ü. Elektrizitäts- u. Wärmeerzeugung;JAHR;Jahr;2020;DINSG;Deutschland insgesamt;DG;Deutschland;ENRG03;Energieträger;WAS-SP-01;Speicherwasser;898621;MWh;EKT001;Elektrizitätserzeugung (brutto);e
43311;Monatserhebung ü. Elektrizitäts- u. Wärmeerzeugung;JAHR;Jahr;2020;DINSG;Deutschland insgesamt;DG;Deutschland;ENRG03;Energieträger;WAS-SP-01;Speicherwasser;0;GJ;BRN001;Brennstoffeinsatz;e
43311;Monatserhebung ü. Elektrizitäts- u. Wärmeerzeugung;JAHR;Jahr;2013;DINSG;Deutschland insgesamt;DG;Deutschland;ENRG03;Energieträger;WIND-01;Windkraft;-;MWh;WRM001;Nettowärmeerzeugung;
43311;Monatserhebung ü. Elektrizitäts- u. Wärmeerzeugung;JAHR;Jahr;2013;DINSG;Deutschland insgesamt;DG;Deutschland;ENRG03;Energieträger;WIND-01;Windkraft;-;MWh;EKT002;Elektrizitätserzeugung (netto);
43311;Monatserhebung ü. Elektrizitäts- u. Wärmeerzeugung;JAHR;Jahr;2013;DINSG;Deutschland insgesamt;DG;Deutschland;ENRG03;Energieträger;WIND-01;Windkraft;-;MWh;EKT001;Elektrizitätserzeugung (brutto);
43311;Monatserhebung ü. Elektrizitäts- u. Wärmeerzeugung;JAHR;Jahr;2013;DINSG;Deutschland insgesamt;DG;Deutschland;ENRG03;Energieträger;WIND-01;Windkraft;-;GJ;BRN001;Brennstoffeinsatz;
43311;Monatserhebung ü. Elektrizitäts- u. Wärmeerzeugung;JAHR;Jahr;2018;DINSG;Deutschland insgesamt;DG;Deutschland;ENRG03;Energieträger;BIO-FL-01;Flüssige biogene Stoffe;.;MWh;WRM001;Nettowärmeerzeugung;
43311;Monatserhebung ü. Elektrizitäts- u. Wärmeerzeugung;JAHR;Jahr;2018;DINSG;Deutschland insgesamt;DG;Deutschland;ENRG03;Energieträger;BIO-FL-01;Flüssige biogene Stoffe;.;MWh;EKT002;Elektrizitätserzeugung (netto);
43311;Monatserhebung ü. Elektrizitäts- u. Wärmeerzeugung;JAHR;Jahr;2018;DINSG;Deutschland insgesamt;DG;Deutschland;ENRG03;Energieträger;BIO-FL-01;Flüssige biogene Stoffe;.;MWh;EKT001;Elektrizitätserzeugung (brutto);
43311;Monatserhebung ü. Elektrizitäts- u. Wärmeerzeugung;JAHR;Jahr;2018;DINSG;Deutschland insgesamt;DG;Deutschland;ENRG03;Energieträger;BIO-FL-01;Flüssige biogene Stoffe;.;GJ;BRN001;Brennstoffeinsatz;
43311;Monatserhebung ü. Elektrizitäts- u. Wärmeerzeugung;JAHR;Jahr;2022;DINSG;Deutschland insgesamt;DG;Deutschland;ENRG03;Energieträger;BIO-FL-01;Flüssige biogene Stoffe;.;MWh;WRM001;Nettowärmeerzeugung;
43311;Monatserhebung ü. Elektrizitäts- u. Wärmeerzeugung;JAHR;Jahr;2022;DINSG;Deutschland insgesamt;DG;Deutschland;ENRG03;Energieträger;BIO-FL-01;Flüssige biogene Stoffe;.;MWh;EKT002;Elektrizitätserzeugung (netto);
43311;Monatserhebung ü. Elektrizitäts- u. Wärmeerzeugung;JAHR;Jahr;2022;DINSG;Deutschland insgesamt;DG;Deutschland;ENRG03;Energieträger;BIO-FL-01;Flüssige biogene Stoffe;.;MWh;EKT001;Elektrizitätserzeugung (brutto);
43311;Monatserhebung ü. Elektrizitäts- u. Wärmeerzeugung;JAHR;Jahr;2022;DINSG;Deutschland insgesamt;DG;Deutschland;ENRG03;Energieträger;BIO-FL-01;Flüssige biogene Stoffe;.;GJ;BRN001;Brennstoffeinsatz;
43311;Monatserhebung ü. Elektrizitäts- u. Wärmeerzeugung;JAHR;Jahr;2006;DINSG;Deutschland insgesamt;DG;Deutschland;ENRG03;Energieträger;GAS-SONST;Sonstige hergestellte Gase;560335;MWh;WRM001;Nettowärmeerzeugung;e
43311;Monatserhebung ü. Elektrizitäts- u. Wärmeerzeugung;JAHR;Jahr;2006;DINSG;Deutschland insgesamt;DG;Deutschland;ENRG03;Energieträger;GAS-SONST;Sonstige hergestellte Gase;216877;MWh;EKT002;Elektrizitätserzeugung (netto);e
43311;Monatserhebung ü. Elektrizitäts- u. Wärmeerzeugung;JAHR;Jahr;2006;DINSG;Deutschland insgesamt;DG;Deutschland;ENRG03;Energieträger;GAS-SONST;Sonstige hergestellte Gase;233565;MWh;EKT001;Elektrizitätserzeugung (brutto);e
43311;Monatserhebung ü. Elektrizitäts- u. Wärmeerzeugung;JAHR;Jahr;2006;DINSG;Deutschland insgesamt;DG;Deutschland;ENRG03;Energieträger;GAS-SONST;Sonstige hergestellte Gase;3882087;GJ;BRN001;Brennstoffeinsatz;e
43311;Monatserhebung ü. Elektrizitäts- u. Wärmeerzeugung;JAHR;Jahr;2017;DINSG;Deutschland insgesamt;DG;Deutschland;ENRG03;Energieträger;GAS-KL;Klärgas;68239;MWh;WRM001;Nettowärmeerzeugung;e
43311;Monatserhebung ü. Elektrizitäts- u. Wärmeerzeugung;JAHR;Jahr;2017;DINSG;Deutschland insgesamt;DG;Deutschland;ENRG03;Energieträger;GAS-KL;Klärgas;35401;MWh;EKT002;Elektrizitätserzeugung (netto);e
43311;Monatserhebung ü. Elektrizitäts- u. Wärmeerzeugung;JAHR;Jahr;2017;DINSG;Deutschland insgesamt;DG;Deutschland;ENRG03;Energieträger;GAS-KL;Klärgas;38115;MWh;EKT001;Elektrizitätserzeugung (brutto);e
43311;Monatserhebung ü. Elektrizitäts- u. Wärmeerzeugung;JAHR;Jahr;2017;DINSG;Deutschland insgesamt;DG;Deutschland;ENRG03;Energieträger;GAS-KL;Klärgas;473464;GJ;BRN001;Brennstoffeinsatz;e
43311;Monatserhebung ü. Elektrizitäts- u. Wärmeerzeugung;JAHR;Jahr;2013;DINSG;Deutschland insgesamt;DG;Deutschland;ENRG03;Energieträger;KHL-B-KOKS;Braunkohlenkoks;.;MWh;WRM001;Nettowärmeerzeugung;
43311;Monatserhebung ü. Elektrizitäts- u. Wärmeerzeugung;JAHR;Jahr;2013;DINSG;Deutschland insgesamt;DG;Deutschland;ENRG03;Energieträger;KHL-B-KOKS;Braunkohlenkoks;.;MWh;EKT002;Elektrizitätserzeugung (netto);
43311;Monatserhebung ü. Elektrizitäts- u. Wärmeerzeugung;JAHR;Jahr;2013;DINSG;Deutschland insgesamt;DG;Deutschland;ENRG03;Energieträger;KHL-B-KOKS;Braunkohlenkoks;.;MWh;EKT001;Elektrizitätserzeugung (brutto);
43311;Monatserhebung ü. Elektrizitäts- u. Wärmeerzeugung;JAHR;Jahr;2013;DINSG;Deutschland insgesamt;DG;Deutschland;ENRG03;Energieträger;KHL-B-KOKS;Braunkohlenkoks;.;GJ;BRN001;Brennstoffeinsatz;
43311;Monatserhebung ü. Elektrizitäts- u. Wärmeerzeugung;JAHR;Jahr;2003;DINSG;Deutschland insgesamt;DG;Deutschland;ENRG03;Energieträger;GAS-BIO-02;Biomethan (Bioerdgas);-;MWh;WRM001;Nettowärmeerzeugung;
43311;Monatserhebung ü. Elektrizitäts- u. Wärmeerzeugung;JAHR;Jahr;2003;DINSG;Deutschland insgesamt;DG;Deutschland;ENRG03;Energieträger;GAS-BIO-02;Biomethan (Bioerdgas);-;MWh;EKT002;Elektrizitätserzeugung (netto);
43311;Monatserhebung ü. Elektrizitäts- u. Wärmeerzeugung;JAHR;Jahr;2003;DINSG;Deutschland insgesamt;DG;Deutschland;ENRG03;Energieträger;GAS-BIO-02;Biomethan (Bioerdgas);-;MWh;EKT001;Elektrizitätserzeugung (brutto);
43311;Monatserhebung ü. Elektrizitäts- u. Wärmeerzeugung;JAHR;Jahr;2003;DINSG;Deutschland insgesamt;DG;Deutschland;ENRG03;Energieträger;GAS-BIO-02;Biomethan (Bioerdgas);-;GJ;BRN001;Brennstoffeinsatz;
43311;Monatserhebung ü. Elektrizitäts- u. Wärmeerzeugung;JAHR;Jahr;2008;DINSG;Deutschland insgesamt;DG;Deutschland;ENRG03;Energieträger;GAS-BIO-02;Biomethan (Bioerdgas);-;MWh;WRM001;Nettowärmeerzeugung;
43311;Monatserhebung ü. Elektrizitäts- u. Wärmeerzeugung;JAHR;Jahr;2008;DINSG;Deutschland insgesamt;DG;Deutschland;ENRG03;Energieträger;GAS-BIO-02;Biomethan (Bioerdgas);-;MWh;EKT002;Elektrizitätserzeugung (netto);
43311;Monatserhebung ü. Elektrizitäts- u. Wärmeerzeugung;JAHR;Jahr;2008;DINSG;Deutschland insgesamt;DG;Deutschland;ENRG03;Energieträger;GAS-BIO-02;Biomethan (Bioerdgas);-;MWh;EKT001;Elektrizitätserzeugung (brutto);
43311;Monatserhebung ü. Elektrizitäts- u. Wärmeerzeugung;JAHR;Jahr;2008;DINSG;Deutschland insgesamt;DG;Deutschland;ENRG03;Energieträger;GAS-BIO-02;Biomethan (Bioerdgas);-;GJ;BRN001;Brennstoffeinsatz;
43311;Monatserhebung ü. Elektrizitäts- u. Wärmeerzeugung;JAHR;Jahr;2011;DINSG;Deutschland insgesamt;DG;Deutschland;ENRG03;Energieträger;WAS-PSP-01;Pumpspeicherwasser;-;MWh;WRM001;Nettowärmeerzeugung;
43311;Monatserhebung ü. Elektrizitäts- u. Wärmeerzeugung;JAHR;Jahr;2011;DINSG;Deutschland insgesamt;DG;Deutschland;ENRG03;Energieträger;WAS-PSP-01;Pumpspeicherwasser;6099241;MWh;EKT002;Elektrizitätserzeugung (netto);e
43311;Monatserhebung ü. Elektrizitäts- u. Wärmeerzeugung;JAHR;Jahr;2011;DINSG;Deutschland insgesamt;DG;Deutschland;ENRG03;Energieträger;WAS-PSP-01;Pumpspeicherwasser;6245567;MWh;EKT001;Elektrizitätserzeugung (brutto);e
43311;Monatserhebung ü. Elektrizitäts- u. Wärmeerzeugung;JAHR;Jahr;2011;DINSG;Deutschland insgesamt;DG;Deutschland;ENRG03;Energieträger;WAS-PSP-01;Pumpspeicherwasser;-;GJ;BRN001;Brennstoffeinsatz;
43311;Monatserhebung ü. Elektrizitäts- u. Wärmeerzeugung;JAHR;Jahr;2024;DINSG;Deutschland insgesamt;DG;Deutschland;ENRG03;Energieträger;KHL-B-HART;Hartbraunkohlen;.;MWh;WRM001;Nettowärmeerzeugung;
43311;Monatserhebung ü. Elektrizitäts- u. Wärmeerzeugung;JAHR;Jahr;2024;DINSG;Deutschland insgesamt;DG;Deutschland;ENRG03;Energieträger;KHL-B-HART;Hartbraunkohlen;.;MWh;EKT002;Elektrizitätserzeugung (netto);
43311;Monatserhebung ü. Elektrizitäts- u. Wärmeerzeugung;JAHR;Jahr;2024;DINSG;Deutschland insgesamt;DG;Deutschland;ENRG03;Energieträger;KHL-B-HART;Hartbraunkohlen;.;MWh;EKT001;Elektrizitätserzeugung (brutto);
43311;Monatserhebung ü. Elektrizitäts- u. Wärmeerzeugung;JAHR;Jahr;2024;DINSG;Deutschland insgesamt;DG;Deutschland;ENRG03;Energieträger;KHL-B-HART;Hartbraunkohlen;.;GJ;BRN001;Brennstoffeinsatz;
43311;Monatserhebung ü. Elektrizitäts- u. Wärmeerzeugung;JAHR;Jahr;2006;DINSG;Deutschland insgesamt;DG;Deutschland;ENRG03;Energieträger;KLS-01;Klärschlamm;12178;MWh;WRM001;Nettowärmeerzeugung;e
43311;Monatserhebung ü. Elektrizitäts- u. Wärmeerzeugung;JAHR;Jahr;2006;DINSG;Deutschland insgesamt;DG;Deutschland;ENRG03;Energieträger;KLS-01;Klärschlamm;191679;MWh;EKT002;Elektrizitätserzeugung (netto);e
43311;Monatserhebung ü. Elektrizitäts- u. Wärmeerzeugung;JAHR;Jahr;2006;DINSG;Deutschland insgesamt;DG;Deutschland;ENRG03;Energieträger;KLS-01;Klärschlamm;210540;MWh;EKT001;Elektrizitätserzeugung (brutto);e
43311;Monatserhebung ü. Elektrizitäts- u. Wärmeerzeugung;JAHR;Jahr;2006;DINSG;Deutschland insgesamt;DG;Deutschland;ENRG03;Energieträger;KLS-01;Klärschlamm;1814136;GJ;BRN001;Brennstoffeinsatz;e
43311;Monatserhebung ü. Elektrizitäts- u. Wärmeerzeugung;JAHR;Jahr;2004;DINSG;Deutschland insgesamt;DG;Deutschland;ENRG03;Energieträger;ABF-02;Abfall (Industrie);-;MWh;WRM001;Nettowärmeerzeugung;
43311;Monatserhebung ü. Elektrizitäts- u. Wärmeerzeugung;JAHR;Jahr;2004;DINSG;Deutschland insgesamt;DG;Deutschland;ENRG03;Energieträger;ABF-02;Abfall (Industrie);-;MWh;EKT002;Elektrizitätserzeugung (netto);
43311;Monatserhebung ü. Elektrizitäts- u. Wärmeerzeugung;JAHR;Jahr;2004;DINSG;Deutschland insgesamt;DG;Deutschland;ENRG03;Energieträger;ABF-02;Abfall (Industrie);-;MWh;EKT001;Elektrizitätserzeugung (brutto);
43311;Monatserhebung ü. Elektrizitäts- u. Wärmeerzeugung;JAHR;Jahr;2004;DINSG;Deutschland insgesamt;DG;Deutschland;ENRG03;Energieträger;ABF-02;Abfall (Industrie);-;GJ;BRN001;Brennstoffeinsatz;
43311;Monatserhebung ü. Elektrizitäts- u. Wärmeerzeugung;JAHR;Jahr;2016;DINSG;Deutschland insgesamt;DG;Deutschland;ENRG03;Energieträger;GAS-GRUB;Grubengas;.;MWh;WRM001;Nettowärmeerzeugung;
43311;Monatserhebung ü. Elektrizitäts- u. Wärmeerzeugung;JAHR;Jahr;2016;DINSG;Deutschland insgesamt;DG;Deutschland;ENRG03;Energieträger;GAS-GRUB;Grubengas;.;MWh;EKT002;Elektrizitätserzeugung (netto);
43311;Monatserhebung ü. Elektrizitäts- u. Wärmeerzeugung;JAHR;Jahr;2016;DINSG;Deutschland insgesamt;DG;Deutschland;ENRG03;Energieträger;GAS-GRUB;Grubengas;.;MWh;EKT001;Elektrizitätserzeugung (brutto);
43311;Monatserhebung ü. Elektrizitäts- u. Wärmeerzeugung;JAHR;Jahr;2016;DINSG;Deutschland insgesamt;DG;Deutschland;ENRG03;Energieträger;GAS-GRUB;Grubengas;.;GJ;BRN001;Brennstoffeinsatz;
43311;Monatserhebung ü. Elektrizitäts- u. Wärmeerzeugung;JAHR;Jahr;2021;DINSG;Deutschland insgesamt;DG;Deutschland;ENRG03;Energieträger;DIESEL-01;Dieselkraftstoff;-;MWh;WRM001;Nettowärmeerzeugung;
43311;Monatserhebung ü. Elektrizitäts- u. Wärmeerzeugung;JAHR;Jahr;2021;DINSG;Deutschland insgesamt;DG;Deutschland;ENRG03;Energieträger;DIESEL-01;Dieselkraftstoff;262;MWh;EKT002;Elektrizitätserzeugung (netto);e
43311;Monatserhebung ü. Elektrizitäts- u. Wärmeerzeugung;JAHR;Jahr;2021;DINSG;Deutschland insgesamt;DG;Deutschland;ENRG03;Energieträger;DIESEL-01;Dieselkraftstoff;263;MWh;EKT001;Elektrizitätserzeugung (brutto);e
43311;Monatserhebung ü. Elektrizitäts- u. Wärmeerzeugung;JAHR;Jahr;2021;DINSG;Deutschland insgesamt;DG;Deutschland;ENRG03;Energieträger;DIESEL-01;Dieselkraftstoff;2416;GJ;BRN001;Brennstoffeinsatz;e
43311;Monatserhebung ü. Elektrizitäts- u. Wärmeerzeugung;JAHR;Jahr;2024;DINSG;Deutschland insgesamt;DG;Deutschland;ENRG03;Energieträger;WRM-01;Wärme;1454900;MWh;WRM001;Nettowärmeerzeugung;e
43311;Monatserhebung ü. Elektrizitäts- u. Wärmeerzeugung;JAHR;Jahr;2024;DINSG;Deutschland insgesamt;DG;Deutschland;ENRG03;Energieträger;WRM-01;Wärme;449226;MWh;EKT002;Elektrizitätserzeugung (netto);e
43311;Monatserhebung ü. Elektrizitäts- u. Wärmeerzeugung;JAHR;Jahr;2024;DINSG;Deutschland insgesamt;DG;Deutschland;ENRG03;Energieträger;WRM-01;Wärme;463821;MWh;EKT001;Elektrizitätserzeugung (brutto);e
43311;Monatserhebung ü. Elektrizitäts- u. Wärmeerzeugung;JAHR;Jahr;2024;DINSG;Deutschland insgesamt;DG;Deutschland;ENRG03;Energieträger;WRM-01;Wärme;10094210;GJ;BRN001;Brennstoffeinsatz;e
43311;Monatserhebung ü. Elektrizitäts- u. Wärmeerzeugung;JAHR;Jahr;2021;DINSG;Deutschland insgesamt;DG;Deutschland;ENRG03;Energieträger;BIO-F-01;Feste biogene Stoffe;5825755;MWh;WRM001;Nettowärmeerzeugung;e
43311;Monatserhebung ü. Elektrizitäts- u. Wärmeerzeugung;JAHR;Jahr;2021;DINSG;Deutschland insgesamt;DG;Deutschland;ENRG03;Energieträger;BIO-F-01;Feste biogene Stoffe;4215786;MWh;EKT002;Elektrizitätserzeugung (netto);e
43311;Monatserhebung ü. Elektrizitäts- u. Wärmeerzeugung;JAHR;Jahr;2021;DINSG;Deutschland insgesamt;DG;Deutschland;ENRG03;Energieträger;BIO-F-01;Feste biogene Stoffe;4780618;MWh;EKT001;Elektrizitätserzeugung (brutto);e
43311;Monatserhebung ü. Elektrizitäts- u. Wärmeerzeugung;JAHR;Jahr;2021;DINSG;Deutschland insgesamt;DG;Deutschland;ENRG03;Energieträger;BIO-F-01;Feste biogene Stoffe;77017454;GJ;BRN001;Brennstoffeinsatz;e
43311;Monatserhebung ü. Elektrizitäts- u. Wärmeerzeugung;JAHR;Jahr;2007;DINSG;Deutschland insgesamt;DG;Deutschland;ENRG03;Energieträger;GAS-H2;Wasserstoff;-;MWh;WRM001;Nettowärmeerzeugung;
43311;Monatserhebung ü. Elektrizitäts- u. Wärmeerzeugung;JAHR;Jahr;2007;DINSG;Deutschland insgesamt;DG;Deutschland;ENRG03;Energieträger;GAS-H2;Wasserstoff;-;MWh;EKT002;Elektrizitätserzeugung (netto);
43311;Monatserhebung ü. Elektrizitäts- u. Wärmeerzeugung;JAHR;Jahr;2007;DINSG;Deutschland insgesamt;DG;Deutschland;ENRG03;Energieträger;GAS-H2;Wasserstoff;-;MWh;EKT001;Elektrizitätserzeugung (brutto);
43311;Monatserhebung ü. Elektrizitäts- u. Wärmeerzeugung;JAHR;Jahr;2007;DINSG;Deutschland insgesamt;DG;Deutschland;ENRG03;Energieträger;GAS-H2;Wasserstoff;-;GJ;BRN001;Brennstoffeinsatz;
43311;Monatserhebung ü. Elektrizitäts- u. Wärmeerzeugung;JAHR;Jahr;2023;DINSG;Deutschland insgesamt;DG;Deutschland;ENRG03;Energieträger;;Insgesamt;93182710;MWh;WRM001;Nettowärmeerzeugung;e
43311;Monatserhebung ü. Elektrizitäts- u. Wärmeerzeugung;JAHR;Jahr;2023;DINSG;Deutschland insgesamt;DG;Deutschland;ENRG03;Energieträger;;Insgesamt;197288057;MWh;EKT002;Elektrizitätserzeugung (netto);e
43311;Monatserhebung ü. Elektrizitäts- u. Wärmeerzeugung;JAHR;Jahr;2023;DINSG;Deutschland insgesamt;DG;Deutschland;ENRG03;Energieträger;;Insgesamt;212343880;MWh;EKT001;Elektrizitätserzeugung (brutto);e
43311;Monatserhebung ü. Elektrizitäts- u. Wärmeerzeugung;JAHR;Jahr;2023;DINSG;Deutschland insgesamt;DG;Deutschland;ENRG03;Energieträger;;Insgesamt;1919752470;GJ;BRN001;Brennstoffeinsatz;e
43311;Monatserhebung ü. Elektrizitäts- u. Wärmeerzeugung;JAHR;Jahr;2006;DINSG;Deutschland insgesamt;DG;Deutschland;ENRG03;Energieträger;ABF-03;Abfall (Hausmüll, Siedlungsabfälle);-;MWh;WRM001;Nettowärmeerzeugung;
43311;Monatserhebung ü. Elektrizitäts- u. Wärmeerzeugung;JAHR;Jahr;2006;DINSG;Deutschland insgesamt;DG;Deutschland;ENRG03;Energieträger;ABF-03;Abfall (Hausmüll, Siedlungsabfälle);-;MWh;EKT002;Elektrizitätserzeugung (netto);
43311;Monatserhebung ü. Elektrizitäts- u. Wärmeerzeugung;JAHR;Jahr;2006;DINSG;Deutschland insgesamt;DG;Deutschland;ENRG03;Energieträger;ABF-03;Abfall (Hausmüll, Siedlungsabfälle);-;MWh;EKT001;Elektrizitätserzeugung (brutto);
43311;Monatserhebung ü. Elektrizitäts- u. Wärmeerzeugung;JAHR;Jahr;2006;DINSG;Deutschland insgesamt;DG;Deutschland;ENRG03;Energieträger;ABF-03;Abfall (Hausmüll, Siedlungsabfälle);-;GJ;BRN001;Brennstoffeinsatz;
43311;Monatserhebung ü. Elektrizitäts- u. Wärmeerzeugung;JAHR;Jahr;2006;DINSG;Deutschland insgesamt;DG;Deutschland;ENRG03;Energieträger;KHL-B-SONST;Sonstige Braunkohlen;19253;MWh;WRM001;Nettowärmeerzeugung;e
43311;Monatserhebung ü. Elektrizitäts- u. Wärmeerzeugung;JAHR;Jahr;2006;DINSG;Deutschland insgesamt;DG;Deutschland;ENRG03;Energieträger;KHL-B-SONST;Sonstige Braunkohlen;148615;MWh;EKT002;Elektrizitätserzeugung (netto);e
43311;Monatserhebung ü. Elektrizitäts- u. Wärmeerzeugung;JAHR;Jahr;2006;DINSG;Deutschland insgesamt;DG;Deutschland;ENRG03;Energieträger;KHL-B-SONST;Sonstige Braunkohlen;157652;MWh;EKT001;Elektrizitätserzeugung (brutto);e
43311;Monatserhebung ü. Elektrizitäts- u. Wärmeerzeugung;JAHR;Jahr;2006;DINSG;Deutschland insgesamt;DG;Deutschland;ENRG03;Energieträger;KHL-B-SONST;Sonstige Braunkohlen;1410306;GJ;BRN001;Brennstoffeinsatz;e
43311;Monatserhebung ü. Elektrizitäts- u. Wärmeerzeugung;JAHR;Jahr;2013;DINSG;Deutschland insgesamt;DG;Deutschland;ENRG03;Energieträger;WAS-PSP-03;Pumpspeicher ohne natürlichen Zufluss;-;MWh;WRM001;Nettowärmeerzeugung;
43311;Monatserhebung ü. Elektrizitäts- u. Wärmeerzeugung;JAHR;Jahr;2013;DINSG;Deutschland insgesamt;DG;Deutschland;ENRG03;Energieträger;WAS-PSP-03;Pumpspeicher ohne natürlichen Zufluss;5651419;MWh;EKT002;Elektrizitätserzeugung (netto);e
43311;Monatserhebung ü. Elektrizitäts- u. Wärmeerzeugung;JAHR;Jahr;2013;DINSG;Deutschland insgesamt;DG;Deutschland;ENRG03;Energieträger;WAS-PSP-03;Pumpspeicher ohne natürlichen Zufluss;5784124;MWh;EKT001;Elektrizitätserzeugung (brutto);e
43311;Monatserhebung ü. Elektrizitäts- u. Wärmeerzeugung;JAHR;Jahr;2013;DINSG;Deutschland insgesamt;DG;Deutschland;ENRG03;Energieträger;WAS-PSP-03;Pumpspeicher ohne natürlichen Zufluss;-;GJ;BRN001;Brennstoffeinsatz;
43311;Monatserhebung ü. Elektrizitäts- u. Wärmeerzeugung;JAHR;Jahr;2007;DINSG;Deutschland insgesamt;DG;Deutschland;ENRG03;Energieträger;ENRSET;Sonstige Energieträger;954122;MWh;WRM001;Nettowärmeerzeugung;e
43311;Monatserhebung ü. Elektrizitäts- u. Wärmeerzeugung;JAHR;Jahr;2007;DINSG;Deutschland insgesamt;DG;Deutschland;ENRG03;Energieträger;ENRSET;Sonstige Energieträger;496684;MWh;EKT002;Elektrizitätserzeugung (netto);e
43311;Monatserhebung ü. Elektrizitäts- u. Wärmeerzeugung;JAHR;Jahr;2007;DINSG;Deutschland insgesamt;DG;Deutschland;ENRG03;Energieträger;ENRSET;Sonstige Energieträger;526882;MWh;EKT001;Elektrizitätserzeugung (brutto);e
43311;Monatserhebung ü. Elektrizitäts- u. Wärmeerzeugung;JAHR;Jahr;2007;DINSG;Deutschland insgesamt;DG;Deutschland;ENRG03;Energieträger;ENRSET;Sonstige Energieträger;9430584;GJ;BRN001;Brennstoffeinsatz;e
43311;Monatserhebung ü. Elektrizitäts- u. Wärmeerzeugung;JAHR;Jahr;2005;DINSG;Deutschland insgesamt;DG;Deutschland;ENRG03;Energieträger;BIO-F-01;Feste biogene Stoffe;1286436;MWh;WRM001;Nettowärmeerzeugung;e
43311;Monatserhebung ü. Elektrizitäts- u. Wärmeerzeugung;JAHR;Jahr;2005;DINSG;Deutschland insgesamt;DG;Deutschland;ENRG03;Energieträger;BIO-F-01;Feste biogene Stoffe;1542490;MWh;EKT002;Elektrizitätserzeugung (netto);e
43311;Monatserhebung ü. Elektrizitäts- u. Wärmeerzeugung;JAHR;Jahr;2005;DINSG;Deutschland insgesamt;DG;Deutschland;ENRG03;Energieträger;BIO-F-01;Feste biogene Stoffe;1633904;MWh;EKT001;Elektrizitätserzeugung (brutto);e
43311;Monatserhebung ü. Elektrizitäts- u. Wärmeerzeugung;JAHR;Jahr;2005;DINSG;Deutschland insgesamt;DG;Deutschland;ENRG03;Energieträger;BIO-F-01;Feste biogene Stoffe;22108599;GJ;BRN001;Brennstoffeinsatz;e
43311;Monatserhebung ü. Elektrizitäts- u. Wärmeerzeugung;JAHR;Jahr;2020;DINSG;Deutschland insgesamt;DG;Deutschland;ENRG03;Energieträger;PHOTO-01;Photovoltaik;0;MWh;WRM001;Nettowärmeerzeugung;e
43311;Monatserhebung ü. Elektrizitäts- u. Wärmeerzeugung;JAHR;Jahr;2020;DINSG;Deutschland insgesamt;DG;Deutschland;ENRG03;Energieträger;PHOTO-01;Photovoltaik;0;MWh;EKT002;Elektrizitätserzeugung (netto);e
43311;Monatserhebung ü. Elektrizitäts- u. Wärmeerzeugung;JAHR;Jahr;2020;DINSG;Deutschland insgesamt;DG;Deutschland;ENRG03;Energieträger;PHOTO-01;Photovoltaik;0;MWh;EKT001;Elektrizitätserzeugung (brutto);e
43311;Monatserhebung ü. Elektrizitäts- u. Wärmeerzeugung;JAHR;Jahr;2020;DINSG;Deutschland insgesamt;DG;Deutschland;ENRG03;Energieträger;PHOTO-01;Photovoltaik;0;GJ;BRN001;Brennstoffeinsatz;e
43311;Monatserhebung ü. Elektrizitäts- u. Wärmeerzeugung;JAHR;Jahr;2015;DINSG;Deutschland insgesamt;DG;Deutschland;ENRG03;Energieträger;PKOKS-01;Petrolkoks;.;MWh;WRM001;Nettowärmeerzeugung;
43311;Monatserhebung ü. Elektrizitäts- u. Wärmeerzeugung;JAHR;Jahr;2015;DINSG;Deutschland insgesamt;DG;Deutschland;ENRG03;Energieträger;PKOKS-01;Petrolkoks;.;MWh;EKT002;Elektrizitätserzeugung (netto);
43311;Monatserhebung ü. Elektrizitäts- u. Wärmeerzeugung;JAHR;Jahr;2015;DINSG;Deutschland insgesamt;DG;Deutschland;ENRG03;Energieträger;PKOKS-01;Petrolkoks;.;MWh;EKT001;Elektrizitätserzeugung (brutto);
43311;Monatserhebung ü. Elektrizitäts- u. Wärmeerzeugung;JAHR;Jahr;2015;DINSG;Deutschland insgesamt;DG;Deutschland;ENRG03;Energieträger;PKOKS-01;Petrolkoks;.;GJ;BRN001;Brennstoffeinsatz;
43311;Monatserhebung ü. Elektrizitäts- u. Wärmeerzeugung;JAHR;Jahr;2021;DINSG;Deutschland insgesamt;DG;Deutschland;ENRG03;Energieträger;GAS-DEP;Deponiegas;37646;MWh;WRM001;Nettowärmeerzeugung;e
43311;Monatserhebung ü. Elektrizitäts- u. Wärmeerzeugung;JAHR;Jahr;2021;DINSG;Deutschland insgesamt;DG;Deutschland;ENRG03;Energieträger;GAS-DEP;Deponiegas;62706;MWh;EKT002;Elektrizitätserzeugung (netto);e
43311;Monatserhebung ü. Elektrizitäts- u. Wärmeerzeugung;JAHR;Jahr;2021;DINSG;Deutschland insgesamt;DG;Deutschland;ENRG03;Energieträger;GAS-DEP;Deponiegas;66830;MWh;EKT001;Elektrizitätserzeugung (brutto);e
43311;Monatserhebung ü. Elektrizitäts- u. Wärmeerzeugung;JAHR;Jahr;2021;DINSG;Deutschland insgesamt;DG;Deutschland;ENRG03;Energieträger;GAS-DEP;Deponiegas;690956;GJ;BRN001;Brennstoffeinsatz;e
43311;Monatserhebung ü. Elektrizitäts- u. Wärmeerzeugung;JAHR;Jahr;2009;DINSG;Deutschland insgesamt;DG;Deutschland;ENRG03;Energieträger;KHL-S-KWS;Kohlenwertstoffe aus Steinkohle;-;MWh;WRM001;Nettowärmeerzeugung;
43311;Monatserhebung ü. Elektrizitäts- u. Wärmeerzeugung;JAHR;Jahr;2009;DINSG;Deutschland insgesamt;DG;Deutschland;ENRG03;Energieträger;KHL-S-KWS;Kohlenwertstoffe aus Steinkohle;-;MWh;EKT002;Elektrizitätserzeugung (netto);
43311;Monatserhebung ü. Elektrizitäts- u. Wärmeerzeugung;JAHR;Jahr;2009;DINSG;Deutschland insgesamt;DG;Deutschland;ENRG03;Energieträger;KHL-S-KWS;Kohlenwertstoffe aus Steinkohle;-;MWh;EKT001;Elektrizitätserzeugung (brutto);
43311;Monatserhebung ü. Elektrizitäts- u. Wärmeerzeugung;JAHR;Jahr;2009;DINSG;Deutschland insgesamt;DG;Deutschland;ENRG03;Energieträger;KHL-S-KWS;Kohlenwertstoffe aus Steinkohle;-;GJ;BRN001;Brennstoffeinsatz;
43311;Monatserhebung ü. Elektrizitäts- u. Wärmeerzeugung;JAHR;Jahr;2014;DINSG;Deutschland insgesamt;DG;Deutschland;ENRG03;Energieträger;GAS-DEP;Deponiegas;38197;MWh;WRM001;Nettowärmeerzeugung;e
43311;Monatserhebung ü. Elektrizitäts- u. Wärmeerzeugung;JAHR;Jahr;2014;DINSG;Deutschland insgesamt;DG;Deutschland;ENRG03;Energieträger;GAS-DEP;Deponiegas;75516;MWh;EKT002;Elektrizitätserzeugung (netto);e
43311;Monatserhebung ü. Elektrizitäts- u. Wärmeerzeugung;JAHR;Jahr;2014;DINSG;Deutschland insgesamt;DG;Deutschland;ENRG03;Energieträger;GAS-DEP;Deponiegas;79011;MWh;EKT001;Elektrizitätserzeugung (brutto);e
43311;Monatserhebung ü. Elektrizitäts- u. Wärmeerzeugung;JAHR;Jahr;2014;DINSG;Deutschland insgesamt;DG;Deutschland;ENRG03;Energieträger;GAS-DEP;Deponiegas;854804;GJ;BRN001;Brennstoffeinsatz;e
43311;Monatserhebung ü. Elektrizitäts- u. Wärmeerzeugung;JAHR;Jahr;2012;DINSG;Deutschland insgesamt;DG;Deutschland;ENRG03;Energieträger;STROM-02;Strom (Elektrokessel);-;MWh;WRM001;Nettowärmeerzeugung;
43311;Monatserhebung ü. Elektrizitäts- u. Wärmeerzeugung;JAHR;Jahr;2012;DINSG;Deutschland insgesamt;DG;Deutschland;ENRG03;Energieträger;STROM-02;Strom (Elektrokessel);-;MWh;EKT002;Elektrizitätserzeugung (netto);
43311;Monatserhebung ü. Elektrizitäts- u. Wärmeerzeugung;JAHR;Jahr;2012;DINSG;Deutschland insgesamt;DG;Deutschland;ENRG03;Energieträger;STROM-02;Strom (Elektrokessel);-;MWh;EKT001;Elektrizitätserzeugung (brutto);
43311;Monatserhebung ü. Elektrizitäts- u. Wärmeerzeugung;JAHR;Jahr;2012;DINSG;Deutschland insgesamt;DG;Deutschland;ENRG03;Energieträger;STROM-02;Strom (Elektrokessel);-;GJ;BRN001;Brennstoffeinsatz;
43311;Monatserhebung ü. Elektrizitäts- u. Wärmeerzeugung;JAHR;Jahr;2019;DINSG;Deutschland insgesamt;DG;Deutschland;ENRG03;Energieträger;ABF-01;Abfall (Hausmüll, Industrie);-;MWh;WRM001;Nettowärmeerzeugung;
43311;Monatserhebung ü. Elektrizitäts- u. Wärmeerzeugung;JAHR;Jahr;2019;DINSG;Deutschland insgesamt;DG;Deutschland;ENRG03;Energieträger;ABF-01;Abfall (Hausmüll, Industrie);-;MWh;EKT002;Elektrizitätserzeugung (netto);
43311;Monatserhebung ü. Elektrizitäts- u. Wärmeerzeugung;JAHR;Jahr;2019;DINSG;Deutschland insgesamt;DG;Deutschland;ENRG03;Energieträger;ABF-01;Abfall (Hausmüll, Industrie);-;MWh;EKT001;Elektrizitätserzeugung (brutto);
43311;Monatserhebung ü. Elektrizitäts- u. Wärmeerzeugung;JAHR;Jahr;2019;DINSG;Deutschland insgesamt;DG;Deutschland;ENRG03;Energieträger;ABF-01;Abfall (Hausmüll, Industrie);-;GJ;BRN001;Brennstoffeinsatz;
43311;Monatserhebung ü. Elektrizitäts- u. Wärmeerzeugung;JAHR;Jahr;2008;DINSG;Deutschland insgesamt;DG;Deutschland;ENRG03;Energieträger;WRM-01;Wärme;-;MWh;WRM001;Nettowärmeerzeugung;
43311;Monatserhebung ü. Elektrizitäts- u. Wärmeerzeugung;JAHR;Jahr;2008;DINSG;Deutschland insgesamt;DG;Deutschland;ENRG03;Energieträger;WRM-01;Wärme;-;MWh;EKT002;Elektrizitätserzeugung (netto);
43311;Monatserhebung ü. Elektrizitäts- u. Wärmeerzeugung;JAHR;Jahr;2008;DINSG;Deutschland insgesamt;DG;Deutschland;ENRG03;Energieträger;WRM-01;Wärme;-;MWh;EKT001;Elektrizitätserzeugung (brutto);
43311;Monatserhebung ü. Elektrizitäts- u. Wärmeerzeugung;JAHR;Jahr;2008;DINSG;Deutschland insgesamt;DG;Deutschland;ENRG03;Energieträger;WRM-01;Wärme;-;GJ;BRN001;Brennstoffeinsatz;
43311;Monatserhebung ü. Elektrizitäts- u. Wärmeerzeugung;JAHR;Jahr;2004;DINSG;Deutschland insgesamt;DG;Deutschland;ENRG03;Energieträger;PHOTO-01;Photovoltaik;-;MWh;WRM001;Nettowärmeerzeugung;
43311;Monatserhebung ü. Elektrizitäts- u. Wärmeerzeugung;JAHR;Jahr;2004;DINSG;Deutschland insgesamt;DG;Deutschland;ENRG03;Energieträger;PHOTO-01;Photovoltaik;3033;MWh;EKT002;Elektrizitätserzeugung (netto);e
43311;Monatserhebung ü. Elektrizitäts- u. Wärmeerzeugung;JAHR;Jahr;2004;DINSG;Deutschland insgesamt;DG;Deutschland;ENRG03;Energieträger;PHOTO-01;Photovoltaik;3111;MWh;EKT001;Elektrizitätserzeugung (brutto);e
43311;Monatserhebung ü. Elektrizitäts- u. Wärmeerzeugung;JAHR;Jahr;2004;DINSG;Deutschland insgesamt;DG;Deutschland;ENRG03;Energieträger;PHOTO-01;Photovoltaik;-;GJ;BRN001;Brennstoffeinsatz;
43311;Monatserhebung ü. Elektrizitäts- u. Wärmeerzeugung;JAHR;Jahr;2009;DINSG;Deutschland insgesamt;DG;Deutschland;ENRG03;Energieträger;;Insgesamt;108865530;MWh;WRM001;Nettowärmeerzeugung;e
43311;Monatserhebung ü. Elektrizitäts- u. Wärmeerzeugung;JAHR;Jahr;2009;DINSG;Deutschland insgesamt;DG;Deutschland;ENRG03;Energieträger;;Insgesamt;446467075;MWh;EKT002;Elektrizitätserzeugung (netto);e
43311;Monatserhebung ü. Elektrizitäts- u. Wärmeerzeugung;JAHR;Jahr;2009;DINSG;Deutschland insgesamt;DG;Deutschland;ENRG03;Energieträger;;Insgesamt;478640061;MWh;EKT001;Elektrizitätserzeugung (brutto);e
43311;Monatserhebung ü. Elektrizitäts- u. Wärmeerzeugung;JAHR;Jahr;2009;DINSG;Deutschland insgesamt;DG;Deutschland;ENRG03;Energieträger;;Insgesamt;3243136349;GJ;BRN001;Brennstoffeinsatz;e
43311;Monatserhebung ü. Elektrizitäts- u. Wärmeerzeugung;JAHR;Jahr;2012;DINSG;Deutschland insgesamt;DG;Deutschland;ENRG03;Energieträger;KHL-S-01;Steinkohlen;32598299;MWh;WRM001;Nettowärmeerzeugung;e
43311;Monatserhebung ü. Elektrizitäts- u. Wärmeerzeugung;JAHR;Jahr;2012;DINSG;Deutschland insgesamt;DG;Deutschland;ENRG03;Energieträger;KHL-S-01;Steinkohlen;105829825;MWh;EKT002;Elektrizitätserzeugung (netto);e
43311;Monatserhebung ü. Elektrizitäts- u. Wärmeerzeugung;JAHR;Jahr;2012;DINSG;Deutschland insgesamt;DG;Deutschland;ENRG03;Energieträger;KHL-S-01;Steinkohlen;115347734;MWh;EKT001;Elektrizitätserzeugung (brutto);e
43311;Monatserhebung ü. Elektrizitäts- u. Wärmeerzeugung;JAHR;Jahr;2012;DINSG;Deutschland insgesamt;DG;Deutschland;ENRG03;Energieträger;KHL-S-01;Steinkohlen;1129039962;GJ;BRN001;Brennstoffeinsatz;e
43311;Monatserhebung ü. Elektrizitäts- u. Wärmeerzeugung;JAHR;Jahr;2018;DINSG;Deutschland insgesamt;DG;Deutschland;ENRG03;Energieträger;WAS-PSP-03;Pumpspeicher ohne natürlichen Zufluss;-;MWh;WRM001;Nettowärmeerzeugung;
43311;Monatserhebung ü. Elektrizitäts- u. Wärmeerzeugung;JAHR;Jahr;2018;DINSG;Deutschland insgesamt;DG;Deutschland;ENRG03;Energieträger;WAS-PSP-03;Pumpspeicher ohne natürlichen Zufluss;5585580;MWh;EKT002;Elektrizitätserzeugung (netto);e
43311;Monatserhebung ü. Elektrizitäts- u. Wärmeerzeugung;JAHR;Jahr;2018;DINSG;Deutschland insgesamt;DG;Deutschland;ENRG03;Energieträger;WAS-PSP-03;Pumpspeicher ohne natürlichen Zufluss;5585580;MWh;EKT001;Elektrizitätserzeugung (brutto);e
43311;Monatserhebung ü. Elektrizitäts- u. Wärmeerzeugung;JAHR;Jahr;2018;DINSG;Deutschland insgesamt;DG;Deutschland;ENRG03;Energieträger;WAS-PSP-03;Pumpspeicher ohne natürlichen Zufluss;-;GJ;BRN001;Brennstoffeinsatz;
43311;Monatserhebung ü. Elektrizitäts- u. Wärmeerzeugung;JAHR;Jahr;2020;DINSG;Deutschland insgesamt;DG;Deutschland;ENRG03;Energieträger;ABF-02;Abfall (Industrie);1010528;MWh;WRM001;Nettowärmeerzeugung;e
43311;Monatserhebung ü. Elektrizitäts- u. Wärmeerzeugung;JAHR;Jahr;2020;DINSG;Deutschland insgesamt;DG;Deutschland;ENRG03;Energieträger;ABF-02;Abfall (Industrie);394625;MWh;EKT002;Elektrizitätserzeugung (netto);e
43311;Monatserhebung ü. Elektrizitäts- u. Wärmeerzeugung;JAHR;Jahr;2020;DINSG;Deutschland insgesamt;DG;Deutschland;ENRG03;Energieträger;ABF-02;Abfall (Industrie);523452;MWh;EKT001;Elektrizitätserzeugung (brutto);e
43311;Monatserhebung ü. Elektrizitäts- u. Wärmeerzeugung;JAHR;Jahr;2020;DINSG;Deutschland insgesamt;DG;Deutschland;ENRG03;Energieträger;ABF-02;Abfall (Industrie);10296697;GJ;BRN001;Brennstoffeinsatz;e
43311;Monatserhebung ü. Elektrizitäts- u. Wärmeerzeugung;JAHR;Jahr;2003;DINSG;Deutschland insgesamt;DG;Deutschland;ENRG03;Energieträger;ENR-EB-SONST;Sonstige erneuerbare Energien;37788;MWh;WRM001;Nettowärmeerzeugung;e
43311;Monatserhebung ü. Elektrizitäts- u. Wärmeerzeugung;JAHR;Jahr;2003;DINSG;Deutschland insgesamt;DG;Deutschland;ENRG03;Energieträger;ENR-EB-SONST;Sonstige erneuerbare Energien;146693;MWh;EKT002;Elektrizitätserzeugung (netto);e
43311;Monatserhebung ü. Elektrizitäts- u. Wärmeerzeugung;JAHR;Jahr;2003;DINSG;Deutschland insgesamt;DG;Deutschland;ENRG03;Energieträger;ENR-EB-SONST;Sonstige erneuerbare Energien;161041;MWh;EKT001;Elektrizitätserzeugung (brutto);e
43311;Monatserhebung ü. Elektrizitäts- u. Wärmeerzeugung;JAHR;Jahr;2003;DINSG;Deutschland insgesamt;DG;Deutschland;ENRG03;Energieträger;ENR-EB-SONST;Sonstige erneuerbare Energien;1574056;GJ;BRN001;Brennstoffeinsatz;e
43311;Monatserhebung ü. Elektrizitäts- u. Wärmeerzeugung;JAHR;Jahr;2023;DINSG;Deutschland insgesamt;DG;Deutschland;ENRG03;Energieträger;GAS-GRUB;Grubengas;169618;MWh;WRM001;Nettowärmeerzeugung;p
43311;Monatserhebung ü. Elektrizitäts- u. Wärmeerzeugung;JAHR;Jahr;2023;DINSG;Deutschland insgesamt;DG;Deutschland;ENRG03;Energieträger;GAS-GRUB;Grubengas;501442;MWh;EKT002;Elektrizitätserzeugung (netto);p
43311;Monatserhebung ü. Elektrizitäts- u. Wärmeerzeugung;JAHR;Jahr;2023;DINSG;Deutschland insgesamt;DG;Deutschland;ENRG03;Energieträger;GAS-GRUB;Grubengas;505893;MWh;EKT001;Elektrizitätserzeugung (brutto);p
43311;Monatserhebung ü. Elektrizitäts- u. Wärmeerzeugung;JAHR;Jahr;2023;DINSG;Deutschland insgesamt;DG;Deutschland;ENRG03;Energieträger;GAS-GRUB;Grubengas;4909086;GJ;BRN001;Brennstoffeinsatz;p
43311;Monatserhebung ü. Elektrizitäts- u. Wärmeerzeugung;JAHR;Jahr;2015;DINSG;Deutschland insgesamt;DG;Deutschland;ENRG03;Energieträger;PHOTO-01;Photovoltaik;-;MWh;WRM001;Nettowärmeerzeugung;
43311;Monatserhebung ü. Elektrizitäts- u. Wärmeerzeugung;JAHR;Jahr;2015;DINSG;Deutschland insgesamt;DG;Deutschland;ENRG03;Energieträger;PHOTO-01;Photovoltaik;-;MWh;EKT002;Elektrizitätserzeugung (netto);
43311;Monatserhebung ü. Elektrizitäts- u. Wärmeerzeugung;JAHR;Jahr;2015;DINSG;Deutschland insgesamt;DG;Deutschland;ENRG03;Energieträger;PHOTO-01;Photovoltaik;-;MWh;EKT001;Elektrizitätserzeugung (brutto);
43311;Monatserhebung ü. Elektrizitäts- u. Wärmeerzeugung;JAHR;Jahr;2015;DINSG;Deutschland insgesamt;DG;Deutschland;ENRG03;Energieträger;PHOTO-01;Photovoltaik;-;GJ;BRN001;Brennstoffeinsatz;
43311;Monatserhebung ü. Elektrizitäts- u. Wärmeerzeugung;JAHR;Jahr;2020;DINSG;Deutschland insgesamt;DG;Deutschland;ENRG03;Energieträger;WIND-01;Windkraft;0;MWh;WRM001;Nettowärmeerzeugung;e
43311;Monatserhebung ü. Elektrizitäts- u. Wärmeerzeugung;JAHR;Jahr;2020;DINSG;Deutschland insgesamt;DG;Deutschland;ENRG03;Energieträger;WIND-01;Windkraft;0;MWh;EKT002;Elektrizitätserzeugung (netto);e
43311;Monatserhebung ü. Elektrizitäts- u. Wärmeerzeugung;JAHR;Jahr;2020;DINSG;Deutschland insgesamt;DG;Deutschland;ENRG03;Energieträger;WIND-01;Windkraft;0;MWh;EKT001;Elektrizitätserzeugung (brutto);e
43311;Monatserhebung ü. Elektrizitäts- u. Wärmeerzeugung;JAHR;Jahr;2020;DINSG;Deutschland insgesamt;DG;Deutschland;ENRG03;Energieträger;WIND-01;Windkraft;0;GJ;BRN001;Brennstoffeinsatz;e
43311;Monatserhebung ü. Elektrizitäts- u. Wärmeerzeugung;JAHR;Jahr;2021;DINSG;Deutschland insgesamt;DG;Deutschland;ENRG03;Energieträger;ABF-01;Abfall (Hausmüll, Industrie);-;MWh;WRM001;Nettowärmeerzeugung;
43311;Monatserhebung ü. Elektrizitäts- u. Wärmeerzeugung;JAHR;Jahr;2021;DINSG;Deutschland insgesamt;DG;Deutschland;ENRG03;Energieträger;ABF-01;Abfall (Hausmüll, Industrie);-;MWh;EKT002;Elektrizitätserzeugung (netto);
43311;Monatserhebung ü. Elektrizitäts- u. Wärmeerzeugung;JAHR;Jahr;2021;DINSG;Deutschland insgesamt;DG;Deutschland;ENRG03;Energieträger;ABF-01;Abfall (Hausmüll, Industrie);-;MWh;EKT001;Elektrizitätserzeugung (brutto);
43311;Monatserhebung ü. Elektrizitäts- u. Wärmeerzeugung;JAHR;Jahr;2021;DINSG;Deutschland insgesamt;DG;Deutschland;ENRG03;Energieträger;ABF-01;Abfall (Hausmüll, Industrie);-;GJ;BRN001;Brennstoffeinsatz;
43311;Monatserhebung ü. Elektrizitäts- u. Wärmeerzeugung;JAHR;Jahr;2022;DINSG;Deutschland insgesamt;DG;Deutschland;ENRG03;Energieträger;SOLTH-01;Solarthermie;-;MWh;WRM001;Nettowärmeerzeugung;
43311;Monatserhebung ü. Elektrizitäts- u. Wärmeerzeugung;JAHR;Jahr;2022;DINSG;Deutschland insgesamt;DG;Deutschland;ENRG03;Energieträger;SOLTH-01;Solarthermie;-;MWh;EKT002;Elektrizitätserzeugung (netto);
43311;Monatserhebung ü. Elektrizitäts- u. Wärmeerzeugung;JAHR;Jahr;2022;DINSG;Deutschland insgesamt;DG;Deutschland;ENRG03;Energieträger;SOLTH-01;Solarthermie;-;MWh;EKT001;Elektrizitätserzeugung (brutto);
43311;Monatserhebung ü. Elektrizitäts- u. Wärmeerzeugung;JAHR;Jahr;2022;DINSG;Deutschland insgesamt;DG;Deutschland;ENRG03;Energieträger;SOLTH-01;Solarthermie;-;GJ;BRN001;Brennstoffeinsatz;
43311;Monatserhebung ü. Elektrizitäts- u. Wärmeerzeugung;JAHR;Jahr;2024;DINSG;Deutschland insgesamt;DG;Deutschland;ENRG03;Energieträger;KHL-S-SONST;Sonstige Steinkohlen;-;MWh;WRM001;Nettowärmeerzeugung;
43311;Monatserhebung ü. Elektrizitäts- u. Wärmeerzeugung;JAHR;Jahr;2024;DINSG;Deutschland insgesamt;DG;Deutschland;ENRG03;Energieträger;KHL-S-SONST;Sonstige Steinkohlen;-;MWh;EKT002;Elektrizitätserzeugung (netto);
43311;Monatserhebung ü. Elektrizitäts- u. Wärmeerzeugung;JAHR;Jahr;2024;DINSG;Deutschland insgesamt;DG;Deutschland;ENRG03;Energieträger;KHL-S-SONST;Sonstige Steinkohlen;-;MWh;EKT001;Elektrizitätserzeugung (brutto);
43311;Monatserhebung ü. Elektrizitäts- u. Wärmeerzeugung;JAHR;Jahr;2024;DINSG;Deutschland insgesamt;DG;Deutschland;ENRG03;Energieträger;KHL-S-SONST;Sonstige Steinkohlen;-;GJ;BRN001;Brennstoffeinsatz;
43311;Monatserhebung ü. Elektrizitäts- u. Wärmeerzeugung;JAHR;Jahr;2014;DINSG;Deutschland insgesamt;DG;Deutschland;ENRG03;Energieträger;KHL-B-SONST;Sonstige Braunkohlen;-;MWh;WRM001;Nettowärmeerzeugung;
43311;Monatserhebung ü. Elektrizitäts- u. Wärmeerzeugung;JAHR;Jahr;2014;DINSG;Deutschland insgesamt;DG;Deutschland;ENRG03;Energieträger;KHL-B-SONST;Sonstige Braunkohlen;-;MWh;EKT002;Elektrizitätserzeugung (netto);
43311;Monatserhebung ü. Elektrizitäts- u. Wärmeerzeugung;JAHR;Jahr;2014;DINSG;Deutschland insgesamt;DG;Deutschland;ENRG03;Energieträger;KHL-B-SONST;Sonstige Braunkohlen;-;MWh;EKT001;Elektrizitätserzeugung (brutto);
43311;Monatserhebung ü. Elektrizitäts- u. Wärmeerzeugung;JAHR;Jahr;2014;DINSG;Deutschland insgesamt;DG;Deutschland;ENRG03;Energieträger;KHL-B-SONST;Sonstige Braunkohlen;-;GJ;BRN001;Brennstoffeinsatz;
43311;Monatserhebung ü. Elektrizitäts- u. Wärmeerzeugung;JAHR;Jahr;2009;DINSG;Deutschland insgesamt;DG;Deutschland;ENRG03;Energieträger;GAS-BIO-02;Biomethan (Bioerdgas);-;MWh;WRM001;Nettowärmeerzeugung;
43311;Monatserhebung ü. Elektrizitäts- u. Wärmeerzeugung;JAHR;Jahr;2009;DINSG;Deutschland insgesamt;DG;Deutschland;ENRG03;Energieträger;GAS-BIO-02;Biomethan (Bioerdgas);-;MWh;EKT002;Elektrizitätserzeugung (netto);
43311;Monatserhebung ü. Elektrizitäts- u. Wärmeerzeugung;JAHR;Jahr;2009;DINSG;Deutschland insgesamt;DG;Deutschland;ENRG03;Energieträger;GAS-BIO-02;Biomethan (Bioerdgas);-;MWh;EKT001;Elektrizitätserzeugung (brutto);
43311;Monatserhebung ü. Elektrizitäts- u. Wärmeerzeugung;JAHR;Jahr;2009;DINSG;Deutschland insgesamt;DG;Deutschland;ENRG03;Energieträger;GAS-BIO-02;Biomethan (Bioerdgas);-;GJ;BRN001;Brennstoffeinsatz;
43311;Monatserhebung ü. Elektrizitäts- u. Wärmeerzeugung;JAHR;Jahr;2018;DINSG;Deutschland insgesamt;DG;Deutschland;ENRG03;Energieträger;ABF-02;Abfall (Industrie);1281688;MWh;WRM001;Nettowärmeerzeugung;e
43311;Monatserhebung ü. Elektrizitäts- u. Wärmeerzeugung;JAHR;Jahr;2018;DINSG;Deutschland insgesamt;DG;Deutschland;ENRG03;Energieträger;ABF-02;Abfall (Industrie);532109;MWh;EKT002;Elektrizitätserzeugung (netto);e
43311;Monatserhebung ü. Elektrizitäts- u. Wärmeerzeugung;JAHR;Jahr;2018;DINSG;Deutschland insgesamt;DG;Deutschland;ENRG03;Energieträger;ABF-02;Abfall (Industrie);678735;MWh;EKT001;Elektrizitätserzeugung (brutto);e
43311;Monatserhebung ü. Elektrizitäts- u. Wärmeerzeugung;JAHR;Jahr;2018;DINSG;Deutschland insgesamt;DG;Deutschland;ENRG03;Energieträger;ABF-02;Abfall (Industrie);12875214;GJ;BRN001;Brennstoffeinsatz;e
43311;Monatserhebung ü. Elektrizitäts- u. Wärmeerzeugung;JAHR;Jahr;2005;DINSG;Deutschland insgesamt;DG;Deutschland;ENRG03;Energieträger;SP-SONST-01;Andere Speicher;-;MWh;WRM001;Nettowärmeerzeugung;
43311;Monatserhebung ü. Elektrizitäts- u. Wärmeerzeugung;JAHR;Jahr;2005;DINSG;Deutschland insgesamt;DG;Deutschland;ENRG03;Energieträger;SP-SONST-01;Andere Speicher;-;MWh;EKT002;Elektrizitätserzeugung (netto);
43311;Monatserhebung ü. Elektrizitäts- u. Wärmeerzeugung;JAHR;Jahr;2005;DINSG;Deutschland insgesamt;DG;Deutschland;ENRG03;Energieträger;SP-SONST-01;Andere Speicher;-;MWh;EKT001;Elektrizitätserzeugung (brutto);
43311;Monatserhebung ü. Elektrizitäts- u. Wärmeerzeugung;JAHR;Jahr;2005;DINSG;Deutschland insgesamt;DG;Deutschland;ENRG03;Energieträger;SP-SONST-01;Andere Speicher;-;GJ;BRN001;Brennstoffeinsatz;
43311;Monatserhebung ü. Elektrizitäts- u. Wärmeerzeugung;JAHR;Jahr;2009;DINSG;Deutschland insgesamt;DG;Deutschland;ENRG03;Energieträger;KHL-B-WSK;Wirbelschichtkohle;242311;MWh;WRM001;Nettowärmeerzeugung;e
43311;Monatserhebung ü. Elektrizitäts- u. Wärmeerzeugung;JAHR;Jahr;2009;DINSG;Deutschland insgesamt;DG;Deutschland;ENRG03;Energieträger;KHL-B-WSK;Wirbelschichtkohle;196987;MWh;EKT002;Elektrizitätserzeugung (netto);e
43311;Monatserhebung ü. Elektrizitäts- u. Wärmeerzeugung;JAHR;Jahr;2009;DINSG;Deutschland insgesamt;DG;Deutschland;ENRG03;Energieträger;KHL-B-WSK;Wirbelschichtkohle;239618;MWh;EKT001;Elektrizitätserzeugung (brutto);e
43311;Monatserhebung ü. Elektrizitäts- u. Wärmeerzeugung;JAHR;Jahr;2009;DINSG;Deutschland insgesamt;DG;Deutschland;ENRG03;Energieträger;KHL-B-WSK;Wirbelschichtkohle;3535773;GJ;BRN001;Brennstoffeinsatz;e
43311;Monatserhebung ü. Elektrizitäts- u. Wärmeerzeugung;JAHR;Jahr;2011;DINSG;Deutschland insgesamt;DG;Deutschland;ENRG03;Energieträger;KHL-B-ROH;Rohbraunkohlen;9319537;MWh;WRM001;Nettowärmeerzeugung;e
43311;Monatserhebung ü. Elektrizitäts- u. Wärmeerzeugung;JAHR;Jahr;2011;DINSG;Deutschland insgesamt;DG;Deutschland;ENRG03;Energieträger;KHL-B-ROH;Rohbraunkohlen;134056254;MWh;EKT002;Elektrizitätserzeugung (netto);e
43311;Monatserhebung ü. Elektrizitäts- u. Wärmeerzeugung;JAHR;Jahr;2011;DINSG;Deutschland insgesamt;DG;Deutschland;ENRG03;Energieträger;KHL-B-ROH;Rohbraunkohlen;145474852;MWh;EKT001;Elektrizitätserzeugung (brutto);e
43311;Monatserhebung ü. Elektrizitäts- u. Wärmeerzeugung;JAHR;Jahr;2011;DINSG;Deutschland insgesamt;DG;Deutschland;ENRG03;Energieträger;KHL-B-ROH;Rohbraunkohlen;1399328055;GJ;BRN001;Brennstoffeinsatz;e
43311;Monatserhebung ü. Elektrizitäts- u. Wärmeerzeugung;JAHR;Jahr;2016;DINSG;Deutschland insgesamt;DG;Deutschland;ENRG03;Energieträger;BIO-F-01;Feste biogene Stoffe;5561659;MWh;WRM001;Nettowärmeerzeugung;e
43311;Monatserhebung ü. Elektrizitäts- u. Wärmeerzeugung;JAHR;Jahr;2016;DINSG;Deutschland insgesamt;DG;Deutschland;ENRG03;Energieträger;BIO-F-01;Feste biogene Stoffe;4682300;MWh;EKT002;Elektrizitätserzeugung (netto);e
43311;Monatserhebung ü. Elektrizitäts- u. Wärmeerzeugung;JAHR;Jahr;2016;DINSG;Deutschland insgesamt;DG;Deutschland;ENRG03;Energieträger;BIO-F-01;Feste biogene Stoffe;5187392;MWh;EKT001;Elektrizitätserzeugung (brutto);e
43311;Monatserhebung ü. Elektrizitäts- u. Wärmeerzeugung;JAHR;Jahr;2016;DINSG;Deutschland insgesamt;DG;Deutschland;ENRG03;Energieträger;BIO-F-01;Feste biogene Stoffe;80097911;GJ;BRN001;Brennstoffeinsatz;e
43311;Monatserhebung ü. Elektrizitäts- u. Wärmeerzeugung;JAHR;Jahr;2017;DINSG;Deutschland insgesamt;DG;Deutschland;ENRG03;Energieträger;OEL-SONST;Sonstige Mineralölprodukte;.;MWh;WRM001;Nettowärmeerzeugung;
43311;Monatserhebung ü. Elektrizitäts- u. Wärmeerzeugung;JAHR;Jahr;2017;DINSG;Deutschland insgesamt;DG;Deutschland;ENRG03;Energieträger;OEL-SONST;Sonstige Mineralölprodukte;130035;MWh;EKT002;Elektrizitätserzeugung (netto);e
43311;Monatserhebung ü. Elektrizitäts- u. Wärmeerzeugung;JAHR;Jahr;2017;DINSG;Deutschland insgesamt;DG;Deutschland;ENRG03;Energieträger;OEL-SONST;Sonstige Mineralölprodukte;139657;MWh;EKT001;Elektrizitätserzeugung (brutto);e
43311;Monatserhebung ü. Elektrizitäts- u. Wärmeerzeugung;JAHR;Jahr;2017;DINSG;Deutschland insgesamt;DG;Deutschland;ENRG03;Energieträger;OEL-SONST;Sonstige Mineralölprodukte;1382690;GJ;BRN001;Brennstoffeinsatz;e
43311;Monatserhebung ü. Elektrizitäts- u. Wärmeerzeugung;JAHR;Jahr;2016;DINSG;Deutschland insgesamt;DG;Deutschland;ENRG03;Energieträger;WAS-PSP-02;Pumpspeicher mit natürlichem Zufluss;-;MWh;WRM001;Nettowärmeerzeugung;
43311;Monatserhebung ü. Elektrizitäts- u. Wärmeerzeugung;JAHR;Jahr;2016;DINSG;Deutschland insgesamt;DG;Deutschland;ENRG03;Energieträger;WAS-PSP-02;Pumpspeicher mit natürlichem Zufluss;.;MWh;EKT002;Elektrizitätserzeugung (netto);
43311;Monatserhebung ü. Elektrizitäts- u. Wärmeerzeugung;JAHR;Jahr;2016;DINSG;Deutschland insgesamt;DG;Deutschland;ENRG03;Energieträger;WAS-PSP-02;Pumpspeicher mit natürlichem Zufluss;.;MWh;EKT001;Elektrizitätserzeugung (brutto);
43311;Monatserhebung ü. Elektrizitäts- u. Wärmeerzeugung;JAHR;Jahr;2016;DINSG;Deutschland insgesamt;DG;Deutschland;ENRG03;Energieträger;WAS-PSP-02;Pumpspeicher mit natürlichem Zufluss;-;GJ;BRN001;Brennstoffeinsatz;
43311;Monatserhebung ü. Elektrizitäts- u. Wärmeerzeugung;JAHR;Jahr;2019;DINSG;Deutschland insgesamt;DG;Deutschland;ENRG03;Energieträger;KHL-B-HART;Hartbraunkohlen;.;MWh;WRM001;Nettowärmeerzeugung;
43311;Monatserhebung ü. Elektrizitäts- u. Wärmeerzeugung;JAHR;Jahr;2019;DINSG;Deutschland insgesamt;DG;Deutschland;ENRG03;Energieträger;KHL-B-HART;Hartbraunkohlen;.;MWh;EKT002;Elektrizitätserzeugung (netto);
43311;Monatserhebung ü. Elektrizitäts- u. Wärmeerzeugung;JAHR;Jahr;2019;DINSG;Deutschland insgesamt;DG;Deutschland;ENRG03;Energieträger;KHL-B-HART;Hartbraunkohlen;.;MWh;EKT001;Elektrizitätserzeugung (brutto);
43311;Monatserhebung ü. Elektrizitäts- u. Wärmeerzeugung;JAHR;Jahr;2019;DINSG;Deutschland insgesamt;DG;Deutschland;ENRG03;Energieträger;KHL-B-HART;Hartbraunkohlen;.;GJ;BRN001;Brennstoffeinsatz;
43311;Monatserhebung ü. Elektrizitäts- u. Wärmeerzeugung;JAHR;Jahr;2002;DINSG;Deutschland insgesamt;DG;Deutschland;ENRG03;Energieträger;KHL-B-ROH;Rohbraunkohlen;-;MWh;WRM001;Nettowärmeerzeugung;
43311;Monatserhebung ü. Elektrizitäts- u. Wärmeerzeugung;JAHR;Jahr;2002;DINSG;Deutschland insgesamt;DG;Deutschland;ENRG03;Energieträger;KHL-B-ROH;Rohbraunkohlen;140544280;MWh;EKT002;Elektrizitätserzeugung (netto);e
43311;Monatserhebung ü. Elektrizitäts- u. Wärmeerzeugung;JAHR;Jahr;2002;DINSG;Deutschland insgesamt;DG;Deutschland;ENRG03;Energieträger;KHL-B-ROH;Rohbraunkohlen;152152294;MWh;EKT001;Elektrizitätserzeugung (brutto);e
43311;Monatserhebung ü. Elektrizitäts- u. Wärmeerzeugung;JAHR;Jahr;2002;DINSG;Deutschland insgesamt;DG;Deutschland;ENRG03;Energieträger;KHL-B-ROH;Rohbraunkohlen;1482634187;GJ;BRN001;Brennstoffeinsatz;e
43311;Monatserhebung ü. Elektrizitäts- u. Wärmeerzeugung;JAHR;Jahr;2004;DINSG;Deutschland insgesamt;DG;Deutschland;ENRG03;Energieträger;GAS-RAF;Raffineriegas;-;MWh;WRM001;Nettowärmeerzeugung;
43311;Monatserhebung ü. Elektrizitäts- u. Wärmeerzeugung;JAHR;Jahr;2004;DINSG;Deutschland insgesamt;DG;Deutschland;ENRG03;Energieträger;GAS-RAF;Raffineriegas;-;MWh;EKT002;Elektrizitätserzeugung (netto);
43311;Monatserhebung ü. Elektrizitäts- u. Wärmeerzeugung;JAHR;Jahr;2004;DINSG;Deutschland insgesamt;DG;Deutschland;ENRG03;Energieträger;GAS-RAF;Raffineriegas;-;MWh;EKT001;Elektrizitätserzeugung (brutto);
43311;Monatserhebung ü. Elektrizitäts- u. Wärmeerzeugung;JAHR;Jahr;2004;DINSG;Deutschland insgesamt;DG;Deutschland;ENRG03;Energieträger;GAS-RAF;Raffineriegas;-;GJ;BRN001;Brennstoffeinsatz;
43311;Monatserhebung ü. Elektrizitäts- u. Wärmeerzeugung;JAHR;Jahr;2006;DINSG;Deutschland insgesamt;DG;Deutschland;ENRG03;Energieträger;WAS-LF-01;Laufwasser;-;MWh;WRM001;Nettowärmeerzeugung;
43311;Monatserhebung ü. Elektrizitäts- u. Wärmeerzeugung;JAHR;Jahr;2006;DINSG;Deutschland insgesamt;DG;Deutschland;ENRG03;Energieträger;WAS-LF-01;Laufwasser;15295979;MWh;EKT002;Elektrizitätserzeugung (netto);e
43311;Monatserhebung ü. Elektrizitäts- u. Wärmeerzeugung;JAHR;Jahr;2006;DINSG;Deutschland insgesamt;DG;Deutschland;ENRG03;Energieträger;WAS-LF-01;Laufwasser;15586139;MWh;EKT001;Elektrizitätserzeugung (brutto);e
43311;Monatserhebung ü. Elektrizitäts- u. Wärmeerzeugung;JAHR;Jahr;2006;DINSG;Deutschland insgesamt;DG;Deutschland;ENRG03;Energieträger;WAS-LF-01;Laufwasser;-;GJ;BRN001;Brennstoffeinsatz;
43311;Monatserhebung ü. Elektrizitäts- u. Wärmeerzeugung;JAHR;Jahr;2024;DINSG;Deutschland insgesamt;DG;Deutschland;ENRG03;Energieträger;GAS-RAF;Raffineriegas;-;MWh;WRM001;Nettowärmeerzeugung;
43311;Monatserhebung ü. Elektrizitäts- u. Wärmeerzeugung;JAHR;Jahr;2024;DINSG;Deutschland insgesamt;DG;Deutschland;ENRG03;Energieträger;GAS-RAF;Raffineriegas;-;MWh;EKT002;Elektrizitätserzeugung (netto);
43311;Monatserhebung ü. Elektrizitäts- u. Wärmeerzeugung;JAHR;Jahr;2024;DINSG;Deutschland insgesamt;DG;Deutschland;ENRG03;Energieträger;GAS-RAF;Raffineriegas;-;MWh;EKT001;Elektrizitätserzeugung (brutto);
43311;Monatserhebung ü. Elektrizitäts- u. Wärmeerzeugung;JAHR;Jahr;2024;DINSG;Deutschland insgesamt;DG;Deutschland;ENRG03;Energieträger;GAS-RAF;Raffineriegas;-;GJ;BRN001;Brennstoffeinsatz;
43311;Monatserhebung ü. Elektrizitäts- u. Wärmeerzeugung;JAHR;Jahr;2008;DINSG;Deutschland insgesamt;DG;Deutschland;ENRG03;Energieträger;BIO-FL-01;Flüssige biogene Stoffe;27664;MWh;WRM001;Nettowärmeerzeugung;e
43311;Monatserhebung ü. Elektrizitäts- u. Wärmeerzeugung;JAHR;Jahr;2008;DINSG;Deutschland insgesamt;DG;Deutschland;ENRG03;Energieträger;BIO-FL-01;Flüssige biogene Stoffe;52248;MWh;EKT002;Elektrizitätserzeugung (netto);e
43311;Monatserhebung ü. Elektrizitäts- u. Wärmeerzeugung;JAHR;Jahr;2008;DINSG;Deutschland insgesamt;DG;Deutschland;ENRG03;Energieträger;BIO-FL-01;Flüssige biogene Stoffe;53947;MWh;EKT001;Elektrizitätserzeugung (brutto);e
43311;Monatserhebung ü. Elektrizitäts- u. Wärmeerzeugung;JAHR;Jahr;2008;DINSG;Deutschland insgesamt;DG;Deutschland;ENRG03;Energieträger;BIO-FL-01;Flüssige biogene Stoffe;472472;GJ;BRN001;Brennstoffeinsatz;e
43311;Monatserhebung ü. Elektrizitäts- u. Wärmeerzeugung;JAHR;Jahr;2018;DINSG;Deutschland insgesamt;DG;Deutschland;ENRG03;Energieträger;KHL-S-BRIK;Steinkohlenbriketts;-;MWh;WRM001;Nettowärmeerzeugung;
43311;Monatserhebung ü. Elektrizitäts- u. Wärmeerzeugung;JAHR;Jahr;2018;DINSG;Deutschland insgesamt;DG;Deutschland;ENRG03;Energieträger;KHL-S-BRIK;Steinkohlenbriketts;-;MWh;EKT002;Elektrizitätserzeugung (netto);
43311;Monatserhebung ü. Elektrizitäts- u. Wärmeerzeugung;JAHR;Jahr;2018;DINSG;Deutschland insgesamt;DG;Deutschland;ENRG03;Energieträger;KHL-S-BRIK;Steinkohlenbriketts;-;MWh;EKT001;Elektrizitätserzeugung (brutto);
43311;Monatserhebung ü. Elektrizitäts- u. Wärmeerzeugung;JAHR;Jahr;2018;DINSG;Deutschland insgesamt;DG;Deutschland;ENRG03;Energieträger;KHL-S-BRIK;Steinkohlenbriketts;-;GJ;BRN001;Brennstoffeinsatz;
43311;Monatserhebung ü. Elektrizitäts- u. Wärmeerzeugung;JAHR;Jahr;2024;DINSG;Deutschland insgesamt;DG;Deutschland;ENRG03;Energieträger;GAS-E-02;Erdgas, Erdölgas;44938409;MWh;WRM001;Nettowärmeerzeugung;e
43311;Monatserhebung ü. Elektrizitäts- u. Wärmeerzeugung;JAHR;Jahr;2024;DINSG;Deutschland insgesamt;DG;Deutschland;ENRG03;Energieträger;GAS-E-02;Erdgas, Erdölgas;47744737;MWh;EKT002;Elektrizitätserzeugung (netto);e
43311;Monatserhebung ü. Elektrizitäts- u. Wärmeerzeugung;JAHR;Jahr;2024;DINSG;Deutschland insgesamt;DG;Deutschland;ENRG03;Energieträger;GAS-E-02;Erdgas, Erdölgas;49271198;MWh;EKT001;Elektrizitätserzeugung (brutto);e
43311;Monatserhebung ü. Elektrizitäts- u. Wärmeerzeugung;JAHR;Jahr;2024;DINSG;Deutschland insgesamt;DG;Deutschland;ENRG03;Energieträger;GAS-E-02;Erdgas, Erdölgas;452294932;GJ;BRN001;Brennstoffeinsatz;e
43311;Monatserhebung ü. Elektrizitäts- u. Wärmeerzeugung;JAHR;Jahr;2015;DINSG;Deutschland insgesamt;DG;Deutschland;ENRG03;Energieträger;BIO-FL-01;Flüssige biogene Stoffe;.;MWh;WRM001;Nettowärmeerzeugung;
43311;Monatserhebung ü. Elektrizitäts- u. Wärmeerzeugung;JAHR;Jahr;2015;DINSG;Deutschland insgesamt;DG;Deutschland;ENRG03;Energieträger;BIO-FL-01;Flüssige biogene Stoffe;.;MWh;EKT002;Elektrizitätserzeugung (netto);
43311;Monatserhebung ü. Elektrizitäts- u. Wärmeerzeugung;JAHR;Jahr;2015;DINSG;Deutschland insgesamt;DG;Deutschland;ENRG03;Energieträger;BIO-FL-01;Flüssige biogene Stoffe;.;MWh;EKT001;Elektrizitätserzeugung (brutto);
43311;Monatserhebung ü. Elektrizitäts- u. Wärmeerzeugung;JAHR;Jahr;2015;DINSG;Deutschland insgesamt;DG;Deutschland;ENRG03;Energieträger;BIO-FL-01;Flüssige biogene Stoffe;.;GJ;BRN001;Brennstoffeinsatz;
43311;Monatserhebung ü. Elektrizitäts- u. Wärmeerzeugung;JAHR;Jahr;2002;DINSG;Deutschland insgesamt;DG;Deutschland;ENRG03;Energieträger;GEOTH-01;Geothermie;-;MWh;WRM001;Nettowärmeerzeugung;
43311;Monatserhebung ü. Elektrizitäts- u. Wärmeerzeugung;JAHR;Jahr;2002;DINSG;Deutschland insgesamt;DG;Deutschland;ENRG03;Energieträger;GEOTH-01;Geothermie;-;MWh;EKT002;Elektrizitätserzeugung (netto);
43311;Monatserhebung ü. Elektrizitäts- u. Wärmeerzeugung;JAHR;Jahr;2002;DINSG;Deutschland insgesamt;DG;Deutschland;ENRG03;Energieträger;GEOTH-01;Geothermie;-;MWh;EKT001;Elektrizitätserzeugung (brutto);
43311;Monatserhebung ü. Elektrizitäts- u. Wärmeerzeugung;JAHR;Jahr;2002;DINSG;Deutschland insgesamt;DG;Deutschland;ENRG03;Energieträger;GEOTH-01;Geothermie;-;GJ;BRN001;Brennstoffeinsatz;
43311;Monatserhebung ü. Elektrizitäts- u. Wärmeerzeugung;JAHR;Jahr;2018;DINSG;Deutschland insgesamt;DG;Deutschland;ENRG03;Energieträger;WRM-01;Wärme;1443304;MWh;WRM001;Nettowärmeerzeugung;e
43311;Monatserhebung ü. Elektrizitäts- u. Wärmeerzeugung;JAHR;Jahr;2018;DINSG;Deutschland insgesamt;DG;Deutschland;ENRG03;Energieträger;WRM-01;Wärme;461980;MWh;EKT002;Elektrizitätserzeugung (netto);e
43311;Monatserhebung ü. Elektrizitäts- u. Wärmeerzeugung;JAHR;Jahr;2018;DINSG;Deutschland insgesamt;DG;Deutschland;ENRG03;Energieträger;WRM-01;Wärme;480932;MWh;EKT001;Elektrizitätserzeugung (brutto);e
43311;Monatserhebung ü. Elektrizitäts- u. Wärmeerzeugung;JAHR;Jahr;2018;DINSG;Deutschland insgesamt;DG;Deutschland;ENRG03;Energieträger;WRM-01;Wärme;10218150;GJ;BRN001;Brennstoffeinsatz;e
43311;Monatserhebung ü. Elektrizitäts- u. Wärmeerzeugung;JAHR;Jahr;2024;DINSG;Deutschland insgesamt;DG;Deutschland;ENRG03;Energieträger;SOLTH-01;Solarthermie;-;MWh;WRM001;Nettowärmeerzeugung;
43311;Monatserhebung ü. Elektrizitäts- u. Wärmeerzeugung;JAHR;Jahr;2024;DINSG;Deutschland insgesamt;DG;Deutschland;ENRG03;Energieträger;SOLTH-01;Solarthermie;-;MWh;EKT002;Elektrizitätserzeugung (netto);
43311;Monatserhebung ü. Elektrizitäts- u. Wärmeerzeugung;JAHR;Jahr;2024;DINSG;Deutschland insgesamt;DG;Deutschland;ENRG03;Energieträger;SOLTH-01;Solarthermie;-;MWh;EKT001;Elektrizitätserzeugung (brutto);
43311;Monatserhebung ü. Elektrizitäts- u. Wärmeerzeugung;JAHR;Jahr;2024;DINSG;Deutschland insgesamt;DG;Deutschland;ENRG03;Energieträger;SOLTH-01;Solarthermie;-;GJ;BRN001;Brennstoffeinsatz;
43311;Monatserhebung ü. Elektrizitäts- u. Wärmeerzeugung;JAHR;Jahr;2004;DINSG;Deutschland insgesamt;DG;Deutschland;ENRG03;Energieträger;DIESEL-01;Dieselkraftstoff;-;MWh;WRM001;Nettowärmeerzeugung;
43311;Monatserhebung ü. Elektrizitäts- u. Wärmeerzeugung;JAHR;Jahr;2004;DINSG;Deutschland insgesamt;DG;Deutschland;ENRG03;Energieträger;DIESEL-01;Dieselkraftstoff;7320;MWh;EKT002;Elektrizitätserzeugung (netto);e
43311;Monatserhebung ü. Elektrizitäts- u. Wärmeerzeugung;JAHR;Jahr;2004;DINSG;Deutschland insgesamt;DG;Deutschland;ENRG03;Energieträger;DIESEL-01;Dieselkraftstoff;7540;MWh;EKT001;Elektrizitätserzeugung (brutto);e
43311;Monatserhebung ü. Elektrizitäts- u. Wärmeerzeugung;JAHR;Jahr;2004;DINSG;Deutschland insgesamt;DG;Deutschland;ENRG03;Energieträger;DIESEL-01;Dieselkraftstoff;91713;GJ;BRN001;Brennstoffeinsatz;e
43311;Monatserhebung ü. Elektrizitäts- u. Wärmeerzeugung;JAHR;Jahr;2024;DINSG;Deutschland insgesamt;DG;Deutschland;ENRG03;Energieträger;WAS-PSP-01;Pumpspeicherwasser;-;MWh;WRM001;Nettowärmeerzeugung;
43311;Monatserhebung ü. Elektrizitäts- u. Wärmeerzeugung;JAHR;Jahr;2024;DINSG;Deutschland insgesamt;DG;Deutschland;ENRG03;Energieträger;WAS-PSP-01;Pumpspeicherwasser;-;MWh;EKT002;Elektrizitätserzeugung (netto);
43311;Monatserhebung ü. Elektrizitäts- u. Wärmeerzeugung;JAHR;Jahr;2024;DINSG;Deutschland insgesamt;DG;Deutschland;ENRG03;Energieträger;WAS-PSP-01;Pumpspeicherwasser;-;MWh;EKT001;Elektrizitätserzeugung (brutto);
43311;Monatserhebung ü. Elektrizitäts- u. Wärmeerzeugung;JAHR;Jahr;2024;DINSG;Deutschland insgesamt;DG;Deutschland;ENRG03;Energieträger;WAS-PSP-01;Pumpspeicherwasser;-;GJ;BRN001;Brennstoffeinsatz;
43311;Monatserhebung ü. Elektrizitäts- u. Wärmeerzeugung;JAHR;Jahr;2019;DINSG;Deutschland insgesamt;DG;Deutschland;ENRG03;Energieträger;GAS-FL;Flüssiggas;.;MWh;WRM001;Nettowärmeerzeugung;
43311;Monatserhebung ü. Elektrizitäts- u. Wärmeerzeugung;JAHR;Jahr;2019;DINSG;Deutschland insgesamt;DG;Deutschland;ENRG03;Energieträger;GAS-FL;Flüssiggas;-;MWh;EKT002;Elektrizitätserzeugung (netto);
43311;Monatserhebung ü. Elektrizitäts- u. Wärmeerzeugung;JAHR;Jahr;2019;DINSG;Deutschland insgesamt;DG;Deutschland;ENRG03;Energieträger;GAS-FL;Flüssiggas;-;MWh;EKT001;Elektrizitätserzeugung (brutto);
43311;Monatserhebung ü. Elektrizitäts- u. Wärmeerzeugung;JAHR;Jahr;2019;DINSG;Deutschland insgesamt;DG;Deutschland;ENRG03;Energieträger;GAS-FL;Flüssiggas;.;GJ;BRN001;Brennstoffeinsatz;
43311;Monatserhebung ü. Elektrizitäts- u. Wärmeerzeugung;JAHR;Jahr;2022;DINSG;Deutschland insgesamt;DG;Deutschland;ENRG03;Energieträger;ENR-EB-SONST;Sonstige erneuerbare Energien;-;MWh;WRM001;Nettowärmeerzeugung;
43311;Monatserhebung ü. Elektrizitäts- u. Wärmeerzeugung;JAHR;Jahr;2022;DINSG;Deutschland insgesamt;DG;Deutschland;ENRG03;Energieträger;ENR-EB-SONST;Sonstige erneuerbare Energien;-;MWh;EKT002;Elektrizitätserzeugung (netto);
43311;Monatserhebung ü. Elektrizitäts- u. Wärmeerzeugung;JAHR;Jahr;2022;DINSG;Deutschland insgesamt;DG;Deutschland;ENRG03;Energieträger;ENR-EB-SONST;Sonstige erneuerbare Energien;-;MWh;EKT001;Elektrizitätserzeugung (brutto);
43311;Monatserhebung ü. Elektrizitäts- u. Wärmeerzeugung;JAHR;Jahr;2022;DINSG;Deutschland insgesamt;DG;Deutschland;ENRG03;Energieträger;ENR-EB-SONST;Sonstige erneuerbare Energien;-;GJ;BRN001;Brennstoffeinsatz;
43311;Monatserhebung ü. Elektrizitäts- u. Wärmeerzeugung;JAHR;Jahr;2007;DINSG;Deutschland insgesamt;DG;Deutschland;ENRG03;Energieträger;GAS-KL;Klärgas;29022;MWh;WRM001;Nettowärmeerzeugung;e
43311;Monatserhebung ü. Elektrizitäts- u. Wärmeerzeugung;JAHR;Jahr;2007;DINSG;Deutschland insgesamt;DG;Deutschland;ENRG03;Energieträger;GAS-KL;Klärgas;25413;MWh;EKT002;Elektrizitätserzeugung (netto);e
43311;Monatserhebung ü. Elektrizitäts- u. Wärmeerzeugung;JAHR;Jahr;2007;DINSG;Deutschland insgesamt;DG;Deutschland;ENRG03;Energieträger;GAS-KL;Klärgas;26271;MWh;EKT001;Elektrizitätserzeugung (brutto);e
43311;Monatserhebung ü. Elektrizitäts- u. Wärmeerzeugung;JAHR;Jahr;2007;DINSG;Deutschland insgesamt;DG;Deutschland;ENRG03;Energieträger;GAS-KL;Klärgas;389635;GJ;BRN001;Brennstoffeinsatz;e
43311;Monatserhebung ü. Elektrizitäts- u. Wärmeerzeugung;JAHR;Jahr;2019;DINSG;Deutschland insgesamt;DG;Deutschland;ENRG03;Energieträger;WIND-01;Windkraft;-;MWh;WRM001;Nettowärmeerzeugung;
43311;Monatserhebung ü. Elektrizitäts- u. Wärmeerzeugung;JAHR;Jahr;2019;DINSG;Deutschland insgesamt;DG;Deutschland;ENRG03;Energieträger;WIND-01;Windkraft;-;MWh;EKT002;Elektrizitätserzeugung (netto);
43311;Monatserhebung ü. Elektrizitäts- u. Wärmeerzeugung;JAHR;Jahr;2019;DINSG;Deutschland insgesamt;DG;Deutschland;ENRG03;Energieträger;WIND-01;Windkraft;-;MWh;EKT001;Elektrizitätserzeugung (brutto);
43311;Monatserhebung ü. Elektrizitäts- u. Wärmeerzeugung;JAHR;Jahr;2019;DINSG;Deutschland insgesamt;DG;Deutschland;ENRG03;Energieträger;WIND-01;Windkraft;-;GJ;BRN001;Brennstoffeinsatz;
43311;Monatserhebung ü. Elektrizitäts- u. Wärmeerzeugung;JAHR;Jahr;2008;DINSG;Deutschland insgesamt;DG;Deutschland;ENRG03;Energieträger;GAS-BIO;Biogas;61829;MWh;WRM001;Nettowärmeerzeugung;e
43311;Monatserhebung ü. Elektrizitäts- u. Wärmeerzeugung;JAHR;Jahr;2008;DINSG;Deutschland insgesamt;DG;Deutschland;ENRG03;Energieträger;GAS-BIO;Biogas;56019;MWh;EKT002;Elektrizitätserzeugung (netto);e
43311;Monatserhebung ü. Elektrizitäts- u. Wärmeerzeugung;JAHR;Jahr;2008;DINSG;Deutschland insgesamt;DG;Deutschland;ENRG03;Energieträger;GAS-BIO;Biogas;58691;MWh;EKT001;Elektrizitätserzeugung (brutto);e
43311;Monatserhebung ü. Elektrizitäts- u. Wärmeerzeugung;JAHR;Jahr;2008;DINSG;Deutschland insgesamt;DG;Deutschland;ENRG03;Energieträger;GAS-BIO;Biogas;705027;GJ;BRN001;Brennstoffeinsatz;e
43311;Monatserhebung ü. Elektrizitäts- u. Wärmeerzeugung;JAHR;Jahr;2016;DINSG;Deutschland insgesamt;DG;Deutschland;ENRG03;Energieträger;ABF-03;Abfall (Hausmüll, Siedlungsabfälle);14780178;MWh;WRM001;Nettowärmeerzeugung;e
43311;Monatserhebung ü. Elektrizitäts- u. Wärmeerzeugung;JAHR;Jahr;2016;DINSG;Deutschland insgesamt;DG;Deutschland;ENRG03;Energieträger;ABF-03;Abfall (Hausmüll, Siedlungsabfälle);9003435;MWh;EKT002;Elektrizitätserzeugung (netto);e
43311;Monatserhebung ü. Elektrizitäts- u. Wärmeerzeugung;JAHR;Jahr;2016;DINSG;Deutschland insgesamt;DG;Deutschland;ENRG03;Energieträger;ABF-03;Abfall (Hausmüll, Siedlungsabfälle);11317639;MWh;EKT001;Elektrizitätserzeugung (brutto);e
43311;Monatserhebung ü. Elektrizitäts- u. Wärmeerzeugung;JAHR;Jahr;2016;DINSG;Deutschland insgesamt;DG;Deutschland;ENRG03;Energieträger;ABF-03;Abfall (Hausmüll, Siedlungsabfälle);215867255;GJ;BRN001;Brennstoffeinsatz;e
43311;Monatserhebung ü. Elektrizitäts- u. Wärmeerzeugung;JAHR;Jahr;2003;DINSG;Deutschland insgesamt;DG;Deutschland;ENRG03;Energieträger;KHL-S-SONST;Sonstige Steinkohlen;-;MWh;WRM001;Nettowärmeerzeugung;
43311;Monatserhebung ü. Elektrizitäts- u. Wärmeerzeugung;JAHR;Jahr;2003;DINSG;Deutschland insgesamt;DG;Deutschland;ENRG03;Energieträger;KHL-S-SONST;Sonstige Steinkohlen;-;MWh;EKT002;Elektrizitätserzeugung (netto);
43311;Monatserhebung ü. Elektrizitäts- u. Wärmeerzeugung;JAHR;Jahr;2003;DINSG;Deutschland insgesamt;DG;Deutschland;ENRG03;Energieträger;KHL-S-SONST;Sonstige Steinkohlen;-;MWh;EKT001;Elektrizitätserzeugung (brutto);
43311;Monatserhebung ü. Elektrizitäts- u. Wärmeerzeugung;JAHR;Jahr;2003;DINSG;Deutschland insgesamt;DG;Deutschland;ENRG03;Energieträger;KHL-S-SONST;Sonstige Steinkohlen;-;GJ;BRN001;Brennstoffeinsatz;
43311;Monatserhebung ü. Elektrizitäts- u. Wärmeerzeugung;JAHR;Jahr;2016;DINSG;Deutschland insgesamt;DG;Deutschland;ENRG03;Energieträger;WRM-02;Wärmepumpen (Erd- und Umweltwärme);-;MWh;WRM001;Nettowärmeerzeugung;
43311;Monatserhebung ü. Elektrizitäts- u. Wärmeerzeugung;JAHR;Jahr;2016;DINSG;Deutschland insgesamt;DG;Deutschland;ENRG03;Energieträger;WRM-02;Wärmepumpen (Erd- und Umweltwärme);-;MWh;EKT002;Elektrizitätserzeugung (netto);
43311;Monatserhebung ü. Elektrizitäts- u. Wärmeerzeugung;JAHR;Jahr;2016;DINSG;Deutschland insgesamt;DG;Deutschland;ENRG03;Energieträger;WRM-02;Wärmepumpen (Erd- und Umweltwärme);-;MWh;EKT001;Elektrizitätserzeugung (brutto);
43311;Monatserhebung ü. Elektrizitäts- u. Wärmeerzeugung;JAHR;Jahr;2016;DINSG;Deutschland insgesamt;DG;Deutschland;ENRG03;Energieträger;WRM-02;Wärmepumpen (Erd- und Umweltwärme);-;GJ;BRN001;Brennstoffeinsatz;
43311;Monatserhebung ü. Elektrizitäts- u. Wärmeerzeugung;JAHR;Jahr;2003;DINSG;Deutschland insgesamt;DG;Deutschland;ENRG03;Energieträger;GAS-RAF;Raffineriegas;-;MWh;WRM001;Nettowärmeerzeugung;
43311;Monatserhebung ü. Elektrizitäts- u. Wärmeerzeugung;JAHR;Jahr;2003;DINSG;Deutschland insgesamt;DG;Deutschland;ENRG03;Energieträger;GAS-RAF;Raffineriegas;-;MWh;EKT002;Elektrizitätserzeugung (netto);
43311;Monatserhebung ü. Elektrizitäts- u. Wärmeerzeugung;JAHR;Jahr;2003;DINSG;Deutschland insgesamt;DG;Deutschland;ENRG03;Energieträger;GAS-RAF;Raffineriegas;-;MWh;EKT001;Elektrizitätserzeugung (brutto);
43311;Monatserhebung ü. Elektrizitäts- u. Wärmeerzeugung;JAHR;Jahr;2003;DINSG;Deutschland insgesamt;DG;Deutschland;ENRG03;Energieträger;GAS-RAF;Raffineriegas;-;GJ;BRN001;Brennstoffeinsatz;
43311;Monatserhebung ü. Elektrizitäts- u. Wärmeerzeugung;JAHR;Jahr;2013;DINSG;Deutschland insgesamt;DG;Deutschland;ENRG03;Energieträger;WAS-SP-01;Speicherwasser;-;MWh;WRM001;Nettowärmeerzeugung;
43311;Monatserhebung ü. Elektrizitäts- u. Wärmeerzeugung;JAHR;Jahr;2013;DINSG;Deutschland insgesamt;DG;Deutschland;ENRG03;Energieträger;WAS-SP-01;Speicherwasser;720889;MWh;EKT002;Elektrizitätserzeugung (netto);e
43311;Monatserhebung ü. Elektrizitäts- u. Wärmeerzeugung;JAHR;Jahr;2013;DINSG;Deutschland insgesamt;DG;Deutschland;ENRG03;Energieträger;WAS-SP-01;Speicherwasser;726084;MWh;EKT001;Elektrizitätserzeugung (brutto);e
43311;Monatserhebung ü. Elektrizitäts- u. Wärmeerzeugung;JAHR;Jahr;2013;DINSG;Deutschland insgesamt;DG;Deutschland;ENRG03;Energieträger;WAS-SP-01;Speicherwasser;-;GJ;BRN001;Brennstoffeinsatz;
43311;Monatserhebung ü. Elektrizitäts- u. Wärmeerzeugung;JAHR;Jahr;2015;DINSG;Deutschland insgesamt;DG;Deutschland;ENRG03;Energieträger;GAS-BIO-02;Biomethan (Bioerdgas);-;MWh;WRM001;Nettowärmeerzeugung;
43311;Monatserhebung ü. Elektrizitäts- u. Wärmeerzeugung;JAHR;Jahr;2015;DINSG;Deutschland insgesamt;DG;Deutschland;ENRG03;Energieträger;GAS-BIO-02;Biomethan (Bioerdgas);-;MWh;EKT002;Elektrizitätserzeugung (netto);
43311;Monatserhebung ü. Elektrizitäts- u. Wärmeerzeugung;JAHR;Jahr;2015;DINSG;Deutschland insgesamt;DG;Deutschland;ENRG03;Energieträger;GAS-BIO-02;Biomethan (Bioerdgas);-;MWh;EKT001;Elektrizitätserzeugung (brutto);
43311;Monatserhebung ü. Elektrizitäts- u. Wärmeerzeugung;JAHR;Jahr;2015;DINSG;Deutschland insgesamt;DG;Deutschland;ENRG03;Energieträger;GAS-BIO-02;Biomethan (Bioerdgas);-;GJ;BRN001;Brennstoffeinsatz;
43311;Monatserhebung ü. Elektrizitäts- u. Wärmeerzeugung;JAHR;Jahr;2011;DINSG;Deutschland insgesamt;DG;Deutschland;ENRG03;Energieträger;KHL-B-SONST;Sonstige Braunkohlen;-;MWh;WRM001;Nettowärmeerzeugung;
43311;Monatserhebung ü. Elektrizitäts- u. Wärmeerzeugung;JAHR;Jahr;2011;DINSG;Deutschland insgesamt;DG;Deutschland;ENRG03;Energieträger;KHL-B-SONST;Sonstige Braunkohlen;-;MWh;EKT002;Elektrizitätserzeugung (netto);
43311;Monatserhebung ü. Elektrizitäts- u. Wärmeerzeugung;JAHR;Jahr;2011;DINSG;Deutschland insgesamt;DG;Deutschland;ENRG03;Energieträger;KHL-B-SONST;Sonstige Braunkohlen;-;MWh;EKT001;Elektrizitätserzeugung (brutto);
43311;Monatserhebung ü. Elektrizitäts- u. Wärmeerzeugung;JAHR;Jahr;2011;DINSG;Deutschland insgesamt;DG;Deutschland;ENRG03;Energieträger;KHL-B-SONST;Sonstige Braunkohlen;-;GJ;BRN001;Brennstoffeinsatz;
43311;Monatserhebung ü. Elektrizitäts- u. Wärmeerzeugung;JAHR;Jahr;2010;DINSG;Deutschland insgesamt;DG;Deutschland;ENRG03;Energieträger;WAS-LF-01;Laufwasser;-;MWh;WRM001;Nettowärmeerzeugung;
43311;Monatserhebung ü. Elektrizitäts- u. Wärmeerzeugung;JAHR;Jahr;2010;DINSG;Deutschland insgesamt;DG;Deutschland;ENRG03;Energieträger;WAS-LF-01;Laufwasser;15758649;MWh;EKT002;Elektrizitätserzeugung (netto);e
43311;Monatserhebung ü. Elektrizitäts- u. Wärmeerzeugung;JAHR;Jahr;2010;DINSG;Deutschland insgesamt;DG;Deutschland;ENRG03;Energieträger;WAS-LF-01;Laufwasser;16002093;MWh;EKT001;Elektrizitätserzeugung (brutto);e
43311;Monatserhebung ü. Elektrizitäts- u. Wärmeerzeugung;JAHR;Jahr;2010;DINSG;Deutschland insgesamt;DG;Deutschland;ENRG03;Energieträger;WAS-LF-01;Laufwasser;-;GJ;BRN001;Brennstoffeinsatz;
43311;Monatserhebung ü. Elektrizitäts- u. Wärmeerzeugung;JAHR;Jahr;2003;DINSG;Deutschland insgesamt;DG;Deutschland;ENRG03;Energieträger;GAS-H2;Wasserstoff;-;MWh;WRM001;Nettowärmeerzeugung;
43311;Monatserhebung ü. Elektrizitäts- u. Wärmeerzeugung;JAHR;Jahr;2003;DINSG;Deutschland insgesamt;DG;Deutschland;ENRG03;Energieträger;GAS-H2;Wasserstoff;-;MWh;EKT002;Elektrizitätserzeugung (netto);
43311;Monatserhebung ü. Elektrizitäts- u. Wärmeerzeugung;JAHR;Jahr;2003;DINSG;Deutschland insgesamt;DG;Deutschland;ENRG03;Energieträger;GAS-H2;Wasserstoff;-;MWh;EKT001;Elektrizitätserzeugung (brutto);
43311;Monatserhebung ü. Elektrizitäts- u. Wärmeerzeugung;JAHR;Jahr;2003;DINSG;Deutschland insgesamt;DG;Deutschland;ENRG03;Energieträger;GAS-H2;Wasserstoff;-;GJ;BRN001;Brennstoffeinsatz;
43311;Monatserhebung ü. Elektrizitäts- u. Wärmeerzeugung;JAHR;Jahr;2005;DINSG;Deutschland insgesamt;DG;Deutschland;ENRG03;Energieträger;ENRKER;Kernenergie;-;MWh;WRM001;Nettowärmeerzeugung;
43311;Monatserhebung ü. Elektrizitäts- u. Wärmeerzeugung;JAHR;Jahr;2005;DINSG;Deutschland insgesamt;DG;Deutschland;ENRG03;Energieträger;ENRKER;Kernenergie;154612294;MWh;EKT002;Elektrizitätserzeugung (netto);e
43311;Monatserhebung ü. Elektrizitäts- u. Wärmeerzeugung;JAHR;Jahr;2005;DINSG;Deutschland insgesamt;DG;Deutschland;ENRG03;Energieträger;ENRKER;Kernenergie;163054688;MWh;EKT001;Elektrizitätserzeugung (brutto);e
43311;Monatserhebung ü. Elektrizitäts- u. Wärmeerzeugung;JAHR;Jahr;2005;DINSG;Deutschland insgesamt;DG;Deutschland;ENRG03;Energieträger;ENRKER;Kernenergie;-;GJ;BRN001;Brennstoffeinsatz;
43311;Monatserhebung ü. Elektrizitäts- u. Wärmeerzeugung;JAHR;Jahr;2012;DINSG;Deutschland insgesamt;DG;Deutschland;ENRG03;Energieträger;ENRSET;Sonstige Energieträger;806350;MWh;WRM001;Nettowärmeerzeugung;e
43311;Monatserhebung ü. Elektrizitäts- u. Wärmeerzeugung;JAHR;Jahr;2012;DINSG;Deutschland insgesamt;DG;Deutschland;ENRG03;Energieträger;ENRSET;Sonstige Energieträger;215848;MWh;EKT002;Elektrizitätserzeugung (netto);e
43311;Monatserhebung ü. Elektrizitäts- u. Wärmeerzeugung;JAHR;Jahr;2012;DINSG;Deutschland insgesamt;DG;Deutschland;ENRG03;Energieträger;ENRSET;Sonstige Energieträger;241330;MWh;EKT001;Elektrizitätserzeugung (brutto);e
43311;Monatserhebung ü. Elektrizitäts- u. Wärmeerzeugung;JAHR;Jahr;2012;DINSG;Deutschland insgesamt;DG;Deutschland;ENRG03;Energieträger;ENRSET;Sonstige Energieträger;4919859;GJ;BRN001;Brennstoffeinsatz;p
43311;Monatserhebung ü. Elektrizitäts- u. Wärmeerzeugung;JAHR;Jahr;2021;DINSG;Deutschland insgesamt;DG;Deutschland;ENRG03;Energieträger;SP-SONST-01;Andere Speicher;-;MWh;WRM001;Nettowärmeerzeugung;
43311;Monatserhebung ü. Elektrizitäts- u. Wärmeerzeugung;JAHR;Jahr;2021;DINSG;Deutschland insgesamt;DG;Deutschland;ENRG03;Energieträger;SP-SONST-01;Andere Speicher;-;MWh;EKT002;Elektrizitätserzeugung (netto);
43311;Monatserhebung ü. Elektrizitäts- u. Wärmeerzeugung;JAHR;Jahr;2021;DINSG;Deutschland insgesamt;DG;Deutschland;ENRG03;Energieträger;SP-SONST-01;Andere Speicher;-;MWh;EKT001;Elektrizitätserzeugung (brutto);
43311;Monatserhebung ü. Elektrizitäts- u. Wärmeerzeugung;JAHR;Jahr;2021;DINSG;Deutschland insgesamt;DG;Deutschland;ENRG03;Energieträger;SP-SONST-01;Andere Speicher;-;GJ;BRN001;Brennstoffeinsatz;
43311;Monatserhebung ü. Elektrizitäts- u. Wärmeerzeugung;JAHR;Jahr;2008;DINSG;Deutschland insgesamt;DG;Deutschland;ENRG03;Energieträger;KHL-S-SONST;Sonstige Steinkohlen;-;MWh;WRM001;Nettowärmeerzeugung;
43311;Monatserhebung ü. Elektrizitäts- u. Wärmeerzeugung;JAHR;Jahr;2008;DINSG;Deutschland insgesamt;DG;Deutschland;ENRG03;Energieträger;KHL-S-SONST;Sonstige Steinkohlen;-;MWh;EKT002;Elektrizitätserzeugung (netto);
43311;Monatserhebung ü. Elektrizitäts- u. Wärmeerzeugung;JAHR;Jahr;2008;DINSG;Deutschland insgesamt;DG;Deutschland;ENRG03;Energieträger;KHL-S-SONST;Sonstige Steinkohlen;-;MWh;EKT001;Elektrizitätserzeugung (brutto);
43311;Monatserhebung ü. Elektrizitäts- u. Wärmeerzeugung;JAHR;Jahr;2008;DINSG;Deutschland insgesamt;DG;Deutschland;ENRG03;Energieträger;KHL-S-SONST;Sonstige Steinkohlen;-;GJ;BRN001;Brennstoffeinsatz;
43311;Monatserhebung ü. Elektrizitäts- u. Wärmeerzeugung;JAHR;Jahr;2004;DINSG;Deutschland insgesamt;DG;Deutschland;ENRG03;Energieträger;KHL-B-STK;Staub- und Trockenkohle;887458;MWh;WRM001;Nettowärmeerzeugung;e
43311;Monatserhebung ü. Elektrizitäts- u. Wärmeerzeugung;JAHR;Jahr;2004;DINSG;Deutschland insgesamt;DG;Deutschland;ENRG03;Energieträger;KHL-B-STK;Staub- und Trockenkohle;428204;MWh;EKT002;Elektrizitätserzeugung (netto);e
43311;Monatserhebung ü. Elektrizitäts- u. Wärmeerzeugung;JAHR;Jahr;2004;DINSG;Deutschland insgesamt;DG;Deutschland;ENRG03;Energieträger;KHL-B-STK;Staub- und Trockenkohle;476618;MWh;EKT001;Elektrizitätserzeugung (brutto);e
43311;Monatserhebung ü. Elektrizitäts- u. Wärmeerzeugung;JAHR;Jahr;2004;DINSG;Deutschland insgesamt;DG;Deutschland;ENRG03;Energieträger;KHL-B-STK;Staub- und Trockenkohle;7105108;GJ;BRN001;Brennstoffeinsatz;e
43311;Monatserhebung ü. Elektrizitäts- u. Wärmeerzeugung;JAHR;Jahr;2003;DINSG;Deutschland insgesamt;DG;Deutschland;ENRG03;Energieträger;KHL-S-01;Steinkohlen;36464388;MWh;WRM001;Nettowärmeerzeugung;e
43311;Monatserhebung ü. Elektrizitäts- u. Wärmeerzeugung;JAHR;Jahr;2003;DINSG;Deutschland insgesamt;DG;Deutschland;ENRG03;Energieträger;KHL-S-01;Steinkohlen;121830623;MWh;EKT002;Elektrizitätserzeugung (netto);e
43311;Monatserhebung ü. Elektrizitäts- u. Wärmeerzeugung;JAHR;Jahr;2003;DINSG;Deutschland insgesamt;DG;Deutschland;ENRG03;Energieträger;KHL-S-01;Steinkohlen;132069578;MWh;EKT001;Elektrizitätserzeugung (brutto);e
43311;Monatserhebung ü. Elektrizitäts- u. Wärmeerzeugung;JAHR;Jahr;2003;DINSG;Deutschland insgesamt;DG;Deutschland;ENRG03;Energieträger;KHL-S-01;Steinkohlen;1292021589;GJ;BRN001;Brennstoffeinsatz;e
43311;Monatserhebung ü. Elektrizitäts- u. Wärmeerzeugung;JAHR;Jahr;2006;DINSG;Deutschland insgesamt;DG;Deutschland;ENRG03;Energieträger;WAS-SP-01;Speicherwasser;-;MWh;WRM001;Nettowärmeerzeugung;
43311;Monatserhebung ü. Elektrizitäts- u. Wärmeerzeugung;JAHR;Jahr;2006;DINSG;Deutschland insgesamt;DG;Deutschland;ENRG03;Energieträger;WAS-SP-01;Speicherwasser;607389;MWh;EKT002;Elektrizitätserzeugung (netto);e
43311;Monatserhebung ü. Elektrizitäts- u. Wärmeerzeugung;JAHR;Jahr;2006;DINSG;Deutschland insgesamt;DG;Deutschland;ENRG03;Energieträger;WAS-SP-01;Speicherwasser;616554;MWh;EKT001;Elektrizitätserzeugung (brutto);e
43311;Monatserhebung ü. Elektrizitäts- u. Wärmeerzeugung;JAHR;Jahr;2006;DINSG;Deutschland insgesamt;DG;Deutschland;ENRG03;Energieträger;WAS-SP-01;Speicherwasser;-;GJ;BRN001;Brennstoffeinsatz;
43311;Monatserhebung ü. Elektrizitäts- u. Wärmeerzeugung;JAHR;Jahr;2002;DINSG;Deutschland insgesamt;DG;Deutschland;ENRG03;Energieträger;GAS-FL;Flüssiggas;-;MWh;WRM001;Nettowärmeerzeugung;
43311;Monatserhebung ü. Elektrizitäts- u. Wärmeerzeugung;JAHR;Jahr;2002;DINSG;Deutschland insgesamt;DG;Deutschland;ENRG03;Energieträger;GAS-FL;Flüssiggas;159;MWh;EKT002;Elektrizitätserzeugung (netto);e
43311;Monatserhebung ü. Elektrizitäts- u. Wärmeerzeugung;JAHR;Jahr;2002;DINSG;Deutschland insgesamt;DG;Deutschland;ENRG03;Energieträger;GAS-FL;Flüssiggas;169;MWh;EKT001;Elektrizitätserzeugung (brutto);e
43311;Monatserhebung ü. Elektrizitäts- u. Wärmeerzeugung;JAHR;Jahr;2002;DINSG;Deutschland insgesamt;DG;Deutschland;ENRG03;Energieträger;GAS-FL;Flüssiggas;757;GJ;BRN001;Brennstoffeinsatz;e
43311;Monatserhebung ü. Elektrizitäts- u. Wärmeerzeugung;JAHR;Jahr;2012;DINSG;Deutschland insgesamt;DG;Deutschland;ENRG03;Energieträger;KLS-01;Klärschlamm;16787;MWh;WRM001;Nettowärmeerzeugung;e
43311;Monatserhebung ü. Elektrizitäts- u. Wärmeerzeugung;JAHR;Jahr;2012;DINSG;Deutschland insgesamt;DG;Deutschland;ENRG03;Energieträger;KLS-01;Klärschlamm;113258;MWh;EKT002;Elektrizitätserzeugung (netto);e
43311;Monatserhebung ü. Elektrizitäts- u. Wärmeerzeugung;JAHR;Jahr;2012;DINSG;Deutschland insgesamt;DG;Deutschland;ENRG03;Energieträger;KLS-01;Klärschlamm;123669;MWh;EKT001;Elektrizitätserzeugung (brutto);e
43311;Monatserhebung ü. Elektrizitäts- u. Wärmeerzeugung;JAHR;Jahr;2012;DINSG;Deutschland insgesamt;DG;Deutschland;ENRG03;Energieträger;KLS-01;Klärschlamm;1187186;GJ;BRN001;Brennstoffeinsatz;e
43311;Monatserhebung ü. Elektrizitäts- u. Wärmeerzeugung;JAHR;Jahr;2022;DINSG;Deutschland insgesamt;DG;Deutschland;ENRG03;Energieträger;OEL-H-S-01;Heizöl, schwer;33706;MWh;WRM001;Nettowärmeerzeugung;e
43311;Monatserhebung ü. Elektrizitäts- u. Wärmeerzeugung;JAHR;Jahr;2022;DINSG;Deutschland insgesamt;DG;Deutschland;ENRG03;Energieträger;OEL-H-S-01;Heizöl, schwer;214908;MWh;EKT002;Elektrizitätserzeugung (netto);e
43311;Monatserhebung ü. Elektrizitäts- u. Wärmeerzeugung;JAHR;Jahr;2022;DINSG;Deutschland insgesamt;DG;Deutschland;ENRG03;Energieträger;OEL-H-S-01;Heizöl, schwer;237152;MWh;EKT001;Elektrizitätserzeugung (brutto);e
43311;Monatserhebung ü. Elektrizitäts- u. Wärmeerzeugung;JAHR;Jahr;2022;DINSG;Deutschland insgesamt;DG;Deutschland;ENRG03;Energieträger;OEL-H-S-01;Heizöl, schwer;2366438;GJ;BRN001;Brennstoffeinsatz;e
43311;Monatserhebung ü. Elektrizitäts- u. Wärmeerzeugung;JAHR;Jahr;2007;DINSG;Deutschland insgesamt;DG;Deutschland;ENRG03;Energieträger;GAS-BIO;Biogas;54486;MWh;WRM001;Nettowärmeerzeugung;e
43311;Monatserhebung ü. Elektrizitäts- u. Wärmeerzeugung;JAHR;Jahr;2007;DINSG;Deutschland insgesamt;DG;Deutschland;ENRG03;Energieträger;GAS-BIO;Biogas;41388;MWh;EKT002;Elektrizitätserzeugung (netto);e
43311;Monatserhebung ü. Elektrizitäts- u. Wärmeerzeugung;JAHR;Jahr;2007;DINSG;Deutschland insgesamt;DG;Deutschland;ENRG03;Energieträger;GAS-BIO;Biogas;43932;MWh;EKT001;Elektrizitätserzeugung (brutto);e
43311;Monatserhebung ü. Elektrizitäts- u. Wärmeerzeugung;JAHR;Jahr;2007;DINSG;Deutschland insgesamt;DG;Deutschland;ENRG03;Energieträger;GAS-BIO;Biogas;611654;GJ;BRN001;Brennstoffeinsatz;e
43311;Monatserhebung ü. Elektrizitäts- u. Wärmeerzeugung;JAHR;Jahr;2007;DINSG;Deutschland insgesamt;DG;Deutschland;ENRG03;Energieträger;STROM-02;Strom (Elektrokessel);-;MWh;WRM001;Nettowärmeerzeugung;
43311;Monatserhebung ü. Elektrizitäts- u. Wärmeerzeugung;JAHR;Jahr;2007;DINSG;Deutschland insgesamt;DG;Deutschland;ENRG03;Energieträger;STROM-02;Strom (Elektrokessel);-;MWh;EKT002;Elektrizitätserzeugung (netto);
43311;Monatserhebung ü. Elektrizitäts- u. Wärmeerzeugung;JAHR;Jahr;2007;DINSG;Deutschland insgesamt;DG;Deutschland;ENRG03;Energieträger;STROM-02;Strom (Elektrokessel);-;MWh;EKT001;Elektrizitätserzeugung (brutto);
43311;Monatserhebung ü. Elektrizitäts- u. Wärmeerzeugung;JAHR;Jahr;2007;DINSG;Deutschland insgesamt;DG;Deutschland;ENRG03;Energieträger;STROM-02;Strom (Elektrokessel);-;GJ;BRN001;Brennstoffeinsatz;
43311;Monatserhebung ü. Elektrizitäts- u. Wärmeerzeugung;JAHR;Jahr;2003;DINSG;Deutschland insgesamt;DG;Deutschland;ENRG03;Energieträger;OEL-H-L-01;Heizöl, leicht;901378;MWh;WRM001;Nettowärmeerzeugung;e
43311;Monatserhebung ü. Elektrizitäts- u. Wärmeerzeugung;JAHR;Jahr;2003;DINSG;Deutschland insgesamt;DG;Deutschland;ENRG03;Energieträger;OEL-H-L-01;Heizöl, leicht;602491;MWh;EKT002;Elektrizitätserzeugung (netto);e
43311;Monatserhebung ü. Elektrizitäts- u. Wärmeerzeugung;JAHR;Jahr;2003;DINSG;Deutschland insgesamt;DG;Deutschland;ENRG03;Energieträger;OEL-H-L-01;Heizöl, leicht;658408;MWh;EKT001;Elektrizitätserzeugung (brutto);e
43311;Monatserhebung ü. Elektrizitäts- u. Wärmeerzeugung;JAHR;Jahr;2003;DINSG;Deutschland insgesamt;DG;Deutschland;ENRG03;Energieträger;OEL-H-L-01;Heizöl, leicht;9925936;GJ;BRN001;Brennstoffeinsatz;e
43311;Monatserhebung ü. Elektrizitäts- u. Wärmeerzeugung;JAHR;Jahr;2004;DINSG;Deutschland insgesamt;DG;Deutschland;ENRG03;Energieträger;KHL-S-KWS;Kohlenwertstoffe aus Steinkohle;-;MWh;WRM001;Nettowärmeerzeugung;
43311;Monatserhebung ü. Elektrizitäts- u. Wärmeerzeugung;JAHR;Jahr;2004;DINSG;Deutschland insgesamt;DG;Deutschland;ENRG03;Energieträger;KHL-S-KWS;Kohlenwertstoffe aus Steinkohle;-;MWh;EKT002;Elektrizitätserzeugung (netto);
43311;Monatserhebung ü. Elektrizitäts- u. Wärmeerzeugung;JAHR;Jahr;2004;DINSG;Deutschland insgesamt;DG;Deutschland;ENRG03;Energieträger;KHL-S-KWS;Kohlenwertstoffe aus Steinkohle;-;MWh;EKT001;Elektrizitätserzeugung (brutto);
43311;Monatserhebung ü. Elektrizitäts- u. Wärmeerzeugung;JAHR;Jahr;2004;DINSG;Deutschland insgesamt;DG;Deutschland;ENRG03;Energieträger;KHL-S-KWS;Kohlenwertstoffe aus Steinkohle;-;GJ;BRN001;Brennstoffeinsatz;
43311;Monatserhebung ü. Elektrizitäts- u. Wärmeerzeugung;JAHR;Jahr;2005;DINSG;Deutschland insgesamt;DG;Deutschland;ENRG03;Energieträger;STROM-02;Strom (Elektrokessel);-;MWh;WRM001;Nettowärmeerzeugung;
43311;Monatserhebung ü. Elektrizitäts- u. Wärmeerzeugung;JAHR;Jahr;2005;DINSG;Deutschland insgesamt;DG;Deutschland;ENRG03;Energieträger;STROM-02;Strom (Elektrokessel);-;MWh;EKT002;Elektrizitätserzeugung (netto);
43311;Monatserhebung ü. Elektrizitäts- u. Wärmeerzeugung;JAHR;Jahr;2005;DINSG;Deutschland insgesamt;DG;Deutschland;ENRG03;Energieträger;STROM-02;Strom (Elektrokessel);-;MWh;EKT001;Elektrizitätserzeugung (brutto);
43311;Monatserhebung ü. Elektrizitäts- u. Wärmeerzeugung;JAHR;Jahr;2005;DINSG;Deutschland insgesamt;DG;Deutschland;ENRG03;Energieträger;STROM-02;Strom (Elektrokessel);-;GJ;BRN001;Brennstoffeinsatz;
43311;Monatserhebung ü. Elektrizitäts- u. Wärmeerzeugung;JAHR;Jahr;2021;DINSG;Deutschland insgesamt;DG;Deutschland;ENRG03;Energieträger;GAS-GRUB;Grubengas;.;MWh;WRM001;Nettowärmeerzeugung;
43311;Monatserhebung ü. Elektrizitäts- u. Wärmeerzeugung;JAHR;Jahr;2021;DINSG;Deutschland insgesamt;DG;Deutschland;ENRG03;Energieträger;GAS-GRUB;Grubengas;606924;MWh;EKT002;Elektrizitätserzeugung (netto);e
43311;Monatserhebung ü. Elektrizitäts- u. Wärmeerzeugung;JAHR;Jahr;2021;DINSG;Deutschland insgesamt;DG;Deutschland;ENRG03;Energieträger;GAS-GRUB;Grubengas;.;MWh;EKT001;Elektrizitätserzeugung (brutto);
43311;Monatserhebung ü. Elektrizitäts- u. Wärmeerzeugung;JAHR;Jahr;2021;DINSG;Deutschland insgesamt;DG;Deutschland;ENRG03;Energieträger;GAS-GRUB;Grubengas;.;GJ;BRN001;Brennstoffeinsatz;
43311;Monatserhebung ü. Elektrizitäts- u. Wärmeerzeugung;JAHR;Jahr;2013;DINSG;Deutschland insgesamt;DG;Deutschland;ENRG03;Energieträger;PHOTO-01;Photovoltaik;-;MWh;WRM001;Nettowärmeerzeugung;
43311;Monatserhebung ü. Elektrizitäts- u. Wärmeerzeugung;JAHR;Jahr;2013;DINSG;Deutschland insgesamt;DG;Deutschland;ENRG03;Energieträger;PHOTO-01;Photovoltaik;-;MWh;EKT002;Elektrizitätserzeugung (netto);
43311;Monatserhebung ü. Elektrizitäts- u. Wärmeerzeugung;JAHR;Jahr;2013;DINSG;Deutschland insgesamt;DG;Deutschland;ENRG03;Energieträger;PHOTO-01;Photovoltaik;-;MWh;EKT001;Elektrizitätserzeugung (brutto);
43311;Monatserhebung ü. Elektrizitäts- u. Wärmeerzeugung;JAHR;Jahr;2013;DINSG;Deutschland insgesamt;DG;Deutschland;ENRG03;Energieträger;PHOTO-01;Photovoltaik;-;GJ;BRN001;Brennstoffeinsatz;
43311;Monatserhebung ü. Elektrizitäts- u. Wärmeerzeugung;JAHR;Jahr;2006;DINSG;Deutschland insgesamt;DG;Deutschland;ENRG03;Energieträger;ABF-01;Abfall (Hausmüll, Industrie);9222013;MWh;WRM001;Nettowärmeerzeugung;e
43311;Monatserhebung ü. Elektrizitäts- u. Wärmeerzeugung;JAHR;Jahr;2006;DINSG;Deutschland insgesamt;DG;Deutschland;ENRG03;Energieträger;ABF-01;Abfall (Hausmüll, Industrie);5523465;MWh;EKT002;Elektrizitätserzeugung (netto);e
43311;Monatserhebung ü. Elektrizitäts- u. Wärmeerzeugung;JAHR;Jahr;2006;DINSG;Deutschland insgesamt;DG;Deutschland;ENRG03;Energieträger;ABF-01;Abfall (Hausmüll, Industrie);7267272;MWh;EKT001;Elektrizitätserzeugung (brutto);e
43311;Monatserhebung ü. Elektrizitäts- u. Wärmeerzeugung;JAHR;Jahr;2006;DINSG;Deutschland insgesamt;DG;Deutschland;ENRG03;Energieträger;ABF-01;Abfall (Hausmüll, Industrie);141014114;GJ;BRN001;Brennstoffeinsatz;e
43311;Monatserhebung ü. Elektrizitäts- u. Wärmeerzeugung;JAHR;Jahr;2016;DINSG;Deutschland insgesamt;DG;Deutschland;ENRG03;Energieträger;KHL-S-KWS;Kohlenwertstoffe aus Steinkohle;-;MWh;WRM001;Nettowärmeerzeugung;
43311;Monatserhebung ü. Elektrizitäts- u. Wärmeerzeugung;JAHR;Jahr;2016;DINSG;Deutschland insgesamt;DG;Deutschland;ENRG03;Energieträger;KHL-S-KWS;Kohlenwertstoffe aus Steinkohle;-;MWh;EKT002;Elektrizitätserzeugung (netto);
43311;Monatserhebung ü. Elektrizitäts- u. Wärmeerzeugung;JAHR;Jahr;2016;DINSG;Deutschland insgesamt;DG;Deutschland;ENRG03;Energieträger;KHL-S-KWS;Kohlenwertstoffe aus Steinkohle;-;MWh;EKT001;Elektrizitätserzeugung (brutto);
43311;Monatserhebung ü. Elektrizitäts- u. Wärmeerzeugung;JAHR;Jahr;2016;DINSG;Deutschland insgesamt;DG;Deutschland;ENRG03;Energieträger;KHL-S-KWS;Kohlenwertstoffe aus Steinkohle;-;GJ;BRN001;Brennstoffeinsatz;
43311;Monatserhebung ü. Elektrizitäts- u. Wärmeerzeugung;JAHR;Jahr;2005;DINSG;Deutschland insgesamt;DG;Deutschland;ENRG03;Energieträger;GAS-GRUB;Grubengas;92644;MWh;WRM001;Nettowärmeerzeugung;e
43311;Monatserhebung ü. Elektrizitäts- u. Wärmeerzeugung;JAHR;Jahr;2005;DINSG;Deutschland insgesamt;DG;Deutschland;ENRG03;Energieträger;GAS-GRUB;Grubengas;377588;MWh;EKT002;Elektrizitätserzeugung (netto);e
43311;Monatserhebung ü. Elektrizitäts- u. Wärmeerzeugung;JAHR;Jahr;2005;DINSG;Deutschland insgesamt;DG;Deutschland;ENRG03;Energieträger;GAS-GRUB;Grubengas;412950;MWh;EKT001;Elektrizitätserzeugung (brutto);e
43311;Monatserhebung ü. Elektrizitäts- u. Wärmeerzeugung;JAHR;Jahr;2005;DINSG;Deutschland insgesamt;DG;Deutschland;ENRG03;Energieträger;GAS-GRUB;Grubengas;3974079;GJ;BRN001;Brennstoffeinsatz;e
43311;Monatserhebung ü. Elektrizitäts- u. Wärmeerzeugung;JAHR;Jahr;2016;DINSG;Deutschland insgesamt;DG;Deutschland;ENRG03;Energieträger;OEL-H-S-01;Heizöl, schwer;.;MWh;WRM001;Nettowärmeerzeugung;
43311;Monatserhebung ü. Elektrizitäts- u. Wärmeerzeugung;JAHR;Jahr;2016;DINSG;Deutschland insgesamt;DG;Deutschland;ENRG03;Energieträger;OEL-H-S-01;Heizöl, schwer;343823;MWh;EKT002;Elektrizitätserzeugung (netto);e
43311;Monatserhebung ü. Elektrizitäts- u. Wärmeerzeugung;JAHR;Jahr;2016;DINSG;Deutschland insgesamt;DG;Deutschland;ENRG03;Energieträger;OEL-H-S-01;Heizöl, schwer;376073;MWh;EKT001;Elektrizitätserzeugung (brutto);e
43311;Monatserhebung ü. Elektrizitäts- u. Wärmeerzeugung;JAHR;Jahr;2016;DINSG;Deutschland insgesamt;DG;Deutschland;ENRG03;Energieträger;OEL-H-S-01;Heizöl, schwer;4155230;GJ;BRN001;Brennstoffeinsatz;e
43311;Monatserhebung ü. Elektrizitäts- u. Wärmeerzeugung;JAHR;Jahr;2021;DINSG;Deutschland insgesamt;DG;Deutschland;ENRG03;Energieträger;GAS-BIO-02;Biomethan (Bioerdgas);1201912;MWh;WRM001;Nettowärmeerzeugung;e
43311;Monatserhebung ü. Elektrizitäts- u. Wärmeerzeugung;JAHR;Jahr;2021;DINSG;Deutschland insgesamt;DG;Deutschland;ENRG03;Energieträger;GAS-BIO-02;Biomethan (Bioerdgas);1036392;MWh;EKT002;Elektrizitätserzeugung (netto);e
43311;Monatserhebung ü. Elektrizitäts- u. Wärmeerzeugung;JAHR;Jahr;2021;DINSG;Deutschland insgesamt;DG;Deutschland;ENRG03;Energieträger;GAS-BIO-02;Biomethan (Bioerdgas);1058011;MWh;EKT001;Elektrizitätserzeugung (brutto);e
43311;Monatserhebung ü. Elektrizitäts- u. Wärmeerzeugung;JAHR;Jahr;2021;DINSG;Deutschland insgesamt;DG;Deutschland;ENRG03;Energieträger;GAS-BIO-02;Biomethan (Bioerdgas);9847441;GJ;BRN001;Brennstoffeinsatz;e
43311;Monatserhebung ü. Elektrizitäts- u. Wärmeerzeugung;JAHR;Jahr;2014;DINSG;Deutschland insgesamt;DG;Deutschland;ENRG03;Energieträger;BIO-F-01;Feste biogene Stoffe;4556665;MWh;WRM001;Nettowärmeerzeugung;e
43311;Monatserhebung ü. Elektrizitäts- u. Wärmeerzeugung;JAHR;Jahr;2014;DINSG;Deutschland insgesamt;DG;Deutschland;ENRG03;Energieträger;BIO-F-01;Feste biogene Stoffe;4281010;MWh;EKT002;Elektrizitätserzeugung (netto);e
43311;Monatserhebung ü. Elektrizitäts- u. Wärmeerzeugung;JAHR;Jahr;2014;DINSG;Deutschland insgesamt;DG;Deutschland;ENRG03;Energieträger;BIO-F-01;Feste biogene Stoffe;4747787;MWh;EKT001;Elektrizitätserzeugung (brutto);e
43311;Monatserhebung ü. Elektrizitäts- u. Wärmeerzeugung;JAHR;Jahr;2014;DINSG;Deutschland insgesamt;DG;Deutschland;ENRG03;Energieträger;BIO-F-01;Feste biogene Stoffe;75444776;GJ;BRN001;Brennstoffeinsatz;e
43311;Monatserhebung ü. Elektrizitäts- u. Wärmeerzeugung;JAHR;Jahr;2021;DINSG;Deutschland insgesamt;DG;Deutschland;ENRG03;Energieträger;GAS-K-01;Kokereigas;-;MWh;WRM001;Nettowärmeerzeugung;
43311;Monatserhebung ü. Elektrizitäts- u. Wärmeerzeugung;JAHR;Jahr;2021;DINSG;Deutschland insgesamt;DG;Deutschland;ENRG03;Energieträger;GAS-K-01;Kokereigas;.;MWh;EKT002;Elektrizitätserzeugung (netto);
43311;Monatserhebung ü. Elektrizitäts- u. Wärmeerzeugung;JAHR;Jahr;2021;DINSG;Deutschland insgesamt;DG;Deutschland;ENRG03;Energieträger;GAS-K-01;Kokereigas;.;MWh;EKT001;Elektrizitätserzeugung (brutto);
43311;Monatserhebung ü. Elektrizitäts- u. Wärmeerzeugung;JAHR;Jahr;2021;DINSG;Deutschland insgesamt;DG;Deutschland;ENRG03;Energieträger;GAS-K-01;Kokereigas;.;GJ;BRN001;Brennstoffeinsatz;
43311;Monatserhebung ü. Elektrizitäts- u. Wärmeerzeugung;JAHR;Jahr;2008;DINSG;Deutschland insgesamt;DG;Deutschland;ENRG03;Energieträger;ABF-02;Abfall (Industrie);-;MWh;WRM001;Nettowärmeerzeugung;
43311;Monatserhebung ü. Elektrizitäts- u. Wärmeerzeugung;JAHR;Jahr;2008;DINSG;Deutschland insgesamt;DG;Deutschland;ENRG03;Energieträger;ABF-02;Abfall (Industrie);-;MWh;EKT002;Elektrizitätserzeugung (netto);
43311;Monatserhebung ü. Elektrizitäts- u. Wärmeerzeugung;JAHR;Jahr;2008;DINSG;Deutschland insgesamt;DG;Deutschland;ENRG03;Energieträger;ABF-02;Abfall (Industrie);-;MWh;EKT001;Elektrizitätserzeugung (brutto);
43311;Monatserhebung ü. Elektrizitäts- u. Wärmeerzeugung;JAHR;Jahr;2008;DINSG;Deutschland insgesamt;DG;Deutschland;ENRG03;Energieträger;ABF-02;Abfall (Industrie);-;GJ;BRN001;Brennstoffeinsatz;
43311;Monatserhebung ü. Elektrizitäts- u. Wärmeerzeugung;JAHR;Jahr;2011;DINSG;Deutschland insgesamt;DG;Deutschland;ENRG03;Energieträger;KHL-S-BRIK;Steinkohlenbriketts;-;MWh;WRM001;Nettowärmeerzeugung;
43311;Monatserhebung ü. Elektrizitäts- u. Wärmeerzeugung;JAHR;Jahr;2011;DINSG;Deutschland insgesamt;DG;Deutschland;ENRG03;Energieträger;KHL-S-BRIK;Steinkohlenbriketts;-;MWh;EKT002;Elektrizitätserzeugung (netto);
43311;Monatserhebung ü. Elektrizitäts- u. Wärmeerzeugung;JAHR;Jahr;2011;DINSG;Deutschland insgesamt;DG;Deutschland;ENRG03;Energieträger;KHL-S-BRIK;Steinkohlenbriketts;-;MWh;EKT001;Elektrizitätserzeugung (brutto);
43311;Monatserhebung ü. Elektrizitäts- u. Wärmeerzeugung;JAHR;Jahr;2011;DINSG;Deutschland insgesamt;DG;Deutschland;ENRG03;Energieträger;KHL-S-BRIK;Steinkohlenbriketts;-;GJ;BRN001;Brennstoffeinsatz;
43311;Monatserhebung ü. Elektrizitäts- u. Wärmeerzeugung;JAHR;Jahr;2005;DINSG;Deutschland insgesamt;DG;Deutschland;ENRG03;Energieträger;KHL-B-BRIK;Braunkohlenbriketts;191399;MWh;WRM001;Nettowärmeerzeugung;e
43311;Monatserhebung ü. Elektrizitäts- u. Wärmeerzeugung;JAHR;Jahr;2005;DINSG;Deutschland insgesamt;DG;Deutschland;ENRG03;Energieträger;KHL-B-BRIK;Braunkohlenbriketts;42768;MWh;EKT002;Elektrizitätserzeugung (netto);e
43311;Monatserhebung ü. Elektrizitäts- u. Wärmeerzeugung;JAHR;Jahr;2005;DINSG;Deutschland insgesamt;DG;Deutschland;ENRG03;Energieträger;KHL-B-BRIK;Braunkohlenbriketts;49040;MWh;EKT001;Elektrizitätserzeugung (brutto);e
43311;Monatserhebung ü. Elektrizitäts- u. Wärmeerzeugung;JAHR;Jahr;2005;DINSG;Deutschland insgesamt;DG;Deutschland;ENRG03;Energieträger;KHL-B-BRIK;Braunkohlenbriketts;1230506;GJ;BRN001;Brennstoffeinsatz;e
43311;Monatserhebung ü. Elektrizitäts- u. Wärmeerzeugung;JAHR;Jahr;2012;DINSG;Deutschland insgesamt;DG;Deutschland;ENRG03;Energieträger;GAS-FL;Flüssiggas;1937;MWh;WRM001;Nettowärmeerzeugung;e
43311;Monatserhebung ü. Elektrizitäts- u. Wärmeerzeugung;JAHR;Jahr;2012;DINSG;Deutschland insgesamt;DG;Deutschland;ENRG03;Energieträger;GAS-FL;Flüssiggas;.;MWh;EKT002;Elektrizitätserzeugung (netto);
43311;Monatserhebung ü. Elektrizitäts- u. Wärmeerzeugung;JAHR;Jahr;2012;DINSG;Deutschland insgesamt;DG;Deutschland;ENRG03;Energieträger;GAS-FL;Flüssiggas;.;MWh;EKT001;Elektrizitätserzeugung (brutto);
43311;Monatserhebung ü. Elektrizitäts- u. Wärmeerzeugung;JAHR;Jahr;2012;DINSG;Deutschland insgesamt;DG;Deutschland;ENRG03;Energieträger;GAS-FL;Flüssiggas;.;GJ;BRN001;Brennstoffeinsatz;
43311;Monatserhebung ü. Elektrizitäts- u. Wärmeerzeugung;JAHR;Jahr;2020;DINSG;Deutschland insgesamt;DG;Deutschland;ENRG03;Energieträger;KHL-S-KWS;Kohlenwertstoffe aus Steinkohle;0;MWh;WRM001;Nettowärmeerzeugung;e
43311;Monatserhebung ü. Elektrizitäts- u. Wärmeerzeugung;JAHR;Jahr;2020;DINSG;Deutschland insgesamt;DG;Deutschland;ENRG03;Energieträger;KHL-S-KWS;Kohlenwertstoffe aus Steinkohle;0;MWh;EKT002;Elektrizitätserzeugung (netto);e
43311;Monatserhebung ü. Elektrizitäts- u. Wärmeerzeugung;JAHR;Jahr;2020;DINSG;Deutschland insgesamt;DG;Deutschland;ENRG03;Energieträger;KHL-S-KWS;Kohlenwertstoffe aus Steinkohle;0;MWh;EKT001;Elektrizitätserzeugung (brutto);e
43311;Monatserhebung ü. Elektrizitäts- u. Wärmeerzeugung;JAHR;Jahr;2020;DINSG;Deutschland insgesamt;DG;Deutschland;ENRG03;Energieträger;KHL-S-KWS;Kohlenwertstoffe aus Steinkohle;0;GJ;BRN001;Brennstoffeinsatz;e
43311;Monatserhebung ü. Elektrizitäts- u. Wärmeerzeugung;JAHR;Jahr;2012;DINSG;Deutschland insgesamt;DG;Deutschland;ENRG03;Energieträger;KHL-B-HART;Hartbraunkohlen;-;MWh;WRM001;Nettowärmeerzeugung;
43311;Monatserhebung ü. Elektrizitäts- u. Wärmeerzeugung;JAHR;Jahr;2012;DINSG;Deutschland insgesamt;DG;Deutschland;ENRG03;Energieträger;KHL-B-HART;Hartbraunkohlen;-;MWh;EKT002;Elektrizitätserzeugung (netto);
43311;Monatserhebung ü. Elektrizitäts- u. Wärmeerzeugung;JAHR;Jahr;2012;DINSG;Deutschland insgesamt;DG;Deutschland;ENRG03;Energieträger;KHL-B-HART;Hartbraunkohlen;-;MWh;EKT001;Elektrizitätserzeugung (brutto);
43311;Monatserhebung ü. Elektrizitäts- u. Wärmeerzeugung;JAHR;Jahr;2012;DINSG;Deutschland insgesamt;DG;Deutschland;ENRG03;Energieträger;KHL-B-HART;Hartbraunkohlen;88141;GJ;BRN001;Brennstoffeinsatz;e
43311;Monatserhebung ü. Elektrizitäts- u. Wärmeerzeugung;JAHR;Jahr;2018;DINSG;Deutschland insgesamt;DG;Deutschland;ENRG03;Energieträger;WAS-PSP-01;Pumpspeicherwasser;-;MWh;WRM001;Nettowärmeerzeugung;
43311;Monatserhebung ü. Elektrizitäts- u. Wärmeerzeugung;JAHR;Jahr;2018;DINSG;Deutschland insgesamt;DG;Deutschland;ENRG03;Energieträger;WAS-PSP-01;Pumpspeicherwasser;-;MWh;EKT002;Elektrizitätserzeugung (netto);
43311;Monatserhebung ü. Elektrizitäts- u. Wärmeerzeugung;JAHR;Jahr;2018;DINSG;Deutschland insgesamt;DG;Deutschland;ENRG03;Energieträger;WAS-PSP-01;Pumpspeicherwasser;-;MWh;EKT001;Elektrizitätserzeugung (brutto);
43311;Monatserhebung ü. Elektrizitäts- u. Wärmeerzeugung;JAHR;Jahr;2018;DINSG;Deutschland insgesamt;DG;Deutschland;ENRG03;Energieträger;WAS-PSP-01;Pumpspeicherwasser;-;GJ;BRN001;Brennstoffeinsatz;
43311;Monatserhebung ü. Elektrizitäts- u. Wärmeerzeugung;JAHR;Jahr;2022;DINSG;Deutschland insgesamt;DG;Deutschland;ENRG03;Energieträger;GAS-KL;Klärgas;.;MWh;WRM001;Nettowärmeerzeugung;
43311;Monatserhebung ü. Elektrizitäts- u. Wärmeerzeugung;JAHR;Jahr;2022;DINSG;Deutschland insgesamt;DG;Deutschland;ENRG03;Energieträger;GAS-KL;Klärgas;.;MWh;EKT002;Elektrizitätserzeugung (netto);
43311;Monatserhebung ü. Elektrizitäts- u. Wärmeerzeugung;JAHR;Jahr;2022;DINSG;Deutschland insgesamt;DG;Deutschland;ENRG03;Energieträger;GAS-KL;Klärgas;.;MWh;EKT001;Elektrizitätserzeugung (brutto);
43311;Monatserhebung ü. Elektrizitäts- u. Wärmeerzeugung;JAHR;Jahr;2022;DINSG;Deutschland insgesamt;DG;Deutschland;ENRG03;Energieträger;GAS-KL;Klärgas;.;GJ;BRN001;Brennstoffeinsatz;
43311;Monatserhebung ü. Elektrizitäts- u. Wärmeerzeugung;JAHR;Jahr;2013;DINSG;Deutschland insgesamt;DG;Deutschland;ENRG03;Energieträger;KHL-B-WSK;Wirbelschichtkohle;.;MWh;WRM001;Nettowärmeerzeugung;
43311;Monatserhebung ü. Elektrizitäts- u. Wärmeerzeugung;JAHR;Jahr;2013;DINSG;Deutschland insgesamt;DG;Deutschland;ENRG03;Energieträger;KHL-B-WSK;Wirbelschichtkohle;.;MWh;EKT002;Elektrizitätserzeugung (netto);
43311;Monatserhebung ü. Elektrizitäts- u. Wärmeerzeugung;JAHR;Jahr;2013;DINSG;Deutschland insgesamt;DG;Deutschland;ENRG03;Energieträger;KHL-B-WSK;Wirbelschichtkohle;.;MWh;EKT001;Elektrizitätserzeugung (brutto);
43311;Monatserhebung ü. Elektrizitäts- u. Wärmeerzeugung;JAHR;Jahr;2013;DINSG;Deutschland insgesamt;DG;Deutschland;ENRG03;Energieträger;KHL-B-WSK;Wirbelschichtkohle;.;GJ;BRN001;Brennstoffeinsatz;
43311;Monatserhebung ü. Elektrizitäts- u. Wärmeerzeugung;JAHR;Jahr;2003;DINSG;Deutschland insgesamt;DG;Deutschland;ENRG03;Energieträger;;Insgesamt;105184052;MWh;WRM001;Nettowärmeerzeugung;e
43311;Monatserhebung ü. Elektrizitäts- u. Wärmeerzeugung;JAHR;Jahr;2003;DINSG;Deutschland insgesamt;DG;Deutschland;ENRG03;Energieträger;;Insgesamt;498149606;MWh;EKT002;Elektrizitätserzeugung (netto);e
43311;Monatserhebung ü. Elektrizitäts- u. Wärmeerzeugung;JAHR;Jahr;2003;DINSG;Deutschland insgesamt;DG;Deutschland;ENRG03;Energieträger;;Insgesamt;532921681;MWh;EKT001;Elektrizitätserzeugung (brutto);e
43311;Monatserhebung ü. Elektrizitäts- u. Wärmeerzeugung;JAHR;Jahr;2003;DINSG;Deutschland insgesamt;DG;Deutschland;ENRG03;Energieträger;;Insgesamt;3467729953;GJ;BRN001;Brennstoffeinsatz;e
43311;Monatserhebung ü. Elektrizitäts- u. Wärmeerzeugung;JAHR;Jahr;2024;DINSG;Deutschland insgesamt;DG;Deutschland;ENRG03;Energieträger;PKOKS-01;Petrolkoks;-;MWh;WRM001;Nettowärmeerzeugung;
43311;Monatserhebung ü. Elektrizitäts- u. Wärmeerzeugung;JAHR;Jahr;2024;DINSG;Deutschland insgesamt;DG;Deutschland;ENRG03;Energieträger;PKOKS-01;Petrolkoks;-;MWh;EKT002;Elektrizitätserzeugung (netto);
43311;Monatserhebung ü. Elektrizitäts- u. Wärmeerzeugung;JAHR;Jahr;2024;DINSG;Deutschland insgesamt;DG;Deutschland;ENRG03;Energieträger;PKOKS-01;Petrolkoks;-;MWh;EKT001;Elektrizitätserzeugung (brutto);
43311;Monatserhebung ü. Elektrizitäts- u. Wärmeerzeugung;JAHR;Jahr;2024;DINSG;Deutschland insgesamt;DG;Deutschland;ENRG03;Energieträger;PKOKS-01;Petrolkoks;-;GJ;BRN001;Brennstoffeinsatz;
43311;Monatserhebung ü. Elektrizitäts- u. Wärmeerzeugung;JAHR;Jahr;2012;DINSG;Deutschland insgesamt;DG;Deutschland;ENRG03;Energieträger;BIO-FL-01;Flüssige biogene Stoffe;35093;MWh;WRM001;Nettowärmeerzeugung;e
43311;Monatserhebung ü. Elektrizitäts- u. Wärmeerzeugung;JAHR;Jahr;2012;DINSG;Deutschland insgesamt;DG;Deutschland;ENRG03;Energieträger;BIO-FL-01;Flüssige biogene Stoffe;.;MWh;EKT002;Elektrizitätserzeugung (netto);
43311;Monatserhebung ü. Elektrizitäts- u. Wärmeerzeugung;JAHR;Jahr;2012;DINSG;Deutschland insgesamt;DG;Deutschland;ENRG03;Energieträger;BIO-FL-01;Flüssige biogene Stoffe;.;MWh;EKT001;Elektrizitätserzeugung (brutto);
43311;Monatserhebung ü. Elektrizitäts- u. Wärmeerzeugung;JAHR;Jahr;2012;DINSG;Deutschland insgesamt;DG;Deutschland;ENRG03;Energieträger;BIO-FL-01;Flüssige biogene Stoffe;.;GJ;BRN001;Brennstoffeinsatz;
43311;Monatserhebung ü. Elektrizitäts- u. Wärmeerzeugung;JAHR;Jahr;2012;DINSG;Deutschland insgesamt;DG;Deutschland;ENRG03;Energieträger;WAS-PSP-03;Pumpspeicher ohne natürlichen Zufluss;-;MWh;WRM001;Nettowärmeerzeugung;
43311;Monatserhebung ü. Elektrizitäts- u. Wärmeerzeugung;JAHR;Jahr;2012;DINSG;Deutschland insgesamt;DG;Deutschland;ENRG03;Energieträger;WAS-PSP-03;Pumpspeicher ohne natürlichen Zufluss;5941046;MWh;EKT002;Elektrizitätserzeugung (netto);e
43311;Monatserhebung ü. Elektrizitäts- u. Wärmeerzeugung;JAHR;Jahr;2012;DINSG;Deutschland insgesamt;DG;Deutschland;ENRG03;Energieträger;WAS-PSP-03;Pumpspeicher ohne natürlichen Zufluss;6094416;MWh;EKT001;Elektrizitätserzeugung (brutto);e
43311;Monatserhebung ü. Elektrizitäts- u. Wärmeerzeugung;JAHR;Jahr;2012;DINSG;Deutschland insgesamt;DG;Deutschland;ENRG03;Energieträger;WAS-PSP-03;Pumpspeicher ohne natürlichen Zufluss;-;GJ;BRN001;Brennstoffeinsatz;
43311;Monatserhebung ü. Elektrizitäts- u. Wärmeerzeugung;JAHR;Jahr;2006;DINSG;Deutschland insgesamt;DG;Deutschland;ENRG03;Energieträger;SOLTH-01;Solarthermie;-;MWh;WRM001;Nettowärmeerzeugung;
43311;Monatserhebung ü. Elektrizitäts- u. Wärmeerzeugung;JAHR;Jahr;2006;DINSG;Deutschland insgesamt;DG;Deutschland;ENRG03;Energieträger;SOLTH-01;Solarthermie;-;MWh;EKT002;Elektrizitätserzeugung (netto);
43311;Monatserhebung ü. Elektrizitäts- u. Wärmeerzeugung;JAHR;Jahr;2006;DINSG;Deutschland insgesamt;DG;Deutschland;ENRG03;Energieträger;SOLTH-01;Solarthermie;-;MWh;EKT001;Elektrizitätserzeugung (brutto);
43311;Monatserhebung ü. Elektrizitäts- u. Wärmeerzeugung;JAHR;Jahr;2006;DINSG;Deutschland insgesamt;DG;Deutschland;ENRG03;Energieträger;SOLTH-01;Solarthermie;-;GJ;BRN001;Brennstoffeinsatz;
43311;Monatserhebung ü. Elektrizitäts- u. Wärmeerzeugung;JAHR;Jahr;2013;DINSG;Deutschland insgesamt;DG;Deutschland;ENRG03;Energieträger;GAS-KL;Klärgas;60545;MWh;WRM001;Nettowärmeerzeugung;e
43311;Monatserhebung ü. Elektrizitäts- u. Wärmeerzeugung;JAHR;Jahr;2013;DINSG;Deutschland insgesamt;DG;Deutschland;ENRG03;Energieträger;GAS-KL;Klärgas;40508;MWh;EKT002;Elektrizitätserzeugung (netto);e
43311;Monatserhebung ü. Elektrizitäts- u. Wärmeerzeugung;JAHR;Jahr;2013;DINSG;Deutschland insgesamt;DG;Deutschland;ENRG03;Energieträger;GAS-KL;Klärgas;43637;MWh;EKT001;Elektrizitätserzeugung (brutto);e
43311;Monatserhebung ü. Elektrizitäts- u. Wärmeerzeugung;JAHR;Jahr;2013;DINSG;Deutschland insgesamt;DG;Deutschland;ENRG03;Energieträger;GAS-KL;Klärgas;656589;GJ;BRN001;Brennstoffeinsatz;e
43311;Monatserhebung ü. Elektrizitäts- u. Wärmeerzeugung;JAHR;Jahr;2014;DINSG;Deutschland insgesamt;DG;Deutschland;ENRG03;Energieträger;KHL-B-ROH;Rohbraunkohlen;9064781;MWh;WRM001;Nettowärmeerzeugung;e
43311;Monatserhebung ü. Elektrizitäts- u. Wärmeerzeugung;JAHR;Jahr;2014;DINSG;Deutschland insgesamt;DG;Deutschland;ENRG03;Energieträger;KHL-B-ROH;Rohbraunkohlen;140791233;MWh;EKT002;Elektrizitätserzeugung (netto);e
43311;Monatserhebung ü. Elektrizitäts- u. Wärmeerzeugung;JAHR;Jahr;2014;DINSG;Deutschland insgesamt;DG;Deutschland;ENRG03;Energieträger;KHL-B-ROH;Rohbraunkohlen;151580242;MWh;EKT001;Elektrizitätserzeugung (brutto);e
43311;Monatserhebung ü. Elektrizitäts- u. Wärmeerzeugung;JAHR;Jahr;2014;DINSG;Deutschland insgesamt;DG;Deutschland;ENRG03;Energieträger;KHL-B-ROH;Rohbraunkohlen;1426257744;GJ;BRN001;Brennstoffeinsatz;e
43311;Monatserhebung ü. Elektrizitäts- u. Wärmeerzeugung;JAHR;Jahr;2018;DINSG;Deutschland insgesamt;DG;Deutschland;ENRG03;Energieträger;ENRKER;Kernenergie;-;MWh;WRM001;Nettowärmeerzeugung;
43311;Monatserhebung ü. Elektrizitäts- u. Wärmeerzeugung;JAHR;Jahr;2018;DINSG;Deutschland insgesamt;DG;Deutschland;ENRG03;Energieträger;ENRKER;Kernenergie;71866451;MWh;EKT002;Elektrizitätserzeugung (netto);e
43311;Monatserhebung ü. Elektrizitäts- u. Wärmeerzeugung;JAHR;Jahr;2018;DINSG;Deutschland insgesamt;DG;Deutschland;ENRG03;Energieträger;ENRKER;Kernenergie;76004802;MWh;EKT001;Elektrizitätserzeugung (brutto);e
43311;Monatserhebung ü. Elektrizitäts- u. Wärmeerzeugung;JAHR;Jahr;2018;DINSG;Deutschland insgesamt;DG;Deutschland;ENRG03;Energieträger;ENRKER;Kernenergie;-;GJ;BRN001;Brennstoffeinsatz;
43311;Monatserhebung ü. Elektrizitäts- u. Wärmeerzeugung;JAHR;Jahr;2014;DINSG;Deutschland insgesamt;DG;Deutschland;ENRG03;Energieträger;STROM-02;Strom (Elektrokessel);-;MWh;WRM001;Nettowärmeerzeugung;
43311;Monatserhebung ü. Elektrizitäts- u. Wärmeerzeugung;JAHR;Jahr;2014;DINSG;Deutschland insgesamt;DG;Deutschland;ENRG03;Energieträger;STROM-02;Strom (Elektrokessel);-;MWh;EKT002;Elektrizitätserzeugung (netto);
43311;Monatserhebung ü. Elektrizitäts- u. Wärmeerzeugung;JAHR;Jahr;2014;DINSG;Deutschland insgesamt;DG;Deutschland;ENRG03;Energieträger;STROM-02;Strom (Elektrokessel);-;MWh;EKT001;Elektrizitätserzeugung (brutto);
43311;Monatserhebung ü. Elektrizitäts- u. Wärmeerzeugung;JAHR;Jahr;2014;DINSG;Deutschland insgesamt;DG;Deutschland;ENRG03;Energieträger;STROM-02;Strom (Elektrokessel);-;GJ;BRN001;Brennstoffeinsatz;
43311;Monatserhebung ü. Elektrizitäts- u. Wärmeerzeugung;JAHR;Jahr;2020;DINSG;Deutschland insgesamt;DG;Deutschland;ENRG03;Energieträger;GAS-DEP;Deponiegas;51130;MWh;WRM001;Nettowärmeerzeugung;e
43311;Monatserhebung ü. Elektrizitäts- u. Wärmeerzeugung;JAHR;Jahr;2020;DINSG;Deutschland insgesamt;DG;Deutschland;ENRG03;Energieträger;GAS-DEP;Deponiegas;70879;MWh;EKT002;Elektrizitätserzeugung (netto);e
43311;Monatserhebung ü. Elektrizitäts- u. Wärmeerzeugung;JAHR;Jahr;2020;DINSG;Deutschland insgesamt;DG;Deutschland;ENRG03;Energieträger;GAS-DEP;Deponiegas;75112;MWh;EKT001;Elektrizitätserzeugung (brutto);e
43311;Monatserhebung ü. Elektrizitäts- u. Wärmeerzeugung;JAHR;Jahr;2020;DINSG;Deutschland insgesamt;DG;Deutschland;ENRG03;Energieträger;GAS-DEP;Deponiegas;791564;GJ;BRN001;Brennstoffeinsatz;e
43311;Monatserhebung ü. Elektrizitäts- u. Wärmeerzeugung;JAHR;Jahr;2006;DINSG;Deutschland insgesamt;DG;Deutschland;ENRG03;Energieträger;WAS-PSP-03;Pumpspeicher ohne natürlichen Zufluss;-;MWh;WRM001;Nettowärmeerzeugung;
43311;Monatserhebung ü. Elektrizitäts- u. Wärmeerzeugung;JAHR;Jahr;2006;DINSG;Deutschland insgesamt;DG;Deutschland;ENRG03;Energieträger;WAS-PSP-03;Pumpspeicher ohne natürlichen Zufluss;-;MWh;EKT002;Elektrizitätserzeugung (netto);
43311;Monatserhebung ü. Elektrizitäts- u. Wärmeerzeugung;JAHR;Jahr;2006;DINSG;Deutschland insgesamt;DG;Deutschland;ENRG03;Energieträger;WAS-PSP-03;Pumpspeicher ohne natürlichen Zufluss;-;MWh;EKT001;Elektrizitätserzeugung (brutto);
43311;Monatserhebung ü. Elektrizitäts- u. Wärmeerzeugung;JAHR;Jahr;2006;DINSG;Deutschland insgesamt;DG;Deutschland;ENRG03;Energieträger;WAS-PSP-03;Pumpspeicher ohne natürlichen Zufluss;-;GJ;BRN001;Brennstoffeinsatz;
43311;Monatserhebung ü. Elektrizitäts- u. Wärmeerzeugung;JAHR;Jahr;2018;DINSG;Deutschland insgesamt;DG;Deutschland;ENRG03;Energieträger;GAS-RAF;Raffineriegas;-;MWh;WRM001;Nettowärmeerzeugung;
43311;Monatserhebung ü. Elektrizitäts- u. Wärmeerzeugung;JAHR;Jahr;2018;DINSG;Deutschland insgesamt;DG;Deutschland;ENRG03;Energieträger;GAS-RAF;Raffineriegas;-;MWh;EKT002;Elektrizitätserzeugung (netto);
43311;Monatserhebung ü. Elektrizitäts- u. Wärmeerzeugung;JAHR;Jahr;2018;DINSG;Deutschland insgesamt;DG;Deutschland;ENRG03;Energieträger;GAS-RAF;Raffineriegas;-;MWh;EKT001;Elektrizitätserzeugung (brutto);
43311;Monatserhebung ü. Elektrizitäts- u. Wärmeerzeugung;JAHR;Jahr;2018;DINSG;Deutschland insgesamt;DG;Deutschland;ENRG03;Energieträger;GAS-RAF;Raffineriegas;-;GJ;BRN001;Brennstoffeinsatz;
43311;Monatserhebung ü. Elektrizitäts- u. Wärmeerzeugung;JAHR;Jahr;2022;DINSG;Deutschland insgesamt;DG;Deutschland;ENRG03;Energieträger;OEL-H-L-01;Heizöl, leicht;1386039;MWh;WRM001;Nettowärmeerzeugung;e
43311;Monatserhebung ü. Elektrizitäts- u. Wärmeerzeugung;JAHR;Jahr;2022;DINSG;Deutschland insgesamt;DG;Deutschland;ENRG03;Energieträger;OEL-H-L-01;Heizöl, leicht;773967;MWh;EKT002;Elektrizitätserzeugung (netto);e
43311;Monatserhebung ü. Elektrizitäts- u. Wärmeerzeugung;JAHR;Jahr;2022;DINSG;Deutschland insgesamt;DG;Deutschland;ENRG03;Energieträger;OEL-H-L-01;Heizöl, leicht;829009;MWh;EKT001;Elektrizitätserzeugung (brutto);e
43311;Monatserhebung ü. Elektrizitäts- u. Wärmeerzeugung;JAHR;Jahr;2022;DINSG;Deutschland insgesamt;DG;Deutschland;ENRG03;Energieträger;OEL-H-L-01;Heizöl, leicht;13015866;GJ;BRN001;Brennstoffeinsatz;e
43311;Monatserhebung ü. Elektrizitäts- u. Wärmeerzeugung;JAHR;Jahr;2011;DINSG;Deutschland insgesamt;DG;Deutschland;ENRG03;Energieträger;KHL-B-STK;Staub- und Trockenkohle;340186;MWh;WRM001;Nettowärmeerzeugung;e
43311;Monatserhebung ü. Elektrizitäts- u. Wärmeerzeugung;JAHR;Jahr;2011;DINSG;Deutschland insgesamt;DG;Deutschland;ENRG03;Energieträger;KHL-B-STK;Staub- und Trockenkohle;160005;MWh;EKT002;Elektrizitätserzeugung (netto);e
43311;Monatserhebung ü. Elektrizitäts- u. Wärmeerzeugung;JAHR;Jahr;2011;DINSG;Deutschland insgesamt;DG;Deutschland;ENRG03;Energieträger;KHL-B-STK;Staub- und Trockenkohle;173018;MWh;EKT001;Elektrizitätserzeugung (brutto);e
43311;Monatserhebung ü. Elektrizitäts- u. Wärmeerzeugung;JAHR;Jahr;2011;DINSG;Deutschland insgesamt;DG;Deutschland;ENRG03;Energieträger;KHL-B-STK;Staub- und Trockenkohle;2999018;GJ;BRN001;Brennstoffeinsatz;e
43311;Monatserhebung ü. Elektrizitäts- u. Wärmeerzeugung;JAHR;Jahr;2014;DINSG;Deutschland insgesamt;DG;Deutschland;ENRG03;Energieträger;GAS-BIO;Biogas;1172970;MWh;WRM001;Nettowärmeerzeugung;e
43311;Monatserhebung ü. Elektrizitäts- u. Wärmeerzeugung;JAHR;Jahr;2014;DINSG;Deutschland insgesamt;DG;Deutschland;ENRG03;Energieträger;GAS-BIO;Biogas;1135402;MWh;EKT002;Elektrizitätserzeugung (netto);e
43311;Monatserhebung ü. Elektrizitäts- u. Wärmeerzeugung;JAHR;Jahr;2014;DINSG;Deutschland insgesamt;DG;Deutschland;ENRG03;Energieträger;GAS-BIO;Biogas;1169481;MWh;EKT001;Elektrizitätserzeugung (brutto);e
43311;Monatserhebung ü. Elektrizitäts- u. Wärmeerzeugung;JAHR;Jahr;2014;DINSG;Deutschland insgesamt;DG;Deutschland;ENRG03;Energieträger;GAS-BIO;Biogas;11728870;GJ;BRN001;Brennstoffeinsatz;e
43311;Monatserhebung ü. Elektrizitäts- u. Wärmeerzeugung;JAHR;Jahr;2005;DINSG;Deutschland insgesamt;DG;Deutschland;ENRG03;Energieträger;WIND-01;Windkraft;-;MWh;WRM001;Nettowärmeerzeugung;
43311;Monatserhebung ü. Elektrizitäts- u. Wärmeerzeugung;JAHR;Jahr;2005;DINSG;Deutschland insgesamt;DG;Deutschland;ENRG03;Energieträger;WIND-01;Windkraft;308214;MWh;EKT002;Elektrizitätserzeugung (netto);e
43311;Monatserhebung ü. Elektrizitäts- u. Wärmeerzeugung;JAHR;Jahr;2005;DINSG;Deutschland insgesamt;DG;Deutschland;ENRG03;Energieträger;WIND-01;Windkraft;312331;MWh;EKT001;Elektrizitätserzeugung (brutto);e
43311;Monatserhebung ü. Elektrizitäts- u. Wärmeerzeugung;JAHR;Jahr;2005;DINSG;Deutschland insgesamt;DG;Deutschland;ENRG03;Energieträger;WIND-01;Windkraft;-;GJ;BRN001;Brennstoffeinsatz;
43311;Monatserhebung ü. Elektrizitäts- u. Wärmeerzeugung;JAHR;Jahr;2022;DINSG;Deutschland insgesamt;DG;Deutschland;ENRG03;Energieträger;GAS-SONST;Sonstige hergestellte Gase;.;MWh;WRM001;Nettowärmeerzeugung;
43311;Monatserhebung ü. Elektrizitäts- u. Wärmeerzeugung;JAHR;Jahr;2022;DINSG;Deutschland insgesamt;DG;Deutschland;ENRG03;Energieträger;GAS-SONST;Sonstige hergestellte Gase;.;MWh;EKT002;Elektrizitätserzeugung (netto);
43311;Monatserhebung ü. Elektrizitäts- u. Wärmeerzeugung;JAHR;Jahr;2022;DINSG;Deutschland insgesamt;DG;Deutschland;ENRG03;Energieträger;GAS-SONST;Sonstige hergestellte Gase;.;MWh;EKT001;Elektrizitätserzeugung (brutto);
43311;Monatserhebung ü. Elektrizitäts- u. Wärmeerzeugung;JAHR;Jahr;2022;DINSG;Deutschland insgesamt;DG;Deutschland;ENRG03;Energieträger;GAS-SONST;Sonstige hergestellte Gase;.;GJ;BRN001;Brennstoffeinsatz;
43311;Monatserhebung ü. Elektrizitäts- u. Wärmeerzeugung;JAHR;Jahr;2008;DINSG;Deutschland insgesamt;DG;Deutschland;ENRG03;Energieträger;KHL-B-KOKS;Braunkohlenkoks;434;MWh;WRM001;Nettowärmeerzeugung;e
43311;Monatserhebung ü. Elektrizitäts- u. Wärmeerzeugung;JAHR;Jahr;2008;DINSG;Deutschland insgesamt;DG;Deutschland;ENRG03;Energieträger;KHL-B-KOKS;Braunkohlenkoks;1561;MWh;EKT002;Elektrizitätserzeugung (netto);e
43311;Monatserhebung ü. Elektrizitäts- u. Wärmeerzeugung;JAHR;Jahr;2008;DINSG;Deutschland insgesamt;DG;Deutschland;ENRG03;Energieträger;KHL-B-KOKS;Braunkohlenkoks;2106;MWh;EKT001;Elektrizitätserzeugung (brutto);e
43311;Monatserhebung ü. Elektrizitäts- u. Wärmeerzeugung;JAHR;Jahr;2008;DINSG;Deutschland insgesamt;DG;Deutschland;ENRG03;Energieträger;KHL-B-KOKS;Braunkohlenkoks;50379;GJ;BRN001;Brennstoffeinsatz;e
43311;Monatserhebung ü. Elektrizitäts- u. Wärmeerzeugung;JAHR;Jahr;2014;DINSG;Deutschland insgesamt;DG;Deutschland;ENRG03;Energieträger;ABF-02;Abfall (Industrie);1526102;MWh;WRM001;Nettowärmeerzeugung;e
43311;Monatserhebung ü. Elektrizitäts- u. Wärmeerzeugung;JAHR;Jahr;2014;DINSG;Deutschland insgesamt;DG;Deutschland;ENRG03;Energieträger;ABF-02;Abfall (Industrie);899880;MWh;EKT002;Elektrizitätserzeugung (netto);e
43311;Monatserhebung ü. Elektrizitäts- u. Wärmeerzeugung;JAHR;Jahr;2014;DINSG;Deutschland insgesamt;DG;Deutschland;ENRG03;Energieträger;ABF-02;Abfall (Industrie);1138843;MWh;EKT001;Elektrizitätserzeugung (brutto);e
43311;Monatserhebung ü. Elektrizitäts- u. Wärmeerzeugung;JAHR;Jahr;2014;DINSG;Deutschland insgesamt;DG;Deutschland;ENRG03;Energieträger;ABF-02;Abfall (Industrie);21833302;GJ;BRN001;Brennstoffeinsatz;e
43311;Monatserhebung ü. Elektrizitäts- u. Wärmeerzeugung;JAHR;Jahr;2021;DINSG;Deutschland insgesamt;DG;Deutschland;ENRG03;Energieträger;GAS-BIO;Biogas;1934873;MWh;WRM001;Nettowärmeerzeugung;e
43311;Monatserhebung ü. Elektrizitäts- u. Wärmeerzeugung;JAHR;Jahr;2021;DINSG;Deutschland insgesamt;DG;Deutschland;ENRG03;Energieträger;GAS-BIO;Biogas;2305020;MWh;EKT002;Elektrizitätserzeugung (netto);e
43311;Monatserhebung ü. Elektrizitäts- u. Wärmeerzeugung;JAHR;Jahr;2021;DINSG;Deutschland insgesamt;DG;Deutschland;ENRG03;Energieträger;GAS-BIO;Biogas;2421704;MWh;EKT001;Elektrizitätserzeugung (brutto);e
43311;Monatserhebung ü. Elektrizitäts- u. Wärmeerzeugung;JAHR;Jahr;2021;DINSG;Deutschland insgesamt;DG;Deutschland;ENRG03;Energieträger;GAS-BIO;Biogas;22069437;GJ;BRN001;Brennstoffeinsatz;e
43311;Monatserhebung ü. Elektrizitäts- u. Wärmeerzeugung;JAHR;Jahr;2005;DINSG;Deutschland insgesamt;DG;Deutschland;ENRG03;Energieträger;KHL-S-BRIK;Steinkohlenbriketts;-;MWh;WRM001;Nettowärmeerzeugung;
43311;Monatserhebung ü. Elektrizitäts- u. Wärmeerzeugung;JAHR;Jahr;2005;DINSG;Deutschland insgesamt;DG;Deutschland;ENRG03;Energieträger;KHL-S-BRIK;Steinkohlenbriketts;-;MWh;EKT002;Elektrizitätserzeugung (netto);
43311;Monatserhebung ü. Elektrizitäts- u. Wärmeerzeugung;JAHR;Jahr;2005;DINSG;Deutschland insgesamt;DG;Deutschland;ENRG03;Energieträger;KHL-S-BRIK;Steinkohlenbriketts;-;MWh;EKT001;Elektrizitätserzeugung (brutto);
43311;Monatserhebung ü. Elektrizitäts- u. Wärmeerzeugung;JAHR;Jahr;2005;DINSG;Deutschland insgesamt;DG;Deutschland;ENRG03;Energieträger;KHL-S-BRIK;Steinkohlenbriketts;-;GJ;BRN001;Brennstoffeinsatz;
43311;Monatserhebung ü. Elektrizitäts- u. Wärmeerzeugung;JAHR;Jahr;2014;DINSG;Deutschland insgesamt;DG;Deutschland;ENRG03;Energieträger;KHL-B-KOKS;Braunkohlenkoks;.;MWh;WRM001;Nettowärmeerzeugung;
43311;Monatserhebung ü. Elektrizitäts- u. Wärmeerzeugung;JAHR;Jahr;2014;DINSG;Deutschland insgesamt;DG;Deutschland;ENRG03;Energieträger;KHL-B-KOKS;Braunkohlenkoks;.;MWh;EKT002;Elektrizitätserzeugung (netto);
43311;Monatserhebung ü. Elektrizitäts- u. Wärmeerzeugung;JAHR;Jahr;2014;DINSG;Deutschland insgesamt;DG;Deutschland;ENRG03;Energieträger;KHL-B-KOKS;Braunkohlenkoks;.;MWh;EKT001;Elektrizitätserzeugung (brutto);
43311;Monatserhebung ü. Elektrizitäts- u. Wärmeerzeugung;JAHR;Jahr;2014;DINSG;Deutschland insgesamt;DG;Deutschland;ENRG03;Energieträger;KHL-B-KOKS;Braunkohlenkoks;.;GJ;BRN001;Brennstoffeinsatz;
43311;Monatserhebung ü. Elektrizitäts- u. Wärmeerzeugung;JAHR;Jahr;2022;DINSG;Deutschland insgesamt;DG;Deutschland;ENRG03;Energieträger;GAS-HO-01;Hochofengas;-;MWh;WRM001;Nettowärmeerzeugung;
43311;Monatserhebung ü. Elektrizitäts- u. Wärmeerzeugung;JAHR;Jahr;2022;DINSG;Deutschland insgesamt;DG;Deutschland;ENRG03;Energieträger;GAS-HO-01;Hochofengas;-;MWh;EKT002;Elektrizitätserzeugung (netto);
43311;Monatserhebung ü. Elektrizitäts- u. Wärmeerzeugung;JAHR;Jahr;2022;DINSG;Deutschland insgesamt;DG;Deutschland;ENRG03;Energieträger;GAS-HO-01;Hochofengas;-;MWh;EKT001;Elektrizitätserzeugung (brutto);
43311;Monatserhebung ü. Elektrizitäts- u. Wärmeerzeugung;JAHR;Jahr;2022;DINSG;Deutschland insgesamt;DG;Deutschland;ENRG03;Energieträger;GAS-HO-01;Hochofengas;-;GJ;BRN001;Brennstoffeinsatz;
43311;Monatserhebung ü. Elektrizitäts- u. Wärmeerzeugung;JAHR;Jahr;2002;DINSG;Deutschland insgesamt;DG;Deutschland;ENRG03;Energieträger;GAS-BIO-02;Biomethan (Bioerdgas);-;MWh;WRM001;Nettowärmeerzeugung;
43311;Monatserhebung ü. Elektrizitäts- u. Wärmeerzeugung;JAHR;Jahr;2002;DINSG;Deutschland insgesamt;DG;Deutschland;ENRG03;Energieträger;GAS-BIO-02;Biomethan (Bioerdgas);-;MWh;EKT002;Elektrizitätserzeugung (netto);
43311;Monatserhebung ü. Elektrizitäts- u. Wärmeerzeugung;JAHR;Jahr;2002;DINSG;Deutschland insgesamt;DG;Deutschland;ENRG03;Energieträger;GAS-BIO-02;Biomethan (Bioerdgas);-;MWh;EKT001;Elektrizitätserzeugung (brutto);
43311;Monatserhebung ü. Elektrizitäts- u. Wärmeerzeugung;JAHR;Jahr;2002;DINSG;Deutschland insgesamt;DG;Deutschland;ENRG03;Energieträger;GAS-BIO-02;Biomethan (Bioerdgas);-;GJ;BRN001;Brennstoffeinsatz;
43311;Monatserhebung ü. Elektrizitäts- u. Wärmeerzeugung;JAHR;Jahr;2016;DINSG;Deutschland insgesamt;DG;Deutschland;ENRG03;Energieträger;OEL-H-L-01;Heizöl, leicht;313273;MWh;WRM001;Nettowärmeerzeugung;e
43311;Monatserhebung ü. Elektrizitäts- u. Wärmeerzeugung;JAHR;Jahr;2016;DINSG;Deutschland insgesamt;DG;Deutschland;ENRG03;Energieträger;OEL-H-L-01;Heizöl, leicht;602330;MWh;EKT002;Elektrizitätserzeugung (netto);e
43311;Monatserhebung ü. Elektrizitäts- u. Wärmeerzeugung;JAHR;Jahr;2016;DINSG;Deutschland insgesamt;DG;Deutschland;ENRG03;Energieträger;OEL-H-L-01;Heizöl, leicht;656029;MWh;EKT001;Elektrizitätserzeugung (brutto);e
43311;Monatserhebung ü. Elektrizitäts- u. Wärmeerzeugung;JAHR;Jahr;2016;DINSG;Deutschland insgesamt;DG;Deutschland;ENRG03;Energieträger;OEL-H-L-01;Heizöl, leicht;8325308;GJ;BRN001;Brennstoffeinsatz;e
43311;Monatserhebung ü. Elektrizitäts- u. Wärmeerzeugung;JAHR;Jahr;2003;DINSG;Deutschland insgesamt;DG;Deutschland;ENRG03;Energieträger;WAS-PSP-02;Pumpspeicher mit natürlichem Zufluss;-;MWh;WRM001;Nettowärmeerzeugung;
43311;Monatserhebung ü. Elektrizitäts- u. Wärmeerzeugung;JAHR;Jahr;2003;DINSG;Deutschland insgesamt;DG;Deutschland;ENRG03;Energieträger;WAS-PSP-02;Pumpspeicher mit natürlichem Zufluss;-;MWh;EKT002;Elektrizitätserzeugung (netto);
43311;Monatserhebung ü. Elektrizitäts- u. Wärmeerzeugung;JAHR;Jahr;2003;DINSG;Deutschland insgesamt;DG;Deutschland;ENRG03;Energieträger;WAS-PSP-02;Pumpspeicher mit natürlichem Zufluss;-;MWh;EKT001;Elektrizitätserzeugung (brutto);
43311;Monatserhebung ü. Elektrizitäts- u. Wärmeerzeugung;JAHR;Jahr;2003;DINSG;Deutschland insgesamt;DG;Deutschland;ENRG03;Energieträger;WAS-PSP-02;Pumpspeicher mit natürlichem Zufluss;-;GJ;BRN001;Brennstoffeinsatz;
43311;Monatserhebung ü. Elektrizitäts- u. Wärmeerzeugung;JAHR;Jahr;2010;DINSG;Deutschland insgesamt;DG;Deutschland;ENRG03;Energieträger;PKOKS-01;Petrolkoks;4729;MWh;WRM001;Nettowärmeerzeugung;e
43311;Monatserhebung ü. Elektrizitäts- u. Wärmeerzeugung;JAHR;Jahr;2010;DINSG;Deutschland insgesamt;DG;Deutschland;ENRG03;Energieträger;PKOKS-01;Petrolkoks;101013;MWh;EKT002;Elektrizitätserzeugung (netto);e
43311;Monatserhebung ü. Elektrizitäts- u. Wärmeerzeugung;JAHR;Jahr;2010;DINSG;Deutschland insgesamt;DG;Deutschland;ENRG03;Energieträger;PKOKS-01;Petrolkoks;107738;MWh;EKT001;Elektrizitätserzeugung (brutto);e
43311;Monatserhebung ü. Elektrizitäts- u. Wärmeerzeugung;JAHR;Jahr;2010;DINSG;Deutschland insgesamt;DG;Deutschland;ENRG03;Energieträger;PKOKS-01;Petrolkoks;1009573;GJ;BRN001;Brennstoffeinsatz;e
43311;Monatserhebung ü. Elektrizitäts- u. Wärmeerzeugung;JAHR;Jahr;2012;DINSG;Deutschland insgesamt;DG;Deutschland;ENRG03;Energieträger;ABF-03;Abfall (Hausmüll, Siedlungsabfälle);12158816;MWh;WRM001;Nettowärmeerzeugung;e
43311;Monatserhebung ü. Elektrizitäts- u. Wärmeerzeugung;JAHR;Jahr;2012;DINSG;Deutschland insgesamt;DG;Deutschland;ENRG03;Energieträger;ABF-03;Abfall (Hausmüll, Siedlungsabfälle);7520808;MWh;EKT002;Elektrizitätserzeugung (netto);e
43311;Monatserhebung ü. Elektrizitäts- u. Wärmeerzeugung;JAHR;Jahr;2012;DINSG;Deutschland insgesamt;DG;Deutschland;ENRG03;Energieträger;ABF-03;Abfall (Hausmüll, Siedlungsabfälle);9439875;MWh;EKT001;Elektrizitätserzeugung (brutto);e
43311;Monatserhebung ü. Elektrizitäts- u. Wärmeerzeugung;JAHR;Jahr;2012;DINSG;Deutschland insgesamt;DG;Deutschland;ENRG03;Energieträger;ABF-03;Abfall (Hausmüll, Siedlungsabfälle);184795894;GJ;BRN001;Brennstoffeinsatz;e
43311;Monatserhebung ü. Elektrizitäts- u. Wärmeerzeugung;JAHR;Jahr;2009;DINSG;Deutschland insgesamt;DG;Deutschland;ENRG03;Energieträger;WAS-SP-01;Speicherwasser;-;MWh;WRM001;Nettowärmeerzeugung;
43311;Monatserhebung ü. Elektrizitäts- u. Wärmeerzeugung;JAHR;Jahr;2009;DINSG;Deutschland insgesamt;DG;Deutschland;ENRG03;Energieträger;WAS-SP-01;Speicherwasser;740526;MWh;EKT002;Elektrizitätserzeugung (netto);e
43311;Monatserhebung ü. Elektrizitäts- u. Wärmeerzeugung;JAHR;Jahr;2009;DINSG;Deutschland insgesamt;DG;Deutschland;ENRG03;Energieträger;WAS-SP-01;Speicherwasser;747246;MWh;EKT001;Elektrizitätserzeugung (brutto);e
43311;Monatserhebung ü. Elektrizitäts- u. Wärmeerzeugung;JAHR;Jahr;2009;DINSG;Deutschland insgesamt;DG;Deutschland;ENRG03;Energieträger;WAS-SP-01;Speicherwasser;-;GJ;BRN001;Brennstoffeinsatz;
43311;Monatserhebung ü. Elektrizitäts- u. Wärmeerzeugung;JAHR;Jahr;2011;DINSG;Deutschland insgesamt;DG;Deutschland;ENRG03;Energieträger;DIESEL-01;Dieselkraftstoff;1215;MWh;WRM001;Nettowärmeerzeugung;e
43311;Monatserhebung ü. Elektrizitäts- u. Wärmeerzeugung;JAHR;Jahr;2011;DINSG;Deutschland insgesamt;DG;Deutschland;ENRG03;Energieträger;DIESEL-01;Dieselkraftstoff;2432;MWh;EKT002;Elektrizitätserzeugung (netto);e
43311;Monatserhebung ü. Elektrizitäts- u. Wärmeerzeugung;JAHR;Jahr;2011;DINSG;Deutschland insgesamt;DG;Deutschland;ENRG03;Energieträger;DIESEL-01;Dieselkraftstoff;2640;MWh;EKT001;Elektrizitätserzeugung (brutto);e
43311;Monatserhebung ü. Elektrizitäts- u. Wärmeerzeugung;JAHR;Jahr;2011;DINSG;Deutschland insgesamt;DG;Deutschland;ENRG03;Energieträger;DIESEL-01;Dieselkraftstoff;25827;GJ;BRN001;Brennstoffeinsatz;e
43311;Monatserhebung ü. Elektrizitäts- u. Wärmeerzeugung;JAHR;Jahr;2006;DINSG;Deutschland insgesamt;DG;Deutschland;ENRG03;Energieträger;GAS-FL;Flüssiggas;-;MWh;WRM001;Nettowärmeerzeugung;
43311;Monatserhebung ü. Elektrizitäts- u. Wärmeerzeugung;JAHR;Jahr;2006;DINSG;Deutschland insgesamt;DG;Deutschland;ENRG03;Energieträger;GAS-FL;Flüssiggas;-;MWh;EKT002;Elektrizitätserzeugung (netto);
43311;Monatserhebung ü. Elektrizitäts- u. Wärmeerzeugung;JAHR;Jahr;2006;DINSG;Deutschland insgesamt;DG;Deutschland;ENRG03;Energieträger;GAS-FL;Flüssiggas;-;MWh;EKT001;Elektrizitätserzeugung (brutto);
43311;Monatserhebung ü. Elektrizitäts- u. Wärmeerzeugung;JAHR;Jahr;2006;DINSG;Deutschland insgesamt;DG;Deutschland;ENRG03;Energieträger;GAS-FL;Flüssiggas;-;GJ;BRN001;Brennstoffeinsatz;
43311;Monatserhebung ü. Elektrizitäts- u. Wärmeerzeugung;JAHR;Jahr;2007;DINSG;Deutschland insgesamt;DG;Deutschland;ENRG03;Energieträger;DIESEL-01;Dieselkraftstoff;1;MWh;WRM001;Nettowärmeerzeugung;e
43311;Monatserhebung ü. Elektrizitäts- u. Wärmeerzeugung;JAHR;Jahr;2007;DINSG;Deutschland insgesamt;DG;Deutschland;ENRG03;Energieträger;DIESEL-01;Dieselkraftstoff;6792;MWh;EKT002;Elektrizitätserzeugung (netto);e
43311;Monatserhebung ü. Elektrizitäts- u. Wärmeerzeugung;JAHR;Jahr;2007;DINSG;Deutschland insgesamt;DG;Deutschland;ENRG03;Energieträger;DIESEL-01;Dieselkraftstoff;7791;MWh;EKT001;Elektrizitätserzeugung (brutto);e
43311;Monatserhebung ü. Elektrizitäts- u. Wärmeerzeugung;JAHR;Jahr;2007;DINSG;Deutschland insgesamt;DG;Deutschland;ENRG03;Energieträger;DIESEL-01;Dieselkraftstoff;78025;GJ;BRN001;Brennstoffeinsatz;e
43311;Monatserhebung ü. Elektrizitäts- u. Wärmeerzeugung;JAHR;Jahr;2007;DINSG;Deutschland insgesamt;DG;Deutschland;ENRG03;Energieträger;KHL-S-KOKS;Steinkohlenkoks;4484;MWh;WRM001;Nettowärmeerzeugung;e
43311;Monatserhebung ü. Elektrizitäts- u. Wärmeerzeugung;JAHR;Jahr;2007;DINSG;Deutschland insgesamt;DG;Deutschland;ENRG03;Energieträger;KHL-S-KOKS;Steinkohlenkoks;-;MWh;EKT002;Elektrizitätserzeugung (netto);
43311;Monatserhebung ü. Elektrizitäts- u. Wärmeerzeugung;JAHR;Jahr;2007;DINSG;Deutschland insgesamt;DG;Deutschland;ENRG03;Energieträger;KHL-S-KOKS;Steinkohlenkoks;-;MWh;EKT001;Elektrizitätserzeugung (brutto);
43311;Monatserhebung ü. Elektrizitäts- u. Wärmeerzeugung;JAHR;Jahr;2007;DINSG;Deutschland insgesamt;DG;Deutschland;ENRG03;Energieträger;KHL-S-KOKS;Steinkohlenkoks;48779;GJ;BRN001;Brennstoffeinsatz;e
43311;Monatserhebung ü. Elektrizitäts- u. Wärmeerzeugung;JAHR;Jahr;2011;DINSG;Deutschland insgesamt;DG;Deutschland;ENRG03;Energieträger;KHL-B-BRIK;Braunkohlenbriketts;83151;MWh;WRM001;Nettowärmeerzeugung;e
43311;Monatserhebung ü. Elektrizitäts- u. Wärmeerzeugung;JAHR;Jahr;2011;DINSG;Deutschland insgesamt;DG;Deutschland;ENRG03;Energieträger;KHL-B-BRIK;Braunkohlenbriketts;27693;MWh;EKT002;Elektrizitätserzeugung (netto);e
43311;Monatserhebung ü. Elektrizitäts- u. Wärmeerzeugung;JAHR;Jahr;2011;DINSG;Deutschland insgesamt;DG;Deutschland;ENRG03;Energieträger;KHL-B-BRIK;Braunkohlenbriketts;31624;MWh;EKT001;Elektrizitätserzeugung (brutto);e
43311;Monatserhebung ü. Elektrizitäts- u. Wärmeerzeugung;JAHR;Jahr;2011;DINSG;Deutschland insgesamt;DG;Deutschland;ENRG03;Energieträger;KHL-B-BRIK;Braunkohlenbriketts;632018;GJ;BRN001;Brennstoffeinsatz;e
43311;Monatserhebung ü. Elektrizitäts- u. Wärmeerzeugung;JAHR;Jahr;2014;DINSG;Deutschland insgesamt;DG;Deutschland;ENRG03;Energieträger;OEL-SONST;Sonstige Mineralölprodukte;.;MWh;WRM001;Nettowärmeerzeugung;
43311;Monatserhebung ü. Elektrizitäts- u. Wärmeerzeugung;JAHR;Jahr;2014;DINSG;Deutschland insgesamt;DG;Deutschland;ENRG03;Energieträger;OEL-SONST;Sonstige Mineralölprodukte;.;MWh;EKT002;Elektrizitätserzeugung (netto);
43311;Monatserhebung ü. Elektrizitäts- u. Wärmeerzeugung;JAHR;Jahr;2014;DINSG;Deutschland insgesamt;DG;Deutschland;ENRG03;Energieträger;OEL-SONST;Sonstige Mineralölprodukte;.;MWh;EKT001;Elektrizitätserzeugung (brutto);
43311;Monatserhebung ü. Elektrizitäts- u. Wärmeerzeugung;JAHR;Jahr;2014;DINSG;Deutschland insgesamt;DG;Deutschland;ENRG03;Energieträger;OEL-SONST;Sonstige Mineralölprodukte;.;GJ;BRN001;Brennstoffeinsatz;
43311;Monatserhebung ü. Elektrizitäts- u. Wärmeerzeugung;JAHR;Jahr;2003;DINSG;Deutschland insgesamt;DG;Deutschland;ENRG03;Energieträger;GAS-SONST;Sonstige hergestellte Gase;743127;MWh;WRM001;Nettowärmeerzeugung;e
43311;Monatserhebung ü. Elektrizitäts- u. Wärmeerzeugung;JAHR;Jahr;2003;DINSG;Deutschland insgesamt;DG;Deutschland;ENRG03;Energieträger;GAS-SONST;Sonstige hergestellte Gase;253348;MWh;EKT002;Elektrizitätserzeugung (netto);e
43311;Monatserhebung ü. Elektrizitäts- u. Wärmeerzeugung;JAHR;Jahr;2003;DINSG;Deutschland insgesamt;DG;Deutschland;ENRG03;Energieträger;GAS-SONST;Sonstige hergestellte Gase;275671;MWh;EKT001;Elektrizitätserzeugung (brutto);e
43311;Monatserhebung ü. Elektrizitäts- u. Wärmeerzeugung;JAHR;Jahr;2003;DINSG;Deutschland insgesamt;DG;Deutschland;ENRG03;Energieträger;GAS-SONST;Sonstige hergestellte Gase;4465764;GJ;BRN001;Brennstoffeinsatz;e
43311;Monatserhebung ü. Elektrizitäts- u. Wärmeerzeugung;JAHR;Jahr;2014;DINSG;Deutschland insgesamt;DG;Deutschland;ENRG03;Energieträger;WRM-01;Wärme;1642406;MWh;WRM001;Nettowärmeerzeugung;e
43311;Monatserhebung ü. Elektrizitäts- u. Wärmeerzeugung;JAHR;Jahr;2014;DINSG;Deutschland insgesamt;DG;Deutschland;ENRG03;Energieträger;WRM-01;Wärme;558989;MWh;EKT002;Elektrizitätserzeugung (netto);e
43311;Monatserhebung ü. Elektrizitäts- u. Wärmeerzeugung;JAHR;Jahr;2014;DINSG;Deutschland insgesamt;DG;Deutschland;ENRG03;Energieträger;WRM-01;Wärme;591779;MWh;EKT001;Elektrizitätserzeugung (brutto);e
43311;Monatserhebung ü. Elektrizitäts- u. Wärmeerzeugung;JAHR;Jahr;2014;DINSG;Deutschland insgesamt;DG;Deutschland;ENRG03;Energieträger;WRM-01;Wärme;11553148;GJ;BRN001;Brennstoffeinsatz;e
43311;Monatserhebung ü. Elektrizitäts- u. Wärmeerzeugung;JAHR;Jahr;2018;DINSG;Deutschland insgesamt;DG;Deutschland;ENRG03;Energieträger;GAS-HO-01;Hochofengas;-;MWh;WRM001;Nettowärmeerzeugung;
43311;Monatserhebung ü. Elektrizitäts- u. Wärmeerzeugung;JAHR;Jahr;2018;DINSG;Deutschland insgesamt;DG;Deutschland;ENRG03;Energieträger;GAS-HO-01;Hochofengas;-;MWh;EKT002;Elektrizitätserzeugung (netto);
43311;Monatserhebung ü. Elektrizitäts- u. Wärmeerzeugung;JAHR;Jahr;2018;DINSG;Deutschland insgesamt;DG;Deutschland;ENRG03;Energieträger;GAS-HO-01;Hochofengas;-;MWh;EKT001;Elektrizitätserzeugung (brutto);
43311;Monatserhebung ü. Elektrizitäts- u. Wärmeerzeugung;JAHR;Jahr;2018;DINSG;Deutschland insgesamt;DG;Deutschland;ENRG03;Energieträger;GAS-HO-01;Hochofengas;-;GJ;BRN001;Brennstoffeinsatz;
43311;Monatserhebung ü. Elektrizitäts- u. Wärmeerzeugung;JAHR;Jahr;2024;DINSG;Deutschland insgesamt;DG;Deutschland;ENRG03;Energieträger;KHL-B-BRIK;Braunkohlenbriketts;.;MWh;WRM001;Nettowärmeerzeugung;
43311;Monatserhebung ü. Elektrizitäts- u. Wärmeerzeugung;JAHR;Jahr;2024;DINSG;Deutschland insgesamt;DG;Deutschland;ENRG03;Energieträger;KHL-B-BRIK;Braunkohlenbriketts;.;MWh;EKT002;Elektrizitätserzeugung (netto);
43311;Monatserhebung ü. Elektrizitäts- u. Wärmeerzeugung;JAHR;Jahr;2024;DINSG;Deutschland insgesamt;DG;Deutschland;ENRG03;Energieträger;KHL-B-BRIK;Braunkohlenbriketts;.;MWh;EKT001;Elektrizitätserzeugung (brutto);
43311;Monatserhebung ü. Elektrizitäts- u. Wärmeerzeugung;JAHR;Jahr;2024;DINSG;Deutschland insgesamt;DG;Deutschland;ENRG03;Energieträger;KHL-B-BRIK;Braunkohlenbriketts;.;GJ;BRN001;Brennstoffeinsatz;
43311;Monatserhebung ü. Elektrizitäts- u. Wärmeerzeugung;JAHR;Jahr;2023;DINSG;Deutschland insgesamt;DG;Deutschland;ENRG03;Energieträger;BIO-F-01;Feste biogene Stoffe;5745481;MWh;WRM001;Nettowärmeerzeugung;p
43311;Monatserhebung ü. Elektrizitäts- u. Wärmeerzeugung;JAHR;Jahr;2023;DINSG;Deutschland insgesamt;DG;Deutschland;ENRG03;Energieträger;BIO-F-01;Feste biogene Stoffe;4314766;MWh;EKT002;Elektrizitätserzeugung (netto);p
43311;Monatserhebung ü. Elektrizitäts- u. Wärmeerzeugung;JAHR;Jahr;2023;DINSG;Deutschland insgesamt;DG;Deutschland;ENRG03;Energieträger;BIO-F-01;Feste biogene Stoffe;4856029;MWh;EKT001;Elektrizitätserzeugung (brutto);p
43311;Monatserhebung ü. Elektrizitäts- u. Wärmeerzeugung;JAHR;Jahr;2023;DINSG;Deutschland insgesamt;DG;Deutschland;ENRG03;Energieträger;BIO-F-01;Feste biogene Stoffe;75847117;GJ;BRN001;Brennstoffeinsatz;p
43311;Monatserhebung ü. Elektrizitäts- u. Wärmeerzeugung;JAHR;Jahr;2011;DINSG;Deutschland insgesamt;DG;Deutschland;ENRG03;Energieträger;KHL-S-SONST;Sonstige Steinkohlen;-;MWh;WRM001;Nettowärmeerzeugung;
43311;Monatserhebung ü. Elektrizitäts- u. Wärmeerzeugung;JAHR;Jahr;2011;DINSG;Deutschland insgesamt;DG;Deutschland;ENRG03;Energieträger;KHL-S-SONST;Sonstige Steinkohlen;-;MWh;EKT002;Elektrizitätserzeugung (netto);
43311;Monatserhebung ü. Elektrizitäts- u. Wärmeerzeugung;JAHR;Jahr;2011;DINSG;Deutschland insgesamt;DG;Deutschland;ENRG03;Energieträger;KHL-S-SONST;Sonstige Steinkohlen;-;MWh;EKT001;Elektrizitätserzeugung (brutto);
43311;Monatserhebung ü. Elektrizitäts- u. Wärmeerzeugung;JAHR;Jahr;2011;DINSG;Deutschland insgesamt;DG;Deutschland;ENRG03;Energieträger;KHL-S-SONST;Sonstige Steinkohlen;-;GJ;BRN001;Brennstoffeinsatz;
43311;Monatserhebung ü. Elektrizitäts- u. Wärmeerzeugung;JAHR;Jahr;2021;DINSG;Deutschland insgesamt;DG;Deutschland;ENRG03;Energieträger;WAS-PSP-02;Pumpspeicher mit natürlichem Zufluss;-;MWh;WRM001;Nettowärmeerzeugung;
43311;Monatserhebung ü. Elektrizitäts- u. Wärmeerzeugung;JAHR;Jahr;2021;DINSG;Deutschland insgesamt;DG;Deutschland;ENRG03;Energieträger;WAS-PSP-02;Pumpspeicher mit natürlichem Zufluss;-;MWh;EKT002;Elektrizitätserzeugung (netto);
43311;Monatserhebung ü. Elektrizitäts- u. Wärmeerzeugung;JAHR;Jahr;2021;DINSG;Deutschland insgesamt;DG;Deutschland;ENRG03;Energieträger;WAS-PSP-02;Pumpspeicher mit natürlichem Zufluss;-;MWh;EKT001;Elektrizitätserzeugung (brutto);
43311;Monatserhebung ü. Elektrizitäts- u. Wärmeerzeugung;JAHR;Jahr;2021;DINSG;Deutschland insgesamt;DG;Deutschland;ENRG03;Energieträger;WAS-PSP-02;Pumpspeicher mit natürlichem Zufluss;-;GJ;BRN001;Brennstoffeinsatz;
43311;Monatserhebung ü. Elektrizitäts- u. Wärmeerzeugung;JAHR;Jahr;2007;DINSG;Deutschland insgesamt;DG;Deutschland;ENRG03;Energieträger;BIO-F-01;Feste biogene Stoffe;1512256;MWh;WRM001;Nettowärmeerzeugung;e
43311;Monatserhebung ü. Elektrizitäts- u. Wärmeerzeugung;JAHR;Jahr;2007;DINSG;Deutschland insgesamt;DG;Deutschland;ENRG03;Energieträger;BIO-F-01;Feste biogene Stoffe;2100074;MWh;EKT002;Elektrizitätserzeugung (netto);e
43311;Monatserhebung ü. Elektrizitäts- u. Wärmeerzeugung;JAHR;Jahr;2007;DINSG;Deutschland insgesamt;DG;Deutschland;ENRG03;Energieträger;BIO-F-01;Feste biogene Stoffe;2276373;MWh;EKT001;Elektrizitätserzeugung (brutto);e
43311;Monatserhebung ü. Elektrizitäts- u. Wärmeerzeugung;JAHR;Jahr;2007;DINSG;Deutschland insgesamt;DG;Deutschland;ENRG03;Energieträger;BIO-F-01;Feste biogene Stoffe;33919344;GJ;BRN001;Brennstoffeinsatz;e
43311;Monatserhebung ü. Elektrizitäts- u. Wärmeerzeugung;JAHR;Jahr;2018;DINSG;Deutschland insgesamt;DG;Deutschland;ENRG03;Energieträger;GAS-SONST;Sonstige hergestellte Gase;.;MWh;WRM001;Nettowärmeerzeugung;
43311;Monatserhebung ü. Elektrizitäts- u. Wärmeerzeugung;JAHR;Jahr;2018;DINSG;Deutschland insgesamt;DG;Deutschland;ENRG03;Energieträger;GAS-SONST;Sonstige hergestellte Gase;.;MWh;EKT002;Elektrizitätserzeugung (netto);
43311;Monatserhebung ü. Elektrizitäts- u. Wärmeerzeugung;JAHR;Jahr;2018;DINSG;Deutschland insgesamt;DG;Deutschland;ENRG03;Energieträger;GAS-SONST;Sonstige hergestellte Gase;.;MWh;EKT001;Elektrizitätserzeugung (brutto);
43311;Monatserhebung ü. Elektrizitäts- u. Wärmeerzeugung;JAHR;Jahr;2018;DINSG;Deutschland insgesamt;DG;Deutschland;ENRG03;Energieträger;GAS-SONST;Sonstige hergestellte Gase;.;GJ;BRN001;Brennstoffeinsatz;
43311;Monatserhebung ü. Elektrizitäts- u. Wärmeerzeugung;JAHR;Jahr;2009;DINSG;Deutschland insgesamt;DG;Deutschland;ENRG03;Energieträger;WAS-LF-01;Laufwasser;-;MWh;WRM001;Nettowärmeerzeugung;
43311;Monatserhebung ü. Elektrizitäts- u. Wärmeerzeugung;JAHR;Jahr;2009;DINSG;Deutschland insgesamt;DG;Deutschland;ENRG03;Energieträger;WAS-LF-01;Laufwasser;14373719;MWh;EKT002;Elektrizitätserzeugung (netto);e
43311;Monatserhebung ü. Elektrizitäts- u. Wärmeerzeugung;JAHR;Jahr;2009;DINSG;Deutschland insgesamt;DG;Deutschland;ENRG03;Energieträger;WAS-LF-01;Laufwasser;14647873;MWh;EKT001;Elektrizitätserzeugung (brutto);e
43311;Monatserhebung ü. Elektrizitäts- u. Wärmeerzeugung;JAHR;Jahr;2009;DINSG;Deutschland insgesamt;DG;Deutschland;ENRG03;Energieträger;WAS-LF-01;Laufwasser;-;GJ;BRN001;Brennstoffeinsatz;
43311;Monatserhebung ü. Elektrizitäts- u. Wärmeerzeugung;JAHR;Jahr;2010;DINSG;Deutschland insgesamt;DG;Deutschland;ENRG03;Energieträger;;Insgesamt;118219312;MWh;WRM001;Nettowärmeerzeugung;e
43311;Monatserhebung ü. Elektrizitäts- u. Wärmeerzeugung;JAHR;Jahr;2010;DINSG;Deutschland insgesamt;DG;Deutschland;ENRG03;Energieträger;;Insgesamt;468628742;MWh;EKT002;Elektrizitätserzeugung (netto);e
43311;Monatserhebung ü. Elektrizitäts- u. Wärmeerzeugung;JAHR;Jahr;2010;DINSG;Deutschland insgesamt;DG;Deutschland;ENRG03;Energieträger;;Insgesamt;501331232;MWh;EKT001;Elektrizitätserzeugung (brutto);e
43311;Monatserhebung ü. Elektrizitäts- u. Wärmeerzeugung;JAHR;Jahr;2010;DINSG;Deutschland insgesamt;DG;Deutschland;ENRG03;Energieträger;;Insgesamt;3367109492;GJ;BRN001;Brennstoffeinsatz;e
43311;Monatserhebung ü. Elektrizitäts- u. Wärmeerzeugung;JAHR;Jahr;2018;DINSG;Deutschland insgesamt;DG;Deutschland;ENRG03;Energieträger;KHL-B-BRIK;Braunkohlenbriketts;.;MWh;WRM001;Nettowärmeerzeugung;
43311;Monatserhebung ü. Elektrizitäts- u. Wärmeerzeugung;JAHR;Jahr;2018;DINSG;Deutschland insgesamt;DG;Deutschland;ENRG03;Energieträger;KHL-B-BRIK;Braunkohlenbriketts;.;MWh;EKT002;Elektrizitätserzeugung (netto);
43311;Monatserhebung ü. Elektrizitäts- u. Wärmeerzeugung;JAHR;Jahr;2018;DINSG;Deutschland insgesamt;DG;Deutschland;ENRG03;Energieträger;KHL-B-BRIK;Braunkohlenbriketts;.;MWh;EKT001;Elektrizitätserzeugung (brutto);
43311;Monatserhebung ü. Elektrizitäts- u. Wärmeerzeugung;JAHR;Jahr;2018;DINSG;Deutschland insgesamt;DG;Deutschland;ENRG03;Energieträger;KHL-B-BRIK;Braunkohlenbriketts;.;GJ;BRN001;Brennstoffeinsatz;
43311;Monatserhebung ü. Elektrizitäts- u. Wärmeerzeugung;JAHR;Jahr;2019;DINSG;Deutschland insgesamt;DG;Deutschland;ENRG03;Energieträger;WAS-PSP-03;Pumpspeicher ohne natürlichen Zufluss;-;MWh;WRM001;Nettowärmeerzeugung;
43311;Monatserhebung ü. Elektrizitäts- u. Wärmeerzeugung;JAHR;Jahr;2019;DINSG;Deutschland insgesamt;DG;Deutschland;ENRG03;Energieträger;WAS-PSP-03;Pumpspeicher ohne natürlichen Zufluss;-;MWh;EKT002;Elektrizitätserzeugung (netto);
43311;Monatserhebung ü. Elektrizitäts- u. Wärmeerzeugung;JAHR;Jahr;2019;DINSG;Deutschland insgesamt;DG;Deutschland;ENRG03;Energieträger;WAS-PSP-03;Pumpspeicher ohne natürlichen Zufluss;-;MWh;EKT001;Elektrizitätserzeugung (brutto);
43311;Monatserhebung ü. Elektrizitäts- u. Wärmeerzeugung;JAHR;Jahr;2019;DINSG;Deutschland insgesamt;DG;Deutschland;ENRG03;Energieträger;WAS-PSP-03;Pumpspeicher ohne natürlichen Zufluss;-;GJ;BRN001;Brennstoffeinsatz;
43311;Monatserhebung ü. Elektrizitäts- u. Wärmeerzeugung;JAHR;Jahr;2017;DINSG;Deutschland insgesamt;DG;Deutschland;ENRG03;Energieträger;PKOKS-01;Petrolkoks;.;MWh;WRM001;Nettowärmeerzeugung;
43311;Monatserhebung ü. Elektrizitäts- u. Wärmeerzeugung;JAHR;Jahr;2017;DINSG;Deutschland insgesamt;DG;Deutschland;ENRG03;Energieträger;PKOKS-01;Petrolkoks;.;MWh;EKT002;Elektrizitätserzeugung (netto);
43311;Monatserhebung ü. Elektrizitäts- u. Wärmeerzeugung;JAHR;Jahr;2017;DINSG;Deutschland insgesamt;DG;Deutschland;ENRG03;Energieträger;PKOKS-01;Petrolkoks;.;MWh;EKT001;Elektrizitätserzeugung (brutto);
43311;Monatserhebung ü. Elektrizitäts- u. Wärmeerzeugung;JAHR;Jahr;2017;DINSG;Deutschland insgesamt;DG;Deutschland;ENRG03;Energieträger;PKOKS-01;Petrolkoks;.;GJ;BRN001;Brennstoffeinsatz;
43311;Monatserhebung ü. Elektrizitäts- u. Wärmeerzeugung;JAHR;Jahr;2024;DINSG;Deutschland insgesamt;DG;Deutschland;ENRG03;Energieträger;;Insgesamt;91628941;MWh;WRM001;Nettowärmeerzeugung;e
43311;Monatserhebung ü. Elektrizitäts- u. Wärmeerzeugung;JAHR;Jahr;2024;DINSG;Deutschland insgesamt;DG;Deutschland;ENRG03;Energieträger;;Insgesamt;179503950;MWh;EKT002;Elektrizitätserzeugung (netto);e
43311;Monatserhebung ü. Elektrizitäts- u. Wärmeerzeugung;JAHR;Jahr;2024;DINSG;Deutschland insgesamt;DG;Deutschland;ENRG03;Energieträger;;Insgesamt;192629249;MWh;EKT001;Elektrizitätserzeugung (brutto);e
43311;Monatserhebung ü. Elektrizitäts- u. Wärmeerzeugung;JAHR;Jahr;2024;DINSG;Deutschland insgesamt;DG;Deutschland;ENRG03;Energieträger;;Insgesamt;1772348638;GJ;BRN001;Brennstoffeinsatz;e
43311;Monatserhebung ü. Elektrizitäts- u. Wärmeerzeugung;JAHR;Jahr;2013;DINSG;Deutschland insgesamt;DG;Deutschland;ENRG03;Energieträger;KHL-S-KOKS;Steinkohlenkoks;-;MWh;WRM001;Nettowärmeerzeugung;
43311;Monatserhebung ü. Elektrizitäts- u. Wärmeerzeugung;JAHR;Jahr;2013;DINSG;Deutschland insgesamt;DG;Deutschland;ENRG03;Energieträger;KHL-S-KOKS;Steinkohlenkoks;-;MWh;EKT002;Elektrizitätserzeugung (netto);
43311;Monatserhebung ü. Elektrizitäts- u. Wärmeerzeugung;JAHR;Jahr;2013;DINSG;Deutschland insgesamt;DG;Deutschland;ENRG03;Energieträger;KHL-S-KOKS;Steinkohlenkoks;-;MWh;EKT001;Elektrizitätserzeugung (brutto);
43311;Monatserhebung ü. Elektrizitäts- u. Wärmeerzeugung;JAHR;Jahr;2013;DINSG;Deutschland insgesamt;DG;Deutschland;ENRG03;Energieträger;KHL-S-KOKS;Steinkohlenkoks;-;GJ;BRN001;Brennstoffeinsatz;
43311;Monatserhebung ü. Elektrizitäts- u. Wärmeerzeugung;JAHR;Jahr;2023;DINSG;Deutschland insgesamt;DG;Deutschland;ENRG03;Energieträger;KHL-S-BRIK;Steinkohlenbriketts;-;MWh;WRM001;Nettowärmeerzeugung;
43311;Monatserhebung ü. Elektrizitäts- u. Wärmeerzeugung;JAHR;Jahr;2023;DINSG;Deutschland insgesamt;DG;Deutschland;ENRG03;Energieträger;KHL-S-BRIK;Steinkohlenbriketts;-;MWh;EKT002;Elektrizitätserzeugung (netto);
43311;Monatserhebung ü. Elektrizitäts- u. Wärmeerzeugung;JAHR;Jahr;2023;DINSG;Deutschland insgesamt;DG;Deutschland;ENRG03;Energieträger;KHL-S-BRIK;Steinkohlenbriketts;-;MWh;EKT001;Elektrizitätserzeugung (brutto);
43311;Monatserhebung ü. Elektrizitäts- u. Wärmeerzeugung;JAHR;Jahr;2023;DINSG;Deutschland insgesamt;DG;Deutschland;ENRG03;Energieträger;KHL-S-BRIK;Steinkohlenbriketts;-;GJ;BRN001;Brennstoffeinsatz;
43311;Monatserhebung ü. Elektrizitäts- u. Wärmeerzeugung;JAHR;Jahr;2022;DINSG;Deutschland insgesamt;DG;Deutschland;ENRG03;Energieträger;PHOTO-01;Photovoltaik;-;MWh;WRM001;Nettowärmeerzeugung;
43311;Monatserhebung ü. Elektrizitäts- u. Wärmeerzeugung;JAHR;Jahr;2022;DINSG;Deutschland insgesamt;DG;Deutschland;ENRG03;Energieträger;PHOTO-01;Photovoltaik;-;MWh;EKT002;Elektrizitätserzeugung (netto);
43311;Monatserhebung ü. Elektrizitäts- u. Wärmeerzeugung;JAHR;Jahr;2022;DINSG;Deutschland insgesamt;DG;Deutschland;ENRG03;Energieträger;PHOTO-01;Photovoltaik;-;MWh;EKT001;Elektrizitätserzeugung (brutto);
43311;Monatserhebung ü. Elektrizitäts- u. Wärmeerzeugung;JAHR;Jahr;2022;DINSG;Deutschland insgesamt;DG;Deutschland;ENRG03;Energieträger;PHOTO-01;Photovoltaik;-;GJ;BRN001;Brennstoffeinsatz;
43311;Monatserhebung ü. Elektrizitäts- u. Wärmeerzeugung;JAHR;Jahr;2013;DINSG;Deutschland insgesamt;DG;Deutschland;ENRG03;Energieträger;WAS-LF-01;Laufwasser;-;MWh;WRM001;Nettowärmeerzeugung;
43311;Monatserhebung ü. Elektrizitäts- u. Wärmeerzeugung;JAHR;Jahr;2013;DINSG;Deutschland insgesamt;DG;Deutschland;ENRG03;Energieträger;WAS-LF-01;Laufwasser;15885857;MWh;EKT002;Elektrizitätserzeugung (netto);e
43311;Monatserhebung ü. Elektrizitäts- u. Wärmeerzeugung;JAHR;Jahr;2013;DINSG;Deutschland insgesamt;DG;Deutschland;ENRG03;Energieträger;WAS-LF-01;Laufwasser;16116706;MWh;EKT001;Elektrizitätserzeugung (brutto);e
43311;Monatserhebung ü. Elektrizitäts- u. Wärmeerzeugung;JAHR;Jahr;2013;DINSG;Deutschland insgesamt;DG;Deutschland;ENRG03;Energieträger;WAS-LF-01;Laufwasser;-;GJ;BRN001;Brennstoffeinsatz;
43311;Monatserhebung ü. Elektrizitäts- u. Wärmeerzeugung;JAHR;Jahr;2006;DINSG;Deutschland insgesamt;DG;Deutschland;ENRG03;Energieträger;PHOTO-01;Photovoltaik;-;MWh;WRM001;Nettowärmeerzeugung;
43311;Monatserhebung ü. Elektrizitäts- u. Wärmeerzeugung;JAHR;Jahr;2006;DINSG;Deutschland insgesamt;DG;Deutschland;ENRG03;Energieträger;PHOTO-01;Photovoltaik;5188;MWh;EKT002;Elektrizitätserzeugung (netto);e
43311;Monatserhebung ü. Elektrizitäts- u. Wärmeerzeugung;JAHR;Jahr;2006;DINSG;Deutschland insgesamt;DG;Deutschland;ENRG03;Energieträger;PHOTO-01;Photovoltaik;5234;MWh;EKT001;Elektrizitätserzeugung (brutto);e
43311;Monatserhebung ü. Elektrizitäts- u. Wärmeerzeugung;JAHR;Jahr;2006;DINSG;Deutschland insgesamt;DG;Deutschland;ENRG03;Energieträger;PHOTO-01;Photovoltaik;-;GJ;BRN001;Brennstoffeinsatz;
43311;Monatserhebung ü. Elektrizitäts- u. Wärmeerzeugung;JAHR;Jahr;2010;DINSG;Deutschland insgesamt;DG;Deutschland;ENRG03;Energieträger;ABF-02;Abfall (Industrie);2187537;MWh;WRM001;Nettowärmeerzeugung;e
43311;Monatserhebung ü. Elektrizitäts- u. Wärmeerzeugung;JAHR;Jahr;2010;DINSG;Deutschland insgesamt;DG;Deutschland;ENRG03;Energieträger;ABF-02;Abfall (Industrie);1034237;MWh;EKT002;Elektrizitätserzeugung (netto);e
43311;Monatserhebung ü. Elektrizitäts- u. Wärmeerzeugung;JAHR;Jahr;2010;DINSG;Deutschland insgesamt;DG;Deutschland;ENRG03;Energieträger;ABF-02;Abfall (Industrie);1287406;MWh;EKT001;Elektrizitätserzeugung (brutto);e
43311;Monatserhebung ü. Elektrizitäts- u. Wärmeerzeugung;JAHR;Jahr;2010;DINSG;Deutschland insgesamt;DG;Deutschland;ENRG03;Energieträger;ABF-02;Abfall (Industrie);26363957;GJ;BRN001;Brennstoffeinsatz;e
43311;Monatserhebung ü. Elektrizitäts- u. Wärmeerzeugung;JAHR;Jahr;2016;DINSG;Deutschland insgesamt;DG;Deutschland;ENRG03;Energieträger;KHL-B-WSK;Wirbelschichtkohle;.;MWh;WRM001;Nettowärmeerzeugung;
43311;Monatserhebung ü. Elektrizitäts- u. Wärmeerzeugung;JAHR;Jahr;2016;DINSG;Deutschland insgesamt;DG;Deutschland;ENRG03;Energieträger;KHL-B-WSK;Wirbelschichtkohle;.;MWh;EKT002;Elektrizitätserzeugung (netto);
43311;Monatserhebung ü. Elektrizitäts- u. Wärmeerzeugung;JAHR;Jahr;2016;DINSG;Deutschland insgesamt;DG;Deutschland;ENRG03;Energieträger;KHL-B-WSK;Wirbelschichtkohle;.;MWh;EKT001;Elektrizitätserzeugung (brutto);
43311;Monatserhebung ü. Elektrizitäts- u. Wärmeerzeugung;JAHR;Jahr;2016;DINSG;Deutschland insgesamt;DG;Deutschland;ENRG03;Energieträger;KHL-B-WSK;Wirbelschichtkohle;.;GJ;BRN001;Brennstoffeinsatz;
43311;Monatserhebung ü. Elektrizitäts- u. Wärmeerzeugung;JAHR;Jahr;2003;DINSG;Deutschland insgesamt;DG;Deutschland;ENRG03;Energieträger;KHL-B-SONST;Sonstige Braunkohlen;330510;MWh;WRM001;Nettowärmeerzeugung;e
43311;Monatserhebung ü. Elektrizitäts- u. Wärmeerzeugung;JAHR;Jahr;2003;DINSG;Deutschland insgesamt;DG;Deutschland;ENRG03;Energieträger;KHL-B-SONST;Sonstige Braunkohlen;393064;MWh;EKT002;Elektrizitätserzeugung (netto);e
43311;Monatserhebung ü. Elektrizitäts- u. Wärmeerzeugung;JAHR;Jahr;2003;DINSG;Deutschland insgesamt;DG;Deutschland;ENRG03;Energieträger;KHL-B-SONST;Sonstige Braunkohlen;452593;MWh;EKT001;Elektrizitätserzeugung (brutto);e
43311;Monatserhebung ü. Elektrizitäts- u. Wärmeerzeugung;JAHR;Jahr;2003;DINSG;Deutschland insgesamt;DG;Deutschland;ENRG03;Energieträger;KHL-B-SONST;Sonstige Braunkohlen;5421470;GJ;BRN001;Brennstoffeinsatz;e
43311;Monatserhebung ü. Elektrizitäts- u. Wärmeerzeugung;JAHR;Jahr;2013;DINSG;Deutschland insgesamt;DG;Deutschland;ENRG03;Energieträger;GAS-DEP;Deponiegas;26819;MWh;WRM001;Nettowärmeerzeugung;e
43311;Monatserhebung ü. Elektrizitäts- u. Wärmeerzeugung;JAHR;Jahr;2013;DINSG;Deutschland insgesamt;DG;Deutschland;ENRG03;Energieträger;GAS-DEP;Deponiegas;57388;MWh;EKT002;Elektrizitätserzeugung (netto);e
43311;Monatserhebung ü. Elektrizitäts- u. Wärmeerzeugung;JAHR;Jahr;2013;DINSG;Deutschland insgesamt;DG;Deutschland;ENRG03;Energieträger;GAS-DEP;Deponiegas;60086;MWh;EKT001;Elektrizitätserzeugung (brutto);e
43311;Monatserhebung ü. Elektrizitäts- u. Wärmeerzeugung;JAHR;Jahr;2013;DINSG;Deutschland insgesamt;DG;Deutschland;ENRG03;Energieträger;GAS-DEP;Deponiegas;640742;GJ;BRN001;Brennstoffeinsatz;e
43311;Monatserhebung ü. Elektrizitäts- u. Wärmeerzeugung;JAHR;Jahr;2017;DINSG;Deutschland insgesamt;DG;Deutschland;ENRG03;Energieträger;GAS-E-02;Erdgas, Erdölgas;47197143;MWh;WRM001;Nettowärmeerzeugung;e
43311;Monatserhebung ü. Elektrizitäts- u. Wärmeerzeugung;JAHR;Jahr;2017;DINSG;Deutschland insgesamt;DG;Deutschland;ENRG03;Energieträger;GAS-E-02;Erdgas, Erdölgas;48956363;MWh;EKT002;Elektrizitätserzeugung (netto);e
43311;Monatserhebung ü. Elektrizitäts- u. Wärmeerzeugung;JAHR;Jahr;2017;DINSG;Deutschland insgesamt;DG;Deutschland;ENRG03;Energieträger;GAS-E-02;Erdgas, Erdölgas;50665930;MWh;EKT001;Elektrizitätserzeugung (brutto);e
43311;Monatserhebung ü. Elektrizitäts- u. Wärmeerzeugung;JAHR;Jahr;2017;DINSG;Deutschland insgesamt;DG;Deutschland;ENRG03;Energieträger;GAS-E-02;Erdgas, Erdölgas;473515379;GJ;BRN001;Brennstoffeinsatz;e
43311;Monatserhebung ü. Elektrizitäts- u. Wärmeerzeugung;JAHR;Jahr;2015;DINSG;Deutschland insgesamt;DG;Deutschland;ENRG03;Energieträger;SOLTH-01;Solarthermie;-;MWh;WRM001;Nettowärmeerzeugung;
43311;Monatserhebung ü. Elektrizitäts- u. Wärmeerzeugung;JAHR;Jahr;2015;DINSG;Deutschland insgesamt;DG;Deutschland;ENRG03;Energieträger;SOLTH-01;Solarthermie;-;MWh;EKT002;Elektrizitätserzeugung (netto);
43311;Monatserhebung ü. Elektrizitäts- u. Wärmeerzeugung;JAHR;Jahr;2015;DINSG;Deutschland insgesamt;DG;Deutschland;ENRG03;Energieträger;SOLTH-01;Solarthermie;-;MWh;EKT001;Elektrizitätserzeugung (brutto);
43311;Monatserhebung ü. Elektrizitäts- u. Wärmeerzeugung;JAHR;Jahr;2015;DINSG;Deutschland insgesamt;DG;Deutschland;ENRG03;Energieträger;SOLTH-01;Solarthermie;-;GJ;BRN001;Brennstoffeinsatz;
43311;Monatserhebung ü. Elektrizitäts- u. Wärmeerzeugung;JAHR;Jahr;2023;DINSG;Deutschland insgesamt;DG;Deutschland;ENRG03;Energieträger;KHL-S-KWS;Kohlenwertstoffe aus Steinkohle;-;MWh;WRM001;Nettowärmeerzeugung;
43311;Monatserhebung ü. Elektrizitäts- u. Wärmeerzeugung;JAHR;Jahr;2023;DINSG;Deutschland insgesamt;DG;Deutschland;ENRG03;Energieträger;KHL-S-KWS;Kohlenwertstoffe aus Steinkohle;-;MWh;EKT002;Elektrizitätserzeugung (netto);
43311;Monatserhebung ü. Elektrizitäts- u. Wärmeerzeugung;JAHR;Jahr;2023;DINSG;Deutschland insgesamt;DG;Deutschland;ENRG03;Energieträger;KHL-S-KWS;Kohlenwertstoffe aus Steinkohle;-;MWh;EKT001;Elektrizitätserzeugung (brutto);
43311;Monatserhebung ü. Elektrizitäts- u. Wärmeerzeugung;JAHR;Jahr;2023;DINSG;Deutschland insgesamt;DG;Deutschland;ENRG03;Energieträger;KHL-S-KWS;Kohlenwertstoffe aus Steinkohle;-;GJ;BRN001;Brennstoffeinsatz;
43311;Monatserhebung ü. Elektrizitäts- u. Wärmeerzeugung;JAHR;Jahr;2007;DINSG;Deutschland insgesamt;DG;Deutschland;ENRG03;Energieträger;KHL-B-STK;Staub- und Trockenkohle;739802;MWh;WRM001;Nettowärmeerzeugung;e
43311;Monatserhebung ü. Elektrizitäts- u. Wärmeerzeugung;JAHR;Jahr;2007;DINSG;Deutschland insgesamt;DG;Deutschland;ENRG03;Energieträger;KHL-B-STK;Staub- und Trockenkohle;447221;MWh;EKT002;Elektrizitätserzeugung (netto);e
43311;Monatserhebung ü. Elektrizitäts- u. Wärmeerzeugung;JAHR;Jahr;2007;DINSG;Deutschland insgesamt;DG;Deutschland;ENRG03;Energieträger;KHL-B-STK;Staub- und Trockenkohle;504190;MWh;EKT001;Elektrizitätserzeugung (brutto);e
43311;Monatserhebung ü. Elektrizitäts- u. Wärmeerzeugung;JAHR;Jahr;2007;DINSG;Deutschland insgesamt;DG;Deutschland;ENRG03;Energieträger;KHL-B-STK;Staub- und Trockenkohle;7074988;GJ;BRN001;Brennstoffeinsatz;e
43311;Monatserhebung ü. Elektrizitäts- u. Wärmeerzeugung;JAHR;Jahr;2010;DINSG;Deutschland insgesamt;DG;Deutschland;ENRG03;Energieträger;KHL-S-01;Steinkohlen;34644761;MWh;WRM001;Nettowärmeerzeugung;e
43311;Monatserhebung ü. Elektrizitäts- u. Wärmeerzeugung;JAHR;Jahr;2010;DINSG;Deutschland insgesamt;DG;Deutschland;ENRG03;Energieträger;KHL-S-01;Steinkohlen;99705955;MWh;EKT002;Elektrizitätserzeugung (netto);e
43311;Monatserhebung ü. Elektrizitäts- u. Wärmeerzeugung;JAHR;Jahr;2010;DINSG;Deutschland insgesamt;DG;Deutschland;ENRG03;Energieträger;KHL-S-01;Steinkohlen;108403830;MWh;EKT001;Elektrizitätserzeugung (brutto);e
43311;Monatserhebung ü. Elektrizitäts- u. Wärmeerzeugung;JAHR;Jahr;2010;DINSG;Deutschland insgesamt;DG;Deutschland;ENRG03;Energieträger;KHL-S-01;Steinkohlen;1066328645;GJ;BRN001;Brennstoffeinsatz;e
43311;Monatserhebung ü. Elektrizitäts- u. Wärmeerzeugung;JAHR;Jahr;2003;DINSG;Deutschland insgesamt;DG;Deutschland;ENRG03;Energieträger;OEL-H-S-01;Heizöl, schwer;384839;MWh;WRM001;Nettowärmeerzeugung;e
43311;Monatserhebung ü. Elektrizitäts- u. Wärmeerzeugung;JAHR;Jahr;2003;DINSG;Deutschland insgesamt;DG;Deutschland;ENRG03;Energieträger;OEL-H-S-01;Heizöl, schwer;588592;MWh;EKT002;Elektrizitätserzeugung (netto);e
43311;Monatserhebung ü. Elektrizitäts- u. Wärmeerzeugung;JAHR;Jahr;2003;DINSG;Deutschland insgesamt;DG;Deutschland;ENRG03;Energieträger;OEL-H-S-01;Heizöl, schwer;640899;MWh;EKT001;Elektrizitätserzeugung (brutto);e
43311;Monatserhebung ü. Elektrizitäts- u. Wärmeerzeugung;JAHR;Jahr;2003;DINSG;Deutschland insgesamt;DG;Deutschland;ENRG03;Energieträger;OEL-H-S-01;Heizöl, schwer;7580865;GJ;BRN001;Brennstoffeinsatz;e
43311;Monatserhebung ü. Elektrizitäts- u. Wärmeerzeugung;JAHR;Jahr;2016;DINSG;Deutschland insgesamt;DG;Deutschland;ENRG03;Energieträger;ENRSET;Sonstige Energieträger;.;MWh;WRM001;Nettowärmeerzeugung;
43311;Monatserhebung ü. Elektrizitäts- u. Wärmeerzeugung;JAHR;Jahr;2016;DINSG;Deutschland insgesamt;DG;Deutschland;ENRG03;Energieträger;ENRSET;Sonstige Energieträger;48524;MWh;EKT002;Elektrizitätserzeugung (netto);e
43311;Monatserhebung ü. Elektrizitäts- u. Wärmeerzeugung;JAHR;Jahr;2016;DINSG;Deutschland insgesamt;DG;Deutschland;ENRG03;Energieträger;ENRSET;Sonstige Energieträger;51255;MWh;EKT001;Elektrizitätserzeugung (brutto);e
43311;Monatserhebung ü. Elektrizitäts- u. Wärmeerzeugung;JAHR;Jahr;2016;DINSG;Deutschland insgesamt;DG;Deutschland;ENRG03;Energieträger;ENRSET;Sonstige Energieträger;.;GJ;BRN001;Brennstoffeinsatz;
43311;Monatserhebung ü. Elektrizitäts- u. Wärmeerzeugung;JAHR;Jahr;2020;DINSG;Deutschland insgesamt;DG;Deutschland;ENRG03;Energieträger;KHL-B-WSK;Wirbelschichtkohle;.;MWh;WRM001;Nettowärmeerzeugung;
43311;Monatserhebung ü. Elektrizitäts- u. Wärmeerzeugung;JAHR;Jahr;2020;DINSG;Deutschland insgesamt;DG;Deutschland;ENRG03;Energieträger;KHL-B-WSK;Wirbelschichtkohle;.;MWh;EKT002;Elektrizitätserzeugung (netto);
43311;Monatserhebung ü. Elektrizitäts- u. Wärmeerzeugung;JAHR;Jahr;2020;DINSG;Deutschland insgesamt;DG;Deutschland;ENRG03;Energieträger;KHL-B-WSK;Wirbelschichtkohle;.;MWh;EKT001;Elektrizitätserzeugung (brutto);
43311;Monatserhebung ü. Elektrizitäts- u. Wärmeerzeugung;JAHR;Jahr;2020;DINSG;Deutschland insgesamt;DG;Deutschland;ENRG03;Energieträger;KHL-B-WSK;Wirbelschichtkohle;.;GJ;BRN001;Brennstoffeinsatz;
43311;Monatserhebung ü. Elektrizitäts- u. Wärmeerzeugung;JAHR;Jahr;2014;DINSG;Deutschland insgesamt;DG;Deutschland;ENRG03;Energieträger;GAS-GRUB;Grubengas;.;MWh;WRM001;Nettowärmeerzeugung;
43311;Monatserhebung ü. Elektrizitäts- u. Wärmeerzeugung;JAHR;Jahr;2014;DINSG;Deutschland insgesamt;DG;Deutschland;ENRG03;Energieträger;GAS-GRUB;Grubengas;.;MWh;EKT002;Elektrizitätserzeugung (netto);
43311;Monatserhebung ü. Elektrizitäts- u. Wärmeerzeugung;JAHR;Jahr;2014;DINSG;Deutschland insgesamt;DG;Deutschland;ENRG03;Energieträger;GAS-GRUB;Grubengas;.;MWh;EKT001;Elektrizitätserzeugung (brutto);
43311;Monatserhebung ü. Elektrizitäts- u. Wärmeerzeugung;JAHR;Jahr;2014;DINSG;Deutschland insgesamt;DG;Deutschland;ENRG03;Energieträger;GAS-GRUB;Grubengas;.;GJ;BRN001;Brennstoffeinsatz;
43311;Monatserhebung ü. Elektrizitäts- u. Wärmeerzeugung;JAHR;Jahr;2016;DINSG;Deutschland insgesamt;DG;Deutschland;ENRG03;Energieträger;KLS-01;Klärschlamm;27937;MWh;WRM001;Nettowärmeerzeugung;e
43311;Monatserhebung ü. Elektrizitäts- u. Wärmeerzeugung;JAHR;Jahr;2016;DINSG;Deutschland insgesamt;DG;Deutschland;ENRG03;Energieträger;KLS-01;Klärschlamm;131821;MWh;EKT002;Elektrizitätserzeugung (netto);e
43311;Monatserhebung ü. Elektrizitäts- u. Wärmeerzeugung;JAHR;Jahr;2016;DINSG;Deutschland insgesamt;DG;Deutschland;ENRG03;Energieträger;KLS-01;Klärschlamm;145674;MWh;EKT001;Elektrizitätserzeugung (brutto);e
43311;Monatserhebung ü. Elektrizitäts- u. Wärmeerzeugung;JAHR;Jahr;2016;DINSG;Deutschland insgesamt;DG;Deutschland;ENRG03;Energieträger;KLS-01;Klärschlamm;1465776;GJ;BRN001;Brennstoffeinsatz;e
43311;Monatserhebung ü. Elektrizitäts- u. Wärmeerzeugung;JAHR;Jahr;2016;DINSG;Deutschland insgesamt;DG;Deutschland;ENRG03;Energieträger;GAS-H2;Wasserstoff;-;MWh;WRM001;Nettowärmeerzeugung;
43311;Monatserhebung ü. Elektrizitäts- u. Wärmeerzeugung;JAHR;Jahr;2016;DINSG;Deutschland insgesamt;DG;Deutschland;ENRG03;Energieträger;GAS-H2;Wasserstoff;-;MWh;EKT002;Elektrizitätserzeugung (netto);
43311;Monatserhebung ü. Elektrizitäts- u. Wärmeerzeugung;JAHR;Jahr;2016;DINSG;Deutschland insgesamt;DG;Deutschland;ENRG03;Energieträger;GAS-H2;Wasserstoff;-;MWh;EKT001;Elektrizitätserzeugung (brutto);
43311;Monatserhebung ü. Elektrizitäts- u. Wärmeerzeugung;JAHR;Jahr;2016;DINSG;Deutschland insgesamt;DG;Deutschland;ENRG03;Energieträger;GAS-H2;Wasserstoff;-;GJ;BRN001;Brennstoffeinsatz;
43311;Monatserhebung ü. Elektrizitäts- u. Wärmeerzeugung;JAHR;Jahr;2016;DINSG;Deutschland insgesamt;DG;Deutschland;ENRG03;Energieträger;GEOTH-01;Geothermie;.;MWh;WRM001;Nettowärmeerzeugung;
43311;Monatserhebung ü. Elektrizitäts- u. Wärmeerzeugung;JAHR;Jahr;2016;DINSG;Deutschland insgesamt;DG;Deutschland;ENRG03;Energieträger;GEOTH-01;Geothermie;152649;MWh;EKT002;Elektrizitätserzeugung (netto);e
43311;Monatserhebung ü. Elektrizitäts- u. Wärmeerzeugung;JAHR;Jahr;2016;DINSG;Deutschland insgesamt;DG;Deutschland;ENRG03;Energieträger;GEOTH-01;Geothermie;162463;MWh;EKT001;Elektrizitätserzeugung (brutto);e
43311;Monatserhebung ü. Elektrizitäts- u. Wärmeerzeugung;JAHR;Jahr;2016;DINSG;Deutschland insgesamt;DG;Deutschland;ENRG03;Energieträger;GEOTH-01;Geothermie;-;GJ;BRN001;Brennstoffeinsatz;
43311;Monatserhebung ü. Elektrizitäts- u. Wärmeerzeugung;JAHR;Jahr;2014;DINSG;Deutschland insgesamt;DG;Deutschland;ENRG03;Energieträger;GAS-K-01;Kokereigas;.;MWh;WRM001;Nettowärmeerzeugung;
43311;Monatserhebung ü. Elektrizitäts- u. Wärmeerzeugung;JAHR;Jahr;2014;DINSG;Deutschland insgesamt;DG;Deutschland;ENRG03;Energieträger;GAS-K-01;Kokereigas;.;MWh;EKT002;Elektrizitätserzeugung (netto);
43311;Monatserhebung ü. Elektrizitäts- u. Wärmeerzeugung;JAHR;Jahr;2014;DINSG;Deutschland insgesamt;DG;Deutschland;ENRG03;Energieträger;GAS-K-01;Kokereigas;.;MWh;EKT001;Elektrizitätserzeugung (brutto);
43311;Monatserhebung ü. Elektrizitäts- u. Wärmeerzeugung;JAHR;Jahr;2014;DINSG;Deutschland insgesamt;DG;Deutschland;ENRG03;Energieträger;GAS-K-01;Kokereigas;.;GJ;BRN001;Brennstoffeinsatz;
43311;Monatserhebung ü. Elektrizitäts- u. Wärmeerzeugung;JAHR;Jahr;2019;DINSG;Deutschland insgesamt;DG;Deutschland;ENRG03;Energieträger;KHL-B-SONST;Sonstige Braunkohlen;-;MWh;WRM001;Nettowärmeerzeugung;
43311;Monatserhebung ü. Elektrizitäts- u. Wärmeerzeugung;JAHR;Jahr;2019;DINSG;Deutschland insgesamt;DG;Deutschland;ENRG03;Energieträger;KHL-B-SONST;Sonstige Braunkohlen;-;MWh;EKT002;Elektrizitätserzeugung (netto);
43311;Monatserhebung ü. Elektrizitäts- u. Wärmeerzeugung;JAHR;Jahr;2019;DINSG;Deutschland insgesamt;DG;Deutschland;ENRG03;Energieträger;KHL-B-SONST;Sonstige Braunkohlen;-;MWh;EKT001;Elektrizitätserzeugung (brutto);
43311;Monatserhebung ü. Elektrizitäts- u. Wärmeerzeugung;JAHR;Jahr;2019;DINSG;Deutschland insgesamt;DG;Deutschland;ENRG03;Energieträger;KHL-B-SONST;Sonstige Braunkohlen;-;GJ;BRN001;Brennstoffeinsatz;
43311;Monatserhebung ü. Elektrizitäts- u. Wärmeerzeugung;JAHR;Jahr;2010;DINSG;Deutschland insgesamt;DG;Deutschland;ENRG03;Energieträger;GAS-E-02;Erdgas, Erdölgas;53873600;MWh;WRM001;Nettowärmeerzeugung;e
43311;Monatserhebung ü. Elektrizitäts- u. Wärmeerzeugung;JAHR;Jahr;2010;DINSG;Deutschland insgesamt;DG;Deutschland;ENRG03;Energieträger;GAS-E-02;Erdgas, Erdölgas;63091283;MWh;EKT002;Elektrizitätserzeugung (netto);e
43311;Monatserhebung ü. Elektrizitäts- u. Wärmeerzeugung;JAHR;Jahr;2010;DINSG;Deutschland insgesamt;DG;Deutschland;ENRG03;Energieträger;GAS-E-02;Erdgas, Erdölgas;64963290;MWh;EKT001;Elektrizitätserzeugung (brutto);e
43311;Monatserhebung ü. Elektrizitäts- u. Wärmeerzeugung;JAHR;Jahr;2010;DINSG;Deutschland insgesamt;DG;Deutschland;ENRG03;Energieträger;GAS-E-02;Erdgas, Erdölgas;607452596;GJ;BRN001;Brennstoffeinsatz;e
43311;Monatserhebung ü. Elektrizitäts- u. Wärmeerzeugung;JAHR;Jahr;2017;DINSG;Deutschland insgesamt;DG;Deutschland;ENRG03;Energieträger;WRM-02;Wärmepumpen (Erd- und Umweltwärme);-;MWh;WRM001;Nettowärmeerzeugung;
43311;Monatserhebung ü. Elektrizitäts- u. Wärmeerzeugung;JAHR;Jahr;2017;DINSG;Deutschland insgesamt;DG;Deutschland;ENRG03;Energieträger;WRM-02;Wärmepumpen (Erd- und Umweltwärme);-;MWh;EKT002;Elektrizitätserzeugung (netto);
43311;Monatserhebung ü. Elektrizitäts- u. Wärmeerzeugung;JAHR;Jahr;2017;DINSG;Deutschland insgesamt;DG;Deutschland;ENRG03;Energieträger;WRM-02;Wärmepumpen (Erd- und Umweltwärme);-;MWh;EKT001;Elektrizitätserzeugung (brutto);
43311;Monatserhebung ü. Elektrizitäts- u. Wärmeerzeugung;JAHR;Jahr;2017;DINSG;Deutschland insgesamt;DG;Deutschland;ENRG03;Energieträger;WRM-02;Wärmepumpen (Erd- und Umweltwärme);-;GJ;BRN001;Brennstoffeinsatz;
43311;Monatserhebung ü. Elektrizitäts- u. Wärmeerzeugung;JAHR;Jahr;2008;DINSG;Deutschland insgesamt;DG;Deutschland;ENRG03;Energieträger;PKOKS-01;Petrolkoks;32239;MWh;WRM001;Nettowärmeerzeugung;e
43311;Monatserhebung ü. Elektrizitäts- u. Wärmeerzeugung;JAHR;Jahr;2008;DINSG;Deutschland insgesamt;DG;Deutschland;ENRG03;Energieträger;PKOKS-01;Petrolkoks;426545;MWh;EKT002;Elektrizitätserzeugung (netto);e
43311;Monatserhebung ü. Elektrizitäts- u. Wärmeerzeugung;JAHR;Jahr;2008;DINSG;Deutschland insgesamt;DG;Deutschland;ENRG03;Energieträger;PKOKS-01;Petrolkoks;462020;MWh;EKT001;Elektrizitätserzeugung (brutto);e
43311;Monatserhebung ü. Elektrizitäts- u. Wärmeerzeugung;JAHR;Jahr;2008;DINSG;Deutschland insgesamt;DG;Deutschland;ENRG03;Energieträger;PKOKS-01;Petrolkoks;4242902;GJ;BRN001;Brennstoffeinsatz;e
43311;Monatserhebung ü. Elektrizitäts- u. Wärmeerzeugung;JAHR;Jahr;2015;DINSG;Deutschland insgesamt;DG;Deutschland;ENRG03;Energieträger;OEL-H-S-01;Heizöl, schwer;113525;MWh;WRM001;Nettowärmeerzeugung;e
43311;Monatserhebung ü. Elektrizitäts- u. Wärmeerzeugung;JAHR;Jahr;2015;DINSG;Deutschland insgesamt;DG;Deutschland;ENRG03;Energieträger;OEL-H-S-01;Heizöl, schwer;362717;MWh;EKT002;Elektrizitätserzeugung (netto);e
43311;Monatserhebung ü. Elektrizitäts- u. Wärmeerzeugung;JAHR;Jahr;2015;DINSG;Deutschland insgesamt;DG;Deutschland;ENRG03;Energieträger;OEL-H-S-01;Heizöl, schwer;396993;MWh;EKT001;Elektrizitätserzeugung (brutto);e
43311;Monatserhebung ü. Elektrizitäts- u. Wärmeerzeugung;JAHR;Jahr;2015;DINSG;Deutschland insgesamt;DG;Deutschland;ENRG03;Energieträger;OEL-H-S-01;Heizöl, schwer;4208890;GJ;BRN001;Brennstoffeinsatz;e
43311;Monatserhebung ü. Elektrizitäts- u. Wärmeerzeugung;JAHR;Jahr;2003;DINSG;Deutschland insgesamt;DG;Deutschland;ENRG03;Energieträger;KHL-S-KWS;Kohlenwertstoffe aus Steinkohle;-;MWh;WRM001;Nettowärmeerzeugung;
43311;Monatserhebung ü. Elektrizitäts- u. Wärmeerzeugung;JAHR;Jahr;2003;DINSG;Deutschland insgesamt;DG;Deutschland;ENRG03;Energieträger;KHL-S-KWS;Kohlenwertstoffe aus Steinkohle;-;MWh;EKT002;Elektrizitätserzeugung (netto);
43311;Monatserhebung ü. Elektrizitäts- u. Wärmeerzeugung;JAHR;Jahr;2003;DINSG;Deutschland insgesamt;DG;Deutschland;ENRG03;Energieträger;KHL-S-KWS;Kohlenwertstoffe aus Steinkohle;-;MWh;EKT001;Elektrizitätserzeugung (brutto);
43311;Monatserhebung ü. Elektrizitäts- u. Wärmeerzeugung;JAHR;Jahr;2003;DINSG;Deutschland insgesamt;DG;Deutschland;ENRG03;Energieträger;KHL-S-KWS;Kohlenwertstoffe aus Steinkohle;-;GJ;BRN001;Brennstoffeinsatz;
43311;Monatserhebung ü. Elektrizitäts- u. Wärmeerzeugung;JAHR;Jahr;2005;DINSG;Deutschland insgesamt;DG;Deutschland;ENRG03;Energieträger;ENR-EB-SONST;Sonstige erneuerbare Energien;40352;MWh;WRM001;Nettowärmeerzeugung;e
43311;Monatserhebung ü. Elektrizitäts- u. Wärmeerzeugung;JAHR;Jahr;2005;DINSG;Deutschland insgesamt;DG;Deutschland;ENRG03;Energieträger;ENR-EB-SONST;Sonstige erneuerbare Energien;501970;MWh;EKT002;Elektrizitätserzeugung (netto);e
43311;Monatserhebung ü. Elektrizitäts- u. Wärmeerzeugung;JAHR;Jahr;2005;DINSG;Deutschland insgesamt;DG;Deutschland;ENRG03;Energieträger;ENR-EB-SONST;Sonstige erneuerbare Energien;544476;MWh;EKT001;Elektrizitätserzeugung (brutto);e
43311;Monatserhebung ü. Elektrizitäts- u. Wärmeerzeugung;JAHR;Jahr;2005;DINSG;Deutschland insgesamt;DG;Deutschland;ENRG03;Energieträger;ENR-EB-SONST;Sonstige erneuerbare Energien;5102397;GJ;BRN001;Brennstoffeinsatz;e
43311;Monatserhebung ü. Elektrizitäts- u. Wärmeerzeugung;JAHR;Jahr;2014;DINSG;Deutschland insgesamt;DG;Deutschland;ENRG03;Energieträger;GAS-E-02;Erdgas, Erdölgas;39155997;MWh;WRM001;Nettowärmeerzeugung;e
43311;Monatserhebung ü. Elektrizitäts- u. Wärmeerzeugung;JAHR;Jahr;2014;DINSG;Deutschland insgesamt;DG;Deutschland;ENRG03;Energieträger;GAS-E-02;Erdgas, Erdölgas;31122121;MWh;EKT002;Elektrizitätserzeugung (netto);e
43311;Monatserhebung ü. Elektrizitäts- u. Wärmeerzeugung;JAHR;Jahr;2014;DINSG;Deutschland insgesamt;DG;Deutschland;ENRG03;Energieträger;GAS-E-02;Erdgas, Erdölgas;32308958;MWh;EKT001;Elektrizitätserzeugung (brutto);e
43311;Monatserhebung ü. Elektrizitäts- u. Wärmeerzeugung;JAHR;Jahr;2014;DINSG;Deutschland insgesamt;DG;Deutschland;ENRG03;Energieträger;GAS-E-02;Erdgas, Erdölgas;338165895;GJ;BRN001;Brennstoffeinsatz;e
43311;Monatserhebung ü. Elektrizitäts- u. Wärmeerzeugung;JAHR;Jahr;2005;DINSG;Deutschland insgesamt;DG;Deutschland;ENRG03;Energieträger;DIESEL-01;Dieselkraftstoff;91;MWh;WRM001;Nettowärmeerzeugung;e
43311;Monatserhebung ü. Elektrizitäts- u. Wärmeerzeugung;JAHR;Jahr;2005;DINSG;Deutschland insgesamt;DG;Deutschland;ENRG03;Energieträger;DIESEL-01;Dieselkraftstoff;9631;MWh;EKT002;Elektrizitätserzeugung (netto);e
43311;Monatserhebung ü. Elektrizitäts- u. Wärmeerzeugung;JAHR;Jahr;2005;DINSG;Deutschland insgesamt;DG;Deutschland;ENRG03;Energieträger;DIESEL-01;Dieselkraftstoff;10010;MWh;EKT001;Elektrizitätserzeugung (brutto);e
43311;Monatserhebung ü. Elektrizitäts- u. Wärmeerzeugung;JAHR;Jahr;2005;DINSG;Deutschland insgesamt;DG;Deutschland;ENRG03;Energieträger;DIESEL-01;Dieselkraftstoff;101296;GJ;BRN001;Brennstoffeinsatz;e
43311;Monatserhebung ü. Elektrizitäts- u. Wärmeerzeugung;JAHR;Jahr;2017;DINSG;Deutschland insgesamt;DG;Deutschland;ENRG03;Energieträger;;Insgesamt;109937974;MWh;WRM001;Nettowärmeerzeugung;e
43311;Monatserhebung ü. Elektrizitäts- u. Wärmeerzeugung;JAHR;Jahr;2017;DINSG;Deutschland insgesamt;DG;Deutschland;ENRG03;Energieträger;;Insgesamt;378941374;MWh;EKT002;Elektrizitätserzeugung (netto);e
43311;Monatserhebung ü. Elektrizitäts- u. Wärmeerzeugung;JAHR;Jahr;2017;DINSG;Deutschland insgesamt;DG;Deutschland;ENRG03;Energieträger;;Insgesamt;406283417;MWh;EKT001;Elektrizitätserzeugung (brutto);e
43311;Monatserhebung ü. Elektrizitäts- u. Wärmeerzeugung;JAHR;Jahr;2017;DINSG;Deutschland insgesamt;DG;Deutschland;ENRG03;Energieträger;;Insgesamt;3033274613;GJ;BRN001;Brennstoffeinsatz;e
43311;Monatserhebung ü. Elektrizitäts- u. Wärmeerzeugung;JAHR;Jahr;2022;DINSG;Deutschland insgesamt;DG;Deutschland;ENRG03;Energieträger;SP-SONST-01;Andere Speicher;-;MWh;WRM001;Nettowärmeerzeugung;
43311;Monatserhebung ü. Elektrizitäts- u. Wärmeerzeugung;JAHR;Jahr;2022;DINSG;Deutschland insgesamt;DG;Deutschland;ENRG03;Energieträger;SP-SONST-01;Andere Speicher;-;MWh;EKT002;Elektrizitätserzeugung (netto);
43311;Monatserhebung ü. Elektrizitäts- u. Wärmeerzeugung;JAHR;Jahr;2022;DINSG;Deutschland insgesamt;DG;Deutschland;ENRG03;Energieträger;SP-SONST-01;Andere Speicher;-;MWh;EKT001;Elektrizitätserzeugung (brutto);
43311;Monatserhebung ü. Elektrizitäts- u. Wärmeerzeugung;JAHR;Jahr;2022;DINSG;Deutschland insgesamt;DG;Deutschland;ENRG03;Energieträger;SP-SONST-01;Andere Speicher;-;GJ;BRN001;Brennstoffeinsatz;
43311;Monatserhebung ü. Elektrizitäts- u. Wärmeerzeugung;JAHR;Jahr;2007;DINSG;Deutschland insgesamt;DG;Deutschland;ENRG03;Energieträger;ABF-02;Abfall (Industrie);-;MWh;WRM001;Nettowärmeerzeugung;
43311;Monatserhebung ü. Elektrizitäts- u. Wärmeerzeugung;JAHR;Jahr;2007;DINSG;Deutschland insgesamt;DG;Deutschland;ENRG03;Energieträger;ABF-02;Abfall (Industrie);-;MWh;EKT002;Elektrizitätserzeugung (netto);
43311;Monatserhebung ü. Elektrizitäts- u. Wärmeerzeugung;JAHR;Jahr;2007;DINSG;Deutschland insgesamt;DG;Deutschland;ENRG03;Energieträger;ABF-02;Abfall (Industrie);-;MWh;EKT001;Elektrizitätserzeugung (brutto);
43311;Monatserhebung ü. Elektrizitäts- u. Wärmeerzeugung;JAHR;Jahr;2007;DINSG;Deutschland insgesamt;DG;Deutschland;ENRG03;Energieträger;ABF-02;Abfall (Industrie);-;GJ;BRN001;Brennstoffeinsatz;
43311;Monatserhebung ü. Elektrizitäts- u. Wärmeerzeugung;JAHR;Jahr;2020;DINSG;Deutschland insgesamt;DG;Deutschland;ENRG03;Energieträger;ENR-EB-SONST;Sonstige erneuerbare Energien;0;MWh;WRM001;Nettowärmeerzeugung;e
43311;Monatserhebung ü. Elektrizitäts- u. Wärmeerzeugung;JAHR;Jahr;2020;DINSG;Deutschland insgesamt;DG;Deutschland;ENRG03;Energieträger;ENR-EB-SONST;Sonstige erneuerbare Energien;0;MWh;EKT002;Elektrizitätserzeugung (netto);e
43311;Monatserhebung ü. Elektrizitäts- u. Wärmeerzeugung;JAHR;Jahr;2020;DINSG;Deutschland insgesamt;DG;Deutschland;ENRG03;Energieträger;ENR-EB-SONST;Sonstige erneuerbare Energien;0;MWh;EKT001;Elektrizitätserzeugung (brutto);e
43311;Monatserhebung ü. Elektrizitäts- u. Wärmeerzeugung;JAHR;Jahr;2020;DINSG;Deutschland insgesamt;DG;Deutschland;ENRG03;Energieträger;ENR-EB-SONST;Sonstige erneuerbare Energien;0;GJ;BRN001;Brennstoffeinsatz;e
43311;Monatserhebung ü. Elektrizitäts- u. Wärmeerzeugung;JAHR;Jahr;2014;DINSG;Deutschland insgesamt;DG;Deutschland;ENRG03;Energieträger;GAS-RAF;Raffineriegas;-;MWh;WRM001;Nettowärmeerzeugung;
43311;Monatserhebung ü. Elektrizitäts- u. Wärmeerzeugung;JAHR;Jahr;2014;DINSG;Deutschland insgesamt;DG;Deutschland;ENRG03;Energieträger;GAS-RAF;Raffineriegas;-;MWh;EKT002;Elektrizitätserzeugung (netto);
43311;Monatserhebung ü. Elektrizitäts- u. Wärmeerzeugung;JAHR;Jahr;2014;DINSG;Deutschland insgesamt;DG;Deutschland;ENRG03;Energieträger;GAS-RAF;Raffineriegas;-;MWh;EKT001;Elektrizitätserzeugung (brutto);
43311;Monatserhebung ü. Elektrizitäts- u. Wärmeerzeugung;JAHR;Jahr;2014;DINSG;Deutschland insgesamt;DG;Deutschland;ENRG03;Energieträger;GAS-RAF;Raffineriegas;-;GJ;BRN001;Brennstoffeinsatz;
43311;Monatserhebung ü. Elektrizitäts- u. Wärmeerzeugung;JAHR;Jahr;2006;DINSG;Deutschland insgesamt;DG;Deutschland;ENRG03;Energieträger;GAS-DEP;Deponiegas;121467;MWh;WRM001;Nettowärmeerzeugung;e
43311;Monatserhebung ü. Elektrizitäts- u. Wärmeerzeugung;JAHR;Jahr;2006;DINSG;Deutschland insgesamt;DG;Deutschland;ENRG03;Energieträger;GAS-DEP;Deponiegas;183550;MWh;EKT002;Elektrizitätserzeugung (netto);e
43311;Monatserhebung ü. Elektrizitäts- u. Wärmeerzeugung;JAHR;Jahr;2006;DINSG;Deutschland insgesamt;DG;Deutschland;ENRG03;Energieträger;GAS-DEP;Deponiegas;191656;MWh;EKT001;Elektrizitätserzeugung (brutto);e
43311;Monatserhebung ü. Elektrizitäts- u. Wärmeerzeugung;JAHR;Jahr;2006;DINSG;Deutschland insgesamt;DG;Deutschland;ENRG03;Energieträger;GAS-DEP;Deponiegas;1983283;GJ;BRN001;Brennstoffeinsatz;e
43311;Monatserhebung ü. Elektrizitäts- u. Wärmeerzeugung;JAHR;Jahr;2007;DINSG;Deutschland insgesamt;DG;Deutschland;ENRG03;Energieträger;OEL-H-L-01;Heizöl, leicht;382443;MWh;WRM001;Nettowärmeerzeugung;e
43311;Monatserhebung ü. Elektrizitäts- u. Wärmeerzeugung;JAHR;Jahr;2007;DINSG;Deutschland insgesamt;DG;Deutschland;ENRG03;Energieträger;OEL-H-L-01;Heizöl, leicht;490084;MWh;EKT002;Elektrizitätserzeugung (netto);e
43311;Monatserhebung ü. Elektrizitäts- u. Wärmeerzeugung;JAHR;Jahr;2007;DINSG;Deutschland insgesamt;DG;Deutschland;ENRG03;Energieträger;OEL-H-L-01;Heizöl, leicht;540439;MWh;EKT001;Elektrizitätserzeugung (brutto);e
43311;Monatserhebung ü. Elektrizitäts- u. Wärmeerzeugung;JAHR;Jahr;2007;DINSG;Deutschland insgesamt;DG;Deutschland;ENRG03;Energieträger;OEL-H-L-01;Heizöl, leicht;7511054;GJ;BRN001;Brennstoffeinsatz;e
43311;Monatserhebung ü. Elektrizitäts- u. Wärmeerzeugung;JAHR;Jahr;2023;DINSG;Deutschland insgesamt;DG;Deutschland;ENRG03;Energieträger;KHL-B-KOKS;Braunkohlenkoks;.;MWh;WRM001;Nettowärmeerzeugung;
43311;Monatserhebung ü. Elektrizitäts- u. Wärmeerzeugung;JAHR;Jahr;2023;DINSG;Deutschland insgesamt;DG;Deutschland;ENRG03;Energieträger;KHL-B-KOKS;Braunkohlenkoks;.;MWh;EKT002;Elektrizitätserzeugung (netto);
43311;Monatserhebung ü. Elektrizitäts- u. Wärmeerzeugung;JAHR;Jahr;2023;DINSG;Deutschland insgesamt;DG;Deutschland;ENRG03;Energieträger;KHL-B-KOKS;Braunkohlenkoks;.;MWh;EKT001;Elektrizitätserzeugung (brutto);
43311;Monatserhebung ü. Elektrizitäts- u. Wärmeerzeugung;JAHR;Jahr;2023;DINSG;Deutschland insgesamt;DG;Deutschland;ENRG03;Energieträger;KHL-B-KOKS;Braunkohlenkoks;.;GJ;BRN001;Brennstoffeinsatz;
43311;Monatserhebung ü. Elektrizitäts- u. Wärmeerzeugung;JAHR;Jahr;2019;DINSG;Deutschland insgesamt;DG;Deutschland;ENRG03;Energieträger;KHL-S-SONST;Sonstige Steinkohlen;-;MWh;WRM001;Nettowärmeerzeugung;
43311;Monatserhebung ü. Elektrizitäts- u. Wärmeerzeugung;JAHR;Jahr;2019;DINSG;Deutschland insgesamt;DG;Deutschland;ENRG03;Energieträger;KHL-S-SONST;Sonstige Steinkohlen;-;MWh;EKT002;Elektrizitätserzeugung (netto);
43311;Monatserhebung ü. Elektrizitäts- u. Wärmeerzeugung;JAHR;Jahr;2019;DINSG;Deutschland insgesamt;DG;Deutschland;ENRG03;Energieträger;KHL-S-SONST;Sonstige Steinkohlen;-;MWh;EKT001;Elektrizitätserzeugung (brutto);
43311;Monatserhebung ü. Elektrizitäts- u. Wärmeerzeugung;JAHR;Jahr;2019;DINSG;Deutschland insgesamt;DG;Deutschland;ENRG03;Energieträger;KHL-S-SONST;Sonstige Steinkohlen;-;GJ;BRN001;Brennstoffeinsatz;
43311;Monatserhebung ü. Elektrizitäts- u. Wärmeerzeugung;JAHR;Jahr;2007;DINSG;Deutschland insgesamt;DG;Deutschland;ENRG03;Energieträger;OEL-SONST;Sonstige Mineralölprodukte;32083;MWh;WRM001;Nettowärmeerzeugung;e
43311;Monatserhebung ü. Elektrizitäts- u. Wärmeerzeugung;JAHR;Jahr;2007;DINSG;Deutschland insgesamt;DG;Deutschland;ENRG03;Energieträger;OEL-SONST;Sonstige Mineralölprodukte;1192742;MWh;EKT002;Elektrizitätserzeugung (netto);e
43311;Monatserhebung ü. Elektrizitäts- u. Wärmeerzeugung;JAHR;Jahr;2007;DINSG;Deutschland insgesamt;DG;Deutschland;ENRG03;Energieträger;OEL-SONST;Sonstige Mineralölprodukte;1302347;MWh;EKT001;Elektrizitätserzeugung (brutto);e
43311;Monatserhebung ü. Elektrizitäts- u. Wärmeerzeugung;JAHR;Jahr;2007;DINSG;Deutschland insgesamt;DG;Deutschland;ENRG03;Energieträger;OEL-SONST;Sonstige Mineralölprodukte;11823911;GJ;BRN001;Brennstoffeinsatz;e
43311;Monatserhebung ü. Elektrizitäts- u. Wärmeerzeugung;JAHR;Jahr;2023;DINSG;Deutschland insgesamt;DG;Deutschland;ENRG03;Energieträger;WAS-PSP-02;Pumpspeicher mit natürlichem Zufluss;-;MWh;WRM001;Nettowärmeerzeugung;
43311;Monatserhebung ü. Elektrizitäts- u. Wärmeerzeugung;JAHR;Jahr;2023;DINSG;Deutschland insgesamt;DG;Deutschland;ENRG03;Energieträger;WAS-PSP-02;Pumpspeicher mit natürlichem Zufluss;542073;MWh;EKT002;Elektrizitätserzeugung (netto);p
43311;Monatserhebung ü. Elektrizitäts- u. Wärmeerzeugung;JAHR;Jahr;2023;DINSG;Deutschland insgesamt;DG;Deutschland;ENRG03;Energieträger;WAS-PSP-02;Pumpspeicher mit natürlichem Zufluss;542073;MWh;EKT001;Elektrizitätserzeugung (brutto);p
43311;Monatserhebung ü. Elektrizitäts- u. Wärmeerzeugung;JAHR;Jahr;2023;DINSG;Deutschland insgesamt;DG;Deutschland;ENRG03;Energieträger;WAS-PSP-02;Pumpspeicher mit natürlichem Zufluss;-;GJ;BRN001;Brennstoffeinsatz;
43311;Monatserhebung ü. Elektrizitäts- u. Wärmeerzeugung;JAHR;Jahr;2017;DINSG;Deutschland insgesamt;DG;Deutschland;ENRG03;Energieträger;ABF-03;Abfall (Hausmüll, Siedlungsabfälle);15750034;MWh;WRM001;Nettowärmeerzeugung;e
43311;Monatserhebung ü. Elektrizitäts- u. Wärmeerzeugung;JAHR;Jahr;2017;DINSG;Deutschland insgesamt;DG;Deutschland;ENRG03;Energieträger;ABF-03;Abfall (Hausmüll, Siedlungsabfälle);9103611;MWh;EKT002;Elektrizitätserzeugung (netto);e
43311;Monatserhebung ü. Elektrizitäts- u. Wärmeerzeugung;JAHR;Jahr;2017;DINSG;Deutschland insgesamt;DG;Deutschland;ENRG03;Energieträger;ABF-03;Abfall (Hausmüll, Siedlungsabfälle);11349734;MWh;EKT001;Elektrizitätserzeugung (brutto);e
43311;Monatserhebung ü. Elektrizitäts- u. Wärmeerzeugung;JAHR;Jahr;2017;DINSG;Deutschland insgesamt;DG;Deutschland;ENRG03;Energieträger;ABF-03;Abfall (Hausmüll, Siedlungsabfälle);221108088;GJ;BRN001;Brennstoffeinsatz;e
43311;Monatserhebung ü. Elektrizitäts- u. Wärmeerzeugung;JAHR;Jahr;2022;DINSG;Deutschland insgesamt;DG;Deutschland;ENRG03;Energieträger;GAS-BIO-02;Biomethan (Bioerdgas);1172103;MWh;WRM001;Nettowärmeerzeugung;e
43311;Monatserhebung ü. Elektrizitäts- u. Wärmeerzeugung;JAHR;Jahr;2022;DINSG;Deutschland insgesamt;DG;Deutschland;ENRG03;Energieträger;GAS-BIO-02;Biomethan (Bioerdgas);1007770;MWh;EKT002;Elektrizitätserzeugung (netto);e
43311;Monatserhebung ü. Elektrizitäts- u. Wärmeerzeugung;JAHR;Jahr;2022;DINSG;Deutschland insgesamt;DG;Deutschland;ENRG03;Energieträger;GAS-BIO-02;Biomethan (Bioerdgas);1031257;MWh;EKT001;Elektrizitätserzeugung (brutto);e
43311;Monatserhebung ü. Elektrizitäts- u. Wärmeerzeugung;JAHR;Jahr;2022;DINSG;Deutschland insgesamt;DG;Deutschland;ENRG03;Energieträger;GAS-BIO-02;Biomethan (Bioerdgas);9574762;GJ;BRN001;Brennstoffeinsatz;e
43311;Monatserhebung ü. Elektrizitäts- u. Wärmeerzeugung;JAHR;Jahr;2003;DINSG;Deutschland insgesamt;DG;Deutschland;ENRG03;Energieträger;ABF-03;Abfall (Hausmüll, Siedlungsabfälle);-;MWh;WRM001;Nettowärmeerzeugung;
43311;Monatserhebung ü. Elektrizitäts- u. Wärmeerzeugung;JAHR;Jahr;2003;DINSG;Deutschland insgesamt;DG;Deutschland;ENRG03;Energieträger;ABF-03;Abfall (Hausmüll, Siedlungsabfälle);-;MWh;EKT002;Elektrizitätserzeugung (netto);
43311;Monatserhebung ü. Elektrizitäts- u. Wärmeerzeugung;JAHR;Jahr;2003;DINSG;Deutschland insgesamt;DG;Deutschland;ENRG03;Energieträger;ABF-03;Abfall (Hausmüll, Siedlungsabfälle);-;MWh;EKT001;Elektrizitätserzeugung (brutto);
43311;Monatserhebung ü. Elektrizitäts- u. Wärmeerzeugung;JAHR;Jahr;2003;DINSG;Deutschland insgesamt;DG;Deutschland;ENRG03;Energieträger;ABF-03;Abfall (Hausmüll, Siedlungsabfälle);-;GJ;BRN001;Brennstoffeinsatz;
43311;Monatserhebung ü. Elektrizitäts- u. Wärmeerzeugung;JAHR;Jahr;2008;DINSG;Deutschland insgesamt;DG;Deutschland;ENRG03;Energieträger;GAS-DEP;Deponiegas;86060;MWh;WRM001;Nettowärmeerzeugung;e
43311;Monatserhebung ü. Elektrizitäts- u. Wärmeerzeugung;JAHR;Jahr;2008;DINSG;Deutschland insgesamt;DG;Deutschland;ENRG03;Energieträger;GAS-DEP;Deponiegas;153170;MWh;EKT002;Elektrizitätserzeugung (netto);e
43311;Monatserhebung ü. Elektrizitäts- u. Wärmeerzeugung;JAHR;Jahr;2008;DINSG;Deutschland insgesamt;DG;Deutschland;ENRG03;Energieträger;GAS-DEP;Deponiegas;160309;MWh;EKT001;Elektrizitätserzeugung (brutto);e
43311;Monatserhebung ü. Elektrizitäts- u. Wärmeerzeugung;JAHR;Jahr;2008;DINSG;Deutschland insgesamt;DG;Deutschland;ENRG03;Energieträger;GAS-DEP;Deponiegas;1746940;GJ;BRN001;Brennstoffeinsatz;e
43311;Monatserhebung ü. Elektrizitäts- u. Wärmeerzeugung;JAHR;Jahr;2005;DINSG;Deutschland insgesamt;DG;Deutschland;ENRG03;Energieträger;ENRSET;Sonstige Energieträger;880057;MWh;WRM001;Nettowärmeerzeugung;e
43311;Monatserhebung ü. Elektrizitäts- u. Wärmeerzeugung;JAHR;Jahr;2005;DINSG;Deutschland insgesamt;DG;Deutschland;ENRG03;Energieträger;ENRSET;Sonstige Energieträger;461587;MWh;EKT002;Elektrizitätserzeugung (netto);e
43311;Monatserhebung ü. Elektrizitäts- u. Wärmeerzeugung;JAHR;Jahr;2005;DINSG;Deutschland insgesamt;DG;Deutschland;ENRG03;Energieträger;ENRSET;Sonstige Energieträger;512764;MWh;EKT001;Elektrizitätserzeugung (brutto);e
43311;Monatserhebung ü. Elektrizitäts- u. Wärmeerzeugung;JAHR;Jahr;2005;DINSG;Deutschland insgesamt;DG;Deutschland;ENRG03;Energieträger;ENRSET;Sonstige Energieträger;6541665;GJ;BRN001;Brennstoffeinsatz;e
43311;Monatserhebung ü. Elektrizitäts- u. Wärmeerzeugung;JAHR;Jahr;2021;DINSG;Deutschland insgesamt;DG;Deutschland;ENRG03;Energieträger;KHL-B-BRIK;Braunkohlenbriketts;.;MWh;WRM001;Nettowärmeerzeugung;
43311;Monatserhebung ü. Elektrizitäts- u. Wärmeerzeugung;JAHR;Jahr;2021;DINSG;Deutschland insgesamt;DG;Deutschland;ENRG03;Energieträger;KHL-B-BRIK;Braunkohlenbriketts;.;MWh;EKT002;Elektrizitätserzeugung (netto);
43311;Monatserhebung ü. Elektrizitäts- u. Wärmeerzeugung;JAHR;Jahr;2021;DINSG;Deutschland insgesamt;DG;Deutschland;ENRG03;Energieträger;KHL-B-BRIK;Braunkohlenbriketts;.;MWh;EKT001;Elektrizitätserzeugung (brutto);
43311;Monatserhebung ü. Elektrizitäts- u. Wärmeerzeugung;JAHR;Jahr;2021;DINSG;Deutschland insgesamt;DG;Deutschland;ENRG03;Energieträger;KHL-B-BRIK;Braunkohlenbriketts;.;GJ;BRN001;Brennstoffeinsatz;
43311;Monatserhebung ü. Elektrizitäts- u. Wärmeerzeugung;JAHR;Jahr;2014;DINSG;Deutschland insgesamt;DG;Deutschland;ENRG03;Energieträger;ENRKER;Kernenergie;-;MWh;WRM001;Nettowärmeerzeugung;
43311;Monatserhebung ü. Elektrizitäts- u. Wärmeerzeugung;JAHR;Jahr;2014;DINSG;Deutschland insgesamt;DG;Deutschland;ENRG03;Energieträger;ENRKER;Kernenergie;91800049;MWh;EKT002;Elektrizitätserzeugung (netto);e
43311;Monatserhebung ü. Elektrizitäts- u. Wärmeerzeugung;JAHR;Jahr;2014;DINSG;Deutschland insgesamt;DG;Deutschland;ENRG03;Energieträger;ENRKER;Kernenergie;97129277;MWh;EKT001;Elektrizitätserzeugung (brutto);e
43311;Monatserhebung ü. Elektrizitäts- u. Wärmeerzeugung;JAHR;Jahr;2014;DINSG;Deutschland insgesamt;DG;Deutschland;ENRG03;Energieträger;ENRKER;Kernenergie;-;GJ;BRN001;Brennstoffeinsatz;
43311;Monatserhebung ü. Elektrizitäts- u. Wärmeerzeugung;JAHR;Jahr;2023;DINSG;Deutschland insgesamt;DG;Deutschland;ENRG03;Energieträger;GAS-FL;Flüssiggas;.;MWh;WRM001;Nettowärmeerzeugung;
43311;Monatserhebung ü. Elektrizitäts- u. Wärmeerzeugung;JAHR;Jahr;2023;DINSG;Deutschland insgesamt;DG;Deutschland;ENRG03;Energieträger;GAS-FL;Flüssiggas;-;MWh;EKT002;Elektrizitätserzeugung (netto);
43311;Monatserhebung ü. Elektrizitäts- u. Wärmeerzeugung;JAHR;Jahr;2023;DINSG;Deutschland insgesamt;DG;Deutschland;ENRG03;Energieträger;GAS-FL;Flüssiggas;-;MWh;EKT001;Elektrizitätserzeugung (brutto);
43311;Monatserhebung ü. Elektrizitäts- u. Wärmeerzeugung;JAHR;Jahr;2023;DINSG;Deutschland insgesamt;DG;Deutschland;ENRG03;Energieträger;GAS-FL;Flüssiggas;.;GJ;BRN001;Brennstoffeinsatz;
43311;Monatserhebung ü. Elektrizitäts- u. Wärmeerzeugung;JAHR;Jahr;2022;DINSG;Deutschland insgesamt;DG;Deutschland;ENRG03;Energieträger;KHL-B-SONST;Sonstige Braunkohlen;-;MWh;WRM001;Nettowärmeerzeugung;
43311;Monatserhebung ü. Elektrizitäts- u. Wärmeerzeugung;JAHR;Jahr;2022;DINSG;Deutschland insgesamt;DG;Deutschland;ENRG03;Energieträger;KHL-B-SONST;Sonstige Braunkohlen;-;MWh;EKT002;Elektrizitätserzeugung (netto);
43311;Monatserhebung ü. Elektrizitäts- u. Wärmeerzeugung;JAHR;Jahr;2022;DINSG;Deutschland insgesamt;DG;Deutschland;ENRG03;Energieträger;KHL-B-SONST;Sonstige Braunkohlen;-;MWh;EKT001;Elektrizitätserzeugung (brutto);
43311;Monatserhebung ü. Elektrizitäts- u. Wärmeerzeugung;JAHR;Jahr;2022;DINSG;Deutschland insgesamt;DG;Deutschland;ENRG03;Energieträger;KHL-B-SONST;Sonstige Braunkohlen;-;GJ;BRN001;Brennstoffeinsatz;
43311;Monatserhebung ü. Elektrizitäts- u. Wärmeerzeugung;JAHR;Jahr;2013;DINSG;Deutschland insgesamt;DG;Deutschland;ENRG03;Energieträger;KLS-01;Klärschlamm;19758;MWh;WRM001;Nettowärmeerzeugung;e
43311;Monatserhebung ü. Elektrizitäts- u. Wärmeerzeugung;JAHR;Jahr;2013;DINSG;Deutschland insgesamt;DG;Deutschland;ENRG03;Energieträger;KLS-01;Klärschlamm;110496;MWh;EKT002;Elektrizitätserzeugung (netto);e
43311;Monatserhebung ü. Elektrizitäts- u. Wärmeerzeugung;JAHR;Jahr;2013;DINSG;Deutschland insgesamt;DG;Deutschland;ENRG03;Energieträger;KLS-01;Klärschlamm;120292;MWh;EKT001;Elektrizitätserzeugung (brutto);e
43311;Monatserhebung ü. Elektrizitäts- u. Wärmeerzeugung;JAHR;Jahr;2013;DINSG;Deutschland insgesamt;DG;Deutschland;ENRG03;Energieträger;KLS-01;Klärschlamm;1142083;GJ;BRN001;Brennstoffeinsatz;e
43311;Monatserhebung ü. Elektrizitäts- u. Wärmeerzeugung;JAHR;Jahr;2005;DINSG;Deutschland insgesamt;DG;Deutschland;ENRG03;Energieträger;GAS-BIO-02;Biomethan (Bioerdgas);-;MWh;WRM001;Nettowärmeerzeugung;
43311;Monatserhebung ü. Elektrizitäts- u. Wärmeerzeugung;JAHR;Jahr;2005;DINSG;Deutschland insgesamt;DG;Deutschland;ENRG03;Energieträger;GAS-BIO-02;Biomethan (Bioerdgas);-;MWh;EKT002;Elektrizitätserzeugung (netto);
43311;Monatserhebung ü. Elektrizitäts- u. Wärmeerzeugung;JAHR;Jahr;2005;DINSG;Deutschland insgesamt;DG;Deutschland;ENRG03;Energieträger;GAS-BIO-02;Biomethan (Bioerdgas);-;MWh;EKT001;Elektrizitätserzeugung (brutto);
43311;Monatserhebung ü. Elektrizitäts- u. Wärmeerzeugung;JAHR;Jahr;2005;DINSG;Deutschland insgesamt;DG;Deutschland;ENRG03;Energieträger;GAS-BIO-02;Biomethan (Bioerdgas);-;GJ;BRN001;Brennstoffeinsatz;
43311;Monatserhebung ü. Elektrizitäts- u. Wärmeerzeugung;JAHR;Jahr;2019;DINSG;Deutschland insgesamt;DG;Deutschland;ENRG03;Energieträger;KHL-B-WSK;Wirbelschichtkohle;.;MWh;WRM001;Nettowärmeerzeugung;
43311;Monatserhebung ü. Elektrizitäts- u. Wärmeerzeugung;JAHR;Jahr;2019;DINSG;Deutschland insgesamt;DG;Deutschland;ENRG03;Energieträger;KHL-B-WSK;Wirbelschichtkohle;.;MWh;EKT002;Elektrizitätserzeugung (netto);
43311;Monatserhebung ü. Elektrizitäts- u. Wärmeerzeugung;JAHR;Jahr;2019;DINSG;Deutschland insgesamt;DG;Deutschland;ENRG03;Energieträger;KHL-B-WSK;Wirbelschichtkohle;.;MWh;EKT001;Elektrizitätserzeugung (brutto);
43311;Monatserhebung ü. Elektrizitäts- u. Wärmeerzeugung;JAHR;Jahr;2019;DINSG;Deutschland insgesamt;DG;Deutschland;ENRG03;Energieträger;KHL-B-WSK;Wirbelschichtkohle;.;GJ;BRN001;Brennstoffeinsatz;
43311;Monatserhebung ü. Elektrizitäts- u. Wärmeerzeugung;JAHR;Jahr;2006;DINSG;Deutschland insgesamt;DG;Deutschland;ENRG03;Energieträger;KHL-B-KOKS;Braunkohlenkoks;397;MWh;WRM001;Nettowärmeerzeugung;e
43311;Monatserhebung ü. Elektrizitäts- u. Wärmeerzeugung;JAHR;Jahr;2006;DINSG;Deutschland insgesamt;DG;Deutschland;ENRG03;Energieträger;KHL-B-KOKS;Braunkohlenkoks;1875;MWh;EKT002;Elektrizitätserzeugung (netto);e
43311;Monatserhebung ü. Elektrizitäts- u. Wärmeerzeugung;JAHR;Jahr;2006;DINSG;Deutschland insgesamt;DG;Deutschland;ENRG03;Energieträger;KHL-B-KOKS;Braunkohlenkoks;2571;MWh;EKT001;Elektrizitätserzeugung (brutto);e
43311;Monatserhebung ü. Elektrizitäts- u. Wärmeerzeugung;JAHR;Jahr;2006;DINSG;Deutschland insgesamt;DG;Deutschland;ENRG03;Energieträger;KHL-B-KOKS;Braunkohlenkoks;63508;GJ;BRN001;Brennstoffeinsatz;e
43311;Monatserhebung ü. Elektrizitäts- u. Wärmeerzeugung;JAHR;Jahr;2024;DINSG;Deutschland insgesamt;DG;Deutschland;ENRG03;Energieträger;OEL-H-L-01;Heizöl, leicht;332861;MWh;WRM001;Nettowärmeerzeugung;e
43311;Monatserhebung ü. Elektrizitäts- u. Wärmeerzeugung;JAHR;Jahr;2024;DINSG;Deutschland insgesamt;DG;Deutschland;ENRG03;Energieträger;OEL-H-L-01;Heizöl, leicht;522879;MWh;EKT002;Elektrizitätserzeugung (netto);e
43311;Monatserhebung ü. Elektrizitäts- u. Wärmeerzeugung;JAHR;Jahr;2024;DINSG;Deutschland insgesamt;DG;Deutschland;ENRG03;Energieträger;OEL-H-L-01;Heizöl, leicht;571400;MWh;EKT001;Elektrizitätserzeugung (brutto);e
43311;Monatserhebung ü. Elektrizitäts- u. Wärmeerzeugung;JAHR;Jahr;2024;DINSG;Deutschland insgesamt;DG;Deutschland;ENRG03;Energieträger;OEL-H-L-01;Heizöl, leicht;7029363;GJ;BRN001;Brennstoffeinsatz;e
43311;Monatserhebung ü. Elektrizitäts- u. Wärmeerzeugung;JAHR;Jahr;2011;DINSG;Deutschland insgesamt;DG;Deutschland;ENRG03;Energieträger;OEL-SONST;Sonstige Mineralölprodukte;25598;MWh;WRM001;Nettowärmeerzeugung;e
43311;Monatserhebung ü. Elektrizitäts- u. Wärmeerzeugung;JAHR;Jahr;2011;DINSG;Deutschland insgesamt;DG;Deutschland;ENRG03;Energieträger;OEL-SONST;Sonstige Mineralölprodukte;729249;MWh;EKT002;Elektrizitätserzeugung (netto);e
43311;Monatserhebung ü. Elektrizitäts- u. Wärmeerzeugung;JAHR;Jahr;2011;DINSG;Deutschland insgesamt;DG;Deutschland;ENRG03;Energieträger;OEL-SONST;Sonstige Mineralölprodukte;800128;MWh;EKT001;Elektrizitätserzeugung (brutto);e
43311;Monatserhebung ü. Elektrizitäts- u. Wärmeerzeugung;JAHR;Jahr;2011;DINSG;Deutschland insgesamt;DG;Deutschland;ENRG03;Energieträger;OEL-SONST;Sonstige Mineralölprodukte;7034621;GJ;BRN001;Brennstoffeinsatz;e
43311;Monatserhebung ü. Elektrizitäts- u. Wärmeerzeugung;JAHR;Jahr;2019;DINSG;Deutschland insgesamt;DG;Deutschland;ENRG03;Energieträger;BIO-F-01;Feste biogene Stoffe;5258265;MWh;WRM001;Nettowärmeerzeugung;e
43311;Monatserhebung ü. Elektrizitäts- u. Wärmeerzeugung;JAHR;Jahr;2019;DINSG;Deutschland insgesamt;DG;Deutschland;ENRG03;Energieträger;BIO-F-01;Feste biogene Stoffe;4365482;MWh;EKT002;Elektrizitätserzeugung (netto);e
43311;Monatserhebung ü. Elektrizitäts- u. Wärmeerzeugung;JAHR;Jahr;2019;DINSG;Deutschland insgesamt;DG;Deutschland;ENRG03;Energieträger;BIO-F-01;Feste biogene Stoffe;4895422;MWh;EKT001;Elektrizitätserzeugung (brutto);e
43311;Monatserhebung ü. Elektrizitäts- u. Wärmeerzeugung;JAHR;Jahr;2019;DINSG;Deutschland insgesamt;DG;Deutschland;ENRG03;Energieträger;BIO-F-01;Feste biogene Stoffe;76078687;GJ;BRN001;Brennstoffeinsatz;e
43311;Monatserhebung ü. Elektrizitäts- u. Wärmeerzeugung;JAHR;Jahr;2004;DINSG;Deutschland insgesamt;DG;Deutschland;ENRG03;Energieträger;GAS-DEP;Deponiegas;67850;MWh;WRM001;Nettowärmeerzeugung;e
43311;Monatserhebung ü. Elektrizitäts- u. Wärmeerzeugung;JAHR;Jahr;2004;DINSG;Deutschland insgesamt;DG;Deutschland;ENRG03;Energieträger;GAS-DEP;Deponiegas;180303;MWh;EKT002;Elektrizitätserzeugung (netto);e
43311;Monatserhebung ü. Elektrizitäts- u. Wärmeerzeugung;JAHR;Jahr;2004;DINSG;Deutschland insgesamt;DG;Deutschland;ENRG03;Energieträger;GAS-DEP;Deponiegas;184202;MWh;EKT001;Elektrizitätserzeugung (brutto);e
43311;Monatserhebung ü. Elektrizitäts- u. Wärmeerzeugung;JAHR;Jahr;2004;DINSG;Deutschland insgesamt;DG;Deutschland;ENRG03;Energieträger;GAS-DEP;Deponiegas;1417891;GJ;BRN001;Brennstoffeinsatz;e
43311;Monatserhebung ü. Elektrizitäts- u. Wärmeerzeugung;JAHR;Jahr;2015;DINSG;Deutschland insgesamt;DG;Deutschland;ENRG03;Energieträger;WAS-PSP-02;Pumpspeicher mit natürlichem Zufluss;-;MWh;WRM001;Nettowärmeerzeugung;
43311;Monatserhebung ü. Elektrizitäts- u. Wärmeerzeugung;JAHR;Jahr;2015;DINSG;Deutschland insgesamt;DG;Deutschland;ENRG03;Energieträger;WAS-PSP-02;Pumpspeicher mit natürlichem Zufluss;446544;MWh;EKT002;Elektrizitätserzeugung (netto);e
43311;Monatserhebung ü. Elektrizitäts- u. Wärmeerzeugung;JAHR;Jahr;2015;DINSG;Deutschland insgesamt;DG;Deutschland;ENRG03;Energieträger;WAS-PSP-02;Pumpspeicher mit natürlichem Zufluss;466343;MWh;EKT001;Elektrizitätserzeugung (brutto);e
43311;Monatserhebung ü. Elektrizitäts- u. Wärmeerzeugung;JAHR;Jahr;2015;DINSG;Deutschland insgesamt;DG;Deutschland;ENRG03;Energieträger;WAS-PSP-02;Pumpspeicher mit natürlichem Zufluss;-;GJ;BRN001;Brennstoffeinsatz;
43311;Monatserhebung ü. Elektrizitäts- u. Wärmeerzeugung;JAHR;Jahr;2003;DINSG;Deutschland insgesamt;DG;Deutschland;ENRG03;Energieträger;WRM-02;Wärmepumpen (Erd- und Umweltwärme);-;MWh;WRM001;Nettowärmeerzeugung;
43311;Monatserhebung ü. Elektrizitäts- u. Wärmeerzeugung;JAHR;Jahr;2003;DINSG;Deutschland insgesamt;DG;Deutschland;ENRG03;Energieträger;WRM-02;Wärmepumpen (Erd- und Umweltwärme);-;MWh;EKT002;Elektrizitätserzeugung (netto);
43311;Monatserhebung ü. Elektrizitäts- u. Wärmeerzeugung;JAHR;Jahr;2003;DINSG;Deutschland insgesamt;DG;Deutschland;ENRG03;Energieträger;WRM-02;Wärmepumpen (Erd- und Umweltwärme);-;MWh;EKT001;Elektrizitätserzeugung (brutto);
43311;Monatserhebung ü. Elektrizitäts- u. Wärmeerzeugung;JAHR;Jahr;2003;DINSG;Deutschland insgesamt;DG;Deutschland;ENRG03;Energieträger;WRM-02;Wärmepumpen (Erd- und Umweltwärme);-;GJ;BRN001;Brennstoffeinsatz;
43311;Monatserhebung ü. Elektrizitäts- u. Wärmeerzeugung;JAHR;Jahr;2023;DINSG;Deutschland insgesamt;DG;Deutschland;ENRG03;Energieträger;PHOTO-01;Photovoltaik;-;MWh;WRM001;Nettowärmeerzeugung;
43311;Monatserhebung ü. Elektrizitäts- u. Wärmeerzeugung;JAHR;Jahr;2023;DINSG;Deutschland insgesamt;DG;Deutschland;ENRG03;Energieträger;PHOTO-01;Photovoltaik;-;MWh;EKT002;Elektrizitätserzeugung (netto);
43311;Monatserhebung ü. Elektrizitäts- u. Wärmeerzeugung;JAHR;Jahr;2023;DINSG;Deutschland insgesamt;DG;Deutschland;ENRG03;Energieträger;PHOTO-01;Photovoltaik;-;MWh;EKT001;Elektrizitätserzeugung (brutto);
43311;Monatserhebung ü. Elektrizitäts- u. Wärmeerzeugung;JAHR;Jahr;2023;DINSG;Deutschland insgesamt;DG;Deutschland;ENRG03;Energieträger;PHOTO-01;Photovoltaik;-;GJ;BRN001;Brennstoffeinsatz;
43311;Monatserhebung ü. Elektrizitäts- u. Wärmeerzeugung;JAHR;Jahr;2010;DINSG;Deutschland insgesamt;DG;Deutschland;ENRG03;Energieträger;KHL-S-KWS;Kohlenwertstoffe aus Steinkohle;-;MWh;WRM001;Nettowärmeerzeugung;
43311;Monatserhebung ü. Elektrizitäts- u. Wärmeerzeugung;JAHR;Jahr;2010;DINSG;Deutschland insgesamt;DG;Deutschland;ENRG03;Energieträger;KHL-S-KWS;Kohlenwertstoffe aus Steinkohle;-;MWh;EKT002;Elektrizitätserzeugung (netto);
43311;Monatserhebung ü. Elektrizitäts- u. Wärmeerzeugung;JAHR;Jahr;2010;DINSG;Deutschland insgesamt;DG;Deutschland;ENRG03;Energieträger;KHL-S-KWS;Kohlenwertstoffe aus Steinkohle;-;MWh;EKT001;Elektrizitätserzeugung (brutto);
43311;Monatserhebung ü. Elektrizitäts- u. Wärmeerzeugung;JAHR;Jahr;2010;DINSG;Deutschland insgesamt;DG;Deutschland;ENRG03;Energieträger;KHL-S-KWS;Kohlenwertstoffe aus Steinkohle;-;GJ;BRN001;Brennstoffeinsatz;
43311;Monatserhebung ü. Elektrizitäts- u. Wärmeerzeugung;JAHR;Jahr;2012;DINSG;Deutschland insgesamt;DG;Deutschland;ENRG03;Energieträger;WRM-01;Wärme;768815;MWh;WRM001;Nettowärmeerzeugung;e
43311;Monatserhebung ü. Elektrizitäts- u. Wärmeerzeugung;JAHR;Jahr;2012;DINSG;Deutschland insgesamt;DG;Deutschland;ENRG03;Energieträger;WRM-01;Wärme;305705;MWh;EKT002;Elektrizitätserzeugung (netto);e
43311;Monatserhebung ü. Elektrizitäts- u. Wärmeerzeugung;JAHR;Jahr;2012;DINSG;Deutschland insgesamt;DG;Deutschland;ENRG03;Energieträger;WRM-01;Wärme;316685;MWh;EKT001;Elektrizitätserzeugung (brutto);e
43311;Monatserhebung ü. Elektrizitäts- u. Wärmeerzeugung;JAHR;Jahr;2012;DINSG;Deutschland insgesamt;DG;Deutschland;ENRG03;Energieträger;WRM-01;Wärme;6356869;GJ;BRN001;Brennstoffeinsatz;p
43311;Monatserhebung ü. Elektrizitäts- u. Wärmeerzeugung;JAHR;Jahr;2019;DINSG;Deutschland insgesamt;DG;Deutschland;ENRG03;Energieträger;GAS-H2;Wasserstoff;.;MWh;WRM001;Nettowärmeerzeugung;
43311;Monatserhebung ü. Elektrizitäts- u. Wärmeerzeugung;JAHR;Jahr;2019;DINSG;Deutschland insgesamt;DG;Deutschland;ENRG03;Energieträger;GAS-H2;Wasserstoff;.;MWh;EKT002;Elektrizitätserzeugung (netto);
43311;Monatserhebung ü. Elektrizitäts- u. Wärmeerzeugung;JAHR;Jahr;2019;DINSG;Deutschland insgesamt;DG;Deutschland;ENRG03;Energieträger;GAS-H2;Wasserstoff;.;MWh;EKT001;Elektrizitätserzeugung (brutto);
43311;Monatserhebung ü. Elektrizitäts- u. Wärmeerzeugung;JAHR;Jahr;2019;DINSG;Deutschland insgesamt;DG;Deutschland;ENRG03;Energieträger;GAS-H2;Wasserstoff;.;GJ;BRN001;Brennstoffeinsatz;
43311;Monatserhebung ü. Elektrizitäts- u. Wärmeerzeugung;JAHR;Jahr;2004;DINSG;Deutschland insgesamt;DG;Deutschland;ENRG03;Energieträger;KHL-B-BRIK;Braunkohlenbriketts;174804;MWh;WRM001;Nettowärmeerzeugung;e
43311;Monatserhebung ü. Elektrizitäts- u. Wärmeerzeugung;JAHR;Jahr;2004;DINSG;Deutschland insgesamt;DG;Deutschland;ENRG03;Energieträger;KHL-B-BRIK;Braunkohlenbriketts;27374;MWh;EKT002;Elektrizitätserzeugung (netto);e
43311;Monatserhebung ü. Elektrizitäts- u. Wärmeerzeugung;JAHR;Jahr;2004;DINSG;Deutschland insgesamt;DG;Deutschland;ENRG03;Energieträger;KHL-B-BRIK;Braunkohlenbriketts;32241;MWh;EKT001;Elektrizitätserzeugung (brutto);e
43311;Monatserhebung ü. Elektrizitäts- u. Wärmeerzeugung;JAHR;Jahr;2004;DINSG;Deutschland insgesamt;DG;Deutschland;ENRG03;Energieträger;KHL-B-BRIK;Braunkohlenbriketts;964518;GJ;BRN001;Brennstoffeinsatz;e
43311;Monatserhebung ü. Elektrizitäts- u. Wärmeerzeugung;JAHR;Jahr;2018;DINSG;Deutschland insgesamt;DG;Deutschland;ENRG03;Energieträger;KHL-B-HART;Hartbraunkohlen;.;MWh;WRM001;Nettowärmeerzeugung;
43311;Monatserhebung ü. Elektrizitäts- u. Wärmeerzeugung;JAHR;Jahr;2018;DINSG;Deutschland insgesamt;DG;Deutschland;ENRG03;Energieträger;KHL-B-HART;Hartbraunkohlen;.;MWh;EKT002;Elektrizitätserzeugung (netto);
43311;Monatserhebung ü. Elektrizitäts- u. Wärmeerzeugung;JAHR;Jahr;2018;DINSG;Deutschland insgesamt;DG;Deutschland;ENRG03;Energieträger;KHL-B-HART;Hartbraunkohlen;.;MWh;EKT001;Elektrizitätserzeugung (brutto);
43311;Monatserhebung ü. Elektrizitäts- u. Wärmeerzeugung;JAHR;Jahr;2018;DINSG;Deutschland insgesamt;DG;Deutschland;ENRG03;Energieträger;KHL-B-HART;Hartbraunkohlen;.;GJ;BRN001;Brennstoffeinsatz;
43311;Monatserhebung ü. Elektrizitäts- u. Wärmeerzeugung;JAHR;Jahr;2009;DINSG;Deutschland insgesamt;DG;Deutschland;ENRG03;Energieträger;GEOTH-01;Geothermie;44074;MWh;WRM001;Nettowärmeerzeugung;e
43311;Monatserhebung ü. Elektrizitäts- u. Wärmeerzeugung;JAHR;Jahr;2009;DINSG;Deutschland insgesamt;DG;Deutschland;ENRG03;Energieträger;GEOTH-01;Geothermie;9482;MWh;EKT002;Elektrizitätserzeugung (netto);e
43311;Monatserhebung ü. Elektrizitäts- u. Wärmeerzeugung;JAHR;Jahr;2009;DINSG;Deutschland insgesamt;DG;Deutschland;ENRG03;Energieträger;GEOTH-01;Geothermie;13552;MWh;EKT001;Elektrizitätserzeugung (brutto);e
43311;Monatserhebung ü. Elektrizitäts- u. Wärmeerzeugung;JAHR;Jahr;2009;DINSG;Deutschland insgesamt;DG;Deutschland;ENRG03;Energieträger;GEOTH-01;Geothermie;-;GJ;BRN001;Brennstoffeinsatz;
43311;Monatserhebung ü. Elektrizitäts- u. Wärmeerzeugung;JAHR;Jahr;2019;DINSG;Deutschland insgesamt;DG;Deutschland;ENRG03;Energieträger;WAS-PSP-01;Pumpspeicherwasser;-;MWh;WRM001;Nettowärmeerzeugung;
43311;Monatserhebung ü. Elektrizitäts- u. Wärmeerzeugung;JAHR;Jahr;2019;DINSG;Deutschland insgesamt;DG;Deutschland;ENRG03;Energieträger;WAS-PSP-01;Pumpspeicherwasser;-;MWh;EKT002;Elektrizitätserzeugung (netto);
43311;Monatserhebung ü. Elektrizitäts- u. Wärmeerzeugung;JAHR;Jahr;2019;DINSG;Deutschland insgesamt;DG;Deutschland;ENRG03;Energieträger;WAS-PSP-01;Pumpspeicherwasser;-;MWh;EKT001;Elektrizitätserzeugung (brutto);
43311;Monatserhebung ü. Elektrizitäts- u. Wärmeerzeugung;JAHR;Jahr;2019;DINSG;Deutschland insgesamt;DG;Deutschland;ENRG03;Energieträger;WAS-PSP-01;Pumpspeicherwasser;-;GJ;BRN001;Brennstoffeinsatz;
43311;Monatserhebung ü. Elektrizitäts- u. Wärmeerzeugung;JAHR;Jahr;2024;DINSG;Deutschland insgesamt;DG;Deutschland;ENRG03;Energieträger;BIO-F-01;Feste biogene Stoffe;5876531;MWh;WRM001;Nettowärmeerzeugung;e
43311;Monatserhebung ü. Elektrizitäts- u. Wärmeerzeugung;JAHR;Jahr;2024;DINSG;Deutschland insgesamt;DG;Deutschland;ENRG03;Energieträger;BIO-F-01;Feste biogene Stoffe;4074440;MWh;EKT002;Elektrizitätserzeugung (netto);e
43311;Monatserhebung ü. Elektrizitäts- u. Wärmeerzeugung;JAHR;Jahr;2024;DINSG;Deutschland insgesamt;DG;Deutschland;ENRG03;Energieträger;BIO-F-01;Feste biogene Stoffe;4591251;MWh;EKT001;Elektrizitätserzeugung (brutto);e
43311;Monatserhebung ü. Elektrizitäts- u. Wärmeerzeugung;JAHR;Jahr;2024;DINSG;Deutschland insgesamt;DG;Deutschland;ENRG03;Energieträger;BIO-F-01;Feste biogene Stoffe;72989736;GJ;BRN001;Brennstoffeinsatz;e
43311;Monatserhebung ü. Elektrizitäts- u. Wärmeerzeugung;JAHR;Jahr;2012;DINSG;Deutschland insgesamt;DG;Deutschland;ENRG03;Energieträger;DIESEL-01;Dieselkraftstoff;-;MWh;WRM001;Nettowärmeerzeugung;
43311;Monatserhebung ü. Elektrizitäts- u. Wärmeerzeugung;JAHR;Jahr;2012;DINSG;Deutschland insgesamt;DG;Deutschland;ENRG03;Energieträger;DIESEL-01;Dieselkraftstoff;1933;MWh;EKT002;Elektrizitätserzeugung (netto);e
43311;Monatserhebung ü. Elektrizitäts- u. Wärmeerzeugung;JAHR;Jahr;2012;DINSG;Deutschland insgesamt;DG;Deutschland;ENRG03;Energieträger;DIESEL-01;Dieselkraftstoff;2021;MWh;EKT001;Elektrizitätserzeugung (brutto);e
43311;Monatserhebung ü. Elektrizitäts- u. Wärmeerzeugung;JAHR;Jahr;2012;DINSG;Deutschland insgesamt;DG;Deutschland;ENRG03;Energieträger;DIESEL-01;Dieselkraftstoff;25501;GJ;BRN001;Brennstoffeinsatz;e
43311;Monatserhebung ü. Elektrizitäts- u. Wärmeerzeugung;JAHR;Jahr;2018;DINSG;Deutschland insgesamt;DG;Deutschland;ENRG03;Energieträger;PHOTO-01;Photovoltaik;-;MWh;WRM001;Nettowärmeerzeugung;
43311;Monatserhebung ü. Elektrizitäts- u. Wärmeerzeugung;JAHR;Jahr;2018;DINSG;Deutschland insgesamt;DG;Deutschland;ENRG03;Energieträger;PHOTO-01;Photovoltaik;-;MWh;EKT002;Elektrizitätserzeugung (netto);
43311;Monatserhebung ü. Elektrizitäts- u. Wärmeerzeugung;JAHR;Jahr;2018;DINSG;Deutschland insgesamt;DG;Deutschland;ENRG03;Energieträger;PHOTO-01;Photovoltaik;-;MWh;EKT001;Elektrizitätserzeugung (brutto);
43311;Monatserhebung ü. Elektrizitäts- u. Wärmeerzeugung;JAHR;Jahr;2018;DINSG;Deutschland insgesamt;DG;Deutschland;ENRG03;Energieträger;PHOTO-01;Photovoltaik;-;GJ;BRN001;Brennstoffeinsatz;
43311;Monatserhebung ü. Elektrizitäts- u. Wärmeerzeugung;JAHR;Jahr;2015;DINSG;Deutschland insgesamt;DG;Deutschland;ENRG03;Energieträger;KHL-S-01;Steinkohlen;30636247;MWh;WRM001;Nettowärmeerzeugung;e
43311;Monatserhebung ü. Elektrizitäts- u. Wärmeerzeugung;JAHR;Jahr;2015;DINSG;Deutschland insgesamt;DG;Deutschland;ENRG03;Energieträger;KHL-S-01;Steinkohlen;106207512;MWh;EKT002;Elektrizitätserzeugung (netto);e
43311;Monatserhebung ü. Elektrizitäts- u. Wärmeerzeugung;JAHR;Jahr;2015;DINSG;Deutschland insgesamt;DG;Deutschland;ENRG03;Energieträger;KHL-S-01;Steinkohlen;116802799;MWh;EKT001;Elektrizitätserzeugung (brutto);e
43311;Monatserhebung ü. Elektrizitäts- u. Wärmeerzeugung;JAHR;Jahr;2015;DINSG;Deutschland insgesamt;DG;Deutschland;ENRG03;Energieträger;KHL-S-01;Steinkohlen;1085666523;GJ;BRN001;Brennstoffeinsatz;e
43311;Monatserhebung ü. Elektrizitäts- u. Wärmeerzeugung;JAHR;Jahr;2006;DINSG;Deutschland insgesamt;DG;Deutschland;ENRG03;Energieträger;GAS-KL;Klärgas;27681;MWh;WRM001;Nettowärmeerzeugung;e
43311;Monatserhebung ü. Elektrizitäts- u. Wärmeerzeugung;JAHR;Jahr;2006;DINSG;Deutschland insgesamt;DG;Deutschland;ENRG03;Energieträger;GAS-KL;Klärgas;24227;MWh;EKT002;Elektrizitätserzeugung (netto);e
43311;Monatserhebung ü. Elektrizitäts- u. Wärmeerzeugung;JAHR;Jahr;2006;DINSG;Deutschland insgesamt;DG;Deutschland;ENRG03;Energieträger;GAS-KL;Klärgas;25047;MWh;EKT001;Elektrizitätserzeugung (brutto);e
43311;Monatserhebung ü. Elektrizitäts- u. Wärmeerzeugung;JAHR;Jahr;2006;DINSG;Deutschland insgesamt;DG;Deutschland;ENRG03;Energieträger;GAS-KL;Klärgas;370509;GJ;BRN001;Brennstoffeinsatz;e
43311;Monatserhebung ü. Elektrizitäts- u. Wärmeerzeugung;JAHR;Jahr;2021;DINSG;Deutschland insgesamt;DG;Deutschland;ENRG03;Energieträger;KHL-B-ROH;Rohbraunkohlen;7070451;MWh;WRM001;Nettowärmeerzeugung;e
43311;Monatserhebung ü. Elektrizitäts- u. Wärmeerzeugung;JAHR;Jahr;2021;DINSG;Deutschland insgesamt;DG;Deutschland;ENRG03;Energieträger;KHL-B-ROH;Rohbraunkohlen;99369899;MWh;EKT002;Elektrizitätserzeugung (netto);e
43311;Monatserhebung ü. Elektrizitäts- u. Wärmeerzeugung;JAHR;Jahr;2021;DINSG;Deutschland insgesamt;DG;Deutschland;ENRG03;Energieträger;KHL-B-ROH;Rohbraunkohlen;107136315;MWh;EKT001;Elektrizitätserzeugung (brutto);e
43311;Monatserhebung ü. Elektrizitäts- u. Wärmeerzeugung;JAHR;Jahr;2021;DINSG;Deutschland insgesamt;DG;Deutschland;ENRG03;Energieträger;KHL-B-ROH;Rohbraunkohlen;995763422;GJ;BRN001;Brennstoffeinsatz;e
43311;Monatserhebung ü. Elektrizitäts- u. Wärmeerzeugung;JAHR;Jahr;2017;DINSG;Deutschland insgesamt;DG;Deutschland;ENRG03;Energieträger;KHL-S-BRIK;Steinkohlenbriketts;-;MWh;WRM001;Nettowärmeerzeugung;
43311;Monatserhebung ü. Elektrizitäts- u. Wärmeerzeugung;JAHR;Jahr;2017;DINSG;Deutschland insgesamt;DG;Deutschland;ENRG03;Energieträger;KHL-S-BRIK;Steinkohlenbriketts;-;MWh;EKT002;Elektrizitätserzeugung (netto);
43311;Monatserhebung ü. Elektrizitäts- u. Wärmeerzeugung;JAHR;Jahr;2017;DINSG;Deutschland insgesamt;DG;Deutschland;ENRG03;Energieträger;KHL-S-BRIK;Steinkohlenbriketts;-;MWh;EKT001;Elektrizitätserzeugung (brutto);
43311;Monatserhebung ü. Elektrizitäts- u. Wärmeerzeugung;JAHR;Jahr;2017;DINSG;Deutschland insgesamt;DG;Deutschland;ENRG03;Energieträger;KHL-S-BRIK;Steinkohlenbriketts;-;GJ;BRN001;Brennstoffeinsatz;
43311;Monatserhebung ü. Elektrizitäts- u. Wärmeerzeugung;JAHR;Jahr;2010;DINSG;Deutschland insgesamt;DG;Deutschland;ENRG03;Energieträger;WAS-SP-01;Speicherwasser;-;MWh;WRM001;Nettowärmeerzeugung;
43311;Monatserhebung ü. Elektrizitäts- u. Wärmeerzeugung;JAHR;Jahr;2010;DINSG;Deutschland insgesamt;DG;Deutschland;ENRG03;Energieträger;WAS-SP-01;Speicherwasser;691834;MWh;EKT002;Elektrizitätserzeugung (netto);e
43311;Monatserhebung ü. Elektrizitäts- u. Wärmeerzeugung;JAHR;Jahr;2010;DINSG;Deutschland insgesamt;DG;Deutschland;ENRG03;Energieträger;WAS-SP-01;Speicherwasser;699252;MWh;EKT001;Elektrizitätserzeugung (brutto);e
43311;Monatserhebung ü. Elektrizitäts- u. Wärmeerzeugung;JAHR;Jahr;2010;DINSG;Deutschland insgesamt;DG;Deutschland;ENRG03;Energieträger;WAS-SP-01;Speicherwasser;-;GJ;BRN001;Brennstoffeinsatz;
43311;Monatserhebung ü. Elektrizitäts- u. Wärmeerzeugung;JAHR;Jahr;2010;DINSG;Deutschland insgesamt;DG;Deutschland;ENRG03;Energieträger;GAS-H2;Wasserstoff;-;MWh;WRM001;Nettowärmeerzeugung;
43311;Monatserhebung ü. Elektrizitäts- u. Wärmeerzeugung;JAHR;Jahr;2010;DINSG;Deutschland insgesamt;DG;Deutschland;ENRG03;Energieträger;GAS-H2;Wasserstoff;-;MWh;EKT002;Elektrizitätserzeugung (netto);
43311;Monatserhebung ü. Elektrizitäts- u. Wärmeerzeugung;JAHR;Jahr;2010;DINSG;Deutschland insgesamt;DG;Deutschland;ENRG03;Energieträger;GAS-H2;Wasserstoff;-;MWh;EKT001;Elektrizitätserzeugung (brutto);
43311;Monatserhebung ü. Elektrizitäts- u. Wärmeerzeugung;JAHR;Jahr;2010;DINSG;Deutschland insgesamt;DG;Deutschland;ENRG03;Energieträger;GAS-H2;Wasserstoff;-;GJ;BRN001;Brennstoffeinsatz;
43311;Monatserhebung ü. Elektrizitäts- u. Wärmeerzeugung;JAHR;Jahr;2012;DINSG;Deutschland insgesamt;DG;Deutschland;ENRG03;Energieträger;SOLTH-01;Solarthermie;-;MWh;WRM001;Nettowärmeerzeugung;
43311;Monatserhebung ü. Elektrizitäts- u. Wärmeerzeugung;JAHR;Jahr;2012;DINSG;Deutschland insgesamt;DG;Deutschland;ENRG03;Energieträger;SOLTH-01;Solarthermie;-;MWh;EKT002;Elektrizitätserzeugung (netto);
43311;Monatserhebung ü. Elektrizitäts- u. Wärmeerzeugung;JAHR;Jahr;2012;DINSG;Deutschland insgesamt;DG;Deutschland;ENRG03;Energieträger;SOLTH-01;Solarthermie;-;MWh;EKT001;Elektrizitätserzeugung (brutto);
43311;Monatserhebung ü. Elektrizitäts- u. Wärmeerzeugung;JAHR;Jahr;2012;DINSG;Deutschland insgesamt;DG;Deutschland;ENRG03;Energieträger;SOLTH-01;Solarthermie;-;GJ;BRN001;Brennstoffeinsatz;
43311;Monatserhebung ü. Elektrizitäts- u. Wärmeerzeugung;JAHR;Jahr;2017;DINSG;Deutschland insgesamt;DG;Deutschland;ENRG03;Energieträger;KHL-B-ROH;Rohbraunkohlen;8203535;MWh;WRM001;Nettowärmeerzeugung;e
43311;Monatserhebung ü. Elektrizitäts- u. Wärmeerzeugung;JAHR;Jahr;2017;DINSG;Deutschland insgesamt;DG;Deutschland;ENRG03;Energieträger;KHL-B-ROH;Rohbraunkohlen;133983238;MWh;EKT002;Elektrizitätserzeugung (netto);e
43311;Monatserhebung ü. Elektrizitäts- u. Wärmeerzeugung;JAHR;Jahr;2017;DINSG;Deutschland insgesamt;DG;Deutschland;ENRG03;Energieträger;KHL-B-ROH;Rohbraunkohlen;144182920;MWh;EKT001;Elektrizitätserzeugung (brutto);e
43311;Monatserhebung ü. Elektrizitäts- u. Wärmeerzeugung;JAHR;Jahr;2017;DINSG;Deutschland insgesamt;DG;Deutschland;ENRG03;Energieträger;KHL-B-ROH;Rohbraunkohlen;1349075685;GJ;BRN001;Brennstoffeinsatz;e
43311;Monatserhebung ü. Elektrizitäts- u. Wärmeerzeugung;JAHR;Jahr;2012;DINSG;Deutschland insgesamt;DG;Deutschland;ENRG03;Energieträger;GAS-RAF;Raffineriegas;-;MWh;WRM001;Nettowärmeerzeugung;
43311;Monatserhebung ü. Elektrizitäts- u. Wärmeerzeugung;JAHR;Jahr;2012;DINSG;Deutschland insgesamt;DG;Deutschland;ENRG03;Energieträger;GAS-RAF;Raffineriegas;-;MWh;EKT002;Elektrizitätserzeugung (netto);
43311;Monatserhebung ü. Elektrizitäts- u. Wärmeerzeugung;JAHR;Jahr;2012;DINSG;Deutschland insgesamt;DG;Deutschland;ENRG03;Energieträger;GAS-RAF;Raffineriegas;-;MWh;EKT001;Elektrizitätserzeugung (brutto);
43311;Monatserhebung ü. Elektrizitäts- u. Wärmeerzeugung;JAHR;Jahr;2012;DINSG;Deutschland insgesamt;DG;Deutschland;ENRG03;Energieträger;GAS-RAF;Raffineriegas;-;GJ;BRN001;Brennstoffeinsatz;
43311;Monatserhebung ü. Elektrizitäts- u. Wärmeerzeugung;JAHR;Jahr;2013;DINSG;Deutschland insgesamt;DG;Deutschland;ENRG03;Energieträger;GAS-GRUB;Grubengas;68069;MWh;WRM001;Nettowärmeerzeugung;e
43311;Monatserhebung ü. Elektrizitäts- u. Wärmeerzeugung;JAHR;Jahr;2013;DINSG;Deutschland insgesamt;DG;Deutschland;ENRG03;Energieträger;GAS-GRUB;Grubengas;322908;MWh;EKT002;Elektrizitätserzeugung (netto);e
43311;Monatserhebung ü. Elektrizitäts- u. Wärmeerzeugung;JAHR;Jahr;2013;DINSG;Deutschland insgesamt;DG;Deutschland;ENRG03;Energieträger;GAS-GRUB;Grubengas;326578;MWh;EKT001;Elektrizitätserzeugung (brutto);e
43311;Monatserhebung ü. Elektrizitäts- u. Wärmeerzeugung;JAHR;Jahr;2013;DINSG;Deutschland insgesamt;DG;Deutschland;ENRG03;Energieträger;GAS-GRUB;Grubengas;.;GJ;BRN001;Brennstoffeinsatz;
43311;Monatserhebung ü. Elektrizitäts- u. Wärmeerzeugung;JAHR;Jahr;2010;DINSG;Deutschland insgesamt;DG;Deutschland;ENRG03;Energieträger;WAS-PSP-03;Pumpspeicher ohne natürlichen Zufluss;-;MWh;WRM001;Nettowärmeerzeugung;
43311;Monatserhebung ü. Elektrizitäts- u. Wärmeerzeugung;JAHR;Jahr;2010;DINSG;Deutschland insgesamt;DG;Deutschland;ENRG03;Energieträger;WAS-PSP-03;Pumpspeicher ohne natürlichen Zufluss;-;MWh;EKT002;Elektrizitätserzeugung (netto);
43311;Monatserhebung ü. Elektrizitäts- u. Wärmeerzeugung;JAHR;Jahr;2010;DINSG;Deutschland insgesamt;DG;Deutschland;ENRG03;Energieträger;WAS-PSP-03;Pumpspeicher ohne natürlichen Zufluss;-;MWh;EKT001;Elektrizitätserzeugung (brutto);
43311;Monatserhebung ü. Elektrizitäts- u. Wärmeerzeugung;JAHR;Jahr;2010;DINSG;Deutschland insgesamt;DG;Deutschland;ENRG03;Energieträger;WAS-PSP-03;Pumpspeicher ohne natürlichen Zufluss;-;GJ;BRN001;Brennstoffeinsatz;
43311;Monatserhebung ü. Elektrizitäts- u. Wärmeerzeugung;JAHR;Jahr;2019;DINSG;Deutschland insgesamt;DG;Deutschland;ENRG03;Energieträger;;Insgesamt;106759930;MWh;WRM001;Nettowärmeerzeugung;e
43311;Monatserhebung ü. Elektrizitäts- u. Wärmeerzeugung;JAHR;Jahr;2019;DINSG;Deutschland insgesamt;DG;Deutschland;ENRG03;Energieträger;;Insgesamt;311088543;MWh;EKT002;Elektrizitätserzeugung (netto);e
43311;Monatserhebung ü. Elektrizitäts- u. Wärmeerzeugung;JAHR;Jahr;2019;DINSG;Deutschland insgesamt;DG;Deutschland;ENRG03;Energieträger;;Insgesamt;333450753;MWh;EKT001;Elektrizitätserzeugung (brutto);e
43311;Monatserhebung ü. Elektrizitäts- u. Wärmeerzeugung;JAHR;Jahr;2019;DINSG;Deutschland insgesamt;DG;Deutschland;ENRG03;Energieträger;;Insgesamt;2409911505;GJ;BRN001;Brennstoffeinsatz;e
43311;Monatserhebung ü. Elektrizitäts- u. Wärmeerzeugung;JAHR;Jahr;2005;DINSG;Deutschland insgesamt;DG;Deutschland;ENRG03;Energieträger;PHOTO-01;Photovoltaik;-;MWh;WRM001;Nettowärmeerzeugung;
43311;Monatserhebung ü. Elektrizitäts- u. Wärmeerzeugung;JAHR;Jahr;2005;DINSG;Deutschland insgesamt;DG;Deutschland;ENRG03;Energieträger;PHOTO-01;Photovoltaik;4758;MWh;EKT002;Elektrizitätserzeugung (netto);e
43311;Monatserhebung ü. Elektrizitäts- u. Wärmeerzeugung;JAHR;Jahr;2005;DINSG;Deutschland insgesamt;DG;Deutschland;ENRG03;Energieträger;PHOTO-01;Photovoltaik;4852;MWh;EKT001;Elektrizitätserzeugung (brutto);e
43311;Monatserhebung ü. Elektrizitäts- u. Wärmeerzeugung;JAHR;Jahr;2005;DINSG;Deutschland insgesamt;DG;Deutschland;ENRG03;Energieträger;PHOTO-01;Photovoltaik;-;GJ;BRN001;Brennstoffeinsatz;
43311;Monatserhebung ü. Elektrizitäts- u. Wärmeerzeugung;JAHR;Jahr;2003;DINSG;Deutschland insgesamt;DG;Deutschland;ENRG03;Energieträger;GAS-FL;Flüssiggas;572;MWh;WRM001;Nettowärmeerzeugung;e
43311;Monatserhebung ü. Elektrizitäts- u. Wärmeerzeugung;JAHR;Jahr;2003;DINSG;Deutschland insgesamt;DG;Deutschland;ENRG03;Energieträger;GAS-FL;Flüssiggas;4;MWh;EKT002;Elektrizitätserzeugung (netto);e
43311;Monatserhebung ü. Elektrizitäts- u. Wärmeerzeugung;JAHR;Jahr;2003;DINSG;Deutschland insgesamt;DG;Deutschland;ENRG03;Energieträger;GAS-FL;Flüssiggas;4;MWh;EKT001;Elektrizitätserzeugung (brutto);e
43311;Monatserhebung ü. Elektrizitäts- u. Wärmeerzeugung;JAHR;Jahr;2003;DINSG;Deutschland insgesamt;DG;Deutschland;ENRG03;Energieträger;GAS-FL;Flüssiggas;1951;GJ;BRN001;Brennstoffeinsatz;e
43311;Monatserhebung ü. Elektrizitäts- u. Wärmeerzeugung;JAHR;Jahr;2011;DINSG;Deutschland insgesamt;DG;Deutschland;ENRG03;Energieträger;ENRSET;Sonstige Energieträger;842611;MWh;WRM001;Nettowärmeerzeugung;e
43311;Monatserhebung ü. Elektrizitäts- u. Wärmeerzeugung;JAHR;Jahr;2011;DINSG;Deutschland insgesamt;DG;Deutschland;ENRG03;Energieträger;ENRSET;Sonstige Energieträger;240325;MWh;EKT002;Elektrizitätserzeugung (netto);e
43311;Monatserhebung ü. Elektrizitäts- u. Wärmeerzeugung;JAHR;Jahr;2011;DINSG;Deutschland insgesamt;DG;Deutschland;ENRG03;Energieträger;ENRSET;Sonstige Energieträger;267907;MWh;EKT001;Elektrizitätserzeugung (brutto);e
43311;Monatserhebung ü. Elektrizitäts- u. Wärmeerzeugung;JAHR;Jahr;2011;DINSG;Deutschland insgesamt;DG;Deutschland;ENRG03;Energieträger;ENRSET;Sonstige Energieträger;5206254;GJ;BRN001;Brennstoffeinsatz;e
43311;Monatserhebung ü. Elektrizitäts- u. Wärmeerzeugung;JAHR;Jahr;2020;DINSG;Deutschland insgesamt;DG;Deutschland;ENRG03;Energieträger;WAS-LF-01;Laufwasser;0;MWh;WRM001;Nettowärmeerzeugung;e
43311;Monatserhebung ü. Elektrizitäts- u. Wärmeerzeugung;JAHR;Jahr;2020;DINSG;Deutschland insgesamt;DG;Deutschland;ENRG03;Energieträger;WAS-LF-01;Laufwasser;14100153;MWh;EKT002;Elektrizitätserzeugung (netto);e
43311;Monatserhebung ü. Elektrizitäts- u. Wärmeerzeugung;JAHR;Jahr;2020;DINSG;Deutschland insgesamt;DG;Deutschland;ENRG03;Energieträger;WAS-LF-01;Laufwasser;14230039;MWh;EKT001;Elektrizitätserzeugung (brutto);e
43311;Monatserhebung ü. Elektrizitäts- u. Wärmeerzeugung;JAHR;Jahr;2020;DINSG;Deutschland insgesamt;DG;Deutschland;ENRG03;Energieträger;WAS-LF-01;Laufwasser;0;GJ;BRN001;Brennstoffeinsatz;e
43311;Monatserhebung ü. Elektrizitäts- u. Wärmeerzeugung;JAHR;Jahr;2002;DINSG;Deutschland insgesamt;DG;Deutschland;ENRG03;Energieträger;BIO-FL-01;Flüssige biogene Stoffe;-;MWh;WRM001;Nettowärmeerzeugung;
43311;Monatserhebung ü. Elektrizitäts- u. Wärmeerzeugung;JAHR;Jahr;2002;DINSG;Deutschland insgesamt;DG;Deutschland;ENRG03;Energieträger;BIO-FL-01;Flüssige biogene Stoffe;-;MWh;EKT002;Elektrizitätserzeugung (netto);
43311;Monatserhebung ü. Elektrizitäts- u. Wärmeerzeugung;JAHR;Jahr;2002;DINSG;Deutschland insgesamt;DG;Deutschland;ENRG03;Energieträger;BIO-FL-01;Flüssige biogene Stoffe;-;MWh;EKT001;Elektrizitätserzeugung (brutto);
43311;Monatserhebung ü. Elektrizitäts- u. Wärmeerzeugung;JAHR;Jahr;2002;DINSG;Deutschland insgesamt;DG;Deutschland;ENRG03;Energieträger;BIO-FL-01;Flüssige biogene Stoffe;-;GJ;BRN001;Brennstoffeinsatz;
43311;Monatserhebung ü. Elektrizitäts- u. Wärmeerzeugung;JAHR;Jahr;2022;DINSG;Deutschland insgesamt;DG;Deutschland;ENRG03;Energieträger;ABF-01;Abfall (Hausmüll, Industrie);-;MWh;WRM001;Nettowärmeerzeugung;
43311;Monatserhebung ü. Elektrizitäts- u. Wärmeerzeugung;JAHR;Jahr;2022;DINSG;Deutschland insgesamt;DG;Deutschland;ENRG03;Energieträger;ABF-01;Abfall (Hausmüll, Industrie);-;MWh;EKT002;Elektrizitätserzeugung (netto);
43311;Monatserhebung ü. Elektrizitäts- u. Wärmeerzeugung;JAHR;Jahr;2022;DINSG;Deutschland insgesamt;DG;Deutschland;ENRG03;Energieträger;ABF-01;Abfall (Hausmüll, Industrie);-;MWh;EKT001;Elektrizitätserzeugung (brutto);
43311;Monatserhebung ü. Elektrizitäts- u. Wärmeerzeugung;JAHR;Jahr;2022;DINSG;Deutschland insgesamt;DG;Deutschland;ENRG03;Energieträger;ABF-01;Abfall (Hausmüll, Industrie);-;GJ;BRN001;Brennstoffeinsatz;
43311;Monatserhebung ü. Elektrizitäts- u. Wärmeerzeugung;JAHR;Jahr;2007;DINSG;Deutschland insgesamt;DG;Deutschland;ENRG03;Energieträger;GAS-K-01;Kokereigas;8576;MWh;WRM001;Nettowärmeerzeugung;e
43311;Monatserhebung ü. Elektrizitäts- u. Wärmeerzeugung;JAHR;Jahr;2007;DINSG;Deutschland insgesamt;DG;Deutschland;ENRG03;Energieträger;GAS-K-01;Kokereigas;646144;MWh;EKT002;Elektrizitätserzeugung (netto);e
43311;Monatserhebung ü. Elektrizitäts- u. Wärmeerzeugung;JAHR;Jahr;2007;DINSG;Deutschland insgesamt;DG;Deutschland;ENRG03;Energieträger;GAS-K-01;Kokereigas;691978;MWh;EKT001;Elektrizitätserzeugung (brutto);e
43311;Monatserhebung ü. Elektrizitäts- u. Wärmeerzeugung;JAHR;Jahr;2007;DINSG;Deutschland insgesamt;DG;Deutschland;ENRG03;Energieträger;GAS-K-01;Kokereigas;6428769;GJ;BRN001;Brennstoffeinsatz;e
43311;Monatserhebung ü. Elektrizitäts- u. Wärmeerzeugung;JAHR;Jahr;2022;DINSG;Deutschland insgesamt;DG;Deutschland;ENRG03;Energieträger;WRM-02;Wärmepumpen (Erd- und Umweltwärme);-;MWh;WRM001;Nettowärmeerzeugung;
43311;Monatserhebung ü. Elektrizitäts- u. Wärmeerzeugung;JAHR;Jahr;2022;DINSG;Deutschland insgesamt;DG;Deutschland;ENRG03;Energieträger;WRM-02;Wärmepumpen (Erd- und Umweltwärme);-;MWh;EKT002;Elektrizitätserzeugung (netto);
43311;Monatserhebung ü. Elektrizitäts- u. Wärmeerzeugung;JAHR;Jahr;2022;DINSG;Deutschland insgesamt;DG;Deutschland;ENRG03;Energieträger;WRM-02;Wärmepumpen (Erd- und Umweltwärme);-;MWh;EKT001;Elektrizitätserzeugung (brutto);
43311;Monatserhebung ü. Elektrizitäts- u. Wärmeerzeugung;JAHR;Jahr;2022;DINSG;Deutschland insgesamt;DG;Deutschland;ENRG03;Energieträger;WRM-02;Wärmepumpen (Erd- und Umweltwärme);-;GJ;BRN001;Brennstoffeinsatz;
43311;Monatserhebung ü. Elektrizitäts- u. Wärmeerzeugung;JAHR;Jahr;2016;DINSG;Deutschland insgesamt;DG;Deutschland;ENRG03;Energieträger;WAS-LF-01;Laufwasser;-;MWh;WRM001;Nettowärmeerzeugung;
43311;Monatserhebung ü. Elektrizitäts- u. Wärmeerzeugung;JAHR;Jahr;2016;DINSG;Deutschland insgesamt;DG;Deutschland;ENRG03;Energieträger;WAS-LF-01;Laufwasser;15710923;MWh;EKT002;Elektrizitätserzeugung (netto);e
43311;Monatserhebung ü. Elektrizitäts- u. Wärmeerzeugung;JAHR;Jahr;2016;DINSG;Deutschland insgesamt;DG;Deutschland;ENRG03;Energieträger;WAS-LF-01;Laufwasser;15966237;MWh;EKT001;Elektrizitätserzeugung (brutto);e
43311;Monatserhebung ü. Elektrizitäts- u. Wärmeerzeugung;JAHR;Jahr;2016;DINSG;Deutschland insgesamt;DG;Deutschland;ENRG03;Energieträger;WAS-LF-01;Laufwasser;-;GJ;BRN001;Brennstoffeinsatz;
43311;Monatserhebung ü. Elektrizitäts- u. Wärmeerzeugung;JAHR;Jahr;2020;DINSG;Deutschland insgesamt;DG;Deutschland;ENRG03;Energieträger;ENRKER;Kernenergie;0;MWh;WRM001;Nettowärmeerzeugung;e
43311;Monatserhebung ü. Elektrizitäts- u. Wärmeerzeugung;JAHR;Jahr;2020;DINSG;Deutschland insgesamt;DG;Deutschland;ENRG03;Energieträger;ENRKER;Kernenergie;60914324;MWh;EKT002;Elektrizitätserzeugung (netto);e
43311;Monatserhebung ü. Elektrizitäts- u. Wärmeerzeugung;JAHR;Jahr;2020;DINSG;Deutschland insgesamt;DG;Deutschland;ENRG03;Energieträger;ENRKER;Kernenergie;64382397;MWh;EKT001;Elektrizitätserzeugung (brutto);e
43311;Monatserhebung ü. Elektrizitäts- u. Wärmeerzeugung;JAHR;Jahr;2020;DINSG;Deutschland insgesamt;DG;Deutschland;ENRG03;Energieträger;ENRKER;Kernenergie;0;GJ;BRN001;Brennstoffeinsatz;e
43311;Monatserhebung ü. Elektrizitäts- u. Wärmeerzeugung;JAHR;Jahr;2006;DINSG;Deutschland insgesamt;DG;Deutschland;ENRG03;Energieträger;BIO-F-01;Feste biogene Stoffe;1347180;MWh;WRM001;Nettowärmeerzeugung;e
43311;Monatserhebung ü. Elektrizitäts- u. Wärmeerzeugung;JAHR;Jahr;2006;DINSG;Deutschland insgesamt;DG;Deutschland;ENRG03;Energieträger;BIO-F-01;Feste biogene Stoffe;1726401;MWh;EKT002;Elektrizitätserzeugung (netto);e
43311;Monatserhebung ü. Elektrizitäts- u. Wärmeerzeugung;JAHR;Jahr;2006;DINSG;Deutschland insgesamt;DG;Deutschland;ENRG03;Energieträger;BIO-F-01;Feste biogene Stoffe;1863611;MWh;EKT001;Elektrizitätserzeugung (brutto);e
43311;Monatserhebung ü. Elektrizitäts- u. Wärmeerzeugung;JAHR;Jahr;2006;DINSG;Deutschland insgesamt;DG;Deutschland;ENRG03;Energieträger;BIO-F-01;Feste biogene Stoffe;28855056;GJ;BRN001;Brennstoffeinsatz;e
43311;Monatserhebung ü. Elektrizitäts- u. Wärmeerzeugung;JAHR;Jahr;2014;DINSG;Deutschland insgesamt;DG;Deutschland;ENRG03;Energieträger;KHL-B-STK;Staub- und Trockenkohle;497615;MWh;WRM001;Nettowärmeerzeugung;e
43311;Monatserhebung ü. Elektrizitäts- u. Wärmeerzeugung;JAHR;Jahr;2014;DINSG;Deutschland insgesamt;DG;Deutschland;ENRG03;Energieträger;KHL-B-STK;Staub- und Trockenkohle;227178;MWh;EKT002;Elektrizitätserzeugung (netto);e
43311;Monatserhebung ü. Elektrizitäts- u. Wärmeerzeugung;JAHR;Jahr;2014;DINSG;Deutschland insgesamt;DG;Deutschland;ENRG03;Energieträger;KHL-B-STK;Staub- und Trockenkohle;249330;MWh;EKT001;Elektrizitätserzeugung (brutto);e
43311;Monatserhebung ü. Elektrizitäts- u. Wärmeerzeugung;JAHR;Jahr;2014;DINSG;Deutschland insgesamt;DG;Deutschland;ENRG03;Energieträger;KHL-B-STK;Staub- und Trockenkohle;3972619;GJ;BRN001;Brennstoffeinsatz;e
43311;Monatserhebung ü. Elektrizitäts- u. Wärmeerzeugung;JAHR;Jahr;2006;DINSG;Deutschland insgesamt;DG;Deutschland;ENRG03;Energieträger;OEL-H-S-01;Heizöl, schwer;85811;MWh;WRM001;Nettowärmeerzeugung;e
43311;Monatserhebung ü. Elektrizitäts- u. Wärmeerzeugung;JAHR;Jahr;2006;DINSG;Deutschland insgesamt;DG;Deutschland;ENRG03;Energieträger;OEL-H-S-01;Heizöl, schwer;648098;MWh;EKT002;Elektrizitätserzeugung (netto);e
43311;Monatserhebung ü. Elektrizitäts- u. Wärmeerzeugung;JAHR;Jahr;2006;DINSG;Deutschland insgesamt;DG;Deutschland;ENRG03;Energieträger;OEL-H-S-01;Heizöl, schwer;702999;MWh;EKT001;Elektrizitätserzeugung (brutto);e
43311;Monatserhebung ü. Elektrizitäts- u. Wärmeerzeugung;JAHR;Jahr;2006;DINSG;Deutschland insgesamt;DG;Deutschland;ENRG03;Energieträger;OEL-H-S-01;Heizöl, schwer;6804539;GJ;BRN001;Brennstoffeinsatz;e
43311;Monatserhebung ü. Elektrizitäts- u. Wärmeerzeugung;JAHR;Jahr;2012;DINSG;Deutschland insgesamt;DG;Deutschland;ENRG03;Energieträger;PKOKS-01;Petrolkoks;-;MWh;WRM001;Nettowärmeerzeugung;
43311;Monatserhebung ü. Elektrizitäts- u. Wärmeerzeugung;JAHR;Jahr;2012;DINSG;Deutschland insgesamt;DG;Deutschland;ENRG03;Energieträger;PKOKS-01;Petrolkoks;.;MWh;EKT002;Elektrizitätserzeugung (netto);
43311;Monatserhebung ü. Elektrizitäts- u. Wärmeerzeugung;JAHR;Jahr;2012;DINSG;Deutschland insgesamt;DG;Deutschland;ENRG03;Energieträger;PKOKS-01;Petrolkoks;.;MWh;EKT001;Elektrizitätserzeugung (brutto);
43311;Monatserhebung ü. Elektrizitäts- u. Wärmeerzeugung;JAHR;Jahr;2012;DINSG;Deutschland insgesamt;DG;Deutschland;ENRG03;Energieträger;PKOKS-01;Petrolkoks;.;GJ;BRN001;Brennstoffeinsatz;
43311;Monatserhebung ü. Elektrizitäts- u. Wärmeerzeugung;JAHR;Jahr;2012;DINSG;Deutschland insgesamt;DG;Deutschland;ENRG03;Energieträger;KHL-B-SONST;Sonstige Braunkohlen;-;MWh;WRM001;Nettowärmeerzeugung;
43311;Monatserhebung ü. Elektrizitäts- u. Wärmeerzeugung;JAHR;Jahr;2012;DINSG;Deutschland insgesamt;DG;Deutschland;ENRG03;Energieträger;KHL-B-SONST;Sonstige Braunkohlen;-;MWh;EKT002;Elektrizitätserzeugung (netto);
43311;Monatserhebung ü. Elektrizitäts- u. Wärmeerzeugung;JAHR;Jahr;2012;DINSG;Deutschland insgesamt;DG;Deutschland;ENRG03;Energieträger;KHL-B-SONST;Sonstige Braunkohlen;-;MWh;EKT001;Elektrizitätserzeugung (brutto);
43311;Monatserhebung ü. Elektrizitäts- u. Wärmeerzeugung;JAHR;Jahr;2012;DINSG;Deutschland insgesamt;DG;Deutschland;ENRG03;Energieträger;KHL-B-SONST;Sonstige Braunkohlen;-;GJ;BRN001;Brennstoffeinsatz;
43311;Monatserhebung ü. Elektrizitäts- u. Wärmeerzeugung;JAHR;Jahr;2004;DINSG;Deutschland insgesamt;DG;Deutschland;ENRG03;Energieträger;OEL-SONST;Sonstige Mineralölprodukte;23431;MWh;WRM001;Nettowärmeerzeugung;e
43311;Monatserhebung ü. Elektrizitäts- u. Wärmeerzeugung;JAHR;Jahr;2004;DINSG;Deutschland insgesamt;DG;Deutschland;ENRG03;Energieträger;OEL-SONST;Sonstige Mineralölprodukte;954418;MWh;EKT002;Elektrizitätserzeugung (netto);e
43311;Monatserhebung ü. Elektrizitäts- u. Wärmeerzeugung;JAHR;Jahr;2004;DINSG;Deutschland insgesamt;DG;Deutschland;ENRG03;Energieträger;OEL-SONST;Sonstige Mineralölprodukte;1041871;MWh;EKT001;Elektrizitätserzeugung (brutto);e
43311;Monatserhebung ü. Elektrizitäts- u. Wärmeerzeugung;JAHR;Jahr;2004;DINSG;Deutschland insgesamt;DG;Deutschland;ENRG03;Energieträger;OEL-SONST;Sonstige Mineralölprodukte;9507978;GJ;BRN001;Brennstoffeinsatz;e
43311;Monatserhebung ü. Elektrizitäts- u. Wärmeerzeugung;JAHR;Jahr;2006;DINSG;Deutschland insgesamt;DG;Deutschland;ENRG03;Energieträger;WIND-01;Windkraft;-;MWh;WRM001;Nettowärmeerzeugung;
43311;Monatserhebung ü. Elektrizitäts- u. Wärmeerzeugung;JAHR;Jahr;2006;DINSG;Deutschland insgesamt;DG;Deutschland;ENRG03;Energieträger;WIND-01;Windkraft;340178;MWh;EKT002;Elektrizitätserzeugung (netto);e
43311;Monatserhebung ü. Elektrizitäts- u. Wärmeerzeugung;JAHR;Jahr;2006;DINSG;Deutschland insgesamt;DG;Deutschland;ENRG03;Energieträger;WIND-01;Windkraft;341157;MWh;EKT001;Elektrizitätserzeugung (brutto);e
43311;Monatserhebung ü. Elektrizitäts- u. Wärmeerzeugung;JAHR;Jahr;2006;DINSG;Deutschland insgesamt;DG;Deutschland;ENRG03;Energieträger;WIND-01;Windkraft;-;GJ;BRN001;Brennstoffeinsatz;
43311;Monatserhebung ü. Elektrizitäts- u. Wärmeerzeugung;JAHR;Jahr;2019;DINSG;Deutschland insgesamt;DG;Deutschland;ENRG03;Energieträger;WAS-LF-01;Laufwasser;-;MWh;WRM001;Nettowärmeerzeugung;
43311;Monatserhebung ü. Elektrizitäts- u. Wärmeerzeugung;JAHR;Jahr;2019;DINSG;Deutschland insgesamt;DG;Deutschland;ENRG03;Energieträger;WAS-LF-01;Laufwasser;15466372;MWh;EKT002;Elektrizitätserzeugung (netto);e
43311;Monatserhebung ü. Elektrizitäts- u. Wärmeerzeugung;JAHR;Jahr;2019;DINSG;Deutschland insgesamt;DG;Deutschland;ENRG03;Energieträger;WAS-LF-01;Laufwasser;15596938;MWh;EKT001;Elektrizitätserzeugung (brutto);e
43311;Monatserhebung ü. Elektrizitäts- u. Wärmeerzeugung;JAHR;Jahr;2019;DINSG;Deutschland insgesamt;DG;Deutschland;ENRG03;Energieträger;WAS-LF-01;Laufwasser;-;GJ;BRN001;Brennstoffeinsatz;
43311;Monatserhebung ü. Elektrizitäts- u. Wärmeerzeugung;JAHR;Jahr;2023;DINSG;Deutschland insgesamt;DG;Deutschland;ENRG03;Energieträger;WRM-02;Wärmepumpen (Erd- und Umweltwärme);-;MWh;WRM001;Nettowärmeerzeugung;
43311;Monatserhebung ü. Elektrizitäts- u. Wärmeerzeugung;JAHR;Jahr;2023;DINSG;Deutschland insgesamt;DG;Deutschland;ENRG03;Energieträger;WRM-02;Wärmepumpen (Erd- und Umweltwärme);-;MWh;EKT002;Elektrizitätserzeugung (netto);
43311;Monatserhebung ü. Elektrizitäts- u. Wärmeerzeugung;JAHR;Jahr;2023;DINSG;Deutschland insgesamt;DG;Deutschland;ENRG03;Energieträger;WRM-02;Wärmepumpen (Erd- und Umweltwärme);-;MWh;EKT001;Elektrizitätserzeugung (brutto);
43311;Monatserhebung ü. Elektrizitäts- u. Wärmeerzeugung;JAHR;Jahr;2023;DINSG;Deutschland insgesamt;DG;Deutschland;ENRG03;Energieträger;WRM-02;Wärmepumpen (Erd- und Umweltwärme);-;GJ;BRN001;Brennstoffeinsatz;
43311;Monatserhebung ü. Elektrizitäts- u. Wärmeerzeugung;JAHR;Jahr;2002;DINSG;Deutschland insgesamt;DG;Deutschland;ENRG03;Energieträger;GAS-DEP;Deponiegas;-;MWh;WRM001;Nettowärmeerzeugung;
43311;Monatserhebung ü. Elektrizitäts- u. Wärmeerzeugung;JAHR;Jahr;2002;DINSG;Deutschland insgesamt;DG;Deutschland;ENRG03;Energieträger;GAS-DEP;Deponiegas;110551;MWh;EKT002;Elektrizitätserzeugung (netto);e
43311;Monatserhebung ü. Elektrizitäts- u. Wärmeerzeugung;JAHR;Jahr;2002;DINSG;Deutschland insgesamt;DG;Deutschland;ENRG03;Energieträger;GAS-DEP;Deponiegas;115408;MWh;EKT001;Elektrizitätserzeugung (brutto);e
43311;Monatserhebung ü. Elektrizitäts- u. Wärmeerzeugung;JAHR;Jahr;2002;DINSG;Deutschland insgesamt;DG;Deutschland;ENRG03;Energieträger;GAS-DEP;Deponiegas;673035;GJ;BRN001;Brennstoffeinsatz;e
43311;Monatserhebung ü. Elektrizitäts- u. Wärmeerzeugung;JAHR;Jahr;2008;DINSG;Deutschland insgesamt;DG;Deutschland;ENRG03;Energieträger;KLS-01;Klärschlamm;13866;MWh;WRM001;Nettowärmeerzeugung;e
43311;Monatserhebung ü. Elektrizitäts- u. Wärmeerzeugung;JAHR;Jahr;2008;DINSG;Deutschland insgesamt;DG;Deutschland;ENRG03;Energieträger;KLS-01;Klärschlamm;130660;MWh;EKT002;Elektrizitätserzeugung (netto);e
43311;Monatserhebung ü. Elektrizitäts- u. Wärmeerzeugung;JAHR;Jahr;2008;DINSG;Deutschland insgesamt;DG;Deutschland;ENRG03;Energieträger;KLS-01;Klärschlamm;142462;MWh;EKT001;Elektrizitätserzeugung (brutto);e
43311;Monatserhebung ü. Elektrizitäts- u. Wärmeerzeugung;JAHR;Jahr;2008;DINSG;Deutschland insgesamt;DG;Deutschland;ENRG03;Energieträger;KLS-01;Klärschlamm;1391109;GJ;BRN001;Brennstoffeinsatz;e
43311;Monatserhebung ü. Elektrizitäts- u. Wärmeerzeugung;JAHR;Jahr;2024;DINSG;Deutschland insgesamt;DG;Deutschland;ENRG03;Energieträger;OEL-H-S-01;Heizöl, schwer;20645;MWh;WRM001;Nettowärmeerzeugung;e
43311;Monatserhebung ü. Elektrizitäts- u. Wärmeerzeugung;JAHR;Jahr;2024;DINSG;Deutschland insgesamt;DG;Deutschland;ENRG03;Energieträger;OEL-H-S-01;Heizöl, schwer;154814;MWh;EKT002;Elektrizitätserzeugung (netto);e
43311;Monatserhebung ü. Elektrizitäts- u. Wärmeerzeugung;JAHR;Jahr;2024;DINSG;Deutschland insgesamt;DG;Deutschland;ENRG03;Energieträger;OEL-H-S-01;Heizöl, schwer;171941;MWh;EKT001;Elektrizitätserzeugung (brutto);e
43311;Monatserhebung ü. Elektrizitäts- u. Wärmeerzeugung;JAHR;Jahr;2024;DINSG;Deutschland insgesamt;DG;Deutschland;ENRG03;Energieträger;OEL-H-S-01;Heizöl, schwer;1779389;GJ;BRN001;Brennstoffeinsatz;e
43311;Monatserhebung ü. Elektrizitäts- u. Wärmeerzeugung;JAHR;Jahr;2023;DINSG;Deutschland insgesamt;DG;Deutschland;ENRG03;Energieträger;KHL-B-WSK;Wirbelschichtkohle;.;MWh;WRM001;Nettowärmeerzeugung;
43311;Monatserhebung ü. Elektrizitäts- u. Wärmeerzeugung;JAHR;Jahr;2023;DINSG;Deutschland insgesamt;DG;Deutschland;ENRG03;Energieträger;KHL-B-WSK;Wirbelschichtkohle;.;MWh;EKT002;Elektrizitätserzeugung (netto);
43311;Monatserhebung ü. Elektrizitäts- u. Wärmeerzeugung;JAHR;Jahr;2023;DINSG;Deutschland insgesamt;DG;Deutschland;ENRG03;Energieträger;KHL-B-WSK;Wirbelschichtkohle;.;MWh;EKT001;Elektrizitätserzeugung (brutto);
43311;Monatserhebung ü. Elektrizitäts- u. Wärmeerzeugung;JAHR;Jahr;2023;DINSG;Deutschland insgesamt;DG;Deutschland;ENRG03;Energieträger;KHL-B-WSK;Wirbelschichtkohle;.;GJ;BRN001;Brennstoffeinsatz;
43311;Monatserhebung ü. Elektrizitäts- u. Wärmeerzeugung;JAHR;Jahr;2008;DINSG;Deutschland insgesamt;DG;Deutschland;ENRG03;Energieträger;DIESEL-01;Dieselkraftstoff;0;MWh;WRM001;Nettowärmeerzeugung;e
43311;Monatserhebung ü. Elektrizitäts- u. Wärmeerzeugung;JAHR;Jahr;2008;DINSG;Deutschland insgesamt;DG;Deutschland;ENRG03;Energieträger;DIESEL-01;Dieselkraftstoff;6730;MWh;EKT002;Elektrizitätserzeugung (netto);e
43311;Monatserhebung ü. Elektrizitäts- u. Wärmeerzeugung;JAHR;Jahr;2008;DINSG;Deutschland insgesamt;DG;Deutschland;ENRG03;Energieträger;DIESEL-01;Dieselkraftstoff;7500;MWh;EKT001;Elektrizitätserzeugung (brutto);e
43311;Monatserhebung ü. Elektrizitäts- u. Wärmeerzeugung;JAHR;Jahr;2008;DINSG;Deutschland insgesamt;DG;Deutschland;ENRG03;Energieträger;DIESEL-01;Dieselkraftstoff;77095;GJ;BRN001;Brennstoffeinsatz;e
43311;Monatserhebung ü. Elektrizitäts- u. Wärmeerzeugung;JAHR;Jahr;2008;DINSG;Deutschland insgesamt;DG;Deutschland;ENRG03;Energieträger;GAS-GRUB;Grubengas;84921;MWh;WRM001;Nettowärmeerzeugung;e
43311;Monatserhebung ü. Elektrizitäts- u. Wärmeerzeugung;JAHR;Jahr;2008;DINSG;Deutschland insgesamt;DG;Deutschland;ENRG03;Energieträger;GAS-GRUB;Grubengas;387442;MWh;EKT002;Elektrizitätserzeugung (netto);e
43311;Monatserhebung ü. Elektrizitäts- u. Wärmeerzeugung;JAHR;Jahr;2008;DINSG;Deutschland insgesamt;DG;Deutschland;ENRG03;Energieträger;GAS-GRUB;Grubengas;404855;MWh;EKT001;Elektrizitätserzeugung (brutto);e
43311;Monatserhebung ü. Elektrizitäts- u. Wärmeerzeugung;JAHR;Jahr;2008;DINSG;Deutschland insgesamt;DG;Deutschland;ENRG03;Energieträger;GAS-GRUB;Grubengas;3888661;GJ;BRN001;Brennstoffeinsatz;e
43311;Monatserhebung ü. Elektrizitäts- u. Wärmeerzeugung;JAHR;Jahr;2004;DINSG;Deutschland insgesamt;DG;Deutschland;ENRG03;Energieträger;GAS-SONST;Sonstige hergestellte Gase;713892;MWh;WRM001;Nettowärmeerzeugung;e
43311;Monatserhebung ü. Elektrizitäts- u. Wärmeerzeugung;JAHR;Jahr;2004;DINSG;Deutschland insgesamt;DG;Deutschland;ENRG03;Energieträger;GAS-SONST;Sonstige hergestellte Gase;247225;MWh;EKT002;Elektrizitätserzeugung (netto);e
43311;Monatserhebung ü. Elektrizitäts- u. Wärmeerzeugung;JAHR;Jahr;2004;DINSG;Deutschland insgesamt;DG;Deutschland;ENRG03;Energieträger;GAS-SONST;Sonstige hergestellte Gase;268884;MWh;EKT001;Elektrizitätserzeugung (brutto);e
43311;Monatserhebung ü. Elektrizitäts- u. Wärmeerzeugung;JAHR;Jahr;2004;DINSG;Deutschland insgesamt;DG;Deutschland;ENRG03;Energieträger;GAS-SONST;Sonstige hergestellte Gase;4256388;GJ;BRN001;Brennstoffeinsatz;e
43311;Monatserhebung ü. Elektrizitäts- u. Wärmeerzeugung;JAHR;Jahr;2015;DINSG;Deutschland insgesamt;DG;Deutschland;ENRG03;Energieträger;STROM-02;Strom (Elektrokessel);-;MWh;WRM001;Nettowärmeerzeugung;
43311;Monatserhebung ü. Elektrizitäts- u. Wärmeerzeugung;JAHR;Jahr;2015;DINSG;Deutschland insgesamt;DG;Deutschland;ENRG03;Energieträger;STROM-02;Strom (Elektrokessel);-;MWh;EKT002;Elektrizitätserzeugung (netto);
43311;Monatserhebung ü. Elektrizitäts- u. Wärmeerzeugung;JAHR;Jahr;2015;DINSG;Deutschland insgesamt;DG;Deutschland;ENRG03;Energieträger;STROM-02;Strom (Elektrokessel);-;MWh;EKT001;Elektrizitätserzeugung (brutto);
43311;Monatserhebung ü. Elektrizitäts- u. Wärmeerzeugung;JAHR;Jahr;2015;DINSG;Deutschland insgesamt;DG;Deutschland;ENRG03;Energieträger;STROM-02;Strom (Elektrokessel);-;GJ;BRN001;Brennstoffeinsatz;
43311;Monatserhebung ü. Elektrizitäts- u. Wärmeerzeugung;JAHR;Jahr;2019;DINSG;Deutschland insgesamt;DG;Deutschland;ENRG03;Energieträger;GAS-HO-01;Hochofengas;-;MWh;WRM001;Nettowärmeerzeugung;
43311;Monatserhebung ü. Elektrizitäts- u. Wärmeerzeugung;JAHR;Jahr;2019;DINSG;Deutschland insgesamt;DG;Deutschland;ENRG03;Energieträger;GAS-HO-01;Hochofengas;-;MWh;EKT002;Elektrizitätserzeugung (netto);
43311;Monatserhebung ü. Elektrizitäts- u. Wärmeerzeugung;JAHR;Jahr;2019;DINSG;Deutschland insgesamt;DG;Deutschland;ENRG03;Energieträger;GAS-HO-01;Hochofengas;-;MWh;EKT001;Elektrizitätserzeugung (brutto);
43311;Monatserhebung ü. Elektrizitäts- u. Wärmeerzeugung;JAHR;Jahr;2019;DINSG;Deutschland insgesamt;DG;Deutschland;ENRG03;Energieträger;GAS-HO-01;Hochofengas;-;GJ;BRN001;Brennstoffeinsatz;
43311;Monatserhebung ü. Elektrizitäts- u. Wärmeerzeugung;JAHR;Jahr;2003;DINSG;Deutschland insgesamt;DG;Deutschland;ENRG03;Energieträger;ABF-01;Abfall (Hausmüll, Industrie);6515057;MWh;WRM001;Nettowärmeerzeugung;e
43311;Monatserhebung ü. Elektrizitäts- u. Wärmeerzeugung;JAHR;Jahr;2003;DINSG;Deutschland insgesamt;DG;Deutschland;ENRG03;Energieträger;ABF-01;Abfall (Hausmüll, Industrie);3182945;MWh;EKT002;Elektrizitätserzeugung (netto);e
43311;Monatserhebung ü. Elektrizitäts- u. Wärmeerzeugung;JAHR;Jahr;2003;DINSG;Deutschland insgesamt;DG;Deutschland;ENRG03;Energieträger;ABF-01;Abfall (Hausmüll, Industrie);4321204;MWh;EKT001;Elektrizitätserzeugung (brutto);e
43311;Monatserhebung ü. Elektrizitäts- u. Wärmeerzeugung;JAHR;Jahr;2003;DINSG;Deutschland insgesamt;DG;Deutschland;ENRG03;Energieträger;ABF-01;Abfall (Hausmüll, Industrie);81266241;GJ;BRN001;Brennstoffeinsatz;e
43311;Monatserhebung ü. Elektrizitäts- u. Wärmeerzeugung;JAHR;Jahr;2021;DINSG;Deutschland insgesamt;DG;Deutschland;ENRG03;Energieträger;ENR-EB-SONST;Sonstige erneuerbare Energien;-;MWh;WRM001;Nettowärmeerzeugung;
43311;Monatserhebung ü. Elektrizitäts- u. Wärmeerzeugung;JAHR;Jahr;2021;DINSG;Deutschland insgesamt;DG;Deutschland;ENRG03;Energieträger;ENR-EB-SONST;Sonstige erneuerbare Energien;-;MWh;EKT002;Elektrizitätserzeugung (netto);
43311;Monatserhebung ü. Elektrizitäts- u. Wärmeerzeugung;JAHR;Jahr;2021;DINSG;Deutschland insgesamt;DG;Deutschland;ENRG03;Energieträger;ENR-EB-SONST;Sonstige erneuerbare Energien;-;MWh;EKT001;Elektrizitätserzeugung (brutto);
43311;Monatserhebung ü. Elektrizitäts- u. Wärmeerzeugung;JAHR;Jahr;2021;DINSG;Deutschland insgesamt;DG;Deutschland;ENRG03;Energieträger;ENR-EB-SONST;Sonstige erneuerbare Energien;-;GJ;BRN001;Brennstoffeinsatz;
43311;Monatserhebung ü. Elektrizitäts- u. Wärmeerzeugung;JAHR;Jahr;2012;DINSG;Deutschland insgesamt;DG;Deutschland;ENRG03;Energieträger;SP-SONST-01;Andere Speicher;-;MWh;WRM001;Nettowärmeerzeugung;
43311;Monatserhebung ü. Elektrizitäts- u. Wärmeerzeugung;JAHR;Jahr;2012;DINSG;Deutschland insgesamt;DG;Deutschland;ENRG03;Energieträger;SP-SONST-01;Andere Speicher;-;MWh;EKT002;Elektrizitätserzeugung (netto);
43311;Monatserhebung ü. Elektrizitäts- u. Wärmeerzeugung;JAHR;Jahr;2012;DINSG;Deutschland insgesamt;DG;Deutschland;ENRG03;Energieträger;SP-SONST-01;Andere Speicher;-;MWh;EKT001;Elektrizitätserzeugung (brutto);
43311;Monatserhebung ü. Elektrizitäts- u. Wärmeerzeugung;JAHR;Jahr;2012;DINSG;Deutschland insgesamt;DG;Deutschland;ENRG03;Energieträger;SP-SONST-01;Andere Speicher;-;GJ;BRN001;Brennstoffeinsatz;
43311;Monatserhebung ü. Elektrizitäts- u. Wärmeerzeugung;JAHR;Jahr;2019;DINSG;Deutschland insgesamt;DG;Deutschland;ENRG03;Energieträger;GAS-SONST;Sonstige hergestellte Gase;.;MWh;WRM001;Nettowärmeerzeugung;
43311;Monatserhebung ü. Elektrizitäts- u. Wärmeerzeugung;JAHR;Jahr;2019;DINSG;Deutschland insgesamt;DG;Deutschland;ENRG03;Energieträger;GAS-SONST;Sonstige hergestellte Gase;.;MWh;EKT002;Elektrizitätserzeugung (netto);
43311;Monatserhebung ü. Elektrizitäts- u. Wärmeerzeugung;JAHR;Jahr;2019;DINSG;Deutschland insgesamt;DG;Deutschland;ENRG03;Energieträger;GAS-SONST;Sonstige hergestellte Gase;.;MWh;EKT001;Elektrizitätserzeugung (brutto);
43311;Monatserhebung ü. Elektrizitäts- u. Wärmeerzeugung;JAHR;Jahr;2019;DINSG;Deutschland insgesamt;DG;Deutschland;ENRG03;Energieträger;GAS-SONST;Sonstige hergestellte Gase;.;GJ;BRN001;Brennstoffeinsatz;
43311;Monatserhebung ü. Elektrizitäts- u. Wärmeerzeugung;JAHR;Jahr;2008;DINSG;Deutschland insgesamt;DG;Deutschland;ENRG03;Energieträger;SOLTH-01;Solarthermie;-;MWh;WRM001;Nettowärmeerzeugung;
43311;Monatserhebung ü. Elektrizitäts- u. Wärmeerzeugung;JAHR;Jahr;2008;DINSG;Deutschland insgesamt;DG;Deutschland;ENRG03;Energieträger;SOLTH-01;Solarthermie;-;MWh;EKT002;Elektrizitätserzeugung (netto);
43311;Monatserhebung ü. Elektrizitäts- u. Wärmeerzeugung;JAHR;Jahr;2008;DINSG;Deutschland insgesamt;DG;Deutschland;ENRG03;Energieträger;SOLTH-01;Solarthermie;-;MWh;EKT001;Elektrizitätserzeugung (brutto);
43311;Monatserhebung ü. Elektrizitäts- u. Wärmeerzeugung;JAHR;Jahr;2008;DINSG;Deutschland insgesamt;DG;Deutschland;ENRG03;Energieträger;SOLTH-01;Solarthermie;-;GJ;BRN001;Brennstoffeinsatz;
43311;Monatserhebung ü. Elektrizitäts- u. Wärmeerzeugung;JAHR;Jahr;2010;DINSG;Deutschland insgesamt;DG;Deutschland;ENRG03;Energieträger;ENRSET;Sonstige Energieträger;1328634;MWh;WRM001;Nettowärmeerzeugung;e
43311;Monatserhebung ü. Elektrizitäts- u. Wärmeerzeugung;JAHR;Jahr;2010;DINSG;Deutschland insgesamt;DG;Deutschland;ENRG03;Energieträger;ENRSET;Sonstige Energieträger;487452;MWh;EKT002;Elektrizitätserzeugung (netto);e
43311;Monatserhebung ü. Elektrizitäts- u. Wärmeerzeugung;JAHR;Jahr;2010;DINSG;Deutschland insgesamt;DG;Deutschland;ENRG03;Energieträger;ENRSET;Sonstige Energieträger;524848;MWh;EKT001;Elektrizitätserzeugung (brutto);e
43311;Monatserhebung ü. Elektrizitäts- u. Wärmeerzeugung;JAHR;Jahr;2010;DINSG;Deutschland insgesamt;DG;Deutschland;ENRG03;Energieträger;ENRSET;Sonstige Energieträger;10141153;GJ;BRN001;Brennstoffeinsatz;e
43311;Monatserhebung ü. Elektrizitäts- u. Wärmeerzeugung;JAHR;Jahr;2008;DINSG;Deutschland insgesamt;DG;Deutschland;ENRG03;Energieträger;WIND-01;Windkraft;-;MWh;WRM001;Nettowärmeerzeugung;
43311;Monatserhebung ü. Elektrizitäts- u. Wärmeerzeugung;JAHR;Jahr;2008;DINSG;Deutschland insgesamt;DG;Deutschland;ENRG03;Energieträger;WIND-01;Windkraft;459917;MWh;EKT002;Elektrizitätserzeugung (netto);e
43311;Monatserhebung ü. Elektrizitäts- u. Wärmeerzeugung;JAHR;Jahr;2008;DINSG;Deutschland insgesamt;DG;Deutschland;ENRG03;Energieträger;WIND-01;Windkraft;462230;MWh;EKT001;Elektrizitätserzeugung (brutto);e
43311;Monatserhebung ü. Elektrizitäts- u. Wärmeerzeugung;JAHR;Jahr;2008;DINSG;Deutschland insgesamt;DG;Deutschland;ENRG03;Energieträger;WIND-01;Windkraft;-;GJ;BRN001;Brennstoffeinsatz;
43311;Monatserhebung ü. Elektrizitäts- u. Wärmeerzeugung;JAHR;Jahr;2017;DINSG;Deutschland insgesamt;DG;Deutschland;ENRG03;Energieträger;ABF-01;Abfall (Hausmüll, Industrie);-;MWh;WRM001;Nettowärmeerzeugung;
43311;Monatserhebung ü. Elektrizitäts- u. Wärmeerzeugung;JAHR;Jahr;2017;DINSG;Deutschland insgesamt;DG;Deutschland;ENRG03;Energieträger;ABF-01;Abfall (Hausmüll, Industrie);-;MWh;EKT002;Elektrizitätserzeugung (netto);
43311;Monatserhebung ü. Elektrizitäts- u. Wärmeerzeugung;JAHR;Jahr;2017;DINSG;Deutschland insgesamt;DG;Deutschland;ENRG03;Energieträger;ABF-01;Abfall (Hausmüll, Industrie);0;MWh;EKT001;Elektrizitätserzeugung (brutto);p
43311;Monatserhebung ü. Elektrizitäts- u. Wärmeerzeugung;JAHR;Jahr;2017;DINSG;Deutschland insgesamt;DG;Deutschland;ENRG03;Energieträger;ABF-01;Abfall (Hausmüll, Industrie);-;GJ;BRN001;Brennstoffeinsatz;
43311;Monatserhebung ü. Elektrizitäts- u. Wärmeerzeugung;JAHR;Jahr;2004;DINSG;Deutschland insgesamt;DG;Deutschland;ENRG03;Energieträger;GAS-H2;Wasserstoff;-;MWh;WRM001;Nettowärmeerzeugung;
43311;Monatserhebung ü. Elektrizitäts- u. Wärmeerzeugung;JAHR;Jahr;2004;DINSG;Deutschland insgesamt;DG;Deutschland;ENRG03;Energieträger;GAS-H2;Wasserstoff;-;MWh;EKT002;Elektrizitätserzeugung (netto);
43311;Monatserhebung ü. Elektrizitäts- u. Wärmeerzeugung;JAHR;Jahr;2004;DINSG;Deutschland insgesamt;DG;Deutschland;ENRG03;Energieträger;GAS-H2;Wasserstoff;-;MWh;EKT001;Elektrizitätserzeugung (brutto);
43311;Monatserhebung ü. Elektrizitäts- u. Wärmeerzeugung;JAHR;Jahr;2004;DINSG;Deutschland insgesamt;DG;Deutschland;ENRG03;Energieträger;GAS-H2;Wasserstoff;-;GJ;BRN001;Brennstoffeinsatz;
43311;Monatserhebung ü. Elektrizitäts- u. Wärmeerzeugung;JAHR;Jahr;2011;DINSG;Deutschland insgesamt;DG;Deutschland;ENRG03;Energieträger;;Insgesamt;107340046;MWh;WRM001;Nettowärmeerzeugung;e
43311;Monatserhebung ü. Elektrizitäts- u. Wärmeerzeugung;JAHR;Jahr;2011;DINSG;Deutschland insgesamt;DG;Deutschland;ENRG03;Energieträger;;Insgesamt;431182390;MWh;EKT002;Elektrizitätserzeugung (netto);e
43311;Monatserhebung ü. Elektrizitäts- u. Wärmeerzeugung;JAHR;Jahr;2011;DINSG;Deutschland insgesamt;DG;Deutschland;ENRG03;Energieträger;;Insgesamt;462102068;MWh;EKT001;Elektrizitätserzeugung (brutto);e
43311;Monatserhebung ü. Elektrizitäts- u. Wärmeerzeugung;JAHR;Jahr;2011;DINSG;Deutschland insgesamt;DG;Deutschland;ENRG03;Energieträger;;Insgesamt;3321202964;GJ;BRN001;Brennstoffeinsatz;e
43311;Monatserhebung ü. Elektrizitäts- u. Wärmeerzeugung;JAHR;Jahr;2007;DINSG;Deutschland insgesamt;DG;Deutschland;ENRG03;Energieträger;OEL-H-S-01;Heizöl, schwer;58818;MWh;WRM001;Nettowärmeerzeugung;e
43311;Monatserhebung ü. Elektrizitäts- u. Wärmeerzeugung;JAHR;Jahr;2007;DINSG;Deutschland insgesamt;DG;Deutschland;ENRG03;Energieträger;OEL-H-S-01;Heizöl, schwer;544145;MWh;EKT002;Elektrizitätserzeugung (netto);e
43311;Monatserhebung ü. Elektrizitäts- u. Wärmeerzeugung;JAHR;Jahr;2007;DINSG;Deutschland insgesamt;DG;Deutschland;ENRG03;Energieträger;OEL-H-S-01;Heizöl, schwer;588657;MWh;EKT001;Elektrizitätserzeugung (brutto);e
43311;Monatserhebung ü. Elektrizitäts- u. Wärmeerzeugung;JAHR;Jahr;2007;DINSG;Deutschland insgesamt;DG;Deutschland;ENRG03;Energieträger;OEL-H-S-01;Heizöl, schwer;5517041;GJ;BRN001;Brennstoffeinsatz;e
43311;Monatserhebung ü. Elektrizitäts- u. Wärmeerzeugung;JAHR;Jahr;2021;DINSG;Deutschland insgesamt;DG;Deutschland;ENRG03;Energieträger;OEL-SONST;Sonstige Mineralölprodukte;.;MWh;WRM001;Nettowärmeerzeugung;
43311;Monatserhebung ü. Elektrizitäts- u. Wärmeerzeugung;JAHR;Jahr;2021;DINSG;Deutschland insgesamt;DG;Deutschland;ENRG03;Energieträger;OEL-SONST;Sonstige Mineralölprodukte;49039;MWh;EKT002;Elektrizitätserzeugung (netto);e
43311;Monatserhebung ü. Elektrizitäts- u. Wärmeerzeugung;JAHR;Jahr;2021;DINSG;Deutschland insgesamt;DG;Deutschland;ENRG03;Energieträger;OEL-SONST;Sonstige Mineralölprodukte;53486;MWh;EKT001;Elektrizitätserzeugung (brutto);e
43311;Monatserhebung ü. Elektrizitäts- u. Wärmeerzeugung;JAHR;Jahr;2021;DINSG;Deutschland insgesamt;DG;Deutschland;ENRG03;Energieträger;OEL-SONST;Sonstige Mineralölprodukte;539822;GJ;BRN001;Brennstoffeinsatz;e
43311;Monatserhebung ü. Elektrizitäts- u. Wärmeerzeugung;JAHR;Jahr;2016;DINSG;Deutschland insgesamt;DG;Deutschland;ENRG03;Energieträger;ABF-01;Abfall (Hausmüll, Industrie);-;MWh;WRM001;Nettowärmeerzeugung;
43311;Monatserhebung ü. Elektrizitäts- u. Wärmeerzeugung;JAHR;Jahr;2016;DINSG;Deutschland insgesamt;DG;Deutschland;ENRG03;Energieträger;ABF-01;Abfall (Hausmüll, Industrie);-;MWh;EKT002;Elektrizitätserzeugung (netto);
43311;Monatserhebung ü. Elektrizitäts- u. Wärmeerzeugung;JAHR;Jahr;2016;DINSG;Deutschland insgesamt;DG;Deutschland;ENRG03;Energieträger;ABF-01;Abfall (Hausmüll, Industrie);-;MWh;EKT001;Elektrizitätserzeugung (brutto);
43311;Monatserhebung ü. Elektrizitäts- u. Wärmeerzeugung;JAHR;Jahr;2016;DINSG;Deutschland insgesamt;DG;Deutschland;ENRG03;Energieträger;ABF-01;Abfall (Hausmüll, Industrie);-;GJ;BRN001;Brennstoffeinsatz;
43311;Monatserhebung ü. Elektrizitäts- u. Wärmeerzeugung;JAHR;Jahr;2006;DINSG;Deutschland insgesamt;DG;Deutschland;ENRG03;Energieträger;ENR-EB-SONST;Sonstige erneuerbare Energien;27;MWh;WRM001;Nettowärmeerzeugung;e
43311;Monatserhebung ü. Elektrizitäts- u. Wärmeerzeugung;JAHR;Jahr;2006;DINSG;Deutschland insgesamt;DG;Deutschland;ENRG03;Energieträger;ENR-EB-SONST;Sonstige erneuerbare Energien;364128;MWh;EKT002;Elektrizitätserzeugung (netto);e
43311;Monatserhebung ü. Elektrizitäts- u. Wärmeerzeugung;JAHR;Jahr;2006;DINSG;Deutschland insgesamt;DG;Deutschland;ENRG03;Energieträger;ENR-EB-SONST;Sonstige erneuerbare Energien;394702;MWh;EKT001;Elektrizitätserzeugung (brutto);e
43311;Monatserhebung ü. Elektrizitäts- u. Wärmeerzeugung;JAHR;Jahr;2006;DINSG;Deutschland insgesamt;DG;Deutschland;ENRG03;Energieträger;ENR-EB-SONST;Sonstige erneuerbare Energien;3540908;GJ;BRN001;Brennstoffeinsatz;e
43311;Monatserhebung ü. Elektrizitäts- u. Wärmeerzeugung;JAHR;Jahr;2005;DINSG;Deutschland insgesamt;DG;Deutschland;ENRG03;Energieträger;GAS-H2;Wasserstoff;-;MWh;WRM001;Nettowärmeerzeugung;
43311;Monatserhebung ü. Elektrizitäts- u. Wärmeerzeugung;JAHR;Jahr;2005;DINSG;Deutschland insgesamt;DG;Deutschland;ENRG03;Energieträger;GAS-H2;Wasserstoff;-;MWh;EKT002;Elektrizitätserzeugung (netto);
43311;Monatserhebung ü. Elektrizitäts- u. Wärmeerzeugung;JAHR;Jahr;2005;DINSG;Deutschland insgesamt;DG;Deutschland;ENRG03;Energieträger;GAS-H2;Wasserstoff;-;MWh;EKT001;Elektrizitätserzeugung (brutto);
43311;Monatserhebung ü. Elektrizitäts- u. Wärmeerzeugung;JAHR;Jahr;2005;DINSG;Deutschland insgesamt;DG;Deutschland;ENRG03;Energieträger;GAS-H2;Wasserstoff;-;GJ;BRN001;Brennstoffeinsatz;
43311;Monatserhebung ü. Elektrizitäts- u. Wärmeerzeugung;JAHR;Jahr;2007;DINSG;Deutschland insgesamt;DG;Deutschland;ENRG03;Energieträger;KHL-B-ROH;Rohbraunkohlen;8881049;MWh;WRM001;Nettowärmeerzeugung;e
43311;Monatserhebung ü. Elektrizitäts- u. Wärmeerzeugung;JAHR;Jahr;2007;DINSG;Deutschland insgesamt;DG;Deutschland;ENRG03;Energieträger;KHL-B-ROH;Rohbraunkohlen;138564709;MWh;EKT002;Elektrizitätserzeugung (netto);e
43311;Monatserhebung ü. Elektrizitäts- u. Wärmeerzeugung;JAHR;Jahr;2007;DINSG;Deutschland insgesamt;DG;Deutschland;ENRG03;Energieträger;KHL-B-ROH;Rohbraunkohlen;150681562;MWh;EKT001;Elektrizitätserzeugung (brutto);e
43311;Monatserhebung ü. Elektrizitäts- u. Wärmeerzeugung;JAHR;Jahr;2007;DINSG;Deutschland insgesamt;DG;Deutschland;ENRG03;Energieträger;KHL-B-ROH;Rohbraunkohlen;1475429666;GJ;BRN001;Brennstoffeinsatz;e
43311;Monatserhebung ü. Elektrizitäts- u. Wärmeerzeugung;JAHR;Jahr;2010;DINSG;Deutschland insgesamt;DG;Deutschland;ENRG03;Energieträger;GAS-RAF;Raffineriegas;-;MWh;WRM001;Nettowärmeerzeugung;
43311;Monatserhebung ü. Elektrizitäts- u. Wärmeerzeugung;JAHR;Jahr;2010;DINSG;Deutschland insgesamt;DG;Deutschland;ENRG03;Energieträger;GAS-RAF;Raffineriegas;-;MWh;EKT002;Elektrizitätserzeugung (netto);
43311;Monatserhebung ü. Elektrizitäts- u. Wärmeerzeugung;JAHR;Jahr;2010;DINSG;Deutschland insgesamt;DG;Deutschland;ENRG03;Energieträger;GAS-RAF;Raffineriegas;-;MWh;EKT001;Elektrizitätserzeugung (brutto);
43311;Monatserhebung ü. Elektrizitäts- u. Wärmeerzeugung;JAHR;Jahr;2010;DINSG;Deutschland insgesamt;DG;Deutschland;ENRG03;Energieträger;GAS-RAF;Raffineriegas;-;GJ;BRN001;Brennstoffeinsatz;
43311;Monatserhebung ü. Elektrizitäts- u. Wärmeerzeugung;JAHR;Jahr;2002;DINSG;Deutschland insgesamt;DG;Deutschland;ENRG03;Energieträger;KHL-S-SONST;Sonstige Steinkohlen;-;MWh;WRM001;Nettowärmeerzeugung;
43311;Monatserhebung ü. Elektrizitäts- u. Wärmeerzeugung;JAHR;Jahr;2002;DINSG;Deutschland insgesamt;DG;Deutschland;ENRG03;Energieträger;KHL-S-SONST;Sonstige Steinkohlen;-;MWh;EKT002;Elektrizitätserzeugung (netto);
43311;Monatserhebung ü. Elektrizitäts- u. Wärmeerzeugung;JAHR;Jahr;2002;DINSG;Deutschland insgesamt;DG;Deutschland;ENRG03;Energieträger;KHL-S-SONST;Sonstige Steinkohlen;-;MWh;EKT001;Elektrizitätserzeugung (brutto);
43311;Monatserhebung ü. Elektrizitäts- u. Wärmeerzeugung;JAHR;Jahr;2002;DINSG;Deutschland insgesamt;DG;Deutschland;ENRG03;Energieträger;KHL-S-SONST;Sonstige Steinkohlen;-;GJ;BRN001;Brennstoffeinsatz;
43311;Monatserhebung ü. Elektrizitäts- u. Wärmeerzeugung;JAHR;Jahr;2019;DINSG;Deutschland insgesamt;DG;Deutschland;ENRG03;Energieträger;PHOTO-01;Photovoltaik;-;MWh;WRM001;Nettowärmeerzeugung;
43311;Monatserhebung ü. Elektrizitäts- u. Wärmeerzeugung;JAHR;Jahr;2019;DINSG;Deutschland insgesamt;DG;Deutschland;ENRG03;Energieträger;PHOTO-01;Photovoltaik;-;MWh;EKT002;Elektrizitätserzeugung (netto);
43311;Monatserhebung ü. Elektrizitäts- u. Wärmeerzeugung;JAHR;Jahr;2019;DINSG;Deutschland insgesamt;DG;Deutschland;ENRG03;Energieträger;PHOTO-01;Photovoltaik;-;MWh;EKT001;Elektrizitätserzeugung (brutto);
43311;Monatserhebung ü. Elektrizitäts- u. Wärmeerzeugung;JAHR;Jahr;2019;DINSG;Deutschland insgesamt;DG;Deutschland;ENRG03;Energieträger;PHOTO-01;Photovoltaik;-;GJ;BRN001;Brennstoffeinsatz;
43311;Monatserhebung ü. Elektrizitäts- u. Wärmeerzeugung;JAHR;Jahr;2012;DINSG;Deutschland insgesamt;DG;Deutschland;ENRG03;Energieträger;ENR-EB-SONST;Sonstige erneuerbare Energien;-;MWh;WRM001;Nettowärmeerzeugung;
43311;Monatserhebung ü. Elektrizitäts- u. Wärmeerzeugung;JAHR;Jahr;2012;DINSG;Deutschland insgesamt;DG;Deutschland;ENRG03;Energieträger;ENR-EB-SONST;Sonstige erneuerbare Energien;.;MWh;EKT002;Elektrizitätserzeugung (netto);
43311;Monatserhebung ü. Elektrizitäts- u. Wärmeerzeugung;JAHR;Jahr;2012;DINSG;Deutschland insgesamt;DG;Deutschland;ENRG03;Energieträger;ENR-EB-SONST;Sonstige erneuerbare Energien;.;MWh;EKT001;Elektrizitätserzeugung (brutto);
43311;Monatserhebung ü. Elektrizitäts- u. Wärmeerzeugung;JAHR;Jahr;2012;DINSG;Deutschland insgesamt;DG;Deutschland;ENRG03;Energieträger;ENR-EB-SONST;Sonstige erneuerbare Energien;.;GJ;BRN001;Brennstoffeinsatz;
43311;Monatserhebung ü. Elektrizitäts- u. Wärmeerzeugung;JAHR;Jahr;2006;DINSG;Deutschland insgesamt;DG;Deutschland;ENRG03;Energieträger;ENRSET;Sonstige Energieträger;956383;MWh;WRM001;Nettowärmeerzeugung;e
43311;Monatserhebung ü. Elektrizitäts- u. Wärmeerzeugung;JAHR;Jahr;2006;DINSG;Deutschland insgesamt;DG;Deutschland;ENRG03;Energieträger;ENRSET;Sonstige Energieträger;541038;MWh;EKT002;Elektrizitätserzeugung (netto);e
43311;Monatserhebung ü. Elektrizitäts- u. Wärmeerzeugung;JAHR;Jahr;2006;DINSG;Deutschland insgesamt;DG;Deutschland;ENRG03;Energieträger;ENRSET;Sonstige Energieträger;573247;MWh;EKT001;Elektrizitätserzeugung (brutto);e
43311;Monatserhebung ü. Elektrizitäts- u. Wärmeerzeugung;JAHR;Jahr;2006;DINSG;Deutschland insgesamt;DG;Deutschland;ENRG03;Energieträger;ENRSET;Sonstige Energieträger;7552800;GJ;BRN001;Brennstoffeinsatz;e
43311;Monatserhebung ü. Elektrizitäts- u. Wärmeerzeugung;JAHR;Jahr;2018;DINSG;Deutschland insgesamt;DG;Deutschland;ENRG03;Energieträger;SP-SONST-01;Andere Speicher;-;MWh;WRM001;Nettowärmeerzeugung;
43311;Monatserhebung ü. Elektrizitäts- u. Wärmeerzeugung;JAHR;Jahr;2018;DINSG;Deutschland insgesamt;DG;Deutschland;ENRG03;Energieträger;SP-SONST-01;Andere Speicher;73796;MWh;EKT002;Elektrizitätserzeugung (netto);e
43311;Monatserhebung ü. Elektrizitäts- u. Wärmeerzeugung;JAHR;Jahr;2018;DINSG;Deutschland insgesamt;DG;Deutschland;ENRG03;Energieträger;SP-SONST-01;Andere Speicher;73796;MWh;EKT001;Elektrizitätserzeugung (brutto);e
43311;Monatserhebung ü. Elektrizitäts- u. Wärmeerzeugung;JAHR;Jahr;2018;DINSG;Deutschland insgesamt;DG;Deutschland;ENRG03;Energieträger;SP-SONST-01;Andere Speicher;-;GJ;BRN001;Brennstoffeinsatz;
43311;Monatserhebung ü. Elektrizitäts- u. Wärmeerzeugung;JAHR;Jahr;2006;DINSG;Deutschland insgesamt;DG;Deutschland;ENRG03;Energieträger;WRM-01;Wärme;-;MWh;WRM001;Nettowärmeerzeugung;
43311;Monatserhebung ü. Elektrizitäts- u. Wärmeerzeugung;JAHR;Jahr;2006;DINSG;Deutschland insgesamt;DG;Deutschland;ENRG03;Energieträger;WRM-01;Wärme;-;MWh;EKT002;Elektrizitätserzeugung (netto);
43311;Monatserhebung ü. Elektrizitäts- u. Wärmeerzeugung;JAHR;Jahr;2006;DINSG;Deutschland insgesamt;DG;Deutschland;ENRG03;Energieträger;WRM-01;Wärme;-;MWh;EKT001;Elektrizitätserzeugung (brutto);
43311;Monatserhebung ü. Elektrizitäts- u. Wärmeerzeugung;JAHR;Jahr;2006;DINSG;Deutschland insgesamt;DG;Deutschland;ENRG03;Energieträger;WRM-01;Wärme;-;GJ;BRN001;Brennstoffeinsatz;
43311;Monatserhebung ü. Elektrizitäts- u. Wärmeerzeugung;JAHR;Jahr;2020;DINSG;Deutschland insgesamt;DG;Deutschland;ENRG03;Energieträger;KHL-S-01;Steinkohlen;17528311;MWh;WRM001;Nettowärmeerzeugung;e
43311;Monatserhebung ü. Elektrizitäts- u. Wärmeerzeugung;JAHR;Jahr;2020;DINSG;Deutschland insgesamt;DG;Deutschland;ENRG03;Energieträger;KHL-S-01;Steinkohlen;35460410;MWh;EKT002;Elektrizitätserzeugung (netto);e
43311;Monatserhebung ü. Elektrizitäts- u. Wärmeerzeugung;JAHR;Jahr;2020;DINSG;Deutschland insgesamt;DG;Deutschland;ENRG03;Energieträger;KHL-S-01;Steinkohlen;39228231;MWh;EKT001;Elektrizitätserzeugung (brutto);e
43311;Monatserhebung ü. Elektrizitäts- u. Wärmeerzeugung;JAHR;Jahr;2020;DINSG;Deutschland insgesamt;DG;Deutschland;ENRG03;Energieträger;KHL-S-01;Steinkohlen;387642784;GJ;BRN001;Brennstoffeinsatz;e
43311;Monatserhebung ü. Elektrizitäts- u. Wärmeerzeugung;JAHR;Jahr;2018;DINSG;Deutschland insgesamt;DG;Deutschland;ENRG03;Energieträger;GAS-FL;Flüssiggas;-;MWh;WRM001;Nettowärmeerzeugung;
43311;Monatserhebung ü. Elektrizitäts- u. Wärmeerzeugung;JAHR;Jahr;2018;DINSG;Deutschland insgesamt;DG;Deutschland;ENRG03;Energieträger;GAS-FL;Flüssiggas;.;MWh;EKT002;Elektrizitätserzeugung (netto);
43311;Monatserhebung ü. Elektrizitäts- u. Wärmeerzeugung;JAHR;Jahr;2018;DINSG;Deutschland insgesamt;DG;Deutschland;ENRG03;Energieträger;GAS-FL;Flüssiggas;.;MWh;EKT001;Elektrizitätserzeugung (brutto);
43311;Monatserhebung ü. Elektrizitäts- u. Wärmeerzeugung;JAHR;Jahr;2018;DINSG;Deutschland insgesamt;DG;Deutschland;ENRG03;Energieträger;GAS-FL;Flüssiggas;.;GJ;BRN001;Brennstoffeinsatz;
43311;Monatserhebung ü. Elektrizitäts- u. Wärmeerzeugung;JAHR;Jahr;2005;DINSG;Deutschland insgesamt;DG;Deutschland;ENRG03;Energieträger;BIO-FL-01;Flüssige biogene Stoffe;8681;MWh;WRM001;Nettowärmeerzeugung;e
43311;Monatserhebung ü. Elektrizitäts- u. Wärmeerzeugung;JAHR;Jahr;2005;DINSG;Deutschland insgesamt;DG;Deutschland;ENRG03;Energieträger;BIO-FL-01;Flüssige biogene Stoffe;17864;MWh;EKT002;Elektrizitätserzeugung (netto);e
43311;Monatserhebung ü. Elektrizitäts- u. Wärmeerzeugung;JAHR;Jahr;2005;DINSG;Deutschland insgesamt;DG;Deutschland;ENRG03;Energieträger;BIO-FL-01;Flüssige biogene Stoffe;18940;MWh;EKT001;Elektrizitätserzeugung (brutto);e
43311;Monatserhebung ü. Elektrizitäts- u. Wärmeerzeugung;JAHR;Jahr;2005;DINSG;Deutschland insgesamt;DG;Deutschland;ENRG03;Energieträger;BIO-FL-01;Flüssige biogene Stoffe;169004;GJ;BRN001;Brennstoffeinsatz;e
43311;Monatserhebung ü. Elektrizitäts- u. Wärmeerzeugung;JAHR;Jahr;2004;DINSG;Deutschland insgesamt;DG;Deutschland;ENRG03;Energieträger;KHL-B-WSK;Wirbelschichtkohle;-;MWh;WRM001;Nettowärmeerzeugung;
43311;Monatserhebung ü. Elektrizitäts- u. Wärmeerzeugung;JAHR;Jahr;2004;DINSG;Deutschland insgesamt;DG;Deutschland;ENRG03;Energieträger;KHL-B-WSK;Wirbelschichtkohle;-;MWh;EKT002;Elektrizitätserzeugung (netto);
43311;Monatserhebung ü. Elektrizitäts- u. Wärmeerzeugung;JAHR;Jahr;2004;DINSG;Deutschland insgesamt;DG;Deutschland;ENRG03;Energieträger;KHL-B-WSK;Wirbelschichtkohle;-;MWh;EKT001;Elektrizitätserzeugung (brutto);
43311;Monatserhebung ü. Elektrizitäts- u. Wärmeerzeugung;JAHR;Jahr;2004;DINSG;Deutschland insgesamt;DG;Deutschland;ENRG03;Energieträger;KHL-B-WSK;Wirbelschichtkohle;-;GJ;BRN001;Brennstoffeinsatz;
43311;Monatserhebung ü. Elektrizitäts- u. Wärmeerzeugung;JAHR;Jahr;2002;DINSG;Deutschland insgesamt;DG;Deutschland;ENRG03;Energieträger;ABF-01;Abfall (Hausmüll, Industrie);-;MWh;WRM001;Nettowärmeerzeugung;
43311;Monatserhebung ü. Elektrizitäts- u. Wärmeerzeugung;JAHR;Jahr;2002;DINSG;Deutschland insgesamt;DG;Deutschland;ENRG03;Energieträger;ABF-01;Abfall (Hausmüll, Industrie);2926819;MWh;EKT002;Elektrizitätserzeugung (netto);e
43311;Monatserhebung ü. Elektrizitäts- u. Wärmeerzeugung;JAHR;Jahr;2002;DINSG;Deutschland insgesamt;DG;Deutschland;ENRG03;Energieträger;ABF-01;Abfall (Hausmüll, Industrie);3897805;MWh;EKT001;Elektrizitätserzeugung (brutto);e
43311;Monatserhebung ü. Elektrizitäts- u. Wärmeerzeugung;JAHR;Jahr;2002;DINSG;Deutschland insgesamt;DG;Deutschland;ENRG03;Energieträger;ABF-01;Abfall (Hausmüll, Industrie);53723430;GJ;BRN001;Brennstoffeinsatz;e
43311;Monatserhebung ü. Elektrizitäts- u. Wärmeerzeugung;JAHR;Jahr;2022;DINSG;Deutschland insgesamt;DG;Deutschland;ENRG03;Energieträger;KHL-B-KOKS;Braunkohlenkoks;.;MWh;WRM001;Nettowärmeerzeugung;
43311;Monatserhebung ü. Elektrizitäts- u. Wärmeerzeugung;JAHR;Jahr;2022;DINSG;Deutschland insgesamt;DG;Deutschland;ENRG03;Energieträger;KHL-B-KOKS;Braunkohlenkoks;.;MWh;EKT002;Elektrizitätserzeugung (netto);
43311;Monatserhebung ü. Elektrizitäts- u. Wärmeerzeugung;JAHR;Jahr;2022;DINSG;Deutschland insgesamt;DG;Deutschland;ENRG03;Energieträger;KHL-B-KOKS;Braunkohlenkoks;.;MWh;EKT001;Elektrizitätserzeugung (brutto);
43311;Monatserhebung ü. Elektrizitäts- u. Wärmeerzeugung;JAHR;Jahr;2022;DINSG;Deutschland insgesamt;DG;Deutschland;ENRG03;Energieträger;KHL-B-KOKS;Braunkohlenkoks;.;GJ;BRN001;Brennstoffeinsatz;
43311;Monatserhebung ü. Elektrizitäts- u. Wärmeerzeugung;JAHR;Jahr;2023;DINSG;Deutschland insgesamt;DG;Deutschland;ENRG03;Energieträger;GAS-HO-01;Hochofengas;-;MWh;WRM001;Nettowärmeerzeugung;
43311;Monatserhebung ü. Elektrizitäts- u. Wärmeerzeugung;JAHR;Jahr;2023;DINSG;Deutschland insgesamt;DG;Deutschland;ENRG03;Energieträger;GAS-HO-01;Hochofengas;-;MWh;EKT002;Elektrizitätserzeugung (netto);
43311;Monatserhebung ü. Elektrizitäts- u. Wärmeerzeugung;JAHR;Jahr;2023;DINSG;Deutschland insgesamt;DG;Deutschland;ENRG03;Energieträger;GAS-HO-01;Hochofengas;-;MWh;EKT001;Elektrizitätserzeugung (brutto);
43311;Monatserhebung ü. Elektrizitäts- u. Wärmeerzeugung;JAHR;Jahr;2023;DINSG;Deutschland insgesamt;DG;Deutschland;ENRG03;Energieträger;GAS-HO-01;Hochofengas;-;GJ;BRN001;Brennstoffeinsatz;
43311;Monatserhebung ü. Elektrizitäts- u. Wärmeerzeugung;JAHR;Jahr;2014;DINSG;Deutschland insgesamt;DG;Deutschland;ENRG03;Energieträger;GAS-BIO-02;Biomethan (Bioerdgas);-;MWh;WRM001;Nettowärmeerzeugung;
43311;Monatserhebung ü. Elektrizitäts- u. Wärmeerzeugung;JAHR;Jahr;2014;DINSG;Deutschland insgesamt;DG;Deutschland;ENRG03;Energieträger;GAS-BIO-02;Biomethan (Bioerdgas);-;MWh;EKT002;Elektrizitätserzeugung (netto);
43311;Monatserhebung ü. Elektrizitäts- u. Wärmeerzeugung;JAHR;Jahr;2014;DINSG;Deutschland insgesamt;DG;Deutschland;ENRG03;Energieträger;GAS-BIO-02;Biomethan (Bioerdgas);-;MWh;EKT001;Elektrizitätserzeugung (brutto);
43311;Monatserhebung ü. Elektrizitäts- u. Wärmeerzeugung;JAHR;Jahr;2014;DINSG;Deutschland insgesamt;DG;Deutschland;ENRG03;Energieträger;GAS-BIO-02;Biomethan (Bioerdgas);-;GJ;BRN001;Brennstoffeinsatz;
43311;Monatserhebung ü. Elektrizitäts- u. Wärmeerzeugung;JAHR;Jahr;2013;DINSG;Deutschland insgesamt;DG;Deutschland;ENRG03;Energieträger;ENR-EB-SONST;Sonstige erneuerbare Energien;-;MWh;WRM001;Nettowärmeerzeugung;
43311;Monatserhebung ü. Elektrizitäts- u. Wärmeerzeugung;JAHR;Jahr;2013;DINSG;Deutschland insgesamt;DG;Deutschland;ENRG03;Energieträger;ENR-EB-SONST;Sonstige erneuerbare Energien;.;MWh;EKT002;Elektrizitätserzeugung (netto);
43311;Monatserhebung ü. Elektrizitäts- u. Wärmeerzeugung;JAHR;Jahr;2013;DINSG;Deutschland insgesamt;DG;Deutschland;ENRG03;Energieträger;ENR-EB-SONST;Sonstige erneuerbare Energien;.;MWh;EKT001;Elektrizitätserzeugung (brutto);
43311;Monatserhebung ü. Elektrizitäts- u. Wärmeerzeugung;JAHR;Jahr;2013;DINSG;Deutschland insgesamt;DG;Deutschland;ENRG03;Energieträger;ENR-EB-SONST;Sonstige erneuerbare Energien;1609205;GJ;BRN001;Brennstoffeinsatz;e
43311;Monatserhebung ü. Elektrizitäts- u. Wärmeerzeugung;JAHR;Jahr;2023;DINSG;Deutschland insgesamt;DG;Deutschland;ENRG03;Energieträger;GAS-BIO-02;Biomethan (Bioerdgas);1113522;MWh;WRM001;Nettowärmeerzeugung;p
43311;Monatserhebung ü. Elektrizitäts- u. Wärmeerzeugung;JAHR;Jahr;2023;DINSG;Deutschland insgesamt;DG;Deutschland;ENRG03;Energieträger;GAS-BIO-02;Biomethan (Bioerdgas);936419;MWh;EKT002;Elektrizitätserzeugung (netto);p
43311;Monatserhebung ü. Elektrizitäts- u. Wärmeerzeugung;JAHR;Jahr;2023;DINSG;Deutschland insgesamt;DG;Deutschland;ENRG03;Energieträger;GAS-BIO-02;Biomethan (Bioerdgas);955825;MWh;EKT001;Elektrizitätserzeugung (brutto);p
43311;Monatserhebung ü. Elektrizitäts- u. Wärmeerzeugung;JAHR;Jahr;2023;DINSG;Deutschland insgesamt;DG;Deutschland;ENRG03;Energieträger;GAS-BIO-02;Biomethan (Bioerdgas);8962886;GJ;BRN001;Brennstoffeinsatz;p
43311;Monatserhebung ü. Elektrizitäts- u. Wärmeerzeugung;JAHR;Jahr;2013;DINSG;Deutschland insgesamt;DG;Deutschland;ENRG03;Energieträger;KHL-S-KWS;Kohlenwertstoffe aus Steinkohle;-;MWh;WRM001;Nettowärmeerzeugung;
43311;Monatserhebung ü. Elektrizitäts- u. Wärmeerzeugung;JAHR;Jahr;2013;DINSG;Deutschland insgesamt;DG;Deutschland;ENRG03;Energieträger;KHL-S-KWS;Kohlenwertstoffe aus Steinkohle;-;MWh;EKT002;Elektrizitätserzeugung (netto);
43311;Monatserhebung ü. Elektrizitäts- u. Wärmeerzeugung;JAHR;Jahr;2013;DINSG;Deutschland insgesamt;DG;Deutschland;ENRG03;Energieträger;KHL-S-KWS;Kohlenwertstoffe aus Steinkohle;-;MWh;EKT001;Elektrizitätserzeugung (brutto);
43311;Monatserhebung ü. Elektrizitäts- u. Wärmeerzeugung;JAHR;Jahr;2013;DINSG;Deutschland insgesamt;DG;Deutschland;ENRG03;Energieträger;KHL-S-KWS;Kohlenwertstoffe aus Steinkohle;-;GJ;BRN001;Brennstoffeinsatz;
43311;Monatserhebung ü. Elektrizitäts- u. Wärmeerzeugung;JAHR;Jahr;2008;DINSG;Deutschland insgesamt;DG;Deutschland;ENRG03;Energieträger;SP-SONST-01;Andere Speicher;-;MWh;WRM001;Nettowärmeerzeugung;
43311;Monatserhebung ü. Elektrizitäts- u. Wärmeerzeugung;JAHR;Jahr;2008;DINSG;Deutschland insgesamt;DG;Deutschland;ENRG03;Energieträger;SP-SONST-01;Andere Speicher;-;MWh;EKT002;Elektrizitätserzeugung (netto);
43311;Monatserhebung ü. Elektrizitäts- u. Wärmeerzeugung;JAHR;Jahr;2008;DINSG;Deutschland insgesamt;DG;Deutschland;ENRG03;Energieträger;SP-SONST-01;Andere Speicher;-;MWh;EKT001;Elektrizitätserzeugung (brutto);
43311;Monatserhebung ü. Elektrizitäts- u. Wärmeerzeugung;JAHR;Jahr;2008;DINSG;Deutschland insgesamt;DG;Deutschland;ENRG03;Energieträger;SP-SONST-01;Andere Speicher;-;GJ;BRN001;Brennstoffeinsatz;
43311;Monatserhebung ü. Elektrizitäts- u. Wärmeerzeugung;JAHR;Jahr;2017;DINSG;Deutschland insgesamt;DG;Deutschland;ENRG03;Energieträger;KHL-B-STK;Staub- und Trockenkohle;.;MWh;WRM001;Nettowärmeerzeugung;
43311;Monatserhebung ü. Elektrizitäts- u. Wärmeerzeugung;JAHR;Jahr;2017;DINSG;Deutschland insgesamt;DG;Deutschland;ENRG03;Energieträger;KHL-B-STK;Staub- und Trockenkohle;147110;MWh;EKT002;Elektrizitätserzeugung (netto);e
43311;Monatserhebung ü. Elektrizitäts- u. Wärmeerzeugung;JAHR;Jahr;2017;DINSG;Deutschland insgesamt;DG;Deutschland;ENRG03;Energieträger;KHL-B-STK;Staub- und Trockenkohle;161552;MWh;EKT001;Elektrizitätserzeugung (brutto);e
43311;Monatserhebung ü. Elektrizitäts- u. Wärmeerzeugung;JAHR;Jahr;2017;DINSG;Deutschland insgesamt;DG;Deutschland;ENRG03;Energieträger;KHL-B-STK;Staub- und Trockenkohle;2418776;GJ;BRN001;Brennstoffeinsatz;e
43311;Monatserhebung ü. Elektrizitäts- u. Wärmeerzeugung;JAHR;Jahr;2023;DINSG;Deutschland insgesamt;DG;Deutschland;ENRG03;Energieträger;WAS-LF-01;Laufwasser;-;MWh;WRM001;Nettowärmeerzeugung;
43311;Monatserhebung ü. Elektrizitäts- u. Wärmeerzeugung;JAHR;Jahr;2023;DINSG;Deutschland insgesamt;DG;Deutschland;ENRG03;Energieträger;WAS-LF-01;Laufwasser;15063245;MWh;EKT002;Elektrizitätserzeugung (netto);p
43311;Monatserhebung ü. Elektrizitäts- u. Wärmeerzeugung;JAHR;Jahr;2023;DINSG;Deutschland insgesamt;DG;Deutschland;ENRG03;Energieträger;WAS-LF-01;Laufwasser;15188946;MWh;EKT001;Elektrizitätserzeugung (brutto);p
43311;Monatserhebung ü. Elektrizitäts- u. Wärmeerzeugung;JAHR;Jahr;2023;DINSG;Deutschland insgesamt;DG;Deutschland;ENRG03;Energieträger;WAS-LF-01;Laufwasser;-;GJ;BRN001;Brennstoffeinsatz;
43311;Monatserhebung ü. Elektrizitäts- u. Wärmeerzeugung;JAHR;Jahr;2009;DINSG;Deutschland insgesamt;DG;Deutschland;ENRG03;Energieträger;KHL-B-HART;Hartbraunkohlen;33236;MWh;WRM001;Nettowärmeerzeugung;e
43311;Monatserhebung ü. Elektrizitäts- u. Wärmeerzeugung;JAHR;Jahr;2009;DINSG;Deutschland insgesamt;DG;Deutschland;ENRG03;Energieträger;KHL-B-HART;Hartbraunkohlen;8567;MWh;EKT002;Elektrizitätserzeugung (netto);e
43311;Monatserhebung ü. Elektrizitäts- u. Wärmeerzeugung;JAHR;Jahr;2009;DINSG;Deutschland insgesamt;DG;Deutschland;ENRG03;Energieträger;KHL-B-HART;Hartbraunkohlen;10247;MWh;EKT001;Elektrizitätserzeugung (brutto);e
43311;Monatserhebung ü. Elektrizitäts- u. Wärmeerzeugung;JAHR;Jahr;2009;DINSG;Deutschland insgesamt;DG;Deutschland;ENRG03;Energieträger;KHL-B-HART;Hartbraunkohlen;183597;GJ;BRN001;Brennstoffeinsatz;e
43311;Monatserhebung ü. Elektrizitäts- u. Wärmeerzeugung;JAHR;Jahr;2002;DINSG;Deutschland insgesamt;DG;Deutschland;ENRG03;Energieträger;WAS-PSP-03;Pumpspeicher ohne natürlichen Zufluss;-;MWh;WRM001;Nettowärmeerzeugung;
43311;Monatserhebung ü. Elektrizitäts- u. Wärmeerzeugung;JAHR;Jahr;2002;DINSG;Deutschland insgesamt;DG;Deutschland;ENRG03;Energieträger;WAS-PSP-03;Pumpspeicher ohne natürlichen Zufluss;-;MWh;EKT002;Elektrizitätserzeugung (netto);
43311;Monatserhebung ü. Elektrizitäts- u. Wärmeerzeugung;JAHR;Jahr;2002;DINSG;Deutschland insgesamt;DG;Deutschland;ENRG03;Energieträger;WAS-PSP-03;Pumpspeicher ohne natürlichen Zufluss;-;MWh;EKT001;Elektrizitätserzeugung (brutto);
43311;Monatserhebung ü. Elektrizitäts- u. Wärmeerzeugung;JAHR;Jahr;2002;DINSG;Deutschland insgesamt;DG;Deutschland;ENRG03;Energieträger;WAS-PSP-03;Pumpspeicher ohne natürlichen Zufluss;-;GJ;BRN001;Brennstoffeinsatz;
43311;Monatserhebung ü. Elektrizitäts- u. Wärmeerzeugung;JAHR;Jahr;2009;DINSG;Deutschland insgesamt;DG;Deutschland;ENRG03;Energieträger;ENRKER;Kernenergie;-;MWh;WRM001;Nettowärmeerzeugung;
43311;Monatserhebung ü. Elektrizitäts- u. Wärmeerzeugung;JAHR;Jahr;2009;DINSG;Deutschland insgesamt;DG;Deutschland;ENRG03;Energieträger;ENRKER;Kernenergie;127690281;MWh;EKT002;Elektrizitätserzeugung (netto);e
43311;Monatserhebung ü. Elektrizitäts- u. Wärmeerzeugung;JAHR;Jahr;2009;DINSG;Deutschland insgesamt;DG;Deutschland;ENRG03;Energieträger;ENRKER;Kernenergie;134932034;MWh;EKT001;Elektrizitätserzeugung (brutto);e
43311;Monatserhebung ü. Elektrizitäts- u. Wärmeerzeugung;JAHR;Jahr;2009;DINSG;Deutschland insgesamt;DG;Deutschland;ENRG03;Energieträger;ENRKER;Kernenergie;-;GJ;BRN001;Brennstoffeinsatz;
43311;Monatserhebung ü. Elektrizitäts- u. Wärmeerzeugung;JAHR;Jahr;2024;DINSG;Deutschland insgesamt;DG;Deutschland;ENRG03;Energieträger;GAS-K-01;Kokereigas;-;MWh;WRM001;Nettowärmeerzeugung;
43311;Monatserhebung ü. Elektrizitäts- u. Wärmeerzeugung;JAHR;Jahr;2024;DINSG;Deutschland insgesamt;DG;Deutschland;ENRG03;Energieträger;GAS-K-01;Kokereigas;-;MWh;EKT002;Elektrizitätserzeugung (netto);
43311;Monatserhebung ü. Elektrizitäts- u. Wärmeerzeugung;JAHR;Jahr;2024;DINSG;Deutschland insgesamt;DG;Deutschland;ENRG03;Energieträger;GAS-K-01;Kokereigas;-;MWh;EKT001;Elektrizitätserzeugung (brutto);
43311;Monatserhebung ü. Elektrizitäts- u. Wärmeerzeugung;JAHR;Jahr;2024;DINSG;Deutschland insgesamt;DG;Deutschland;ENRG03;Energieträger;GAS-K-01;Kokereigas;-;GJ;BRN001;Brennstoffeinsatz;
43311;Monatserhebung ü. Elektrizitäts- u. Wärmeerzeugung;JAHR;Jahr;2024;DINSG;Deutschland insgesamt;DG;Deutschland;ENRG03;Energieträger;KHL-S-BRIK;Steinkohlenbriketts;-;MWh;WRM001;Nettowärmeerzeugung;
43311;Monatserhebung ü. Elektrizitäts- u. Wärmeerzeugung;JAHR;Jahr;2024;DINSG;Deutschland insgesamt;DG;Deutschland;ENRG03;Energieträger;KHL-S-BRIK;Steinkohlenbriketts;-;MWh;EKT002;Elektrizitätserzeugung (netto);
43311;Monatserhebung ü. Elektrizitäts- u. Wärmeerzeugung;JAHR;Jahr;2024;DINSG;Deutschland insgesamt;DG;Deutschland;ENRG03;Energieträger;KHL-S-BRIK;Steinkohlenbriketts;-;MWh;EKT001;Elektrizitätserzeugung (brutto);
43311;Monatserhebung ü. Elektrizitäts- u. Wärmeerzeugung;JAHR;Jahr;2024;DINSG;Deutschland insgesamt;DG;Deutschland;ENRG03;Energieträger;KHL-S-BRIK;Steinkohlenbriketts;-;GJ;BRN001;Brennstoffeinsatz;
43311;Monatserhebung ü. Elektrizitäts- u. Wärmeerzeugung;JAHR;Jahr;2018;DINSG;Deutschland insgesamt;DG;Deutschland;ENRG03;Energieträger;KHL-B-SONST;Sonstige Braunkohlen;-;MWh;WRM001;Nettowärmeerzeugung;
43311;Monatserhebung ü. Elektrizitäts- u. Wärmeerzeugung;JAHR;Jahr;2018;DINSG;Deutschland insgesamt;DG;Deutschland;ENRG03;Energieträger;KHL-B-SONST;Sonstige Braunkohlen;-;MWh;EKT002;Elektrizitätserzeugung (netto);
43311;Monatserhebung ü. Elektrizitäts- u. Wärmeerzeugung;JAHR;Jahr;2018;DINSG;Deutschland insgesamt;DG;Deutschland;ENRG03;Energieträger;KHL-B-SONST;Sonstige Braunkohlen;-;MWh;EKT001;Elektrizitätserzeugung (brutto);
43311;Monatserhebung ü. Elektrizitäts- u. Wärmeerzeugung;JAHR;Jahr;2018;DINSG;Deutschland insgesamt;DG;Deutschland;ENRG03;Energieträger;KHL-B-SONST;Sonstige Braunkohlen;-;GJ;BRN001;Brennstoffeinsatz;
43311;Monatserhebung ü. Elektrizitäts- u. Wärmeerzeugung;JAHR;Jahr;2024;DINSG;Deutschland insgesamt;DG;Deutschland;ENRG03;Energieträger;KHL-B-ROH;Rohbraunkohlen;4099447;MWh;WRM001;Nettowärmeerzeugung;e
43311;Monatserhebung ü. Elektrizitäts- u. Wärmeerzeugung;JAHR;Jahr;2024;DINSG;Deutschland insgesamt;DG;Deutschland;ENRG03;Energieträger;KHL-B-ROH;Rohbraunkohlen;71076760;MWh;EKT002;Elektrizitätserzeugung (netto);e
43311;Monatserhebung ü. Elektrizitäts- u. Wärmeerzeugung;JAHR;Jahr;2024;DINSG;Deutschland insgesamt;DG;Deutschland;ENRG03;Energieträger;KHL-B-ROH;Rohbraunkohlen;76810776;MWh;EKT001;Elektrizitätserzeugung (brutto);e
43311;Monatserhebung ü. Elektrizitäts- u. Wärmeerzeugung;JAHR;Jahr;2024;DINSG;Deutschland insgesamt;DG;Deutschland;ENRG03;Energieträger;KHL-B-ROH;Rohbraunkohlen;723476391;GJ;BRN001;Brennstoffeinsatz;e
43311;Monatserhebung ü. Elektrizitäts- u. Wärmeerzeugung;JAHR;Jahr;2024;DINSG;Deutschland insgesamt;DG;Deutschland;ENRG03;Energieträger;ENRSET;Sonstige Energieträger;.;MWh;WRM001;Nettowärmeerzeugung;
43311;Monatserhebung ü. Elektrizitäts- u. Wärmeerzeugung;JAHR;Jahr;2024;DINSG;Deutschland insgesamt;DG;Deutschland;ENRG03;Energieträger;ENRSET;Sonstige Energieträger;.;MWh;EKT002;Elektrizitätserzeugung (netto);
43311;Monatserhebung ü. Elektrizitäts- u. Wärmeerzeugung;JAHR;Jahr;2024;DINSG;Deutschland insgesamt;DG;Deutschland;ENRG03;Energieträger;ENRSET;Sonstige Energieträger;.;MWh;EKT001;Elektrizitätserzeugung (brutto);
43311;Monatserhebung ü. Elektrizitäts- u. Wärmeerzeugung;JAHR;Jahr;2024;DINSG;Deutschland insgesamt;DG;Deutschland;ENRG03;Energieträger;ENRSET;Sonstige Energieträger;.;GJ;BRN001;Brennstoffeinsatz;
43311;Monatserhebung ü. Elektrizitäts- u. Wärmeerzeugung;JAHR;Jahr;2008;DINSG;Deutschland insgesamt;DG;Deutschland;ENRG03;Energieträger;GAS-K-01;Kokereigas;10722;MWh;WRM001;Nettowärmeerzeugung;e
43311;Monatserhebung ü. Elektrizitäts- u. Wärmeerzeugung;JAHR;Jahr;2008;DINSG;Deutschland insgesamt;DG;Deutschland;ENRG03;Energieträger;GAS-K-01;Kokereigas;515282;MWh;EKT002;Elektrizitätserzeugung (netto);e
43311;Monatserhebung ü. Elektrizitäts- u. Wärmeerzeugung;JAHR;Jahr;2008;DINSG;Deutschland insgesamt;DG;Deutschland;ENRG03;Energieträger;GAS-K-01;Kokereigas;552326;MWh;EKT001;Elektrizitätserzeugung (brutto);e
43311;Monatserhebung ü. Elektrizitäts- u. Wärmeerzeugung;JAHR;Jahr;2008;DINSG;Deutschland insgesamt;DG;Deutschland;ENRG03;Energieträger;GAS-K-01;Kokereigas;5107385;GJ;BRN001;Brennstoffeinsatz;e
43311;Monatserhebung ü. Elektrizitäts- u. Wärmeerzeugung;JAHR;Jahr;2007;DINSG;Deutschland insgesamt;DG;Deutschland;ENRG03;Energieträger;KLS-01;Klärschlamm;11738;MWh;WRM001;Nettowärmeerzeugung;e
43311;Monatserhebung ü. Elektrizitäts- u. Wärmeerzeugung;JAHR;Jahr;2007;DINSG;Deutschland insgesamt;DG;Deutschland;ENRG03;Energieträger;KLS-01;Klärschlamm;136932;MWh;EKT002;Elektrizitätserzeugung (netto);e
43311;Monatserhebung ü. Elektrizitäts- u. Wärmeerzeugung;JAHR;Jahr;2007;DINSG;Deutschland insgesamt;DG;Deutschland;ENRG03;Energieträger;KLS-01;Klärschlamm;149243;MWh;EKT001;Elektrizitätserzeugung (brutto);e
43311;Monatserhebung ü. Elektrizitäts- u. Wärmeerzeugung;JAHR;Jahr;2007;DINSG;Deutschland insgesamt;DG;Deutschland;ENRG03;Energieträger;KLS-01;Klärschlamm;1408963;GJ;BRN001;Brennstoffeinsatz;e
43311;Monatserhebung ü. Elektrizitäts- u. Wärmeerzeugung;JAHR;Jahr;2012;DINSG;Deutschland insgesamt;DG;Deutschland;ENRG03;Energieträger;GAS-K-01;Kokereigas;6799;MWh;WRM001;Nettowärmeerzeugung;e
43311;Monatserhebung ü. Elektrizitäts- u. Wärmeerzeugung;JAHR;Jahr;2012;DINSG;Deutschland insgesamt;DG;Deutschland;ENRG03;Energieträger;GAS-K-01;Kokereigas;.;MWh;EKT002;Elektrizitätserzeugung (netto);
43311;Monatserhebung ü. Elektrizitäts- u. Wärmeerzeugung;JAHR;Jahr;2012;DINSG;Deutschland insgesamt;DG;Deutschland;ENRG03;Energieträger;GAS-K-01;Kokereigas;.;MWh;EKT001;Elektrizitätserzeugung (brutto);
43311;Monatserhebung ü. Elektrizitäts- u. Wärmeerzeugung;JAHR;Jahr;2012;DINSG;Deutschland insgesamt;DG;Deutschland;ENRG03;Energieträger;GAS-K-01;Kokereigas;.;GJ;BRN001;Brennstoffeinsatz;
43311;Monatserhebung ü. Elektrizitäts- u. Wärmeerzeugung;JAHR;Jahr;2012;DINSG;Deutschland insgesamt;DG;Deutschland;ENRG03;Energieträger;KHL-B-BRIK;Braunkohlenbriketts;81821;MWh;WRM001;Nettowärmeerzeugung;e
43311;Monatserhebung ü. Elektrizitäts- u. Wärmeerzeugung;JAHR;Jahr;2012;DINSG;Deutschland insgesamt;DG;Deutschland;ENRG03;Energieträger;KHL-B-BRIK;Braunkohlenbriketts;30708;MWh;EKT002;Elektrizitätserzeugung (netto);e
43311;Monatserhebung ü. Elektrizitäts- u. Wärmeerzeugung;JAHR;Jahr;2012;DINSG;Deutschland insgesamt;DG;Deutschland;ENRG03;Energieträger;KHL-B-BRIK;Braunkohlenbriketts;34609;MWh;EKT001;Elektrizitätserzeugung (brutto);e
43311;Monatserhebung ü. Elektrizitäts- u. Wärmeerzeugung;JAHR;Jahr;2012;DINSG;Deutschland insgesamt;DG;Deutschland;ENRG03;Energieträger;KHL-B-BRIK;Braunkohlenbriketts;674790;GJ;BRN001;Brennstoffeinsatz;e
43311;Monatserhebung ü. Elektrizitäts- u. Wärmeerzeugung;JAHR;Jahr;2009;DINSG;Deutschland insgesamt;DG;Deutschland;ENRG03;Energieträger;KHL-S-BRIK;Steinkohlenbriketts;-;MWh;WRM001;Nettowärmeerzeugung;
43311;Monatserhebung ü. Elektrizitäts- u. Wärmeerzeugung;JAHR;Jahr;2009;DINSG;Deutschland insgesamt;DG;Deutschland;ENRG03;Energieträger;KHL-S-BRIK;Steinkohlenbriketts;-;MWh;EKT002;Elektrizitätserzeugung (netto);
43311;Monatserhebung ü. Elektrizitäts- u. Wärmeerzeugung;JAHR;Jahr;2009;DINSG;Deutschland insgesamt;DG;Deutschland;ENRG03;Energieträger;KHL-S-BRIK;Steinkohlenbriketts;-;MWh;EKT001;Elektrizitätserzeugung (brutto);
43311;Monatserhebung ü. Elektrizitäts- u. Wärmeerzeugung;JAHR;Jahr;2009;DINSG;Deutschland insgesamt;DG;Deutschland;ENRG03;Energieträger;KHL-S-BRIK;Steinkohlenbriketts;-;GJ;BRN001;Brennstoffeinsatz;
43311;Monatserhebung ü. Elektrizitäts- u. Wärmeerzeugung;JAHR;Jahr;2003;DINSG;Deutschland insgesamt;DG;Deutschland;ENRG03;Energieträger;WAS-SP-01;Speicherwasser;-;MWh;WRM001;Nettowärmeerzeugung;
43311;Monatserhebung ü. Elektrizitäts- u. Wärmeerzeugung;JAHR;Jahr;2003;DINSG;Deutschland insgesamt;DG;Deutschland;ENRG03;Energieträger;WAS-SP-01;Speicherwasser;1456185;MWh;EKT002;Elektrizitätserzeugung (netto);e
43311;Monatserhebung ü. Elektrizitäts- u. Wärmeerzeugung;JAHR;Jahr;2003;DINSG;Deutschland insgesamt;DG;Deutschland;ENRG03;Energieträger;WAS-SP-01;Speicherwasser;1484937;MWh;EKT001;Elektrizitätserzeugung (brutto);e
43311;Monatserhebung ü. Elektrizitäts- u. Wärmeerzeugung;JAHR;Jahr;2003;DINSG;Deutschland insgesamt;DG;Deutschland;ENRG03;Energieträger;WAS-SP-01;Speicherwasser;-;GJ;BRN001;Brennstoffeinsatz;
43311;Monatserhebung ü. Elektrizitäts- u. Wärmeerzeugung;JAHR;Jahr;2007;DINSG;Deutschland insgesamt;DG;Deutschland;ENRG03;Energieträger;WAS-PSP-02;Pumpspeicher mit natürlichem Zufluss;-;MWh;WRM001;Nettowärmeerzeugung;
43311;Monatserhebung ü. Elektrizitäts- u. Wärmeerzeugung;JAHR;Jahr;2007;DINSG;Deutschland insgesamt;DG;Deutschland;ENRG03;Energieträger;WAS-PSP-02;Pumpspeicher mit natürlichem Zufluss;-;MWh;EKT002;Elektrizitätserzeugung (netto);
43311;Monatserhebung ü. Elektrizitäts- u. Wärmeerzeugung;JAHR;Jahr;2007;DINSG;Deutschland insgesamt;DG;Deutschland;ENRG03;Energieträger;WAS-PSP-02;Pumpspeicher mit natürlichem Zufluss;-;MWh;EKT001;Elektrizitätserzeugung (brutto);
43311;Monatserhebung ü. Elektrizitäts- u. Wärmeerzeugung;JAHR;Jahr;2007;DINSG;Deutschland insgesamt;DG;Deutschland;ENRG03;Energieträger;WAS-PSP-02;Pumpspeicher mit natürlichem Zufluss;-;GJ;BRN001;Brennstoffeinsatz;
43311;Monatserhebung ü. Elektrizitäts- u. Wärmeerzeugung;JAHR;Jahr;2014;DINSG;Deutschland insgesamt;DG;Deutschland;ENRG03;Energieträger;GEOTH-01;Geothermie;.;MWh;WRM001;Nettowärmeerzeugung;
43311;Monatserhebung ü. Elektrizitäts- u. Wärmeerzeugung;JAHR;Jahr;2014;DINSG;Deutschland insgesamt;DG;Deutschland;ENRG03;Energieträger;GEOTH-01;Geothermie;65117;MWh;EKT002;Elektrizitätserzeugung (netto);e
43311;Monatserhebung ü. Elektrizitäts- u. Wärmeerzeugung;JAHR;Jahr;2014;DINSG;Deutschland insgesamt;DG;Deutschland;ENRG03;Energieträger;GEOTH-01;Geothermie;95028;MWh;EKT001;Elektrizitätserzeugung (brutto);e
43311;Monatserhebung ü. Elektrizitäts- u. Wärmeerzeugung;JAHR;Jahr;2014;DINSG;Deutschland insgesamt;DG;Deutschland;ENRG03;Energieträger;GEOTH-01;Geothermie;-;GJ;BRN001;Brennstoffeinsatz;
43311;Monatserhebung ü. Elektrizitäts- u. Wärmeerzeugung;JAHR;Jahr;2007;DINSG;Deutschland insgesamt;DG;Deutschland;ENRG03;Energieträger;KHL-B-KOKS;Braunkohlenkoks;424;MWh;WRM001;Nettowärmeerzeugung;e
43311;Monatserhebung ü. Elektrizitäts- u. Wärmeerzeugung;JAHR;Jahr;2007;DINSG;Deutschland insgesamt;DG;Deutschland;ENRG03;Energieträger;KHL-B-KOKS;Braunkohlenkoks;1716;MWh;EKT002;Elektrizitätserzeugung (netto);e
43311;Monatserhebung ü. Elektrizitäts- u. Wärmeerzeugung;JAHR;Jahr;2007;DINSG;Deutschland insgesamt;DG;Deutschland;ENRG03;Energieträger;KHL-B-KOKS;Braunkohlenkoks;2329;MWh;EKT001;Elektrizitätserzeugung (brutto);e
43311;Monatserhebung ü. Elektrizitäts- u. Wärmeerzeugung;JAHR;Jahr;2007;DINSG;Deutschland insgesamt;DG;Deutschland;ENRG03;Energieträger;KHL-B-KOKS;Braunkohlenkoks;54516;GJ;BRN001;Brennstoffeinsatz;e
43311;Monatserhebung ü. Elektrizitäts- u. Wärmeerzeugung;JAHR;Jahr;2021;DINSG;Deutschland insgesamt;DG;Deutschland;ENRG03;Energieträger;KHL-B-STK;Staub- und Trockenkohle;.;MWh;WRM001;Nettowärmeerzeugung;
43311;Monatserhebung ü. Elektrizitäts- u. Wärmeerzeugung;JAHR;Jahr;2021;DINSG;Deutschland insgesamt;DG;Deutschland;ENRG03;Energieträger;KHL-B-STK;Staub- und Trockenkohle;105177;MWh;EKT002;Elektrizitätserzeugung (netto);e
43311;Monatserhebung ü. Elektrizitäts- u. Wärmeerzeugung;JAHR;Jahr;2021;DINSG;Deutschland insgesamt;DG;Deutschland;ENRG03;Energieträger;KHL-B-STK;Staub- und Trockenkohle;119990;MWh;EKT001;Elektrizitätserzeugung (brutto);e
43311;Monatserhebung ü. Elektrizitäts- u. Wärmeerzeugung;JAHR;Jahr;2021;DINSG;Deutschland insgesamt;DG;Deutschland;ENRG03;Energieträger;KHL-B-STK;Staub- und Trockenkohle;2095414;GJ;BRN001;Brennstoffeinsatz;e
43311;Monatserhebung ü. Elektrizitäts- u. Wärmeerzeugung;JAHR;Jahr;2004;DINSG;Deutschland insgesamt;DG;Deutschland;ENRG03;Energieträger;ENR-EB-SONST;Sonstige erneuerbare Energien;31293;MWh;WRM001;Nettowärmeerzeugung;e
43311;Monatserhebung ü. Elektrizitäts- u. Wärmeerzeugung;JAHR;Jahr;2004;DINSG;Deutschland insgesamt;DG;Deutschland;ENRG03;Energieträger;ENR-EB-SONST;Sonstige erneuerbare Energien;193419;MWh;EKT002;Elektrizitätserzeugung (netto);e
43311;Monatserhebung ü. Elektrizitäts- u. Wärmeerzeugung;JAHR;Jahr;2004;DINSG;Deutschland insgesamt;DG;Deutschland;ENRG03;Energieträger;ENR-EB-SONST;Sonstige erneuerbare Energien;210216;MWh;EKT001;Elektrizitätserzeugung (brutto);e
43311;Monatserhebung ü. Elektrizitäts- u. Wärmeerzeugung;JAHR;Jahr;2004;DINSG;Deutschland insgesamt;DG;Deutschland;ENRG03;Energieträger;ENR-EB-SONST;Sonstige erneuerbare Energien;1975847;GJ;BRN001;Brennstoffeinsatz;e
43311;Monatserhebung ü. Elektrizitäts- u. Wärmeerzeugung;JAHR;Jahr;2007;DINSG;Deutschland insgesamt;DG;Deutschland;ENRG03;Energieträger;WRM-01;Wärme;-;MWh;WRM001;Nettowärmeerzeugung;
43311;Monatserhebung ü. Elektrizitäts- u. Wärmeerzeugung;JAHR;Jahr;2007;DINSG;Deutschland insgesamt;DG;Deutschland;ENRG03;Energieträger;WRM-01;Wärme;-;MWh;EKT002;Elektrizitätserzeugung (netto);
43311;Monatserhebung ü. Elektrizitäts- u. Wärmeerzeugung;JAHR;Jahr;2007;DINSG;Deutschland insgesamt;DG;Deutschland;ENRG03;Energieträger;WRM-01;Wärme;-;MWh;EKT001;Elektrizitätserzeugung (brutto);
43311;Monatserhebung ü. Elektrizitäts- u. Wärmeerzeugung;JAHR;Jahr;2007;DINSG;Deutschland insgesamt;DG;Deutschland;ENRG03;Energieträger;WRM-01;Wärme;-;GJ;BRN001;Brennstoffeinsatz;
43311;Monatserhebung ü. Elektrizitäts- u. Wärmeerzeugung;JAHR;Jahr;2019;DINSG;Deutschland insgesamt;DG;Deutschland;ENRG03;Energieträger;KHL-S-KOKS;Steinkohlenkoks;-;MWh;WRM001;Nettowärmeerzeugung;
43311;Monatserhebung ü. Elektrizitäts- u. Wärmeerzeugung;JAHR;Jahr;2019;DINSG;Deutschland insgesamt;DG;Deutschland;ENRG03;Energieträger;KHL-S-KOKS;Steinkohlenkoks;-;MWh;EKT002;Elektrizitätserzeugung (netto);
43311;Monatserhebung ü. Elektrizitäts- u. Wärmeerzeugung;JAHR;Jahr;2019;DINSG;Deutschland insgesamt;DG;Deutschland;ENRG03;Energieträger;KHL-S-KOKS;Steinkohlenkoks;-;MWh;EKT001;Elektrizitätserzeugung (brutto);
43311;Monatserhebung ü. Elektrizitäts- u. Wärmeerzeugung;JAHR;Jahr;2019;DINSG;Deutschland insgesamt;DG;Deutschland;ENRG03;Energieträger;KHL-S-KOKS;Steinkohlenkoks;-;GJ;BRN001;Brennstoffeinsatz;
43311;Monatserhebung ü. Elektrizitäts- u. Wärmeerzeugung;JAHR;Jahr;2023;DINSG;Deutschland insgesamt;DG;Deutschland;ENRG03;Energieträger;ABF-03;Abfall (Hausmüll, Siedlungsabfälle);16899761;MWh;WRM001;Nettowärmeerzeugung;p
43311;Monatserhebung ü. Elektrizitäts- u. Wärmeerzeugung;JAHR;Jahr;2023;DINSG;Deutschland insgesamt;DG;Deutschland;ENRG03;Energieträger;ABF-03;Abfall (Hausmüll, Siedlungsabfälle);8426706;MWh;EKT002;Elektrizitätserzeugung (netto);p
43311;Monatserhebung ü. Elektrizitäts- u. Wärmeerzeugung;JAHR;Jahr;2023;DINSG;Deutschland insgesamt;DG;Deutschland;ENRG03;Energieträger;ABF-03;Abfall (Hausmüll, Siedlungsabfälle);10660389;MWh;EKT001;Elektrizitätserzeugung (brutto);p
43311;Monatserhebung ü. Elektrizitäts- u. Wärmeerzeugung;JAHR;Jahr;2023;DINSG;Deutschland insgesamt;DG;Deutschland;ENRG03;Energieträger;ABF-03;Abfall (Hausmüll, Siedlungsabfälle);193012598;GJ;BRN001;Brennstoffeinsatz;p
43311;Monatserhebung ü. Elektrizitäts- u. Wärmeerzeugung;JAHR;Jahr;2022;DINSG;Deutschland insgesamt;DG;Deutschland;ENRG03;Energieträger;ABF-03;Abfall (Hausmüll, Siedlungsabfälle);16865152;MWh;WRM001;Nettowärmeerzeugung;e
43311;Monatserhebung ü. Elektrizitäts- u. Wärmeerzeugung;JAHR;Jahr;2022;DINSG;Deutschland insgesamt;DG;Deutschland;ENRG03;Energieträger;ABF-03;Abfall (Hausmüll, Siedlungsabfälle);8248924;MWh;EKT002;Elektrizitätserzeugung (netto);e
43311;Monatserhebung ü. Elektrizitäts- u. Wärmeerzeugung;JAHR;Jahr;2022;DINSG;Deutschland insgesamt;DG;Deutschland;ENRG03;Energieträger;ABF-03;Abfall (Hausmüll, Siedlungsabfälle);10494870;MWh;EKT001;Elektrizitätserzeugung (brutto);e
43311;Monatserhebung ü. Elektrizitäts- u. Wärmeerzeugung;JAHR;Jahr;2022;DINSG;Deutschland insgesamt;DG;Deutschland;ENRG03;Energieträger;ABF-03;Abfall (Hausmüll, Siedlungsabfälle);189935228;GJ;BRN001;Brennstoffeinsatz;e
43311;Monatserhebung ü. Elektrizitäts- u. Wärmeerzeugung;JAHR;Jahr;2017;DINSG;Deutschland insgesamt;DG;Deutschland;ENRG03;Energieträger;GAS-FL;Flüssiggas;.;MWh;WRM001;Nettowärmeerzeugung;
43311;Monatserhebung ü. Elektrizitäts- u. Wärmeerzeugung;JAHR;Jahr;2017;DINSG;Deutschland insgesamt;DG;Deutschland;ENRG03;Energieträger;GAS-FL;Flüssiggas;.;MWh;EKT002;Elektrizitätserzeugung (netto);
43311;Monatserhebung ü. Elektrizitäts- u. Wärmeerzeugung;JAHR;Jahr;2017;DINSG;Deutschland insgesamt;DG;Deutschland;ENRG03;Energieträger;GAS-FL;Flüssiggas;.;MWh;EKT001;Elektrizitätserzeugung (brutto);
43311;Monatserhebung ü. Elektrizitäts- u. Wärmeerzeugung;JAHR;Jahr;2017;DINSG;Deutschland insgesamt;DG;Deutschland;ENRG03;Energieträger;GAS-FL;Flüssiggas;.;GJ;BRN001;Brennstoffeinsatz;
43311;Monatserhebung ü. Elektrizitäts- u. Wärmeerzeugung;JAHR;Jahr;2022;DINSG;Deutschland insgesamt;DG;Deutschland;ENRG03;Energieträger;WAS-PSP-02;Pumpspeicher mit natürlichem Zufluss;-;MWh;WRM001;Nettowärmeerzeugung;
43311;Monatserhebung ü. Elektrizitäts- u. Wärmeerzeugung;JAHR;Jahr;2022;DINSG;Deutschland insgesamt;DG;Deutschland;ENRG03;Energieträger;WAS-PSP-02;Pumpspeicher mit natürlichem Zufluss;480142;MWh;EKT002;Elektrizitätserzeugung (netto);e
43311;Monatserhebung ü. Elektrizitäts- u. Wärmeerzeugung;JAHR;Jahr;2022;DINSG;Deutschland insgesamt;DG;Deutschland;ENRG03;Energieträger;WAS-PSP-02;Pumpspeicher mit natürlichem Zufluss;480142;MWh;EKT001;Elektrizitätserzeugung (brutto);e
43311;Monatserhebung ü. Elektrizitäts- u. Wärmeerzeugung;JAHR;Jahr;2022;DINSG;Deutschland insgesamt;DG;Deutschland;ENRG03;Energieträger;WAS-PSP-02;Pumpspeicher mit natürlichem Zufluss;-;GJ;BRN001;Brennstoffeinsatz;
43311;Monatserhebung ü. Elektrizitäts- u. Wärmeerzeugung;JAHR;Jahr;2011;DINSG;Deutschland insgesamt;DG;Deutschland;ENRG03;Energieträger;ENR-EB-SONST;Sonstige erneuerbare Energien;-;MWh;WRM001;Nettowärmeerzeugung;
43311;Monatserhebung ü. Elektrizitäts- u. Wärmeerzeugung;JAHR;Jahr;2011;DINSG;Deutschland insgesamt;DG;Deutschland;ENRG03;Energieträger;ENR-EB-SONST;Sonstige erneuerbare Energien;520;MWh;EKT002;Elektrizitätserzeugung (netto);e
43311;Monatserhebung ü. Elektrizitäts- u. Wärmeerzeugung;JAHR;Jahr;2011;DINSG;Deutschland insgesamt;DG;Deutschland;ENRG03;Energieträger;ENR-EB-SONST;Sonstige erneuerbare Energien;520;MWh;EKT001;Elektrizitätserzeugung (brutto);e
43311;Monatserhebung ü. Elektrizitäts- u. Wärmeerzeugung;JAHR;Jahr;2011;DINSG;Deutschland insgesamt;DG;Deutschland;ENRG03;Energieträger;ENR-EB-SONST;Sonstige erneuerbare Energien;362294;GJ;BRN001;Brennstoffeinsatz;e
43311;Monatserhebung ü. Elektrizitäts- u. Wärmeerzeugung;JAHR;Jahr;2013;DINSG;Deutschland insgesamt;DG;Deutschland;ENRG03;Energieträger;SOLTH-01;Solarthermie;-;MWh;WRM001;Nettowärmeerzeugung;
43311;Monatserhebung ü. Elektrizitäts- u. Wärmeerzeugung;JAHR;Jahr;2013;DINSG;Deutschland insgesamt;DG;Deutschland;ENRG03;Energieträger;SOLTH-01;Solarthermie;-;MWh;EKT002;Elektrizitätserzeugung (netto);
43311;Monatserhebung ü. Elektrizitäts- u. Wärmeerzeugung;JAHR;Jahr;2013;DINSG;Deutschland insgesamt;DG;Deutschland;ENRG03;Energieträger;SOLTH-01;Solarthermie;-;MWh;EKT001;Elektrizitätserzeugung (brutto);
43311;Monatserhebung ü. Elektrizitäts- u. Wärmeerzeugung;JAHR;Jahr;2013;DINSG;Deutschland insgesamt;DG;Deutschland;ENRG03;Energieträger;SOLTH-01;Solarthermie;-;GJ;BRN001;Brennstoffeinsatz;
43311;Monatserhebung ü. Elektrizitäts- u. Wärmeerzeugung;JAHR;Jahr;2008;DINSG;Deutschland insgesamt;DG;Deutschland;ENRG03;Energieträger;ENRKER;Kernenergie;-;MWh;WRM001;Nettowärmeerzeugung;
43311;Monatserhebung ü. Elektrizitäts- u. Wärmeerzeugung;JAHR;Jahr;2008;DINSG;Deutschland insgesamt;DG;Deutschland;ENRG03;Energieträger;ENRKER;Kernenergie;140710087;MWh;EKT002;Elektrizitätserzeugung (netto);e
43311;Monatserhebung ü. Elektrizitäts- u. Wärmeerzeugung;JAHR;Jahr;2008;DINSG;Deutschland insgesamt;DG;Deutschland;ENRG03;Energieträger;ENRKER;Kernenergie;148495245;MWh;EKT001;Elektrizitätserzeugung (brutto);e
43311;Monatserhebung ü. Elektrizitäts- u. Wärmeerzeugung;JAHR;Jahr;2008;DINSG;Deutschland insgesamt;DG;Deutschland;ENRG03;Energieträger;ENRKER;Kernenergie;-;GJ;BRN001;Brennstoffeinsatz;
43311;Monatserhebung ü. Elektrizitäts- u. Wärmeerzeugung;JAHR;Jahr;2024;DINSG;Deutschland insgesamt;DG;Deutschland;ENRG03;Energieträger;GAS-H2;Wasserstoff;.;MWh;WRM001;Nettowärmeerzeugung;
43311;Monatserhebung ü. Elektrizitäts- u. Wärmeerzeugung;JAHR;Jahr;2024;DINSG;Deutschland insgesamt;DG;Deutschland;ENRG03;Energieträger;GAS-H2;Wasserstoff;.;MWh;EKT002;Elektrizitätserzeugung (netto);
43311;Monatserhebung ü. Elektrizitäts- u. Wärmeerzeugung;JAHR;Jahr;2024;DINSG;Deutschland insgesamt;DG;Deutschland;ENRG03;Energieträger;GAS-H2;Wasserstoff;.;MWh;EKT001;Elektrizitätserzeugung (brutto);
43311;Monatserhebung ü. Elektrizitäts- u. Wärmeerzeugung;JAHR;Jahr;2024;DINSG;Deutschland insgesamt;DG;Deutschland;ENRG03;Energieträger;GAS-H2;Wasserstoff;.;GJ;BRN001;Brennstoffeinsatz;
43311;Monatserhebung ü. Elektrizitäts- u. Wärmeerzeugung;JAHR;Jahr;2008;DINSG;Deutschland insgesamt;DG;Deutschland;ENRG03;Energieträger;KHL-B-SONST;Sonstige Braunkohlen;44325;MWh;WRM001;Nettowärmeerzeugung;e
43311;Monatserhebung ü. Elektrizitäts- u. Wärmeerzeugung;JAHR;Jahr;2008;DINSG;Deutschland insgesamt;DG;Deutschland;ENRG03;Energieträger;KHL-B-SONST;Sonstige Braunkohlen;274164;MWh;EKT002;Elektrizitätserzeugung (netto);e
43311;Monatserhebung ü. Elektrizitäts- u. Wärmeerzeugung;JAHR;Jahr;2008;DINSG;Deutschland insgesamt;DG;Deutschland;ENRG03;Energieträger;KHL-B-SONST;Sonstige Braunkohlen;290574;MWh;EKT001;Elektrizitätserzeugung (brutto);e
43311;Monatserhebung ü. Elektrizitäts- u. Wärmeerzeugung;JAHR;Jahr;2008;DINSG;Deutschland insgesamt;DG;Deutschland;ENRG03;Energieträger;KHL-B-SONST;Sonstige Braunkohlen;2585827;GJ;BRN001;Brennstoffeinsatz;e
43311;Monatserhebung ü. Elektrizitäts- u. Wärmeerzeugung;JAHR;Jahr;2015;DINSG;Deutschland insgesamt;DG;Deutschland;ENRG03;Energieträger;OEL-H-L-01;Heizöl, leicht;245458;MWh;WRM001;Nettowärmeerzeugung;e
43311;Monatserhebung ü. Elektrizitäts- u. Wärmeerzeugung;JAHR;Jahr;2015;DINSG;Deutschland insgesamt;DG;Deutschland;ENRG03;Energieträger;OEL-H-L-01;Heizöl, leicht;540851;MWh;EKT002;Elektrizitätserzeugung (netto);e
43311;Monatserhebung ü. Elektrizitäts- u. Wärmeerzeugung;JAHR;Jahr;2015;DINSG;Deutschland insgesamt;DG;Deutschland;ENRG03;Energieträger;OEL-H-L-01;Heizöl, leicht;600592;MWh;EKT001;Elektrizitätserzeugung (brutto);e
43311;Monatserhebung ü. Elektrizitäts- u. Wärmeerzeugung;JAHR;Jahr;2015;DINSG;Deutschland insgesamt;DG;Deutschland;ENRG03;Energieträger;OEL-H-L-01;Heizöl, leicht;7479438;GJ;BRN001;Brennstoffeinsatz;e
43311;Monatserhebung ü. Elektrizitäts- u. Wärmeerzeugung;JAHR;Jahr;2020;DINSG;Deutschland insgesamt;DG;Deutschland;ENRG03;Energieträger;STROM-02;Strom (Elektrokessel);.;MWh;WRM001;Nettowärmeerzeugung;
43311;Monatserhebung ü. Elektrizitäts- u. Wärmeerzeugung;JAHR;Jahr;2020;DINSG;Deutschland insgesamt;DG;Deutschland;ENRG03;Energieträger;STROM-02;Strom (Elektrokessel);0;MWh;EKT002;Elektrizitätserzeugung (netto);e
43311;Monatserhebung ü. Elektrizitäts- u. Wärmeerzeugung;JAHR;Jahr;2020;DINSG;Deutschland insgesamt;DG;Deutschland;ENRG03;Energieträger;STROM-02;Strom (Elektrokessel);0;MWh;EKT001;Elektrizitätserzeugung (brutto);e
43311;Monatserhebung ü. Elektrizitäts- u. Wärmeerzeugung;JAHR;Jahr;2020;DINSG;Deutschland insgesamt;DG;Deutschland;ENRG03;Energieträger;STROM-02;Strom (Elektrokessel);.;GJ;BRN001;Brennstoffeinsatz;
43311;Monatserhebung ü. Elektrizitäts- u. Wärmeerzeugung;JAHR;Jahr;2016;DINSG;Deutschland insgesamt;DG;Deutschland;ENRG03;Energieträger;GAS-SONST;Sonstige hergestellte Gase;.;MWh;WRM001;Nettowärmeerzeugung;
43311;Monatserhebung ü. Elektrizitäts- u. Wärmeerzeugung;JAHR;Jahr;2016;DINSG;Deutschland insgesamt;DG;Deutschland;ENRG03;Energieträger;GAS-SONST;Sonstige hergestellte Gase;.;MWh;EKT002;Elektrizitätserzeugung (netto);
43311;Monatserhebung ü. Elektrizitäts- u. Wärmeerzeugung;JAHR;Jahr;2016;DINSG;Deutschland insgesamt;DG;Deutschland;ENRG03;Energieträger;GAS-SONST;Sonstige hergestellte Gase;.;MWh;EKT001;Elektrizitätserzeugung (brutto);
43311;Monatserhebung ü. Elektrizitäts- u. Wärmeerzeugung;JAHR;Jahr;2016;DINSG;Deutschland insgesamt;DG;Deutschland;ENRG03;Energieträger;GAS-SONST;Sonstige hergestellte Gase;.;GJ;BRN001;Brennstoffeinsatz;
43311;Monatserhebung ü. Elektrizitäts- u. Wärmeerzeugung;JAHR;Jahr;2013;DINSG;Deutschland insgesamt;DG;Deutschland;ENRG03;Energieträger;GAS-E-02;Erdgas, Erdölgas;45112886;MWh;WRM001;Nettowärmeerzeugung;e
43311;Monatserhebung ü. Elektrizitäts- u. Wärmeerzeugung;JAHR;Jahr;2013;DINSG;Deutschland insgesamt;DG;Deutschland;ENRG03;Energieträger;GAS-E-02;Erdgas, Erdölgas;39584447;MWh;EKT002;Elektrizitätserzeugung (netto);e
43311;Monatserhebung ü. Elektrizitäts- u. Wärmeerzeugung;JAHR;Jahr;2013;DINSG;Deutschland insgesamt;DG;Deutschland;ENRG03;Energieträger;GAS-E-02;Erdgas, Erdölgas;40924932;MWh;EKT001;Elektrizitätserzeugung (brutto);e
43311;Monatserhebung ü. Elektrizitäts- u. Wärmeerzeugung;JAHR;Jahr;2013;DINSG;Deutschland insgesamt;DG;Deutschland;ENRG03;Energieträger;GAS-E-02;Erdgas, Erdölgas;414281592;GJ;BRN001;Brennstoffeinsatz;e
43311;Monatserhebung ü. Elektrizitäts- u. Wärmeerzeugung;JAHR;Jahr;2004;DINSG;Deutschland insgesamt;DG;Deutschland;ENRG03;Energieträger;GAS-BIO-02;Biomethan (Bioerdgas);-;MWh;WRM001;Nettowärmeerzeugung;
43311;Monatserhebung ü. Elektrizitäts- u. Wärmeerzeugung;JAHR;Jahr;2004;DINSG;Deutschland insgesamt;DG;Deutschland;ENRG03;Energieträger;GAS-BIO-02;Biomethan (Bioerdgas);-;MWh;EKT002;Elektrizitätserzeugung (netto);
43311;Monatserhebung ü. Elektrizitäts- u. Wärmeerzeugung;JAHR;Jahr;2004;DINSG;Deutschland insgesamt;DG;Deutschland;ENRG03;Energieträger;GAS-BIO-02;Biomethan (Bioerdgas);-;MWh;EKT001;Elektrizitätserzeugung (brutto);
43311;Monatserhebung ü. Elektrizitäts- u. Wärmeerzeugung;JAHR;Jahr;2004;DINSG;Deutschland insgesamt;DG;Deutschland;ENRG03;Energieträger;GAS-BIO-02;Biomethan (Bioerdgas);-;GJ;BRN001;Brennstoffeinsatz;
43311;Monatserhebung ü. Elektrizitäts- u. Wärmeerzeugung;JAHR;Jahr;2007;DINSG;Deutschland insgesamt;DG;Deutschland;ENRG03;Energieträger;KHL-S-BRIK;Steinkohlenbriketts;-;MWh;WRM001;Nettowärmeerzeugung;
43311;Monatserhebung ü. Elektrizitäts- u. Wärmeerzeugung;JAHR;Jahr;2007;DINSG;Deutschland insgesamt;DG;Deutschland;ENRG03;Energieträger;KHL-S-BRIK;Steinkohlenbriketts;-;MWh;EKT002;Elektrizitätserzeugung (netto);
43311;Monatserhebung ü. Elektrizitäts- u. Wärmeerzeugung;JAHR;Jahr;2007;DINSG;Deutschland insgesamt;DG;Deutschland;ENRG03;Energieträger;KHL-S-BRIK;Steinkohlenbriketts;-;MWh;EKT001;Elektrizitätserzeugung (brutto);
43311;Monatserhebung ü. Elektrizitäts- u. Wärmeerzeugung;JAHR;Jahr;2007;DINSG;Deutschland insgesamt;DG;Deutschland;ENRG03;Energieträger;KHL-S-BRIK;Steinkohlenbriketts;-;GJ;BRN001;Brennstoffeinsatz;
43311;Monatserhebung ü. Elektrizitäts- u. Wärmeerzeugung;JAHR;Jahr;2013;DINSG;Deutschland insgesamt;DG;Deutschland;ENRG03;Energieträger;ENRKER;Kernenergie;-;MWh;WRM001;Nettowärmeerzeugung;
43311;Monatserhebung ü. Elektrizitäts- u. Wärmeerzeugung;JAHR;Jahr;2013;DINSG;Deutschland insgesamt;DG;Deutschland;ENRG03;Energieträger;ENRKER;Kernenergie;92127246;MWh;EKT002;Elektrizitätserzeugung (netto);e
43311;Monatserhebung ü. Elektrizitäts- u. Wärmeerzeugung;JAHR;Jahr;2013;DINSG;Deutschland insgesamt;DG;Deutschland;ENRG03;Energieträger;ENRKER;Kernenergie;97290037;MWh;EKT001;Elektrizitätserzeugung (brutto);e
43311;Monatserhebung ü. Elektrizitäts- u. Wärmeerzeugung;JAHR;Jahr;2013;DINSG;Deutschland insgesamt;DG;Deutschland;ENRG03;Energieträger;ENRKER;Kernenergie;-;GJ;BRN001;Brennstoffeinsatz;
43311;Monatserhebung ü. Elektrizitäts- u. Wärmeerzeugung;JAHR;Jahr;2008;DINSG;Deutschland insgesamt;DG;Deutschland;ENRG03;Energieträger;KHL-B-HART;Hartbraunkohlen;289522;MWh;WRM001;Nettowärmeerzeugung;e
43311;Monatserhebung ü. Elektrizitäts- u. Wärmeerzeugung;JAHR;Jahr;2008;DINSG;Deutschland insgesamt;DG;Deutschland;ENRG03;Energieträger;KHL-B-HART;Hartbraunkohlen;78569;MWh;EKT002;Elektrizitätserzeugung (netto);e
43311;Monatserhebung ü. Elektrizitäts- u. Wärmeerzeugung;JAHR;Jahr;2008;DINSG;Deutschland insgesamt;DG;Deutschland;ENRG03;Energieträger;KHL-B-HART;Hartbraunkohlen;94346;MWh;EKT001;Elektrizitätserzeugung (brutto);e
43311;Monatserhebung ü. Elektrizitäts- u. Wärmeerzeugung;JAHR;Jahr;2008;DINSG;Deutschland insgesamt;DG;Deutschland;ENRG03;Energieträger;KHL-B-HART;Hartbraunkohlen;1665471;GJ;BRN001;Brennstoffeinsatz;e
43311;Monatserhebung ü. Elektrizitäts- u. Wärmeerzeugung;JAHR;Jahr;2019;DINSG;Deutschland insgesamt;DG;Deutschland;ENRG03;Energieträger;GAS-KL;Klärgas;.;MWh;WRM001;Nettowärmeerzeugung;
43311;Monatserhebung ü. Elektrizitäts- u. Wärmeerzeugung;JAHR;Jahr;2019;DINSG;Deutschland insgesamt;DG;Deutschland;ENRG03;Energieträger;GAS-KL;Klärgas;.;MWh;EKT002;Elektrizitätserzeugung (netto);
43311;Monatserhebung ü. Elektrizitäts- u. Wärmeerzeugung;JAHR;Jahr;2019;DINSG;Deutschland insgesamt;DG;Deutschland;ENRG03;Energieträger;GAS-KL;Klärgas;.;MWh;EKT001;Elektrizitätserzeugung (brutto);
43311;Monatserhebung ü. Elektrizitäts- u. Wärmeerzeugung;JAHR;Jahr;2019;DINSG;Deutschland insgesamt;DG;Deutschland;ENRG03;Energieträger;GAS-KL;Klärgas;.;GJ;BRN001;Brennstoffeinsatz;
43311;Monatserhebung ü. Elektrizitäts- u. Wärmeerzeugung;JAHR;Jahr;2007;DINSG;Deutschland insgesamt;DG;Deutschland;ENRG03;Energieträger;PKOKS-01;Petrolkoks;35388;MWh;WRM001;Nettowärmeerzeugung;e
43311;Monatserhebung ü. Elektrizitäts- u. Wärmeerzeugung;JAHR;Jahr;2007;DINSG;Deutschland insgesamt;DG;Deutschland;ENRG03;Energieträger;PKOKS-01;Petrolkoks;236987;MWh;EKT002;Elektrizitätserzeugung (netto);e
43311;Monatserhebung ü. Elektrizitäts- u. Wärmeerzeugung;JAHR;Jahr;2007;DINSG;Deutschland insgesamt;DG;Deutschland;ENRG03;Energieträger;PKOKS-01;Petrolkoks;254955;MWh;EKT001;Elektrizitätserzeugung (brutto);e
43311;Monatserhebung ü. Elektrizitäts- u. Wärmeerzeugung;JAHR;Jahr;2007;DINSG;Deutschland insgesamt;DG;Deutschland;ENRG03;Energieträger;PKOKS-01;Petrolkoks;2379480;GJ;BRN001;Brennstoffeinsatz;e
43311;Monatserhebung ü. Elektrizitäts- u. Wärmeerzeugung;JAHR;Jahr;2005;DINSG;Deutschland insgesamt;DG;Deutschland;ENRG03;Energieträger;WAS-PSP-02;Pumpspeicher mit natürlichem Zufluss;-;MWh;WRM001;Nettowärmeerzeugung;
43311;Monatserhebung ü. Elektrizitäts- u. Wärmeerzeugung;JAHR;Jahr;2005;DINSG;Deutschland insgesamt;DG;Deutschland;ENRG03;Energieträger;WAS-PSP-02;Pumpspeicher mit natürlichem Zufluss;-;MWh;EKT002;Elektrizitätserzeugung (netto);
43311;Monatserhebung ü. Elektrizitäts- u. Wärmeerzeugung;JAHR;Jahr;2005;DINSG;Deutschland insgesamt;DG;Deutschland;ENRG03;Energieträger;WAS-PSP-02;Pumpspeicher mit natürlichem Zufluss;-;MWh;EKT001;Elektrizitätserzeugung (brutto);
43311;Monatserhebung ü. Elektrizitäts- u. Wärmeerzeugung;JAHR;Jahr;2005;DINSG;Deutschland insgesamt;DG;Deutschland;ENRG03;Energieträger;WAS-PSP-02;Pumpspeicher mit natürlichem Zufluss;-;GJ;BRN001;Brennstoffeinsatz;
43311;Monatserhebung ü. Elektrizitäts- u. Wärmeerzeugung;JAHR;Jahr;2023;DINSG;Deutschland insgesamt;DG;Deutschland;ENRG03;Energieträger;GAS-H2;Wasserstoff;.;MWh;WRM001;Nettowärmeerzeugung;
43311;Monatserhebung ü. Elektrizitäts- u. Wärmeerzeugung;JAHR;Jahr;2023;DINSG;Deutschland insgesamt;DG;Deutschland;ENRG03;Energieträger;GAS-H2;Wasserstoff;.;MWh;EKT002;Elektrizitätserzeugung (netto);
43311;Monatserhebung ü. Elektrizitäts- u. Wärmeerzeugung;JAHR;Jahr;2023;DINSG;Deutschland insgesamt;DG;Deutschland;ENRG03;Energieträger;GAS-H2;Wasserstoff;.;MWh;EKT001;Elektrizitätserzeugung (brutto);
43311;Monatserhebung ü. Elektrizitäts- u. Wärmeerzeugung;JAHR;Jahr;2023;DINSG;Deutschland insgesamt;DG;Deutschland;ENRG03;Energieträger;GAS-H2;Wasserstoff;.;GJ;BRN001;Brennstoffeinsatz;
43311;Monatserhebung ü. Elektrizitäts- u. Wärmeerzeugung;JAHR;Jahr;2004;DINSG;Deutschland insgesamt;DG;Deutschland;ENRG03;Energieträger;ENRSET;Sonstige Energieträger;1164053;MWh;WRM001;Nettowärmeerzeugung;e
43311;Monatserhebung ü. Elektrizitäts- u. Wärmeerzeugung;JAHR;Jahr;2004;DINSG;Deutschland insgesamt;DG;Deutschland;ENRG03;Energieträger;ENRSET;Sonstige Energieträger;476302;MWh;EKT002;Elektrizitätserzeugung (netto);e
43311;Monatserhebung ü. Elektrizitäts- u. Wärmeerzeugung;JAHR;Jahr;2004;DINSG;Deutschland insgesamt;DG;Deutschland;ENRG03;Energieträger;ENRSET;Sonstige Energieträger;541723;MWh;EKT001;Elektrizitätserzeugung (brutto);e
43311;Monatserhebung ü. Elektrizitäts- u. Wärmeerzeugung;JAHR;Jahr;2004;DINSG;Deutschland insgesamt;DG;Deutschland;ENRG03;Energieträger;ENRSET;Sonstige Energieträger;6180997;GJ;BRN001;Brennstoffeinsatz;e
43311;Monatserhebung ü. Elektrizitäts- u. Wärmeerzeugung;JAHR;Jahr;2024;DINSG;Deutschland insgesamt;DG;Deutschland;ENRG03;Energieträger;BIO-FL-01;Flüssige biogene Stoffe;.;MWh;WRM001;Nettowärmeerzeugung;
43311;Monatserhebung ü. Elektrizitäts- u. Wärmeerzeugung;JAHR;Jahr;2024;DINSG;Deutschland insgesamt;DG;Deutschland;ENRG03;Energieträger;BIO-FL-01;Flüssige biogene Stoffe;.;MWh;EKT002;Elektrizitätserzeugung (netto);
43311;Monatserhebung ü. Elektrizitäts- u. Wärmeerzeugung;JAHR;Jahr;2024;DINSG;Deutschland insgesamt;DG;Deutschland;ENRG03;Energieträger;BIO-FL-01;Flüssige biogene Stoffe;.;MWh;EKT001;Elektrizitätserzeugung (brutto);
43311;Monatserhebung ü. Elektrizitäts- u. Wärmeerzeugung;JAHR;Jahr;2024;DINSG;Deutschland insgesamt;DG;Deutschland;ENRG03;Energieträger;BIO-FL-01;Flüssige biogene Stoffe;.;GJ;BRN001;Brennstoffeinsatz;
43311;Monatserhebung ü. Elektrizitäts- u. Wärmeerzeugung;JAHR;Jahr;2011;DINSG;Deutschland insgesamt;DG;Deutschland;ENRG03;Energieträger;SOLTH-01;Solarthermie;-;MWh;WRM001;Nettowärmeerzeugung;
43311;Monatserhebung ü. Elektrizitäts- u. Wärmeerzeugung;JAHR;Jahr;2011;DINSG;Deutschland insgesamt;DG;Deutschland;ENRG03;Energieträger;SOLTH-01;Solarthermie;-;MWh;EKT002;Elektrizitätserzeugung (netto);
43311;Monatserhebung ü. Elektrizitäts- u. Wärmeerzeugung;JAHR;Jahr;2011;DINSG;Deutschland insgesamt;DG;Deutschland;ENRG03;Energieträger;SOLTH-01;Solarthermie;-;MWh;EKT001;Elektrizitätserzeugung (brutto);
43311;Monatserhebung ü. Elektrizitäts- u. Wärmeerzeugung;JAHR;Jahr;2011;DINSG;Deutschland insgesamt;DG;Deutschland;ENRG03;Energieträger;SOLTH-01;Solarthermie;-;GJ;BRN001;Brennstoffeinsatz;
43311;Monatserhebung ü. Elektrizitäts- u. Wärmeerzeugung;JAHR;Jahr;2012;DINSG;Deutschland insgesamt;DG;Deutschland;ENRG03;Energieträger;GAS-GRUB;Grubengas;70780;MWh;WRM001;Nettowärmeerzeugung;e
43311;Monatserhebung ü. Elektrizitäts- u. Wärmeerzeugung;JAHR;Jahr;2012;DINSG;Deutschland insgesamt;DG;Deutschland;ENRG03;Energieträger;GAS-GRUB;Grubengas;341172;MWh;EKT002;Elektrizitätserzeugung (netto);e
43311;Monatserhebung ü. Elektrizitäts- u. Wärmeerzeugung;JAHR;Jahr;2012;DINSG;Deutschland insgesamt;DG;Deutschland;ENRG03;Energieträger;GAS-GRUB;Grubengas;345198;MWh;EKT001;Elektrizitätserzeugung (brutto);e
43311;Monatserhebung ü. Elektrizitäts- u. Wärmeerzeugung;JAHR;Jahr;2012;DINSG;Deutschland insgesamt;DG;Deutschland;ENRG03;Energieträger;GAS-GRUB;Grubengas;.;GJ;BRN001;Brennstoffeinsatz;
43311;Monatserhebung ü. Elektrizitäts- u. Wärmeerzeugung;JAHR;Jahr;2021;DINSG;Deutschland insgesamt;DG;Deutschland;ENRG03;Energieträger;WIND-01;Windkraft;-;MWh;WRM001;Nettowärmeerzeugung;
43311;Monatserhebung ü. Elektrizitäts- u. Wärmeerzeugung;JAHR;Jahr;2021;DINSG;Deutschland insgesamt;DG;Deutschland;ENRG03;Energieträger;WIND-01;Windkraft;-;MWh;EKT002;Elektrizitätserzeugung (netto);
43311;Monatserhebung ü. Elektrizitäts- u. Wärmeerzeugung;JAHR;Jahr;2021;DINSG;Deutschland insgesamt;DG;Deutschland;ENRG03;Energieträger;WIND-01;Windkraft;-;MWh;EKT001;Elektrizitätserzeugung (brutto);
43311;Monatserhebung ü. Elektrizitäts- u. Wärmeerzeugung;JAHR;Jahr;2021;DINSG;Deutschland insgesamt;DG;Deutschland;ENRG03;Energieträger;WIND-01;Windkraft;-;GJ;BRN001;Brennstoffeinsatz;
43311;Monatserhebung ü. Elektrizitäts- u. Wärmeerzeugung;JAHR;Jahr;2003;DINSG;Deutschland insgesamt;DG;Deutschland;ENRG03;Energieträger;KHL-B-BRIK;Braunkohlenbriketts;9043;MWh;WRM001;Nettowärmeerzeugung;e
43311;Monatserhebung ü. Elektrizitäts- u. Wärmeerzeugung;JAHR;Jahr;2003;DINSG;Deutschland insgesamt;DG;Deutschland;ENRG03;Energieträger;KHL-B-BRIK;Braunkohlenbriketts;19617;MWh;EKT002;Elektrizitätserzeugung (netto);e
43311;Monatserhebung ü. Elektrizitäts- u. Wärmeerzeugung;JAHR;Jahr;2003;DINSG;Deutschland insgesamt;DG;Deutschland;ENRG03;Energieträger;KHL-B-BRIK;Braunkohlenbriketts;21585;MWh;EKT001;Elektrizitätserzeugung (brutto);e
43311;Monatserhebung ü. Elektrizitäts- u. Wärmeerzeugung;JAHR;Jahr;2003;DINSG;Deutschland insgesamt;DG;Deutschland;ENRG03;Energieträger;KHL-B-BRIK;Braunkohlenbriketts;324415;GJ;BRN001;Brennstoffeinsatz;e
43311;Monatserhebung ü. Elektrizitäts- u. Wärmeerzeugung;JAHR;Jahr;2004;DINSG;Deutschland insgesamt;DG;Deutschland;ENRG03;Energieträger;ABF-03;Abfall (Hausmüll, Siedlungsabfälle);-;MWh;WRM001;Nettowärmeerzeugung;
43311;Monatserhebung ü. Elektrizitäts- u. Wärmeerzeugung;JAHR;Jahr;2004;DINSG;Deutschland insgesamt;DG;Deutschland;ENRG03;Energieträger;ABF-03;Abfall (Hausmüll, Siedlungsabfälle);-;MWh;EKT002;Elektrizitätserzeugung (netto);
43311;Monatserhebung ü. Elektrizitäts- u. Wärmeerzeugung;JAHR;Jahr;2004;DINSG;Deutschland insgesamt;DG;Deutschland;ENRG03;Energieträger;ABF-03;Abfall (Hausmüll, Siedlungsabfälle);-;MWh;EKT001;Elektrizitätserzeugung (brutto);
43311;Monatserhebung ü. Elektrizitäts- u. Wärmeerzeugung;JAHR;Jahr;2004;DINSG;Deutschland insgesamt;DG;Deutschland;ENRG03;Energieträger;ABF-03;Abfall (Hausmüll, Siedlungsabfälle);-;GJ;BRN001;Brennstoffeinsatz;
43311;Monatserhebung ü. Elektrizitäts- u. Wärmeerzeugung;JAHR;Jahr;2022;DINSG;Deutschland insgesamt;DG;Deutschland;ENRG03;Energieträger;GAS-FL;Flüssiggas;-;MWh;WRM001;Nettowärmeerzeugung;
43311;Monatserhebung ü. Elektrizitäts- u. Wärmeerzeugung;JAHR;Jahr;2022;DINSG;Deutschland insgesamt;DG;Deutschland;ENRG03;Energieträger;GAS-FL;Flüssiggas;-;MWh;EKT002;Elektrizitätserzeugung (netto);
43311;Monatserhebung ü. Elektrizitäts- u. Wärmeerzeugung;JAHR;Jahr;2022;DINSG;Deutschland insgesamt;DG;Deutschland;ENRG03;Energieträger;GAS-FL;Flüssiggas;-;MWh;EKT001;Elektrizitätserzeugung (brutto);
43311;Monatserhebung ü. Elektrizitäts- u. Wärmeerzeugung;JAHR;Jahr;2022;DINSG;Deutschland insgesamt;DG;Deutschland;ENRG03;Energieträger;GAS-FL;Flüssiggas;-;GJ;BRN001;Brennstoffeinsatz;
43311;Monatserhebung ü. Elektrizitäts- u. Wärmeerzeugung;JAHR;Jahr;2017;DINSG;Deutschland insgesamt;DG;Deutschland;ENRG03;Energieträger;PHOTO-01;Photovoltaik;-;MWh;WRM001;Nettowärmeerzeugung;
43311;Monatserhebung ü. Elektrizitäts- u. Wärmeerzeugung;JAHR;Jahr;2017;DINSG;Deutschland insgesamt;DG;Deutschland;ENRG03;Energieträger;PHOTO-01;Photovoltaik;-;MWh;EKT002;Elektrizitätserzeugung (netto);
43311;Monatserhebung ü. Elektrizitäts- u. Wärmeerzeugung;JAHR;Jahr;2017;DINSG;Deutschland insgesamt;DG;Deutschland;ENRG03;Energieträger;PHOTO-01;Photovoltaik;-;MWh;EKT001;Elektrizitätserzeugung (brutto);
43311;Monatserhebung ü. Elektrizitäts- u. Wärmeerzeugung;JAHR;Jahr;2017;DINSG;Deutschland insgesamt;DG;Deutschland;ENRG03;Energieträger;PHOTO-01;Photovoltaik;-;GJ;BRN001;Brennstoffeinsatz;
43311;Monatserhebung ü. Elektrizitäts- u. Wärmeerzeugung;JAHR;Jahr;2007;DINSG;Deutschland insgesamt;DG;Deutschland;ENRG03;Energieträger;ENR-EB-SONST;Sonstige erneuerbare Energien;-;MWh;WRM001;Nettowärmeerzeugung;
43311;Monatserhebung ü. Elektrizitäts- u. Wärmeerzeugung;JAHR;Jahr;2007;DINSG;Deutschland insgesamt;DG;Deutschland;ENRG03;Energieträger;ENR-EB-SONST;Sonstige erneuerbare Energien;20828;MWh;EKT002;Elektrizitätserzeugung (netto);e
43311;Monatserhebung ü. Elektrizitäts- u. Wärmeerzeugung;JAHR;Jahr;2007;DINSG;Deutschland insgesamt;DG;Deutschland;ENRG03;Energieträger;ENR-EB-SONST;Sonstige erneuerbare Energien;22242;MWh;EKT001;Elektrizitätserzeugung (brutto);e
43311;Monatserhebung ü. Elektrizitäts- u. Wärmeerzeugung;JAHR;Jahr;2007;DINSG;Deutschland insgesamt;DG;Deutschland;ENRG03;Energieträger;ENR-EB-SONST;Sonstige erneuerbare Energien;203071;GJ;BRN001;Brennstoffeinsatz;e
43311;Monatserhebung ü. Elektrizitäts- u. Wärmeerzeugung;JAHR;Jahr;2009;DINSG;Deutschland insgesamt;DG;Deutschland;ENRG03;Energieträger;STROM-02;Strom (Elektrokessel);-;MWh;WRM001;Nettowärmeerzeugung;
43311;Monatserhebung ü. Elektrizitäts- u. Wärmeerzeugung;JAHR;Jahr;2009;DINSG;Deutschland insgesamt;DG;Deutschland;ENRG03;Energieträger;STROM-02;Strom (Elektrokessel);-;MWh;EKT002;Elektrizitätserzeugung (netto);
43311;Monatserhebung ü. Elektrizitäts- u. Wärmeerzeugung;JAHR;Jahr;2009;DINSG;Deutschland insgesamt;DG;Deutschland;ENRG03;Energieträger;STROM-02;Strom (Elektrokessel);-;MWh;EKT001;Elektrizitätserzeugung (brutto);
43311;Monatserhebung ü. Elektrizitäts- u. Wärmeerzeugung;JAHR;Jahr;2009;DINSG;Deutschland insgesamt;DG;Deutschland;ENRG03;Energieträger;STROM-02;Strom (Elektrokessel);-;GJ;BRN001;Brennstoffeinsatz;
43311;Monatserhebung ü. Elektrizitäts- u. Wärmeerzeugung;JAHR;Jahr;2018;DINSG;Deutschland insgesamt;DG;Deutschland;ENRG03;Energieträger;KHL-S-KWS;Kohlenwertstoffe aus Steinkohle;-;MWh;WRM001;Nettowärmeerzeugung;
43311;Monatserhebung ü. Elektrizitäts- u. Wärmeerzeugung;JAHR;Jahr;2018;DINSG;Deutschland insgesamt;DG;Deutschland;ENRG03;Energieträger;KHL-S-KWS;Kohlenwertstoffe aus Steinkohle;-;MWh;EKT002;Elektrizitätserzeugung (netto);
43311;Monatserhebung ü. Elektrizitäts- u. Wärmeerzeugung;JAHR;Jahr;2018;DINSG;Deutschland insgesamt;DG;Deutschland;ENRG03;Energieträger;KHL-S-KWS;Kohlenwertstoffe aus Steinkohle;-;MWh;EKT001;Elektrizitätserzeugung (brutto);
43311;Monatserhebung ü. Elektrizitäts- u. Wärmeerzeugung;JAHR;Jahr;2018;DINSG;Deutschland insgesamt;DG;Deutschland;ENRG03;Energieträger;KHL-S-KWS;Kohlenwertstoffe aus Steinkohle;-;GJ;BRN001;Brennstoffeinsatz;
43311;Monatserhebung ü. Elektrizitäts- u. Wärmeerzeugung;JAHR;Jahr;2024;DINSG;Deutschland insgesamt;DG;Deutschland;ENRG03;Energieträger;KHL-B-KOKS;Braunkohlenkoks;.;MWh;WRM001;Nettowärmeerzeugung;
43311;Monatserhebung ü. Elektrizitäts- u. Wärmeerzeugung;JAHR;Jahr;2024;DINSG;Deutschland insgesamt;DG;Deutschland;ENRG03;Energieträger;KHL-B-KOKS;Braunkohlenkoks;.;MWh;EKT002;Elektrizitätserzeugung (netto);
43311;Monatserhebung ü. Elektrizitäts- u. Wärmeerzeugung;JAHR;Jahr;2024;DINSG;Deutschland insgesamt;DG;Deutschland;ENRG03;Energieträger;KHL-B-KOKS;Braunkohlenkoks;.;MWh;EKT001;Elektrizitätserzeugung (brutto);
43311;Monatserhebung ü. Elektrizitäts- u. Wärmeerzeugung;JAHR;Jahr;2024;DINSG;Deutschland insgesamt;DG;Deutschland;ENRG03;Energieträger;KHL-B-KOKS;Braunkohlenkoks;.;GJ;BRN001;Brennstoffeinsatz;
43311;Monatserhebung ü. Elektrizitäts- u. Wärmeerzeugung;JAHR;Jahr;2011;DINSG;Deutschland insgesamt;DG;Deutschland;ENRG03;Energieträger;KHL-B-WSK;Wirbelschichtkohle;562123;MWh;WRM001;Nettowärmeerzeugung;e
43311;Monatserhebung ü. Elektrizitäts- u. Wärmeerzeugung;JAHR;Jahr;2011;DINSG;Deutschland insgesamt;DG;Deutschland;ENRG03;Energieträger;KHL-B-WSK;Wirbelschichtkohle;518777;MWh;EKT002;Elektrizitätserzeugung (netto);e
43311;Monatserhebung ü. Elektrizitäts- u. Wärmeerzeugung;JAHR;Jahr;2011;DINSG;Deutschland insgesamt;DG;Deutschland;ENRG03;Energieträger;KHL-B-WSK;Wirbelschichtkohle;591359;MWh;EKT001;Elektrizitätserzeugung (brutto);e
43311;Monatserhebung ü. Elektrizitäts- u. Wärmeerzeugung;JAHR;Jahr;2011;DINSG;Deutschland insgesamt;DG;Deutschland;ENRG03;Energieträger;KHL-B-WSK;Wirbelschichtkohle;7143812;GJ;BRN001;Brennstoffeinsatz;e
43311;Monatserhebung ü. Elektrizitäts- u. Wärmeerzeugung;JAHR;Jahr;2018;DINSG;Deutschland insgesamt;DG;Deutschland;ENRG03;Energieträger;BIO-F-01;Feste biogene Stoffe;5117046;MWh;WRM001;Nettowärmeerzeugung;e
43311;Monatserhebung ü. Elektrizitäts- u. Wärmeerzeugung;JAHR;Jahr;2018;DINSG;Deutschland insgesamt;DG;Deutschland;ENRG03;Energieträger;BIO-F-01;Feste biogene Stoffe;4621835;MWh;EKT002;Elektrizitätserzeugung (netto);e
43311;Monatserhebung ü. Elektrizitäts- u. Wärmeerzeugung;JAHR;Jahr;2018;DINSG;Deutschland insgesamt;DG;Deutschland;ENRG03;Energieträger;BIO-F-01;Feste biogene Stoffe;5162209;MWh;EKT001;Elektrizitätserzeugung (brutto);e
43311;Monatserhebung ü. Elektrizitäts- u. Wärmeerzeugung;JAHR;Jahr;2018;DINSG;Deutschland insgesamt;DG;Deutschland;ENRG03;Energieträger;BIO-F-01;Feste biogene Stoffe;77502113;GJ;BRN001;Brennstoffeinsatz;e
43311;Monatserhebung ü. Elektrizitäts- u. Wärmeerzeugung;JAHR;Jahr;2024;DINSG;Deutschland insgesamt;DG;Deutschland;ENRG03;Energieträger;PHOTO-01;Photovoltaik;-;MWh;WRM001;Nettowärmeerzeugung;
43311;Monatserhebung ü. Elektrizitäts- u. Wärmeerzeugung;JAHR;Jahr;2024;DINSG;Deutschland insgesamt;DG;Deutschland;ENRG03;Energieträger;PHOTO-01;Photovoltaik;-;MWh;EKT002;Elektrizitätserzeugung (netto);
43311;Monatserhebung ü. Elektrizitäts- u. Wärmeerzeugung;JAHR;Jahr;2024;DINSG;Deutschland insgesamt;DG;Deutschland;ENRG03;Energieträger;PHOTO-01;Photovoltaik;-;MWh;EKT001;Elektrizitätserzeugung (brutto);
43311;Monatserhebung ü. Elektrizitäts- u. Wärmeerzeugung;JAHR;Jahr;2024;DINSG;Deutschland insgesamt;DG;Deutschland;ENRG03;Energieträger;PHOTO-01;Photovoltaik;-;GJ;BRN001;Brennstoffeinsatz;
43311;Monatserhebung ü. Elektrizitäts- u. Wärmeerzeugung;JAHR;Jahr;2019;DINSG;Deutschland insgesamt;DG;Deutschland;ENRG03;Energieträger;GAS-K-01;Kokereigas;-;MWh;WRM001;Nettowärmeerzeugung;
43311;Monatserhebung ü. Elektrizitäts- u. Wärmeerzeugung;JAHR;Jahr;2019;DINSG;Deutschland insgesamt;DG;Deutschland;ENRG03;Energieträger;GAS-K-01;Kokereigas;.;MWh;EKT002;Elektrizitätserzeugung (netto);
43311;Monatserhebung ü. Elektrizitäts- u. Wärmeerzeugung;JAHR;Jahr;2019;DINSG;Deutschland insgesamt;DG;Deutschland;ENRG03;Energieträger;GAS-K-01;Kokereigas;.;MWh;EKT001;Elektrizitätserzeugung (brutto);
43311;Monatserhebung ü. Elektrizitäts- u. Wärmeerzeugung;JAHR;Jahr;2019;DINSG;Deutschland insgesamt;DG;Deutschland;ENRG03;Energieträger;GAS-K-01;Kokereigas;.;GJ;BRN001;Brennstoffeinsatz;
43311;Monatserhebung ü. Elektrizitäts- u. Wärmeerzeugung;JAHR;Jahr;2002;DINSG;Deutschland insgesamt;DG;Deutschland;ENRG03;Energieträger;SP-SONST-01;Andere Speicher;-;MWh;WRM001;Nettowärmeerzeugung;
43311;Monatserhebung ü. Elektrizitäts- u. Wärmeerzeugung;JAHR;Jahr;2002;DINSG;Deutschland insgesamt;DG;Deutschland;ENRG03;Energieträger;SP-SONST-01;Andere Speicher;-;MWh;EKT002;Elektrizitätserzeugung (netto);
43311;Monatserhebung ü. Elektrizitäts- u. Wärmeerzeugung;JAHR;Jahr;2002;DINSG;Deutschland insgesamt;DG;Deutschland;ENRG03;Energieträger;SP-SONST-01;Andere Speicher;-;MWh;EKT001;Elektrizitätserzeugung (brutto);
43311;Monatserhebung ü. Elektrizitäts- u. Wärmeerzeugung;JAHR;Jahr;2002;DINSG;Deutschland insgesamt;DG;Deutschland;ENRG03;Energieträger;SP-SONST-01;Andere Speicher;-;GJ;BRN001;Brennstoffeinsatz;
43311;Monatserhebung ü. Elektrizitäts- u. Wärmeerzeugung;JAHR;Jahr;2024;DINSG;Deutschland insgesamt;DG;Deutschland;ENRG03;Energieträger;KHL-B-STK;Staub- und Trockenkohle;.;MWh;WRM001;Nettowärmeerzeugung;
43311;Monatserhebung ü. Elektrizitäts- u. Wärmeerzeugung;JAHR;Jahr;2024;DINSG;Deutschland insgesamt;DG;Deutschland;ENRG03;Energieträger;KHL-B-STK;Staub- und Trockenkohle;.;MWh;EKT002;Elektrizitätserzeugung (netto);
43311;Monatserhebung ü. Elektrizitäts- u. Wärmeerzeugung;JAHR;Jahr;2024;DINSG;Deutschland insgesamt;DG;Deutschland;ENRG03;Energieträger;KHL-B-STK;Staub- und Trockenkohle;.;MWh;EKT001;Elektrizitätserzeugung (brutto);
43311;Monatserhebung ü. Elektrizitäts- u. Wärmeerzeugung;JAHR;Jahr;2024;DINSG;Deutschland insgesamt;DG;Deutschland;ENRG03;Energieträger;KHL-B-STK;Staub- und Trockenkohle;.;GJ;BRN001;Brennstoffeinsatz;
43311;Monatserhebung ü. Elektrizitäts- u. Wärmeerzeugung;JAHR;Jahr;2022;DINSG;Deutschland insgesamt;DG;Deutschland;ENRG03;Energieträger;KHL-S-KWS;Kohlenwertstoffe aus Steinkohle;-;MWh;WRM001;Nettowärmeerzeugung;
43311;Monatserhebung ü. Elektrizitäts- u. Wärmeerzeugung;JAHR;Jahr;2022;DINSG;Deutschland insgesamt;DG;Deutschland;ENRG03;Energieträger;KHL-S-KWS;Kohlenwertstoffe aus Steinkohle;-;MWh;EKT002;Elektrizitätserzeugung (netto);
43311;Monatserhebung ü. Elektrizitäts- u. Wärmeerzeugung;JAHR;Jahr;2022;DINSG;Deutschland insgesamt;DG;Deutschland;ENRG03;Energieträger;KHL-S-KWS;Kohlenwertstoffe aus Steinkohle;-;MWh;EKT001;Elektrizitätserzeugung (brutto);
43311;Monatserhebung ü. Elektrizitäts- u. Wärmeerzeugung;JAHR;Jahr;2022;DINSG;Deutschland insgesamt;DG;Deutschland;ENRG03;Energieträger;KHL-S-KWS;Kohlenwertstoffe aus Steinkohle;-;GJ;BRN001;Brennstoffeinsatz;
43311;Monatserhebung ü. Elektrizitäts- u. Wärmeerzeugung;JAHR;Jahr;2015;DINSG;Deutschland insgesamt;DG;Deutschland;ENRG03;Energieträger;GAS-E-02;Erdgas, Erdölgas;39833970;MWh;WRM001;Nettowärmeerzeugung;e
43311;Monatserhebung ü. Elektrizitäts- u. Wärmeerzeugung;JAHR;Jahr;2015;DINSG;Deutschland insgesamt;DG;Deutschland;ENRG03;Energieträger;GAS-E-02;Erdgas, Erdölgas;30123230;MWh;EKT002;Elektrizitätserzeugung (netto);e
43311;Monatserhebung ü. Elektrizitäts- u. Wärmeerzeugung;JAHR;Jahr;2015;DINSG;Deutschland insgesamt;DG;Deutschland;ENRG03;Energieträger;GAS-E-02;Erdgas, Erdölgas;31276477;MWh;EKT001;Elektrizitätserzeugung (brutto);e
43311;Monatserhebung ü. Elektrizitäts- u. Wärmeerzeugung;JAHR;Jahr;2015;DINSG;Deutschland insgesamt;DG;Deutschland;ENRG03;Energieträger;GAS-E-02;Erdgas, Erdölgas;332615271;GJ;BRN001;Brennstoffeinsatz;e
43311;Monatserhebung ü. Elektrizitäts- u. Wärmeerzeugung;JAHR;Jahr;2006;DINSG;Deutschland insgesamt;DG;Deutschland;ENRG03;Energieträger;GAS-BIO;Biogas;20130;MWh;WRM001;Nettowärmeerzeugung;e
43311;Monatserhebung ü. Elektrizitäts- u. Wärmeerzeugung;JAHR;Jahr;2006;DINSG;Deutschland insgesamt;DG;Deutschland;ENRG03;Energieträger;GAS-BIO;Biogas;10831;MWh;EKT002;Elektrizitätserzeugung (netto);e
43311;Monatserhebung ü. Elektrizitäts- u. Wärmeerzeugung;JAHR;Jahr;2006;DINSG;Deutschland insgesamt;DG;Deutschland;ENRG03;Energieträger;GAS-BIO;Biogas;11914;MWh;EKT001;Elektrizitätserzeugung (brutto);e
43311;Monatserhebung ü. Elektrizitäts- u. Wärmeerzeugung;JAHR;Jahr;2006;DINSG;Deutschland insgesamt;DG;Deutschland;ENRG03;Energieträger;GAS-BIO;Biogas;163387;GJ;BRN001;Brennstoffeinsatz;e
43311;Monatserhebung ü. Elektrizitäts- u. Wärmeerzeugung;JAHR;Jahr;2008;DINSG;Deutschland insgesamt;DG;Deutschland;ENRG03;Energieträger;OEL-H-L-01;Heizöl, leicht;312793;MWh;WRM001;Nettowärmeerzeugung;e
43311;Monatserhebung ü. Elektrizitäts- u. Wärmeerzeugung;JAHR;Jahr;2008;DINSG;Deutschland insgesamt;DG;Deutschland;ENRG03;Energieträger;OEL-H-L-01;Heizöl, leicht;462417;MWh;EKT002;Elektrizitätserzeugung (netto);e
43311;Monatserhebung ü. Elektrizitäts- u. Wärmeerzeugung;JAHR;Jahr;2008;DINSG;Deutschland insgesamt;DG;Deutschland;ENRG03;Energieträger;OEL-H-L-01;Heizöl, leicht;507289;MWh;EKT001;Elektrizitätserzeugung (brutto);e
43311;Monatserhebung ü. Elektrizitäts- u. Wärmeerzeugung;JAHR;Jahr;2008;DINSG;Deutschland insgesamt;DG;Deutschland;ENRG03;Energieträger;OEL-H-L-01;Heizöl, leicht;6774084;GJ;BRN001;Brennstoffeinsatz;e
43311;Monatserhebung ü. Elektrizitäts- u. Wärmeerzeugung;JAHR;Jahr;2018;DINSG;Deutschland insgesamt;DG;Deutschland;ENRG03;Energieträger;WIND-01;Windkraft;-;MWh;WRM001;Nettowärmeerzeugung;
43311;Monatserhebung ü. Elektrizitäts- u. Wärmeerzeugung;JAHR;Jahr;2018;DINSG;Deutschland insgesamt;DG;Deutschland;ENRG03;Energieträger;WIND-01;Windkraft;-;MWh;EKT002;Elektrizitätserzeugung (netto);
43311;Monatserhebung ü. Elektrizitäts- u. Wärmeerzeugung;JAHR;Jahr;2018;DINSG;Deutschland insgesamt;DG;Deutschland;ENRG03;Energieträger;WIND-01;Windkraft;-;MWh;EKT001;Elektrizitätserzeugung (brutto);
43311;Monatserhebung ü. Elektrizitäts- u. Wärmeerzeugung;JAHR;Jahr;2018;DINSG;Deutschland insgesamt;DG;Deutschland;ENRG03;Energieträger;WIND-01;Windkraft;-;GJ;BRN001;Brennstoffeinsatz;
43311;Monatserhebung ü. Elektrizitäts- u. Wärmeerzeugung;JAHR;Jahr;2024;DINSG;Deutschland insgesamt;DG;Deutschland;ENRG03;Energieträger;DIESEL-01;Dieselkraftstoff;.;MWh;WRM001;Nettowärmeerzeugung;
43311;Monatserhebung ü. Elektrizitäts- u. Wärmeerzeugung;JAHR;Jahr;2024;DINSG;Deutschland insgesamt;DG;Deutschland;ENRG03;Energieträger;DIESEL-01;Dieselkraftstoff;706;MWh;EKT002;Elektrizitätserzeugung (netto);e
43311;Monatserhebung ü. Elektrizitäts- u. Wärmeerzeugung;JAHR;Jahr;2024;DINSG;Deutschland insgesamt;DG;Deutschland;ENRG03;Energieträger;DIESEL-01;Dieselkraftstoff;994;MWh;EKT001;Elektrizitätserzeugung (brutto);e
43311;Monatserhebung ü. Elektrizitäts- u. Wärmeerzeugung;JAHR;Jahr;2024;DINSG;Deutschland insgesamt;DG;Deutschland;ENRG03;Energieträger;DIESEL-01;Dieselkraftstoff;10480;GJ;BRN001;Brennstoffeinsatz;e
43311;Monatserhebung ü. Elektrizitäts- u. Wärmeerzeugung;JAHR;Jahr;2005;DINSG;Deutschland insgesamt;DG;Deutschland;ENRG03;Energieträger;OEL-H-S-01;Heizöl, schwer;105556;MWh;WRM001;Nettowärmeerzeugung;e
43311;Monatserhebung ü. Elektrizitäts- u. Wärmeerzeugung;JAHR;Jahr;2005;DINSG;Deutschland insgesamt;DG;Deutschland;ENRG03;Energieträger;OEL-H-S-01;Heizöl, schwer;492848;MWh;EKT002;Elektrizitätserzeugung (netto);e
43311;Monatserhebung ü. Elektrizitäts- u. Wärmeerzeugung;JAHR;Jahr;2005;DINSG;Deutschland insgesamt;DG;Deutschland;ENRG03;Energieträger;OEL-H-S-01;Heizöl, schwer;533804;MWh;EKT001;Elektrizitätserzeugung (brutto);e
43311;Monatserhebung ü. Elektrizitäts- u. Wärmeerzeugung;JAHR;Jahr;2005;DINSG;Deutschland insgesamt;DG;Deutschland;ENRG03;Energieträger;OEL-H-S-01;Heizöl, schwer;5252441;GJ;BRN001;Brennstoffeinsatz;e
43311;Monatserhebung ü. Elektrizitäts- u. Wärmeerzeugung;JAHR;Jahr;2002;DINSG;Deutschland insgesamt;DG;Deutschland;ENRG03;Energieträger;ABF-03;Abfall (Hausmüll, Siedlungsabfälle);-;MWh;WRM001;Nettowärmeerzeugung;
43311;Monatserhebung ü. Elektrizitäts- u. Wärmeerzeugung;JAHR;Jahr;2002;DINSG;Deutschland insgesamt;DG;Deutschland;ENRG03;Energieträger;ABF-03;Abfall (Hausmüll, Siedlungsabfälle);-;MWh;EKT002;Elektrizitätserzeugung (netto);
43311;Monatserhebung ü. Elektrizitäts- u. Wärmeerzeugung;JAHR;Jahr;2002;DINSG;Deutschland insgesamt;DG;Deutschland;ENRG03;Energieträger;ABF-03;Abfall (Hausmüll, Siedlungsabfälle);-;MWh;EKT001;Elektrizitätserzeugung (brutto);
43311;Monatserhebung ü. Elektrizitäts- u. Wärmeerzeugung;JAHR;Jahr;2002;DINSG;Deutschland insgesamt;DG;Deutschland;ENRG03;Energieträger;ABF-03;Abfall (Hausmüll, Siedlungsabfälle);-;GJ;BRN001;Brennstoffeinsatz;
43311;Monatserhebung ü. Elektrizitäts- u. Wärmeerzeugung;JAHR;Jahr;2010;DINSG;Deutschland insgesamt;DG;Deutschland;ENRG03;Energieträger;BIO-F-01;Feste biogene Stoffe;3135967;MWh;WRM001;Nettowärmeerzeugung;e
43311;Monatserhebung ü. Elektrizitäts- u. Wärmeerzeugung;JAHR;Jahr;2010;DINSG;Deutschland insgesamt;DG;Deutschland;ENRG03;Energieträger;BIO-F-01;Feste biogene Stoffe;3278135;MWh;EKT002;Elektrizitätserzeugung (netto);e
43311;Monatserhebung ü. Elektrizitäts- u. Wärmeerzeugung;JAHR;Jahr;2010;DINSG;Deutschland insgesamt;DG;Deutschland;ENRG03;Energieträger;BIO-F-01;Feste biogene Stoffe;3620581;MWh;EKT001;Elektrizitätserzeugung (brutto);e
43311;Monatserhebung ü. Elektrizitäts- u. Wärmeerzeugung;JAHR;Jahr;2010;DINSG;Deutschland insgesamt;DG;Deutschland;ENRG03;Energieträger;BIO-F-01;Feste biogene Stoffe;54115738;GJ;BRN001;Brennstoffeinsatz;e
43311;Monatserhebung ü. Elektrizitäts- u. Wärmeerzeugung;JAHR;Jahr;2020;DINSG;Deutschland insgesamt;DG;Deutschland;ENRG03;Energieträger;GAS-RAF;Raffineriegas;0;MWh;WRM001;Nettowärmeerzeugung;e
43311;Monatserhebung ü. Elektrizitäts- u. Wärmeerzeugung;JAHR;Jahr;2020;DINSG;Deutschland insgesamt;DG;Deutschland;ENRG03;Energieträger;GAS-RAF;Raffineriegas;0;MWh;EKT002;Elektrizitätserzeugung (netto);e
43311;Monatserhebung ü. Elektrizitäts- u. Wärmeerzeugung;JAHR;Jahr;2020;DINSG;Deutschland insgesamt;DG;Deutschland;ENRG03;Energieträger;GAS-RAF;Raffineriegas;0;MWh;EKT001;Elektrizitätserzeugung (brutto);e
43311;Monatserhebung ü. Elektrizitäts- u. Wärmeerzeugung;JAHR;Jahr;2020;DINSG;Deutschland insgesamt;DG;Deutschland;ENRG03;Energieträger;GAS-RAF;Raffineriegas;0;GJ;BRN001;Brennstoffeinsatz;e
43311;Monatserhebung ü. Elektrizitäts- u. Wärmeerzeugung;JAHR;Jahr;2005;DINSG;Deutschland insgesamt;DG;Deutschland;ENRG03;Energieträger;;Insgesamt;111284014;MWh;WRM001;Nettowärmeerzeugung;e
43311;Monatserhebung ü. Elektrizitäts- u. Wärmeerzeugung;JAHR;Jahr;2005;DINSG;Deutschland insgesamt;DG;Deutschland;ENRG03;Energieträger;;Insgesamt;497513512;MWh;EKT002;Elektrizitätserzeugung (netto);e
43311;Monatserhebung ü. Elektrizitäts- u. Wärmeerzeugung;JAHR;Jahr;2005;DINSG;Deutschland insgesamt;DG;Deutschland;ENRG03;Energieträger;;Insgesamt;532385569;MWh;EKT001;Elektrizitätserzeugung (brutto);e
43311;Monatserhebung ü. Elektrizitäts- u. Wärmeerzeugung;JAHR;Jahr;2005;DINSG;Deutschland insgesamt;DG;Deutschland;ENRG03;Energieträger;;Insgesamt;3433969707;GJ;BRN001;Brennstoffeinsatz;e
43311;Monatserhebung ü. Elektrizitäts- u. Wärmeerzeugung;JAHR;Jahr;2023;DINSG;Deutschland insgesamt;DG;Deutschland;ENRG03;Energieträger;OEL-H-L-01;Heizöl, leicht;547777;MWh;WRM001;Nettowärmeerzeugung;p
43311;Monatserhebung ü. Elektrizitäts- u. Wärmeerzeugung;JAHR;Jahr;2023;DINSG;Deutschland insgesamt;DG;Deutschland;ENRG03;Energieträger;OEL-H-L-01;Heizöl, leicht;544708;MWh;EKT002;Elektrizitätserzeugung (netto);p
43311;Monatserhebung ü. Elektrizitäts- u. Wärmeerzeugung;JAHR;Jahr;2023;DINSG;Deutschland insgesamt;DG;Deutschland;ENRG03;Energieträger;OEL-H-L-01;Heizöl, leicht;592794;MWh;EKT001;Elektrizitätserzeugung (brutto);p
43311;Monatserhebung ü. Elektrizitäts- u. Wärmeerzeugung;JAHR;Jahr;2023;DINSG;Deutschland insgesamt;DG;Deutschland;ENRG03;Energieträger;OEL-H-L-01;Heizöl, leicht;7956149;GJ;BRN001;Brennstoffeinsatz;p
43311;Monatserhebung ü. Elektrizitäts- u. Wärmeerzeugung;JAHR;Jahr;2021;DINSG;Deutschland insgesamt;DG;Deutschland;ENRG03;Energieträger;ENRKER;Kernenergie;-;MWh;WRM001;Nettowärmeerzeugung;
43311;Monatserhebung ü. Elektrizitäts- u. Wärmeerzeugung;JAHR;Jahr;2021;DINSG;Deutschland insgesamt;DG;Deutschland;ENRG03;Energieträger;ENRKER;Kernenergie;65444268;MWh;EKT002;Elektrizitätserzeugung (netto);e
43311;Monatserhebung ü. Elektrizitäts- u. Wärmeerzeugung;JAHR;Jahr;2021;DINSG;Deutschland insgesamt;DG;Deutschland;ENRG03;Energieträger;ENRKER;Kernenergie;69130451;MWh;EKT001;Elektrizitätserzeugung (brutto);e
43311;Monatserhebung ü. Elektrizitäts- u. Wärmeerzeugung;JAHR;Jahr;2021;DINSG;Deutschland insgesamt;DG;Deutschland;ENRG03;Energieträger;ENRKER;Kernenergie;-;GJ;BRN001;Brennstoffeinsatz;
43311;Monatserhebung ü. Elektrizitäts- u. Wärmeerzeugung;JAHR;Jahr;2004;DINSG;Deutschland insgesamt;DG;Deutschland;ENRG03;Energieträger;WRM-02;Wärmepumpen (Erd- und Umweltwärme);-;MWh;WRM001;Nettowärmeerzeugung;
43311;Monatserhebung ü. Elektrizitäts- u. Wärmeerzeugung;JAHR;Jahr;2004;DINSG;Deutschland insgesamt;DG;Deutschland;ENRG03;Energieträger;WRM-02;Wärmepumpen (Erd- und Umweltwärme);-;MWh;EKT002;Elektrizitätserzeugung (netto);
43311;Monatserhebung ü. Elektrizitäts- u. Wärmeerzeugung;JAHR;Jahr;2004;DINSG;Deutschland insgesamt;DG;Deutschland;ENRG03;Energieträger;WRM-02;Wärmepumpen (Erd- und Umweltwärme);-;MWh;EKT001;Elektrizitätserzeugung (brutto);
43311;Monatserhebung ü. Elektrizitäts- u. Wärmeerzeugung;JAHR;Jahr;2004;DINSG;Deutschland insgesamt;DG;Deutschland;ENRG03;Energieträger;WRM-02;Wärmepumpen (Erd- und Umweltwärme);-;GJ;BRN001;Brennstoffeinsatz;
43311;Monatserhebung ü. Elektrizitäts- u. Wärmeerzeugung;JAHR;Jahr;2018;DINSG;Deutschland insgesamt;DG;Deutschland;ENRG03;Energieträger;GAS-DEP;Deponiegas;50700;MWh;WRM001;Nettowärmeerzeugung;e
43311;Monatserhebung ü. Elektrizitäts- u. Wärmeerzeugung;JAHR;Jahr;2018;DINSG;Deutschland insgesamt;DG;Deutschland;ENRG03;Energieträger;GAS-DEP;Deponiegas;53824;MWh;EKT002;Elektrizitätserzeugung (netto);e
43311;Monatserhebung ü. Elektrizitäts- u. Wärmeerzeugung;JAHR;Jahr;2018;DINSG;Deutschland insgesamt;DG;Deutschland;ENRG03;Energieträger;GAS-DEP;Deponiegas;58562;MWh;EKT001;Elektrizitätserzeugung (brutto);e
43311;Monatserhebung ü. Elektrizitäts- u. Wärmeerzeugung;JAHR;Jahr;2018;DINSG;Deutschland insgesamt;DG;Deutschland;ENRG03;Energieträger;GAS-DEP;Deponiegas;571439;GJ;BRN001;Brennstoffeinsatz;e
43311;Monatserhebung ü. Elektrizitäts- u. Wärmeerzeugung;JAHR;Jahr;2023;DINSG;Deutschland insgesamt;DG;Deutschland;ENRG03;Energieträger;SP-SONST-01;Andere Speicher;-;MWh;WRM001;Nettowärmeerzeugung;
43311;Monatserhebung ü. Elektrizitäts- u. Wärmeerzeugung;JAHR;Jahr;2023;DINSG;Deutschland insgesamt;DG;Deutschland;ENRG03;Energieträger;SP-SONST-01;Andere Speicher;-;MWh;EKT002;Elektrizitätserzeugung (netto);
43311;Monatserhebung ü. Elektrizitäts- u. Wärmeerzeugung;JAHR;Jahr;2023;DINSG;Deutschland insgesamt;DG;Deutschland;ENRG03;Energieträger;SP-SONST-01;Andere Speicher;-;MWh;EKT001;Elektrizitätserzeugung (brutto);
43311;Monatserhebung ü. Elektrizitäts- u. Wärmeerzeugung;JAHR;Jahr;2023;DINSG;Deutschland insgesamt;DG;Deutschland;ENRG03;Energieträger;SP-SONST-01;Andere Speicher;-;GJ;BRN001;Brennstoffeinsatz;
43311;Monatserhebung ü. Elektrizitäts- u. Wärmeerzeugung;JAHR;Jahr;2020;DINSG;Deutschland insgesamt;DG;Deutschland;ENRG03;Energieträger;WAS-PSP-03;Pumpspeicher ohne natürlichen Zufluss;0;MWh;WRM001;Nettowärmeerzeugung;e
43311;Monatserhebung ü. Elektrizitäts- u. Wärmeerzeugung;JAHR;Jahr;2020;DINSG;Deutschland insgesamt;DG;Deutschland;ENRG03;Energieträger;WAS-PSP-03;Pumpspeicher ohne natürlichen Zufluss;0;MWh;EKT002;Elektrizitätserzeugung (netto);e
43311;Monatserhebung ü. Elektrizitäts- u. Wärmeerzeugung;JAHR;Jahr;2020;DINSG;Deutschland insgesamt;DG;Deutschland;ENRG03;Energieträger;WAS-PSP-03;Pumpspeicher ohne natürlichen Zufluss;0;MWh;EKT001;Elektrizitätserzeugung (brutto);e
43311;Monatserhebung ü. Elektrizitäts- u. Wärmeerzeugung;JAHR;Jahr;2020;DINSG;Deutschland insgesamt;DG;Deutschland;ENRG03;Energieträger;WAS-PSP-03;Pumpspeicher ohne natürlichen Zufluss;0;GJ;BRN001;Brennstoffeinsatz;e
43311;Monatserhebung ü. Elektrizitäts- u. Wärmeerzeugung;JAHR;Jahr;2012;DINSG;Deutschland insgesamt;DG;Deutschland;ENRG03;Energieträger;BIO-F-01;Feste biogene Stoffe;4245486;MWh;WRM001;Nettowärmeerzeugung;e
43311;Monatserhebung ü. Elektrizitäts- u. Wärmeerzeugung;JAHR;Jahr;2012;DINSG;Deutschland insgesamt;DG;Deutschland;ENRG03;Energieträger;BIO-F-01;Feste biogene Stoffe;3586681;MWh;EKT002;Elektrizitätserzeugung (netto);e
43311;Monatserhebung ü. Elektrizitäts- u. Wärmeerzeugung;JAHR;Jahr;2012;DINSG;Deutschland insgesamt;DG;Deutschland;ENRG03;Energieträger;BIO-F-01;Feste biogene Stoffe;3990884;MWh;EKT001;Elektrizitätserzeugung (brutto);e
43311;Monatserhebung ü. Elektrizitäts- u. Wärmeerzeugung;JAHR;Jahr;2012;DINSG;Deutschland insgesamt;DG;Deutschland;ENRG03;Energieträger;BIO-F-01;Feste biogene Stoffe;63428453;GJ;BRN001;Brennstoffeinsatz;e
43311;Monatserhebung ü. Elektrizitäts- u. Wärmeerzeugung;JAHR;Jahr;2006;DINSG;Deutschland insgesamt;DG;Deutschland;ENRG03;Energieträger;GAS-RAF;Raffineriegas;-;MWh;WRM001;Nettowärmeerzeugung;
43311;Monatserhebung ü. Elektrizitäts- u. Wärmeerzeugung;JAHR;Jahr;2006;DINSG;Deutschland insgesamt;DG;Deutschland;ENRG03;Energieträger;GAS-RAF;Raffineriegas;-;MWh;EKT002;Elektrizitätserzeugung (netto);
43311;Monatserhebung ü. Elektrizitäts- u. Wärmeerzeugung;JAHR;Jahr;2006;DINSG;Deutschland insgesamt;DG;Deutschland;ENRG03;Energieträger;GAS-RAF;Raffineriegas;-;MWh;EKT001;Elektrizitätserzeugung (brutto);
43311;Monatserhebung ü. Elektrizitäts- u. Wärmeerzeugung;JAHR;Jahr;2006;DINSG;Deutschland insgesamt;DG;Deutschland;ENRG03;Energieträger;GAS-RAF;Raffineriegas;-;GJ;BRN001;Brennstoffeinsatz;
43311;Monatserhebung ü. Elektrizitäts- u. Wärmeerzeugung;JAHR;Jahr;2011;DINSG;Deutschland insgesamt;DG;Deutschland;ENRG03;Energieträger;WAS-PSP-03;Pumpspeicher ohne natürlichen Zufluss;-;MWh;WRM001;Nettowärmeerzeugung;
43311;Monatserhebung ü. Elektrizitäts- u. Wärmeerzeugung;JAHR;Jahr;2011;DINSG;Deutschland insgesamt;DG;Deutschland;ENRG03;Energieträger;WAS-PSP-03;Pumpspeicher ohne natürlichen Zufluss;-;MWh;EKT002;Elektrizitätserzeugung (netto);
43311;Monatserhebung ü. Elektrizitäts- u. Wärmeerzeugung;JAHR;Jahr;2011;DINSG;Deutschland insgesamt;DG;Deutschland;ENRG03;Energieträger;WAS-PSP-03;Pumpspeicher ohne natürlichen Zufluss;-;MWh;EKT001;Elektrizitätserzeugung (brutto);
43311;Monatserhebung ü. Elektrizitäts- u. Wärmeerzeugung;JAHR;Jahr;2011;DINSG;Deutschland insgesamt;DG;Deutschland;ENRG03;Energieträger;WAS-PSP-03;Pumpspeicher ohne natürlichen Zufluss;-;GJ;BRN001;Brennstoffeinsatz;
43311;Monatserhebung ü. Elektrizitäts- u. Wärmeerzeugung;JAHR;Jahr;2011;DINSG;Deutschland insgesamt;DG;Deutschland;ENRG03;Energieträger;SP-SONST-01;Andere Speicher;-;MWh;WRM001;Nettowärmeerzeugung;
43311;Monatserhebung ü. Elektrizitäts- u. Wärmeerzeugung;JAHR;Jahr;2011;DINSG;Deutschland insgesamt;DG;Deutschland;ENRG03;Energieträger;SP-SONST-01;Andere Speicher;-;MWh;EKT002;Elektrizitätserzeugung (netto);
43311;Monatserhebung ü. Elektrizitäts- u. Wärmeerzeugung;JAHR;Jahr;2011;DINSG;Deutschland insgesamt;DG;Deutschland;ENRG03;Energieträger;SP-SONST-01;Andere Speicher;-;MWh;EKT001;Elektrizitätserzeugung (brutto);
43311;Monatserhebung ü. Elektrizitäts- u. Wärmeerzeugung;JAHR;Jahr;2011;DINSG;Deutschland insgesamt;DG;Deutschland;ENRG03;Energieträger;SP-SONST-01;Andere Speicher;-;GJ;BRN001;Brennstoffeinsatz;
43311;Monatserhebung ü. Elektrizitäts- u. Wärmeerzeugung;JAHR;Jahr;2021;DINSG;Deutschland insgesamt;DG;Deutschland;ENRG03;Energieträger;WRM-02;Wärmepumpen (Erd- und Umweltwärme);462;MWh;WRM001;Nettowärmeerzeugung;e
43311;Monatserhebung ü. Elektrizitäts- u. Wärmeerzeugung;JAHR;Jahr;2021;DINSG;Deutschland insgesamt;DG;Deutschland;ENRG03;Energieträger;WRM-02;Wärmepumpen (Erd- und Umweltwärme);-;MWh;EKT002;Elektrizitätserzeugung (netto);
43311;Monatserhebung ü. Elektrizitäts- u. Wärmeerzeugung;JAHR;Jahr;2021;DINSG;Deutschland insgesamt;DG;Deutschland;ENRG03;Energieträger;WRM-02;Wärmepumpen (Erd- und Umweltwärme);-;MWh;EKT001;Elektrizitätserzeugung (brutto);
43311;Monatserhebung ü. Elektrizitäts- u. Wärmeerzeugung;JAHR;Jahr;2021;DINSG;Deutschland insgesamt;DG;Deutschland;ENRG03;Energieträger;WRM-02;Wärmepumpen (Erd- und Umweltwärme);-;GJ;BRN001;Brennstoffeinsatz;
43311;Monatserhebung ü. Elektrizitäts- u. Wärmeerzeugung;JAHR;Jahr;2017;DINSG;Deutschland insgesamt;DG;Deutschland;ENRG03;Energieträger;OEL-H-L-01;Heizöl, leicht;292975;MWh;WRM001;Nettowärmeerzeugung;e
43311;Monatserhebung ü. Elektrizitäts- u. Wärmeerzeugung;JAHR;Jahr;2017;DINSG;Deutschland insgesamt;DG;Deutschland;ENRG03;Energieträger;OEL-H-L-01;Heizöl, leicht;603436;MWh;EKT002;Elektrizitätserzeugung (netto);e
43311;Monatserhebung ü. Elektrizitäts- u. Wärmeerzeugung;JAHR;Jahr;2017;DINSG;Deutschland insgesamt;DG;Deutschland;ENRG03;Energieträger;OEL-H-L-01;Heizöl, leicht;663322;MWh;EKT001;Elektrizitätserzeugung (brutto);e
43311;Monatserhebung ü. Elektrizitäts- u. Wärmeerzeugung;JAHR;Jahr;2017;DINSG;Deutschland insgesamt;DG;Deutschland;ENRG03;Energieträger;OEL-H-L-01;Heizöl, leicht;7904059;GJ;BRN001;Brennstoffeinsatz;e
43311;Monatserhebung ü. Elektrizitäts- u. Wärmeerzeugung;JAHR;Jahr;2023;DINSG;Deutschland insgesamt;DG;Deutschland;ENRG03;Energieträger;GAS-SONST;Sonstige hergestellte Gase;.;MWh;WRM001;Nettowärmeerzeugung;
43311;Monatserhebung ü. Elektrizitäts- u. Wärmeerzeugung;JAHR;Jahr;2023;DINSG;Deutschland insgesamt;DG;Deutschland;ENRG03;Energieträger;GAS-SONST;Sonstige hergestellte Gase;.;MWh;EKT002;Elektrizitätserzeugung (netto);
43311;Monatserhebung ü. Elektrizitäts- u. Wärmeerzeugung;JAHR;Jahr;2023;DINSG;Deutschland insgesamt;DG;Deutschland;ENRG03;Energieträger;GAS-SONST;Sonstige hergestellte Gase;.;MWh;EKT001;Elektrizitätserzeugung (brutto);
43311;Monatserhebung ü. Elektrizitäts- u. Wärmeerzeugung;JAHR;Jahr;2023;DINSG;Deutschland insgesamt;DG;Deutschland;ENRG03;Energieträger;GAS-SONST;Sonstige hergestellte Gase;.;GJ;BRN001;Brennstoffeinsatz;
43311;Monatserhebung ü. Elektrizitäts- u. Wärmeerzeugung;JAHR;Jahr;2019;DINSG;Deutschland insgesamt;DG;Deutschland;ENRG03;Energieträger;OEL-SONST;Sonstige Mineralölprodukte;.;MWh;WRM001;Nettowärmeerzeugung;
43311;Monatserhebung ü. Elektrizitäts- u. Wärmeerzeugung;JAHR;Jahr;2019;DINSG;Deutschland insgesamt;DG;Deutschland;ENRG03;Energieträger;OEL-SONST;Sonstige Mineralölprodukte;112489;MWh;EKT002;Elektrizitätserzeugung (netto);e
43311;Monatserhebung ü. Elektrizitäts- u. Wärmeerzeugung;JAHR;Jahr;2019;DINSG;Deutschland insgesamt;DG;Deutschland;ENRG03;Energieträger;OEL-SONST;Sonstige Mineralölprodukte;121834;MWh;EKT001;Elektrizitätserzeugung (brutto);e
43311;Monatserhebung ü. Elektrizitäts- u. Wärmeerzeugung;JAHR;Jahr;2019;DINSG;Deutschland insgesamt;DG;Deutschland;ENRG03;Energieträger;OEL-SONST;Sonstige Mineralölprodukte;1246243;GJ;BRN001;Brennstoffeinsatz;e
43311;Monatserhebung ü. Elektrizitäts- u. Wärmeerzeugung;JAHR;Jahr;2004;DINSG;Deutschland insgesamt;DG;Deutschland;ENRG03;Energieträger;KHL-B-ROH;Rohbraunkohlen;9577643;MWh;WRM001;Nettowärmeerzeugung;e
43311;Monatserhebung ü. Elektrizitäts- u. Wärmeerzeugung;JAHR;Jahr;2004;DINSG;Deutschland insgesamt;DG;Deutschland;ENRG03;Energieträger;KHL-B-ROH;Rohbraunkohlen;142136151;MWh;EKT002;Elektrizitätserzeugung (netto);e
43311;Monatserhebung ü. Elektrizitäts- u. Wärmeerzeugung;JAHR;Jahr;2004;DINSG;Deutschland insgesamt;DG;Deutschland;ENRG03;Energieträger;KHL-B-ROH;Rohbraunkohlen;154007907;MWh;EKT001;Elektrizitätserzeugung (brutto);e
43311;Monatserhebung ü. Elektrizitäts- u. Wärmeerzeugung;JAHR;Jahr;2004;DINSG;Deutschland insgesamt;DG;Deutschland;ENRG03;Energieträger;KHL-B-ROH;Rohbraunkohlen;1510698178;GJ;BRN001;Brennstoffeinsatz;e
43311;Monatserhebung ü. Elektrizitäts- u. Wärmeerzeugung;JAHR;Jahr;2004;DINSG;Deutschland insgesamt;DG;Deutschland;ENRG03;Energieträger;WIND-01;Windkraft;-;MWh;WRM001;Nettowärmeerzeugung;
43311;Monatserhebung ü. Elektrizitäts- u. Wärmeerzeugung;JAHR;Jahr;2004;DINSG;Deutschland insgesamt;DG;Deutschland;ENRG03;Energieträger;WIND-01;Windkraft;287560;MWh;EKT002;Elektrizitätserzeugung (netto);e
43311;Monatserhebung ü. Elektrizitäts- u. Wärmeerzeugung;JAHR;Jahr;2004;DINSG;Deutschland insgesamt;DG;Deutschland;ENRG03;Energieträger;WIND-01;Windkraft;294619;MWh;EKT001;Elektrizitätserzeugung (brutto);e
43311;Monatserhebung ü. Elektrizitäts- u. Wärmeerzeugung;JAHR;Jahr;2004;DINSG;Deutschland insgesamt;DG;Deutschland;ENRG03;Energieträger;WIND-01;Windkraft;-;GJ;BRN001;Brennstoffeinsatz;
43311;Monatserhebung ü. Elektrizitäts- u. Wärmeerzeugung;JAHR;Jahr;2018;DINSG;Deutschland insgesamt;DG;Deutschland;ENRG03;Energieträger;WAS-SP-01;Speicherwasser;-;MWh;WRM001;Nettowärmeerzeugung;
43311;Monatserhebung ü. Elektrizitäts- u. Wärmeerzeugung;JAHR;Jahr;2018;DINSG;Deutschland insgesamt;DG;Deutschland;ENRG03;Energieträger;WAS-SP-01;Speicherwasser;528215;MWh;EKT002;Elektrizitätserzeugung (netto);e
43311;Monatserhebung ü. Elektrizitäts- u. Wärmeerzeugung;JAHR;Jahr;2018;DINSG;Deutschland insgesamt;DG;Deutschland;ENRG03;Energieträger;WAS-SP-01;Speicherwasser;532335;MWh;EKT001;Elektrizitätserzeugung (brutto);e
43311;Monatserhebung ü. Elektrizitäts- u. Wärmeerzeugung;JAHR;Jahr;2018;DINSG;Deutschland insgesamt;DG;Deutschland;ENRG03;Energieträger;WAS-SP-01;Speicherwasser;-;GJ;BRN001;Brennstoffeinsatz;
43311;Monatserhebung ü. Elektrizitäts- u. Wärmeerzeugung;JAHR;Jahr;2013;DINSG;Deutschland insgesamt;DG;Deutschland;ENRG03;Energieträger;GEOTH-01;Geothermie;.;MWh;WRM001;Nettowärmeerzeugung;
43311;Monatserhebung ü. Elektrizitäts- u. Wärmeerzeugung;JAHR;Jahr;2013;DINSG;Deutschland insgesamt;DG;Deutschland;ENRG03;Energieträger;GEOTH-01;Geothermie;57565;MWh;EKT002;Elektrizitätserzeugung (netto);e
43311;Monatserhebung ü. Elektrizitäts- u. Wärmeerzeugung;JAHR;Jahr;2013;DINSG;Deutschland insgesamt;DG;Deutschland;ENRG03;Energieträger;GEOTH-01;Geothermie;66634;MWh;EKT001;Elektrizitätserzeugung (brutto);e
43311;Monatserhebung ü. Elektrizitäts- u. Wärmeerzeugung;JAHR;Jahr;2013;DINSG;Deutschland insgesamt;DG;Deutschland;ENRG03;Energieträger;GEOTH-01;Geothermie;-;GJ;BRN001;Brennstoffeinsatz;
43311;Monatserhebung ü. Elektrizitäts- u. Wärmeerzeugung;JAHR;Jahr;2014;DINSG;Deutschland insgesamt;DG;Deutschland;ENRG03;Energieträger;PKOKS-01;Petrolkoks;.;MWh;WRM001;Nettowärmeerzeugung;
43311;Monatserhebung ü. Elektrizitäts- u. Wärmeerzeugung;JAHR;Jahr;2014;DINSG;Deutschland insgesamt;DG;Deutschland;ENRG03;Energieträger;PKOKS-01;Petrolkoks;.;MWh;EKT002;Elektrizitätserzeugung (netto);
43311;Monatserhebung ü. Elektrizitäts- u. Wärmeerzeugung;JAHR;Jahr;2014;DINSG;Deutschland insgesamt;DG;Deutschland;ENRG03;Energieträger;PKOKS-01;Petrolkoks;.;MWh;EKT001;Elektrizitätserzeugung (brutto);
43311;Monatserhebung ü. Elektrizitäts- u. Wärmeerzeugung;JAHR;Jahr;2014;DINSG;Deutschland insgesamt;DG;Deutschland;ENRG03;Energieträger;PKOKS-01;Petrolkoks;121521;GJ;BRN001;Brennstoffeinsatz;e
43311;Monatserhebung ü. Elektrizitäts- u. Wärmeerzeugung;JAHR;Jahr;2002;DINSG;Deutschland insgesamt;DG;Deutschland;ENRG03;Energieträger;DIESEL-01;Dieselkraftstoff;-;MWh;WRM001;Nettowärmeerzeugung;
43311;Monatserhebung ü. Elektrizitäts- u. Wärmeerzeugung;JAHR;Jahr;2002;DINSG;Deutschland insgesamt;DG;Deutschland;ENRG03;Energieträger;DIESEL-01;Dieselkraftstoff;6382;MWh;EKT002;Elektrizitätserzeugung (netto);e
43311;Monatserhebung ü. Elektrizitäts- u. Wärmeerzeugung;JAHR;Jahr;2002;DINSG;Deutschland insgesamt;DG;Deutschland;ENRG03;Energieträger;DIESEL-01;Dieselkraftstoff;6749;MWh;EKT001;Elektrizitätserzeugung (brutto);e
43311;Monatserhebung ü. Elektrizitäts- u. Wärmeerzeugung;JAHR;Jahr;2002;DINSG;Deutschland insgesamt;DG;Deutschland;ENRG03;Energieträger;DIESEL-01;Dieselkraftstoff;64619;GJ;BRN001;Brennstoffeinsatz;e
43311;Monatserhebung ü. Elektrizitäts- u. Wärmeerzeugung;JAHR;Jahr;2004;DINSG;Deutschland insgesamt;DG;Deutschland;ENRG03;Energieträger;WAS-LF-01;Laufwasser;-;MWh;WRM001;Nettowärmeerzeugung;
43311;Monatserhebung ü. Elektrizitäts- u. Wärmeerzeugung;JAHR;Jahr;2004;DINSG;Deutschland insgesamt;DG;Deutschland;ENRG03;Energieträger;WAS-LF-01;Laufwasser;15495952;MWh;EKT002;Elektrizitätserzeugung (netto);e
43311;Monatserhebung ü. Elektrizitäts- u. Wärmeerzeugung;JAHR;Jahr;2004;DINSG;Deutschland insgesamt;DG;Deutschland;ENRG03;Energieträger;WAS-LF-01;Laufwasser;15704242;MWh;EKT001;Elektrizitätserzeugung (brutto);e
43311;Monatserhebung ü. Elektrizitäts- u. Wärmeerzeugung;JAHR;Jahr;2004;DINSG;Deutschland insgesamt;DG;Deutschland;ENRG03;Energieträger;WAS-LF-01;Laufwasser;-;GJ;BRN001;Brennstoffeinsatz;
43311;Monatserhebung ü. Elektrizitäts- u. Wärmeerzeugung;JAHR;Jahr;2024;DINSG;Deutschland insgesamt;DG;Deutschland;ENRG03;Energieträger;OEL-SONST;Sonstige Mineralölprodukte;.;MWh;WRM001;Nettowärmeerzeugung;
43311;Monatserhebung ü. Elektrizitäts- u. Wärmeerzeugung;JAHR;Jahr;2024;DINSG;Deutschland insgesamt;DG;Deutschland;ENRG03;Energieträger;OEL-SONST;Sonstige Mineralölprodukte;.;MWh;EKT002;Elektrizitätserzeugung (netto);
43311;Monatserhebung ü. Elektrizitäts- u. Wärmeerzeugung;JAHR;Jahr;2024;DINSG;Deutschland insgesamt;DG;Deutschland;ENRG03;Energieträger;OEL-SONST;Sonstige Mineralölprodukte;.;MWh;EKT001;Elektrizitätserzeugung (brutto);
43311;Monatserhebung ü. Elektrizitäts- u. Wärmeerzeugung;JAHR;Jahr;2024;DINSG;Deutschland insgesamt;DG;Deutschland;ENRG03;Energieträger;OEL-SONST;Sonstige Mineralölprodukte;.;GJ;BRN001;Brennstoffeinsatz;
43311;Monatserhebung ü. Elektrizitäts- u. Wärmeerzeugung;JAHR;Jahr;2020;DINSG;Deutschland insgesamt;DG;Deutschland;ENRG03;Energieträger;GAS-HO-01;Hochofengas;0;MWh;WRM001;Nettowärmeerzeugung;e
43311;Monatserhebung ü. Elektrizitäts- u. Wärmeerzeugung;JAHR;Jahr;2020;DINSG;Deutschland insgesamt;DG;Deutschland;ENRG03;Energieträger;GAS-HO-01;Hochofengas;0;MWh;EKT002;Elektrizitätserzeugung (netto);e
43311;Monatserhebung ü. Elektrizitäts- u. Wärmeerzeugung;JAHR;Jahr;2020;DINSG;Deutschland insgesamt;DG;Deutschland;ENRG03;Energieträger;GAS-HO-01;Hochofengas;0;MWh;EKT001;Elektrizitätserzeugung (brutto);e
43311;Monatserhebung ü. Elektrizitäts- u. Wärmeerzeugung;JAHR;Jahr;2020;DINSG;Deutschland insgesamt;DG;Deutschland;ENRG03;Energieträger;GAS-HO-01;Hochofengas;0;GJ;BRN001;Brennstoffeinsatz;e
43311;Monatserhebung ü. Elektrizitäts- u. Wärmeerzeugung;JAHR;Jahr;2022;DINSG;Deutschland insgesamt;DG;Deutschland;ENRG03;Energieträger;WAS-SP-01;Speicherwasser;-;MWh;WRM001;Nettowärmeerzeugung;
43311;Monatserhebung ü. Elektrizitäts- u. Wärmeerzeugung;JAHR;Jahr;2022;DINSG;Deutschland insgesamt;DG;Deutschland;ENRG03;Energieträger;WAS-SP-01;Speicherwasser;611162;MWh;EKT002;Elektrizitätserzeugung (netto);e
43311;Monatserhebung ü. Elektrizitäts- u. Wärmeerzeugung;JAHR;Jahr;2022;DINSG;Deutschland insgesamt;DG;Deutschland;ENRG03;Energieträger;WAS-SP-01;Speicherwasser;614789;MWh;EKT001;Elektrizitätserzeugung (brutto);e
43311;Monatserhebung ü. Elektrizitäts- u. Wärmeerzeugung;JAHR;Jahr;2022;DINSG;Deutschland insgesamt;DG;Deutschland;ENRG03;Energieträger;WAS-SP-01;Speicherwasser;-;GJ;BRN001;Brennstoffeinsatz;
43311;Monatserhebung ü. Elektrizitäts- u. Wärmeerzeugung;JAHR;Jahr;2014;DINSG;Deutschland insgesamt;DG;Deutschland;ENRG03;Energieträger;WAS-PSP-02;Pumpspeicher mit natürlichem Zufluss;-;MWh;WRM001;Nettowärmeerzeugung;
43311;Monatserhebung ü. Elektrizitäts- u. Wärmeerzeugung;JAHR;Jahr;2014;DINSG;Deutschland insgesamt;DG;Deutschland;ENRG03;Energieträger;WAS-PSP-02;Pumpspeicher mit natürlichem Zufluss;395088;MWh;EKT002;Elektrizitätserzeugung (netto);e
43311;Monatserhebung ü. Elektrizitäts- u. Wärmeerzeugung;JAHR;Jahr;2014;DINSG;Deutschland insgesamt;DG;Deutschland;ENRG03;Energieträger;WAS-PSP-02;Pumpspeicher mit natürlichem Zufluss;411388;MWh;EKT001;Elektrizitätserzeugung (brutto);e
43311;Monatserhebung ü. Elektrizitäts- u. Wärmeerzeugung;JAHR;Jahr;2014;DINSG;Deutschland insgesamt;DG;Deutschland;ENRG03;Energieträger;WAS-PSP-02;Pumpspeicher mit natürlichem Zufluss;-;GJ;BRN001;Brennstoffeinsatz;
43311;Monatserhebung ü. Elektrizitäts- u. Wärmeerzeugung;JAHR;Jahr;2011;DINSG;Deutschland insgesamt;DG;Deutschland;ENRG03;Energieträger;WRM-01;Wärme;576911;MWh;WRM001;Nettowärmeerzeugung;e
43311;Monatserhebung ü. Elektrizitäts- u. Wärmeerzeugung;JAHR;Jahr;2011;DINSG;Deutschland insgesamt;DG;Deutschland;ENRG03;Energieträger;WRM-01;Wärme;259051;MWh;EKT002;Elektrizitätserzeugung (netto);e
43311;Monatserhebung ü. Elektrizitäts- u. Wärmeerzeugung;JAHR;Jahr;2011;DINSG;Deutschland insgesamt;DG;Deutschland;ENRG03;Energieträger;WRM-01;Wärme;270483;MWh;EKT001;Elektrizitätserzeugung (brutto);e
43311;Monatserhebung ü. Elektrizitäts- u. Wärmeerzeugung;JAHR;Jahr;2011;DINSG;Deutschland insgesamt;DG;Deutschland;ENRG03;Energieträger;WRM-01;Wärme;5353477;GJ;BRN001;Brennstoffeinsatz;e
43311;Monatserhebung ü. Elektrizitäts- u. Wärmeerzeugung;JAHR;Jahr;2017;DINSG;Deutschland insgesamt;DG;Deutschland;ENRG03;Energieträger;KHL-B-HART;Hartbraunkohlen;.;MWh;WRM001;Nettowärmeerzeugung;
43311;Monatserhebung ü. Elektrizitäts- u. Wärmeerzeugung;JAHR;Jahr;2017;DINSG;Deutschland insgesamt;DG;Deutschland;ENRG03;Energieträger;KHL-B-HART;Hartbraunkohlen;.;MWh;EKT002;Elektrizitätserzeugung (netto);
43311;Monatserhebung ü. Elektrizitäts- u. Wärmeerzeugung;JAHR;Jahr;2017;DINSG;Deutschland insgesamt;DG;Deutschland;ENRG03;Energieträger;KHL-B-HART;Hartbraunkohlen;.;MWh;EKT001;Elektrizitätserzeugung (brutto);
43311;Monatserhebung ü. Elektrizitäts- u. Wärmeerzeugung;JAHR;Jahr;2017;DINSG;Deutschland insgesamt;DG;Deutschland;ENRG03;Energieträger;KHL-B-HART;Hartbraunkohlen;.;GJ;BRN001;Brennstoffeinsatz;
43311;Monatserhebung ü. Elektrizitäts- u. Wärmeerzeugung;JAHR;Jahr;2009;DINSG;Deutschland insgesamt;DG;Deutschland;ENRG03;Energieträger;GAS-SONST;Sonstige hergestellte Gase;52291;MWh;WRM001;Nettowärmeerzeugung;e
43311;Monatserhebung ü. Elektrizitäts- u. Wärmeerzeugung;JAHR;Jahr;2009;DINSG;Deutschland insgesamt;DG;Deutschland;ENRG03;Energieträger;GAS-SONST;Sonstige hergestellte Gase;26124;MWh;EKT002;Elektrizitätserzeugung (netto);e
43311;Monatserhebung ü. Elektrizitäts- u. Wärmeerzeugung;JAHR;Jahr;2009;DINSG;Deutschland insgesamt;DG;Deutschland;ENRG03;Energieträger;GAS-SONST;Sonstige hergestellte Gase;26124;MWh;EKT001;Elektrizitätserzeugung (brutto);e
43311;Monatserhebung ü. Elektrizitäts- u. Wärmeerzeugung;JAHR;Jahr;2009;DINSG;Deutschland insgesamt;DG;Deutschland;ENRG03;Energieträger;GAS-SONST;Sonstige hergestellte Gase;299804;GJ;BRN001;Brennstoffeinsatz;e
43311;Monatserhebung ü. Elektrizitäts- u. Wärmeerzeugung;JAHR;Jahr;2011;DINSG;Deutschland insgesamt;DG;Deutschland;ENRG03;Energieträger;GAS-H2;Wasserstoff;-;MWh;WRM001;Nettowärmeerzeugung;
43311;Monatserhebung ü. Elektrizitäts- u. Wärmeerzeugung;JAHR;Jahr;2011;DINSG;Deutschland insgesamt;DG;Deutschland;ENRG03;Energieträger;GAS-H2;Wasserstoff;-;MWh;EKT002;Elektrizitätserzeugung (netto);
43311;Monatserhebung ü. Elektrizitäts- u. Wärmeerzeugung;JAHR;Jahr;2011;DINSG;Deutschland insgesamt;DG;Deutschland;ENRG03;Energieträger;GAS-H2;Wasserstoff;-;MWh;EKT001;Elektrizitätserzeugung (brutto);
43311;Monatserhebung ü. Elektrizitäts- u. Wärmeerzeugung;JAHR;Jahr;2011;DINSG;Deutschland insgesamt;DG;Deutschland;ENRG03;Energieträger;GAS-H2;Wasserstoff;-;GJ;BRN001;Brennstoffeinsatz;
43311;Monatserhebung ü. Elektrizitäts- u. Wärmeerzeugung;JAHR;Jahr;2016;DINSG;Deutschland insgesamt;DG;Deutschland;ENRG03;Energieträger;GAS-HO-01;Hochofengas;.;MWh;WRM001;Nettowärmeerzeugung;
43311;Monatserhebung ü. Elektrizitäts- u. Wärmeerzeugung;JAHR;Jahr;2016;DINSG;Deutschland insgesamt;DG;Deutschland;ENRG03;Energieträger;GAS-HO-01;Hochofengas;.;MWh;EKT002;Elektrizitätserzeugung (netto);
43311;Monatserhebung ü. Elektrizitäts- u. Wärmeerzeugung;JAHR;Jahr;2016;DINSG;Deutschland insgesamt;DG;Deutschland;ENRG03;Energieträger;GAS-HO-01;Hochofengas;.;MWh;EKT001;Elektrizitätserzeugung (brutto);
43311;Monatserhebung ü. Elektrizitäts- u. Wärmeerzeugung;JAHR;Jahr;2016;DINSG;Deutschland insgesamt;DG;Deutschland;ENRG03;Energieträger;GAS-HO-01;Hochofengas;.;GJ;BRN001;Brennstoffeinsatz;
43311;Monatserhebung ü. Elektrizitäts- u. Wärmeerzeugung;JAHR;Jahr;2011;DINSG;Deutschland insgesamt;DG;Deutschland;ENRG03;Energieträger;PHOTO-01;Photovoltaik;-;MWh;WRM001;Nettowärmeerzeugung;
43311;Monatserhebung ü. Elektrizitäts- u. Wärmeerzeugung;JAHR;Jahr;2011;DINSG;Deutschland insgesamt;DG;Deutschland;ENRG03;Energieträger;PHOTO-01;Photovoltaik;-;MWh;EKT002;Elektrizitätserzeugung (netto);
43311;Monatserhebung ü. Elektrizitäts- u. Wärmeerzeugung;JAHR;Jahr;2011;DINSG;Deutschland insgesamt;DG;Deutschland;ENRG03;Energieträger;PHOTO-01;Photovoltaik;-;MWh;EKT001;Elektrizitätserzeugung (brutto);
43311;Monatserhebung ü. Elektrizitäts- u. Wärmeerzeugung;JAHR;Jahr;2011;DINSG;Deutschland insgesamt;DG;Deutschland;ENRG03;Energieträger;PHOTO-01;Photovoltaik;-;GJ;BRN001;Brennstoffeinsatz;
43311;Monatserhebung ü. Elektrizitäts- u. Wärmeerzeugung;JAHR;Jahr;2019;DINSG;Deutschland insgesamt;DG;Deutschland;ENRG03;Energieträger;SP-SONST-01;Andere Speicher;-;MWh;WRM001;Nettowärmeerzeugung;
43311;Monatserhebung ü. Elektrizitäts- u. Wärmeerzeugung;JAHR;Jahr;2019;DINSG;Deutschland insgesamt;DG;Deutschland;ENRG03;Energieträger;SP-SONST-01;Andere Speicher;-;MWh;EKT002;Elektrizitätserzeugung (netto);
43311;Monatserhebung ü. Elektrizitäts- u. Wärmeerzeugung;JAHR;Jahr;2019;DINSG;Deutschland insgesamt;DG;Deutschland;ENRG03;Energieträger;SP-SONST-01;Andere Speicher;-;MWh;EKT001;Elektrizitätserzeugung (brutto);
43311;Monatserhebung ü. Elektrizitäts- u. Wärmeerzeugung;JAHR;Jahr;2019;DINSG;Deutschland insgesamt;DG;Deutschland;ENRG03;Energieträger;SP-SONST-01;Andere Speicher;-;GJ;BRN001;Brennstoffeinsatz;
43311;Monatserhebung ü. Elektrizitäts- u. Wärmeerzeugung;JAHR;Jahr;2013;DINSG;Deutschland insgesamt;DG;Deutschland;ENRG03;Energieträger;ABF-02;Abfall (Industrie);1385270;MWh;WRM001;Nettowärmeerzeugung;e
43311;Monatserhebung ü. Elektrizitäts- u. Wärmeerzeugung;JAHR;Jahr;2013;DINSG;Deutschland insgesamt;DG;Deutschland;ENRG03;Energieträger;ABF-02;Abfall (Industrie);754149;MWh;EKT002;Elektrizitätserzeugung (netto);e
43311;Monatserhebung ü. Elektrizitäts- u. Wärmeerzeugung;JAHR;Jahr;2013;DINSG;Deutschland insgesamt;DG;Deutschland;ENRG03;Energieträger;ABF-02;Abfall (Industrie);944626;MWh;EKT001;Elektrizitätserzeugung (brutto);e
43311;Monatserhebung ü. Elektrizitäts- u. Wärmeerzeugung;JAHR;Jahr;2013;DINSG;Deutschland insgesamt;DG;Deutschland;ENRG03;Energieträger;ABF-02;Abfall (Industrie);18943852;GJ;BRN001;Brennstoffeinsatz;e
43311;Monatserhebung ü. Elektrizitäts- u. Wärmeerzeugung;JAHR;Jahr;2003;DINSG;Deutschland insgesamt;DG;Deutschland;ENRG03;Energieträger;STROM-02;Strom (Elektrokessel);-;MWh;WRM001;Nettowärmeerzeugung;
43311;Monatserhebung ü. Elektrizitäts- u. Wärmeerzeugung;JAHR;Jahr;2003;DINSG;Deutschland insgesamt;DG;Deutschland;ENRG03;Energieträger;STROM-02;Strom (Elektrokessel);-;MWh;EKT002;Elektrizitätserzeugung (netto);
43311;Monatserhebung ü. Elektrizitäts- u. Wärmeerzeugung;JAHR;Jahr;2003;DINSG;Deutschland insgesamt;DG;Deutschland;ENRG03;Energieträger;STROM-02;Strom (Elektrokessel);-;MWh;EKT001;Elektrizitätserzeugung (brutto);
43311;Monatserhebung ü. Elektrizitäts- u. Wärmeerzeugung;JAHR;Jahr;2003;DINSG;Deutschland insgesamt;DG;Deutschland;ENRG03;Energieträger;STROM-02;Strom (Elektrokessel);-;GJ;BRN001;Brennstoffeinsatz;
43311;Monatserhebung ü. Elektrizitäts- u. Wärmeerzeugung;JAHR;Jahr;2019;DINSG;Deutschland insgesamt;DG;Deutschland;ENRG03;Energieträger;SOLTH-01;Solarthermie;-;MWh;WRM001;Nettowärmeerzeugung;
43311;Monatserhebung ü. Elektrizitäts- u. Wärmeerzeugung;JAHR;Jahr;2019;DINSG;Deutschland insgesamt;DG;Deutschland;ENRG03;Energieträger;SOLTH-01;Solarthermie;-;MWh;EKT002;Elektrizitätserzeugung (netto);
43311;Monatserhebung ü. Elektrizitäts- u. Wärmeerzeugung;JAHR;Jahr;2019;DINSG;Deutschland insgesamt;DG;Deutschland;ENRG03;Energieträger;SOLTH-01;Solarthermie;-;MWh;EKT001;Elektrizitätserzeugung (brutto);
43311;Monatserhebung ü. Elektrizitäts- u. Wärmeerzeugung;JAHR;Jahr;2019;DINSG;Deutschland insgesamt;DG;Deutschland;ENRG03;Energieträger;SOLTH-01;Solarthermie;-;GJ;BRN001;Brennstoffeinsatz;
43311;Monatserhebung ü. Elektrizitäts- u. Wärmeerzeugung;JAHR;Jahr;2015;DINSG;Deutschland insgesamt;DG;Deutschland;ENRG03;Energieträger;KHL-B-KOKS;Braunkohlenkoks;.;MWh;WRM001;Nettowärmeerzeugung;
43311;Monatserhebung ü. Elektrizitäts- u. Wärmeerzeugung;JAHR;Jahr;2015;DINSG;Deutschland insgesamt;DG;Deutschland;ENRG03;Energieträger;KHL-B-KOKS;Braunkohlenkoks;.;MWh;EKT002;Elektrizitätserzeugung (netto);
43311;Monatserhebung ü. Elektrizitäts- u. Wärmeerzeugung;JAHR;Jahr;2015;DINSG;Deutschland insgesamt;DG;Deutschland;ENRG03;Energieträger;KHL-B-KOKS;Braunkohlenkoks;.;MWh;EKT001;Elektrizitätserzeugung (brutto);
43311;Monatserhebung ü. Elektrizitäts- u. Wärmeerzeugung;JAHR;Jahr;2015;DINSG;Deutschland insgesamt;DG;Deutschland;ENRG03;Energieträger;KHL-B-KOKS;Braunkohlenkoks;.;GJ;BRN001;Brennstoffeinsatz;
43311;Monatserhebung ü. Elektrizitäts- u. Wärmeerzeugung;JAHR;Jahr;2010;DINSG;Deutschland insgesamt;DG;Deutschland;ENRG03;Energieträger;GAS-K-01;Kokereigas;8681;MWh;WRM001;Nettowärmeerzeugung;e
43311;Monatserhebung ü. Elektrizitäts- u. Wärmeerzeugung;JAHR;Jahr;2010;DINSG;Deutschland insgesamt;DG;Deutschland;ENRG03;Energieträger;GAS-K-01;Kokereigas;476601;MWh;EKT002;Elektrizitätserzeugung (netto);e
43311;Monatserhebung ü. Elektrizitäts- u. Wärmeerzeugung;JAHR;Jahr;2010;DINSG;Deutschland insgesamt;DG;Deutschland;ENRG03;Energieträger;GAS-K-01;Kokereigas;512866;MWh;EKT001;Elektrizitätserzeugung (brutto);e
43311;Monatserhebung ü. Elektrizitäts- u. Wärmeerzeugung;JAHR;Jahr;2010;DINSG;Deutschland insgesamt;DG;Deutschland;ENRG03;Energieträger;GAS-K-01;Kokereigas;4673022;GJ;BRN001;Brennstoffeinsatz;e
43311;Monatserhebung ü. Elektrizitäts- u. Wärmeerzeugung;JAHR;Jahr;2009;DINSG;Deutschland insgesamt;DG;Deutschland;ENRG03;Energieträger;KHL-S-SONST;Sonstige Steinkohlen;-;MWh;WRM001;Nettowärmeerzeugung;
43311;Monatserhebung ü. Elektrizitäts- u. Wärmeerzeugung;JAHR;Jahr;2009;DINSG;Deutschland insgesamt;DG;Deutschland;ENRG03;Energieträger;KHL-S-SONST;Sonstige Steinkohlen;-;MWh;EKT002;Elektrizitätserzeugung (netto);
43311;Monatserhebung ü. Elektrizitäts- u. Wärmeerzeugung;JAHR;Jahr;2009;DINSG;Deutschland insgesamt;DG;Deutschland;ENRG03;Energieträger;KHL-S-SONST;Sonstige Steinkohlen;-;MWh;EKT001;Elektrizitätserzeugung (brutto);
43311;Monatserhebung ü. Elektrizitäts- u. Wärmeerzeugung;JAHR;Jahr;2009;DINSG;Deutschland insgesamt;DG;Deutschland;ENRG03;Energieträger;KHL-S-SONST;Sonstige Steinkohlen;-;GJ;BRN001;Brennstoffeinsatz;
43311;Monatserhebung ü. Elektrizitäts- u. Wärmeerzeugung;JAHR;Jahr;2016;DINSG;Deutschland insgesamt;DG;Deutschland;ENRG03;Energieträger;KHL-S-BRIK;Steinkohlenbriketts;-;MWh;WRM001;Nettowärmeerzeugung;
43311;Monatserhebung ü. Elektrizitäts- u. Wärmeerzeugung;JAHR;Jahr;2016;DINSG;Deutschland insgesamt;DG;Deutschland;ENRG03;Energieträger;KHL-S-BRIK;Steinkohlenbriketts;-;MWh;EKT002;Elektrizitätserzeugung (netto);
43311;Monatserhebung ü. Elektrizitäts- u. Wärmeerzeugung;JAHR;Jahr;2016;DINSG;Deutschland insgesamt;DG;Deutschland;ENRG03;Energieträger;KHL-S-BRIK;Steinkohlenbriketts;-;MWh;EKT001;Elektrizitätserzeugung (brutto);
43311;Monatserhebung ü. Elektrizitäts- u. Wärmeerzeugung;JAHR;Jahr;2016;DINSG;Deutschland insgesamt;DG;Deutschland;ENRG03;Energieträger;KHL-S-BRIK;Steinkohlenbriketts;-;GJ;BRN001;Brennstoffeinsatz;
43311;Monatserhebung ü. Elektrizitäts- u. Wärmeerzeugung;JAHR;Jahr;2002;DINSG;Deutschland insgesamt;DG;Deutschland;ENRG03;Energieträger;KHL-B-STK;Staub- und Trockenkohle;-;MWh;WRM001;Nettowärmeerzeugung;
43311;Monatserhebung ü. Elektrizitäts- u. Wärmeerzeugung;JAHR;Jahr;2002;DINSG;Deutschland insgesamt;DG;Deutschland;ENRG03;Energieträger;KHL-B-STK;Staub- und Trockenkohle;441932;MWh;EKT002;Elektrizitätserzeugung (netto);e
43311;Monatserhebung ü. Elektrizitäts- u. Wärmeerzeugung;JAHR;Jahr;2002;DINSG;Deutschland insgesamt;DG;Deutschland;ENRG03;Energieträger;KHL-B-STK;Staub- und Trockenkohle;493976;MWh;EKT001;Elektrizitätserzeugung (brutto);e
43311;Monatserhebung ü. Elektrizitäts- u. Wärmeerzeugung;JAHR;Jahr;2002;DINSG;Deutschland insgesamt;DG;Deutschland;ENRG03;Energieträger;KHL-B-STK;Staub- und Trockenkohle;3544385;GJ;BRN001;Brennstoffeinsatz;e
43311;Monatserhebung ü. Elektrizitäts- u. Wärmeerzeugung;JAHR;Jahr;2013;DINSG;Deutschland insgesamt;DG;Deutschland;ENRG03;Energieträger;PKOKS-01;Petrolkoks;.;MWh;WRM001;Nettowärmeerzeugung;
43311;Monatserhebung ü. Elektrizitäts- u. Wärmeerzeugung;JAHR;Jahr;2013;DINSG;Deutschland insgesamt;DG;Deutschland;ENRG03;Energieträger;PKOKS-01;Petrolkoks;.;MWh;EKT002;Elektrizitätserzeugung (netto);
43311;Monatserhebung ü. Elektrizitäts- u. Wärmeerzeugung;JAHR;Jahr;2013;DINSG;Deutschland insgesamt;DG;Deutschland;ENRG03;Energieträger;PKOKS-01;Petrolkoks;.;MWh;EKT001;Elektrizitätserzeugung (brutto);
43311;Monatserhebung ü. Elektrizitäts- u. Wärmeerzeugung;JAHR;Jahr;2013;DINSG;Deutschland insgesamt;DG;Deutschland;ENRG03;Energieträger;PKOKS-01;Petrolkoks;.;GJ;BRN001;Brennstoffeinsatz;
43311;Monatserhebung ü. Elektrizitäts- u. Wärmeerzeugung;JAHR;Jahr;2002;DINSG;Deutschland insgesamt;DG;Deutschland;ENRG03;Energieträger;STROM-02;Strom (Elektrokessel);-;MWh;WRM001;Nettowärmeerzeugung;
43311;Monatserhebung ü. Elektrizitäts- u. Wärmeerzeugung;JAHR;Jahr;2002;DINSG;Deutschland insgesamt;DG;Deutschland;ENRG03;Energieträger;STROM-02;Strom (Elektrokessel);-;MWh;EKT002;Elektrizitätserzeugung (netto);
43311;Monatserhebung ü. Elektrizitäts- u. Wärmeerzeugung;JAHR;Jahr;2002;DINSG;Deutschland insgesamt;DG;Deutschland;ENRG03;Energieträger;STROM-02;Strom (Elektrokessel);-;MWh;EKT001;Elektrizitätserzeugung (brutto);
43311;Monatserhebung ü. Elektrizitäts- u. Wärmeerzeugung;JAHR;Jahr;2002;DINSG;Deutschland insgesamt;DG;Deutschland;ENRG03;Energieträger;STROM-02;Strom (Elektrokessel);-;GJ;BRN001;Brennstoffeinsatz;
43311;Monatserhebung ü. Elektrizitäts- u. Wärmeerzeugung;JAHR;Jahr;2020;DINSG;Deutschland insgesamt;DG;Deutschland;ENRG03;Energieträger;GEOTH-01;Geothermie;0;MWh;WRM001;Nettowärmeerzeugung;e
43311;Monatserhebung ü. Elektrizitäts- u. Wärmeerzeugung;JAHR;Jahr;2020;DINSG;Deutschland insgesamt;DG;Deutschland;ENRG03;Energieträger;GEOTH-01;Geothermie;0;MWh;EKT002;Elektrizitätserzeugung (netto);e
43311;Monatserhebung ü. Elektrizitäts- u. Wärmeerzeugung;JAHR;Jahr;2020;DINSG;Deutschland insgesamt;DG;Deutschland;ENRG03;Energieträger;GEOTH-01;Geothermie;0;MWh;EKT001;Elektrizitätserzeugung (brutto);e
43311;Monatserhebung ü. Elektrizitäts- u. Wärmeerzeugung;JAHR;Jahr;2020;DINSG;Deutschland insgesamt;DG;Deutschland;ENRG03;Energieträger;GEOTH-01;Geothermie;0;GJ;BRN001;Brennstoffeinsatz;e
43311;Monatserhebung ü. Elektrizitäts- u. Wärmeerzeugung;JAHR;Jahr;2011;DINSG;Deutschland insgesamt;DG;Deutschland;ENRG03;Energieträger;GAS-K-01;Kokereigas;9224;MWh;WRM001;Nettowärmeerzeugung;e
43311;Monatserhebung ü. Elektrizitäts- u. Wärmeerzeugung;JAHR;Jahr;2011;DINSG;Deutschland insgesamt;DG;Deutschland;ENRG03;Energieträger;GAS-K-01;Kokereigas;403312;MWh;EKT002;Elektrizitätserzeugung (netto);e
43311;Monatserhebung ü. Elektrizitäts- u. Wärmeerzeugung;JAHR;Jahr;2011;DINSG;Deutschland insgesamt;DG;Deutschland;ENRG03;Energieträger;GAS-K-01;Kokereigas;431380;MWh;EKT001;Elektrizitätserzeugung (brutto);e
43311;Monatserhebung ü. Elektrizitäts- u. Wärmeerzeugung;JAHR;Jahr;2011;DINSG;Deutschland insgesamt;DG;Deutschland;ENRG03;Energieträger;GAS-K-01;Kokereigas;4059539;GJ;BRN001;Brennstoffeinsatz;e
43311;Monatserhebung ü. Elektrizitäts- u. Wärmeerzeugung;JAHR;Jahr;2007;DINSG;Deutschland insgesamt;DG;Deutschland;ENRG03;Energieträger;SP-SONST-01;Andere Speicher;-;MWh;WRM001;Nettowärmeerzeugung;
43311;Monatserhebung ü. Elektrizitäts- u. Wärmeerzeugung;JAHR;Jahr;2007;DINSG;Deutschland insgesamt;DG;Deutschland;ENRG03;Energieträger;SP-SONST-01;Andere Speicher;-;MWh;EKT002;Elektrizitätserzeugung (netto);
43311;Monatserhebung ü. Elektrizitäts- u. Wärmeerzeugung;JAHR;Jahr;2007;DINSG;Deutschland insgesamt;DG;Deutschland;ENRG03;Energieträger;SP-SONST-01;Andere Speicher;-;MWh;EKT001;Elektrizitätserzeugung (brutto);
43311;Monatserhebung ü. Elektrizitäts- u. Wärmeerzeugung;JAHR;Jahr;2007;DINSG;Deutschland insgesamt;DG;Deutschland;ENRG03;Energieträger;SP-SONST-01;Andere Speicher;-;GJ;BRN001;Brennstoffeinsatz;
43311;Monatserhebung ü. Elektrizitäts- u. Wärmeerzeugung;JAHR;Jahr;2005;DINSG;Deutschland insgesamt;DG;Deutschland;ENRG03;Energieträger;GAS-FL;Flüssiggas;4127;MWh;WRM001;Nettowärmeerzeugung;e
43311;Monatserhebung ü. Elektrizitäts- u. Wärmeerzeugung;JAHR;Jahr;2005;DINSG;Deutschland insgesamt;DG;Deutschland;ENRG03;Energieträger;GAS-FL;Flüssiggas;1409;MWh;EKT002;Elektrizitätserzeugung (netto);e
43311;Monatserhebung ü. Elektrizitäts- u. Wärmeerzeugung;JAHR;Jahr;2005;DINSG;Deutschland insgesamt;DG;Deutschland;ENRG03;Energieträger;GAS-FL;Flüssiggas;1488;MWh;EKT001;Elektrizitätserzeugung (brutto);e
43311;Monatserhebung ü. Elektrizitäts- u. Wärmeerzeugung;JAHR;Jahr;2005;DINSG;Deutschland insgesamt;DG;Deutschland;ENRG03;Energieträger;GAS-FL;Flüssiggas;27194;GJ;BRN001;Brennstoffeinsatz;e
43311;Monatserhebung ü. Elektrizitäts- u. Wärmeerzeugung;JAHR;Jahr;2006;DINSG;Deutschland insgesamt;DG;Deutschland;ENRG03;Energieträger;KHL-S-KWS;Kohlenwertstoffe aus Steinkohle;-;MWh;WRM001;Nettowärmeerzeugung;
43311;Monatserhebung ü. Elektrizitäts- u. Wärmeerzeugung;JAHR;Jahr;2006;DINSG;Deutschland insgesamt;DG;Deutschland;ENRG03;Energieträger;KHL-S-KWS;Kohlenwertstoffe aus Steinkohle;-;MWh;EKT002;Elektrizitätserzeugung (netto);
43311;Monatserhebung ü. Elektrizitäts- u. Wärmeerzeugung;JAHR;Jahr;2006;DINSG;Deutschland insgesamt;DG;Deutschland;ENRG03;Energieträger;KHL-S-KWS;Kohlenwertstoffe aus Steinkohle;-;MWh;EKT001;Elektrizitätserzeugung (brutto);
43311;Monatserhebung ü. Elektrizitäts- u. Wärmeerzeugung;JAHR;Jahr;2006;DINSG;Deutschland insgesamt;DG;Deutschland;ENRG03;Energieträger;KHL-S-KWS;Kohlenwertstoffe aus Steinkohle;-;GJ;BRN001;Brennstoffeinsatz;
43311;Monatserhebung ü. Elektrizitäts- u. Wärmeerzeugung;JAHR;Jahr;2013;DINSG;Deutschland insgesamt;DG;Deutschland;ENRG03;Energieträger;GAS-BIO-02;Biomethan (Bioerdgas);-;MWh;WRM001;Nettowärmeerzeugung;
43311;Monatserhebung ü. Elektrizitäts- u. Wärmeerzeugung;JAHR;Jahr;2013;DINSG;Deutschland insgesamt;DG;Deutschland;ENRG03;Energieträger;GAS-BIO-02;Biomethan (Bioerdgas);-;MWh;EKT002;Elektrizitätserzeugung (netto);
43311;Monatserhebung ü. Elektrizitäts- u. Wärmeerzeugung;JAHR;Jahr;2013;DINSG;Deutschland insgesamt;DG;Deutschland;ENRG03;Energieträger;GAS-BIO-02;Biomethan (Bioerdgas);-;MWh;EKT001;Elektrizitätserzeugung (brutto);
43311;Monatserhebung ü. Elektrizitäts- u. Wärmeerzeugung;JAHR;Jahr;2013;DINSG;Deutschland insgesamt;DG;Deutschland;ENRG03;Energieträger;GAS-BIO-02;Biomethan (Bioerdgas);-;GJ;BRN001;Brennstoffeinsatz;
43311;Monatserhebung ü. Elektrizitäts- u. Wärmeerzeugung;JAHR;Jahr;2013;DINSG;Deutschland insgesamt;DG;Deutschland;ENRG03;Energieträger;GAS-HO-01;Hochofengas;.;MWh;WRM001;Nettowärmeerzeugung;
43311;Monatserhebung ü. Elektrizitäts- u. Wärmeerzeugung;JAHR;Jahr;2013;DINSG;Deutschland insgesamt;DG;Deutschland;ENRG03;Energieträger;GAS-HO-01;Hochofengas;.;MWh;EKT002;Elektrizitätserzeugung (netto);
43311;Monatserhebung ü. Elektrizitäts- u. Wärmeerzeugung;JAHR;Jahr;2013;DINSG;Deutschland insgesamt;DG;Deutschland;ENRG03;Energieträger;GAS-HO-01;Hochofengas;.;MWh;EKT001;Elektrizitätserzeugung (brutto);
43311;Monatserhebung ü. Elektrizitäts- u. Wärmeerzeugung;JAHR;Jahr;2013;DINSG;Deutschland insgesamt;DG;Deutschland;ENRG03;Energieträger;GAS-HO-01;Hochofengas;.;GJ;BRN001;Brennstoffeinsatz;
43311;Monatserhebung ü. Elektrizitäts- u. Wärmeerzeugung;JAHR;Jahr;2017;DINSG;Deutschland insgesamt;DG;Deutschland;ENRG03;Energieträger;GAS-H2;Wasserstoff;-;MWh;WRM001;Nettowärmeerzeugung;
43311;Monatserhebung ü. Elektrizitäts- u. Wärmeerzeugung;JAHR;Jahr;2017;DINSG;Deutschland insgesamt;DG;Deutschland;ENRG03;Energieträger;GAS-H2;Wasserstoff;-;MWh;EKT002;Elektrizitätserzeugung (netto);
43311;Monatserhebung ü. Elektrizitäts- u. Wärmeerzeugung;JAHR;Jahr;2017;DINSG;Deutschland insgesamt;DG;Deutschland;ENRG03;Energieträger;GAS-H2;Wasserstoff;-;MWh;EKT001;Elektrizitätserzeugung (brutto);
43311;Monatserhebung ü. Elektrizitäts- u. Wärmeerzeugung;JAHR;Jahr;2017;DINSG;Deutschland insgesamt;DG;Deutschland;ENRG03;Energieträger;GAS-H2;Wasserstoff;-;GJ;BRN001;Brennstoffeinsatz;
43311;Monatserhebung ü. Elektrizitäts- u. Wärmeerzeugung;JAHR;Jahr;2014;DINSG;Deutschland insgesamt;DG;Deutschland;ENRG03;Energieträger;KHL-B-WSK;Wirbelschichtkohle;.;MWh;WRM001;Nettowärmeerzeugung;
43311;Monatserhebung ü. Elektrizitäts- u. Wärmeerzeugung;JAHR;Jahr;2014;DINSG;Deutschland insgesamt;DG;Deutschland;ENRG03;Energieträger;KHL-B-WSK;Wirbelschichtkohle;.;MWh;EKT002;Elektrizitätserzeugung (netto);
43311;Monatserhebung ü. Elektrizitäts- u. Wärmeerzeugung;JAHR;Jahr;2014;DINSG;Deutschland insgesamt;DG;Deutschland;ENRG03;Energieträger;KHL-B-WSK;Wirbelschichtkohle;.;MWh;EKT001;Elektrizitätserzeugung (brutto);
43311;Monatserhebung ü. Elektrizitäts- u. Wärmeerzeugung;JAHR;Jahr;2014;DINSG;Deutschland insgesamt;DG;Deutschland;ENRG03;Energieträger;KHL-B-WSK;Wirbelschichtkohle;.;GJ;BRN001;Brennstoffeinsatz;
43311;Monatserhebung ü. Elektrizitäts- u. Wärmeerzeugung;JAHR;Jahr;2002;DINSG;Deutschland insgesamt;DG;Deutschland;ENRG03;Energieträger;WRM-02;Wärmepumpen (Erd- und Umweltwärme);-;MWh;WRM001;Nettowärmeerzeugung;
43311;Monatserhebung ü. Elektrizitäts- u. Wärmeerzeugung;JAHR;Jahr;2002;DINSG;Deutschland insgesamt;DG;Deutschland;ENRG03;Energieträger;WRM-02;Wärmepumpen (Erd- und Umweltwärme);-;MWh;EKT002;Elektrizitätserzeugung (netto);
43311;Monatserhebung ü. Elektrizitäts- u. Wärmeerzeugung;JAHR;Jahr;2002;DINSG;Deutschland insgesamt;DG;Deutschland;ENRG03;Energieträger;WRM-02;Wärmepumpen (Erd- und Umweltwärme);-;MWh;EKT001;Elektrizitätserzeugung (brutto);
43311;Monatserhebung ü. Elektrizitäts- u. Wärmeerzeugung;JAHR;Jahr;2002;DINSG;Deutschland insgesamt;DG;Deutschland;ENRG03;Energieträger;WRM-02;Wärmepumpen (Erd- und Umweltwärme);-;GJ;BRN001;Brennstoffeinsatz;
43311;Monatserhebung ü. Elektrizitäts- u. Wärmeerzeugung;JAHR;Jahr;2011;DINSG;Deutschland insgesamt;DG;Deutschland;ENRG03;Energieträger;WAS-LF-01;Laufwasser;-;MWh;WRM001;Nettowärmeerzeugung;
43311;Monatserhebung ü. Elektrizitäts- u. Wärmeerzeugung;JAHR;Jahr;2011;DINSG;Deutschland insgesamt;DG;Deutschland;ENRG03;Energieträger;WAS-LF-01;Laufwasser;13441781;MWh;EKT002;Elektrizitätserzeugung (netto);e
43311;Monatserhebung ü. Elektrizitäts- u. Wärmeerzeugung;JAHR;Jahr;2011;DINSG;Deutschland insgesamt;DG;Deutschland;ENRG03;Energieträger;WAS-LF-01;Laufwasser;13764968;MWh;EKT001;Elektrizitätserzeugung (brutto);e
43311;Monatserhebung ü. Elektrizitäts- u. Wärmeerzeugung;JAHR;Jahr;2011;DINSG;Deutschland insgesamt;DG;Deutschland;ENRG03;Energieträger;WAS-LF-01;Laufwasser;-;GJ;BRN001;Brennstoffeinsatz;
43311;Monatserhebung ü. Elektrizitäts- u. Wärmeerzeugung;JAHR;Jahr;2013;DINSG;Deutschland insgesamt;DG;Deutschland;ENRG03;Energieträger;WRM-01;Wärme;1751434;MWh;WRM001;Nettowärmeerzeugung;e
43311;Monatserhebung ü. Elektrizitäts- u. Wärmeerzeugung;JAHR;Jahr;2013;DINSG;Deutschland insgesamt;DG;Deutschland;ENRG03;Energieträger;WRM-01;Wärme;417238;MWh;EKT002;Elektrizitätserzeugung (netto);e
43311;Monatserhebung ü. Elektrizitäts- u. Wärmeerzeugung;JAHR;Jahr;2013;DINSG;Deutschland insgesamt;DG;Deutschland;ENRG03;Energieträger;WRM-01;Wärme;472280;MWh;EKT001;Elektrizitätserzeugung (brutto);e
43311;Monatserhebung ü. Elektrizitäts- u. Wärmeerzeugung;JAHR;Jahr;2013;DINSG;Deutschland insgesamt;DG;Deutschland;ENRG03;Energieträger;WRM-01;Wärme;11860515;GJ;BRN001;Brennstoffeinsatz;e
43311;Monatserhebung ü. Elektrizitäts- u. Wärmeerzeugung;JAHR;Jahr;2023;DINSG;Deutschland insgesamt;DG;Deutschland;ENRG03;Energieträger;OEL-H-S-01;Heizöl, schwer;23179;MWh;WRM001;Nettowärmeerzeugung;p
43311;Monatserhebung ü. Elektrizitäts- u. Wärmeerzeugung;JAHR;Jahr;2023;DINSG;Deutschland insgesamt;DG;Deutschland;ENRG03;Energieträger;OEL-H-S-01;Heizöl, schwer;209714;MWh;EKT002;Elektrizitätserzeugung (netto);p
43311;Monatserhebung ü. Elektrizitäts- u. Wärmeerzeugung;JAHR;Jahr;2023;DINSG;Deutschland insgesamt;DG;Deutschland;ENRG03;Energieträger;OEL-H-S-01;Heizöl, schwer;232190;MWh;EKT001;Elektrizitätserzeugung (brutto);p
43311;Monatserhebung ü. Elektrizitäts- u. Wärmeerzeugung;JAHR;Jahr;2023;DINSG;Deutschland insgesamt;DG;Deutschland;ENRG03;Energieträger;OEL-H-S-01;Heizöl, schwer;2341125;GJ;BRN001;Brennstoffeinsatz;p
43311;Monatserhebung ü. Elektrizitäts- u. Wärmeerzeugung;JAHR;Jahr;2012;DINSG;Deutschland insgesamt;DG;Deutschland;ENRG03;Energieträger;GAS-KL;Klärgas;64920;MWh;WRM001;Nettowärmeerzeugung;e
43311;Monatserhebung ü. Elektrizitäts- u. Wärmeerzeugung;JAHR;Jahr;2012;DINSG;Deutschland insgesamt;DG;Deutschland;ENRG03;Energieträger;GAS-KL;Klärgas;38487;MWh;EKT002;Elektrizitätserzeugung (netto);e
43311;Monatserhebung ü. Elektrizitäts- u. Wärmeerzeugung;JAHR;Jahr;2012;DINSG;Deutschland insgesamt;DG;Deutschland;ENRG03;Energieträger;GAS-KL;Klärgas;41562;MWh;EKT001;Elektrizitätserzeugung (brutto);e
43311;Monatserhebung ü. Elektrizitäts- u. Wärmeerzeugung;JAHR;Jahr;2012;DINSG;Deutschland insgesamt;DG;Deutschland;ENRG03;Energieträger;GAS-KL;Klärgas;530483;GJ;BRN001;Brennstoffeinsatz;e
43311;Monatserhebung ü. Elektrizitäts- u. Wärmeerzeugung;JAHR;Jahr;2009;DINSG;Deutschland insgesamt;DG;Deutschland;ENRG03;Energieträger;GAS-GRUB;Grubengas;80527;MWh;WRM001;Nettowärmeerzeugung;e
43311;Monatserhebung ü. Elektrizitäts- u. Wärmeerzeugung;JAHR;Jahr;2009;DINSG;Deutschland insgesamt;DG;Deutschland;ENRG03;Energieträger;GAS-GRUB;Grubengas;369769;MWh;EKT002;Elektrizitätserzeugung (netto);e
43311;Monatserhebung ü. Elektrizitäts- u. Wärmeerzeugung;JAHR;Jahr;2009;DINSG;Deutschland insgesamt;DG;Deutschland;ENRG03;Energieträger;GAS-GRUB;Grubengas;375202;MWh;EKT001;Elektrizitätserzeugung (brutto);e
43311;Monatserhebung ü. Elektrizitäts- u. Wärmeerzeugung;JAHR;Jahr;2009;DINSG;Deutschland insgesamt;DG;Deutschland;ENRG03;Energieträger;GAS-GRUB;Grubengas;3448497;GJ;BRN001;Brennstoffeinsatz;e
43311;Monatserhebung ü. Elektrizitäts- u. Wärmeerzeugung;JAHR;Jahr;2017;DINSG;Deutschland insgesamt;DG;Deutschland;ENRG03;Energieträger;OEL-H-S-01;Heizöl, schwer;.;MWh;WRM001;Nettowärmeerzeugung;
43311;Monatserhebung ü. Elektrizitäts- u. Wärmeerzeugung;JAHR;Jahr;2017;DINSG;Deutschland insgesamt;DG;Deutschland;ENRG03;Energieträger;OEL-H-S-01;Heizöl, schwer;307094;MWh;EKT002;Elektrizitätserzeugung (netto);e
43311;Monatserhebung ü. Elektrizitäts- u. Wärmeerzeugung;JAHR;Jahr;2017;DINSG;Deutschland insgesamt;DG;Deutschland;ENRG03;Energieträger;OEL-H-S-01;Heizöl, schwer;335913;MWh;EKT001;Elektrizitätserzeugung (brutto);e
43311;Monatserhebung ü. Elektrizitäts- u. Wärmeerzeugung;JAHR;Jahr;2017;DINSG;Deutschland insgesamt;DG;Deutschland;ENRG03;Energieträger;OEL-H-S-01;Heizöl, schwer;3730539;GJ;BRN001;Brennstoffeinsatz;e
43311;Monatserhebung ü. Elektrizitäts- u. Wärmeerzeugung;JAHR;Jahr;2021;DINSG;Deutschland insgesamt;DG;Deutschland;ENRG03;Energieträger;KHL-B-SONST;Sonstige Braunkohlen;-;MWh;WRM001;Nettowärmeerzeugung;
43311;Monatserhebung ü. Elektrizitäts- u. Wärmeerzeugung;JAHR;Jahr;2021;DINSG;Deutschland insgesamt;DG;Deutschland;ENRG03;Energieträger;KHL-B-SONST;Sonstige Braunkohlen;-;MWh;EKT002;Elektrizitätserzeugung (netto);
43311;Monatserhebung ü. Elektrizitäts- u. Wärmeerzeugung;JAHR;Jahr;2021;DINSG;Deutschland insgesamt;DG;Deutschland;ENRG03;Energieträger;KHL-B-SONST;Sonstige Braunkohlen;-;MWh;EKT001;Elektrizitätserzeugung (brutto);
43311;Monatserhebung ü. Elektrizitäts- u. Wärmeerzeugung;JAHR;Jahr;2021;DINSG;Deutschland insgesamt;DG;Deutschland;ENRG03;Energieträger;KHL-B-SONST;Sonstige Braunkohlen;-;GJ;BRN001;Brennstoffeinsatz;
43311;Monatserhebung ü. Elektrizitäts- u. Wärmeerzeugung;JAHR;Jahr;2007;DINSG;Deutschland insgesamt;DG;Deutschland;ENRG03;Energieträger;GAS-BIO-02;Biomethan (Bioerdgas);-;MWh;WRM001;Nettowärmeerzeugung;
43311;Monatserhebung ü. Elektrizitäts- u. Wärmeerzeugung;JAHR;Jahr;2007;DINSG;Deutschland insgesamt;DG;Deutschland;ENRG03;Energieträger;GAS-BIO-02;Biomethan (Bioerdgas);-;MWh;EKT002;Elektrizitätserzeugung (netto);
43311;Monatserhebung ü. Elektrizitäts- u. Wärmeerzeugung;JAHR;Jahr;2007;DINSG;Deutschland insgesamt;DG;Deutschland;ENRG03;Energieträger;GAS-BIO-02;Biomethan (Bioerdgas);-;MWh;EKT001;Elektrizitätserzeugung (brutto);
43311;Monatserhebung ü. Elektrizitäts- u. Wärmeerzeugung;JAHR;Jahr;2007;DINSG;Deutschland insgesamt;DG;Deutschland;ENRG03;Energieträger;GAS-BIO-02;Biomethan (Bioerdgas);-;GJ;BRN001;Brennstoffeinsatz;
43311;Monatserhebung ü. Elektrizitäts- u. Wärmeerzeugung;JAHR;Jahr;2008;DINSG;Deutschland insgesamt;DG;Deutschland;ENRG03;Energieträger;WAS-PSP-02;Pumpspeicher mit natürlichem Zufluss;-;MWh;WRM001;Nettowärmeerzeugung;
43311;Monatserhebung ü. Elektrizitäts- u. Wärmeerzeugung;JAHR;Jahr;2008;DINSG;Deutschland insgesamt;DG;Deutschland;ENRG03;Energieträger;WAS-PSP-02;Pumpspeicher mit natürlichem Zufluss;-;MWh;EKT002;Elektrizitätserzeugung (netto);
43311;Monatserhebung ü. Elektrizitäts- u. Wärmeerzeugung;JAHR;Jahr;2008;DINSG;Deutschland insgesamt;DG;Deutschland;ENRG03;Energieträger;WAS-PSP-02;Pumpspeicher mit natürlichem Zufluss;-;MWh;EKT001;Elektrizitätserzeugung (brutto);
43311;Monatserhebung ü. Elektrizitäts- u. Wärmeerzeugung;JAHR;Jahr;2008;DINSG;Deutschland insgesamt;DG;Deutschland;ENRG03;Energieträger;WAS-PSP-02;Pumpspeicher mit natürlichem Zufluss;-;GJ;BRN001;Brennstoffeinsatz;
43311;Monatserhebung ü. Elektrizitäts- u. Wärmeerzeugung;JAHR;Jahr;2021;DINSG;Deutschland insgesamt;DG;Deutschland;ENRG03;Energieträger;KHL-B-KOKS;Braunkohlenkoks;.;MWh;WRM001;Nettowärmeerzeugung;
43311;Monatserhebung ü. Elektrizitäts- u. Wärmeerzeugung;JAHR;Jahr;2021;DINSG;Deutschland insgesamt;DG;Deutschland;ENRG03;Energieträger;KHL-B-KOKS;Braunkohlenkoks;.;MWh;EKT002;Elektrizitätserzeugung (netto);
43311;Monatserhebung ü. Elektrizitäts- u. Wärmeerzeugung;JAHR;Jahr;2021;DINSG;Deutschland insgesamt;DG;Deutschland;ENRG03;Energieträger;KHL-B-KOKS;Braunkohlenkoks;.;MWh;EKT001;Elektrizitätserzeugung (brutto);
43311;Monatserhebung ü. Elektrizitäts- u. Wärmeerzeugung;JAHR;Jahr;2021;DINSG;Deutschland insgesamt;DG;Deutschland;ENRG03;Energieträger;KHL-B-KOKS;Braunkohlenkoks;.;GJ;BRN001;Brennstoffeinsatz;
43311;Monatserhebung ü. Elektrizitäts- u. Wärmeerzeugung;JAHR;Jahr;2002;DINSG;Deutschland insgesamt;DG;Deutschland;ENRG03;Energieträger;KHL-S-KOKS;Steinkohlenkoks;-;MWh;WRM001;Nettowärmeerzeugung;
43311;Monatserhebung ü. Elektrizitäts- u. Wärmeerzeugung;JAHR;Jahr;2002;DINSG;Deutschland insgesamt;DG;Deutschland;ENRG03;Energieträger;KHL-S-KOKS;Steinkohlenkoks;-;MWh;EKT002;Elektrizitätserzeugung (netto);
43311;Monatserhebung ü. Elektrizitäts- u. Wärmeerzeugung;JAHR;Jahr;2002;DINSG;Deutschland insgesamt;DG;Deutschland;ENRG03;Energieträger;KHL-S-KOKS;Steinkohlenkoks;-;MWh;EKT001;Elektrizitätserzeugung (brutto);
43311;Monatserhebung ü. Elektrizitäts- u. Wärmeerzeugung;JAHR;Jahr;2002;DINSG;Deutschland insgesamt;DG;Deutschland;ENRG03;Energieträger;KHL-S-KOKS;Steinkohlenkoks;-;GJ;BRN001;Brennstoffeinsatz;
43311;Monatserhebung ü. Elektrizitäts- u. Wärmeerzeugung;JAHR;Jahr;2019;DINSG;Deutschland insgesamt;DG;Deutschland;ENRG03;Energieträger;ENRSET;Sonstige Energieträger;.;MWh;WRM001;Nettowärmeerzeugung;
43311;Monatserhebung ü. Elektrizitäts- u. Wärmeerzeugung;JAHR;Jahr;2019;DINSG;Deutschland insgesamt;DG;Deutschland;ENRG03;Energieträger;ENRSET;Sonstige Energieträger;.;MWh;EKT002;Elektrizitätserzeugung (netto);
43311;Monatserhebung ü. Elektrizitäts- u. Wärmeerzeugung;JAHR;Jahr;2019;DINSG;Deutschland insgesamt;DG;Deutschland;ENRG03;Energieträger;ENRSET;Sonstige Energieträger;.;MWh;EKT001;Elektrizitätserzeugung (brutto);
43311;Monatserhebung ü. Elektrizitäts- u. Wärmeerzeugung;JAHR;Jahr;2019;DINSG;Deutschland insgesamt;DG;Deutschland;ENRG03;Energieträger;ENRSET;Sonstige Energieträger;.;GJ;BRN001;Brennstoffeinsatz;
43311;Monatserhebung ü. Elektrizitäts- u. Wärmeerzeugung;JAHR;Jahr;2016;DINSG;Deutschland insgesamt;DG;Deutschland;ENRG03;Energieträger;GAS-RAF;Raffineriegas;-;MWh;WRM001;Nettowärmeerzeugung;
43311;Monatserhebung ü. Elektrizitäts- u. Wärmeerzeugung;JAHR;Jahr;2016;DINSG;Deutschland insgesamt;DG;Deutschland;ENRG03;Energieträger;GAS-RAF;Raffineriegas;-;MWh;EKT002;Elektrizitätserzeugung (netto);
43311;Monatserhebung ü. Elektrizitäts- u. Wärmeerzeugung;JAHR;Jahr;2016;DINSG;Deutschland insgesamt;DG;Deutschland;ENRG03;Energieträger;GAS-RAF;Raffineriegas;-;MWh;EKT001;Elektrizitätserzeugung (brutto);
43311;Monatserhebung ü. Elektrizitäts- u. Wärmeerzeugung;JAHR;Jahr;2016;DINSG;Deutschland insgesamt;DG;Deutschland;ENRG03;Energieträger;GAS-RAF;Raffineriegas;-;GJ;BRN001;Brennstoffeinsatz;
43311;Monatserhebung ü. Elektrizitäts- u. Wärmeerzeugung;JAHR;Jahr;2011;DINSG;Deutschland insgesamt;DG;Deutschland;ENRG03;Energieträger;BIO-F-01;Feste biogene Stoffe;3942852;MWh;WRM001;Nettowärmeerzeugung;e
43311;Monatserhebung ü. Elektrizitäts- u. Wärmeerzeugung;JAHR;Jahr;2011;DINSG;Deutschland insgesamt;DG;Deutschland;ENRG03;Energieträger;BIO-F-01;Feste biogene Stoffe;3628110;MWh;EKT002;Elektrizitätserzeugung (netto);e
43311;Monatserhebung ü. Elektrizitäts- u. Wärmeerzeugung;JAHR;Jahr;2011;DINSG;Deutschland insgesamt;DG;Deutschland;ENRG03;Energieträger;BIO-F-01;Feste biogene Stoffe;4034615;MWh;EKT001;Elektrizitätserzeugung (brutto);e
43311;Monatserhebung ü. Elektrizitäts- u. Wärmeerzeugung;JAHR;Jahr;2011;DINSG;Deutschland insgesamt;DG;Deutschland;ENRG03;Energieträger;BIO-F-01;Feste biogene Stoffe;62594118;GJ;BRN001;Brennstoffeinsatz;e
43311;Monatserhebung ü. Elektrizitäts- u. Wärmeerzeugung;JAHR;Jahr;2014;DINSG;Deutschland insgesamt;DG;Deutschland;ENRG03;Energieträger;OEL-H-L-01;Heizöl, leicht;221367;MWh;WRM001;Nettowärmeerzeugung;e
43311;Monatserhebung ü. Elektrizitäts- u. Wärmeerzeugung;JAHR;Jahr;2014;DINSG;Deutschland insgesamt;DG;Deutschland;ENRG03;Energieträger;OEL-H-L-01;Heizöl, leicht;511960;MWh;EKT002;Elektrizitätserzeugung (netto);e
43311;Monatserhebung ü. Elektrizitäts- u. Wärmeerzeugung;JAHR;Jahr;2014;DINSG;Deutschland insgesamt;DG;Deutschland;ENRG03;Energieträger;OEL-H-L-01;Heizöl, leicht;556331;MWh;EKT001;Elektrizitätserzeugung (brutto);e
43311;Monatserhebung ü. Elektrizitäts- u. Wärmeerzeugung;JAHR;Jahr;2014;DINSG;Deutschland insgesamt;DG;Deutschland;ENRG03;Energieträger;OEL-H-L-01;Heizöl, leicht;8174812;GJ;BRN001;Brennstoffeinsatz;e
43311;Monatserhebung ü. Elektrizitäts- u. Wärmeerzeugung;JAHR;Jahr;2013;DINSG;Deutschland insgesamt;DG;Deutschland;ENRG03;Energieträger;KHL-S-SONST;Sonstige Steinkohlen;-;MWh;WRM001;Nettowärmeerzeugung;
43311;Monatserhebung ü. Elektrizitäts- u. Wärmeerzeugung;JAHR;Jahr;2013;DINSG;Deutschland insgesamt;DG;Deutschland;ENRG03;Energieträger;KHL-S-SONST;Sonstige Steinkohlen;-;MWh;EKT002;Elektrizitätserzeugung (netto);
43311;Monatserhebung ü. Elektrizitäts- u. Wärmeerzeugung;JAHR;Jahr;2013;DINSG;Deutschland insgesamt;DG;Deutschland;ENRG03;Energieträger;KHL-S-SONST;Sonstige Steinkohlen;-;MWh;EKT001;Elektrizitätserzeugung (brutto);
43311;Monatserhebung ü. Elektrizitäts- u. Wärmeerzeugung;JAHR;Jahr;2013;DINSG;Deutschland insgesamt;DG;Deutschland;ENRG03;Energieträger;KHL-S-SONST;Sonstige Steinkohlen;-;GJ;BRN001;Brennstoffeinsatz;
43311;Monatserhebung ü. Elektrizitäts- u. Wärmeerzeugung;JAHR;Jahr;2024;DINSG;Deutschland insgesamt;DG;Deutschland;ENRG03;Energieträger;GAS-FL;Flüssiggas;.;MWh;WRM001;Nettowärmeerzeugung;
43311;Monatserhebung ü. Elektrizitäts- u. Wärmeerzeugung;JAHR;Jahr;2024;DINSG;Deutschland insgesamt;DG;Deutschland;ENRG03;Energieträger;GAS-FL;Flüssiggas;-;MWh;EKT002;Elektrizitätserzeugung (netto);
43311;Monatserhebung ü. Elektrizitäts- u. Wärmeerzeugung;JAHR;Jahr;2024;DINSG;Deutschland insgesamt;DG;Deutschland;ENRG03;Energieträger;GAS-FL;Flüssiggas;-;MWh;EKT001;Elektrizitätserzeugung (brutto);
43311;Monatserhebung ü. Elektrizitäts- u. Wärmeerzeugung;JAHR;Jahr;2024;DINSG;Deutschland insgesamt;DG;Deutschland;ENRG03;Energieträger;GAS-FL;Flüssiggas;.;GJ;BRN001;Brennstoffeinsatz;
43311;Monatserhebung ü. Elektrizitäts- u. Wärmeerzeugung;JAHR;Jahr;2009;DINSG;Deutschland insgesamt;DG;Deutschland;ENRG03;Energieträger;GAS-HO-01;Hochofengas;8100;MWh;WRM001;Nettowärmeerzeugung;e
43311;Monatserhebung ü. Elektrizitäts- u. Wärmeerzeugung;JAHR;Jahr;2009;DINSG;Deutschland insgesamt;DG;Deutschland;ENRG03;Energieträger;GAS-HO-01;Hochofengas;1241735;MWh;EKT002;Elektrizitätserzeugung (netto);e
43311;Monatserhebung ü. Elektrizitäts- u. Wärmeerzeugung;JAHR;Jahr;2009;DINSG;Deutschland insgesamt;DG;Deutschland;ENRG03;Energieträger;GAS-HO-01;Hochofengas;1347407;MWh;EKT001;Elektrizitätserzeugung (brutto);e
43311;Monatserhebung ü. Elektrizitäts- u. Wärmeerzeugung;JAHR;Jahr;2009;DINSG;Deutschland insgesamt;DG;Deutschland;ENRG03;Energieträger;GAS-HO-01;Hochofengas;12820025;GJ;BRN001;Brennstoffeinsatz;e
43311;Monatserhebung ü. Elektrizitäts- u. Wärmeerzeugung;JAHR;Jahr;2012;DINSG;Deutschland insgesamt;DG;Deutschland;ENRG03;Energieträger;GEOTH-01;Geothermie;2997;MWh;WRM001;Nettowärmeerzeugung;e
43311;Monatserhebung ü. Elektrizitäts- u. Wärmeerzeugung;JAHR;Jahr;2012;DINSG;Deutschland insgesamt;DG;Deutschland;ENRG03;Energieträger;GEOTH-01;Geothermie;.;MWh;EKT002;Elektrizitätserzeugung (netto);
43311;Monatserhebung ü. Elektrizitäts- u. Wärmeerzeugung;JAHR;Jahr;2012;DINSG;Deutschland insgesamt;DG;Deutschland;ENRG03;Energieträger;GEOTH-01;Geothermie;.;MWh;EKT001;Elektrizitätserzeugung (brutto);
43311;Monatserhebung ü. Elektrizitäts- u. Wärmeerzeugung;JAHR;Jahr;2012;DINSG;Deutschland insgesamt;DG;Deutschland;ENRG03;Energieträger;GEOTH-01;Geothermie;-;GJ;BRN001;Brennstoffeinsatz;
43311;Monatserhebung ü. Elektrizitäts- u. Wärmeerzeugung;JAHR;Jahr;2010;DINSG;Deutschland insgesamt;DG;Deutschland;ENRG03;Energieträger;PHOTO-01;Photovoltaik;1;MWh;WRM001;Nettowärmeerzeugung;e
43311;Monatserhebung ü. Elektrizitäts- u. Wärmeerzeugung;JAHR;Jahr;2010;DINSG;Deutschland insgesamt;DG;Deutschland;ENRG03;Energieträger;PHOTO-01;Photovoltaik;17435;MWh;EKT002;Elektrizitätserzeugung (netto);e
43311;Monatserhebung ü. Elektrizitäts- u. Wärmeerzeugung;JAHR;Jahr;2010;DINSG;Deutschland insgesamt;DG;Deutschland;ENRG03;Energieträger;PHOTO-01;Photovoltaik;17436;MWh;EKT001;Elektrizitätserzeugung (brutto);e
43311;Monatserhebung ü. Elektrizitäts- u. Wärmeerzeugung;JAHR;Jahr;2010;DINSG;Deutschland insgesamt;DG;Deutschland;ENRG03;Energieträger;PHOTO-01;Photovoltaik;-;GJ;BRN001;Brennstoffeinsatz;
43311;Monatserhebung ü. Elektrizitäts- u. Wärmeerzeugung;JAHR;Jahr;2013;DINSG;Deutschland insgesamt;DG;Deutschland;ENRG03;Energieträger;KHL-B-SONST;Sonstige Braunkohlen;-;MWh;WRM001;Nettowärmeerzeugung;
43311;Monatserhebung ü. Elektrizitäts- u. Wärmeerzeugung;JAHR;Jahr;2013;DINSG;Deutschland insgesamt;DG;Deutschland;ENRG03;Energieträger;KHL-B-SONST;Sonstige Braunkohlen;-;MWh;EKT002;Elektrizitätserzeugung (netto);
43311;Monatserhebung ü. Elektrizitäts- u. Wärmeerzeugung;JAHR;Jahr;2013;DINSG;Deutschland insgesamt;DG;Deutschland;ENRG03;Energieträger;KHL-B-SONST;Sonstige Braunkohlen;-;MWh;EKT001;Elektrizitätserzeugung (brutto);
43311;Monatserhebung ü. Elektrizitäts- u. Wärmeerzeugung;JAHR;Jahr;2013;DINSG;Deutschland insgesamt;DG;Deutschland;ENRG03;Energieträger;KHL-B-SONST;Sonstige Braunkohlen;-;GJ;BRN001;Brennstoffeinsatz;
43311;Monatserhebung ü. Elektrizitäts- u. Wärmeerzeugung;JAHR;Jahr;2007;DINSG;Deutschland insgesamt;DG;Deutschland;ENRG03;Energieträger;KHL-B-WSK;Wirbelschichtkohle;270292;MWh;WRM001;Nettowärmeerzeugung;e
43311;Monatserhebung ü. Elektrizitäts- u. Wärmeerzeugung;JAHR;Jahr;2007;DINSG;Deutschland insgesamt;DG;Deutschland;ENRG03;Energieträger;KHL-B-WSK;Wirbelschichtkohle;281454;MWh;EKT002;Elektrizitätserzeugung (netto);e
43311;Monatserhebung ü. Elektrizitäts- u. Wärmeerzeugung;JAHR;Jahr;2007;DINSG;Deutschland insgesamt;DG;Deutschland;ENRG03;Energieträger;KHL-B-WSK;Wirbelschichtkohle;336465;MWh;EKT001;Elektrizitätserzeugung (brutto);e
43311;Monatserhebung ü. Elektrizitäts- u. Wärmeerzeugung;JAHR;Jahr;2007;DINSG;Deutschland insgesamt;DG;Deutschland;ENRG03;Energieträger;KHL-B-WSK;Wirbelschichtkohle;4597632;GJ;BRN001;Brennstoffeinsatz;e
43311;Monatserhebung ü. Elektrizitäts- u. Wärmeerzeugung;JAHR;Jahr;2009;DINSG;Deutschland insgesamt;DG;Deutschland;ENRG03;Energieträger;KHL-S-KOKS;Steinkohlenkoks;-;MWh;WRM001;Nettowärmeerzeugung;
43311;Monatserhebung ü. Elektrizitäts- u. Wärmeerzeugung;JAHR;Jahr;2009;DINSG;Deutschland insgesamt;DG;Deutschland;ENRG03;Energieträger;KHL-S-KOKS;Steinkohlenkoks;-;MWh;EKT002;Elektrizitätserzeugung (netto);
43311;Monatserhebung ü. Elektrizitäts- u. Wärmeerzeugung;JAHR;Jahr;2009;DINSG;Deutschland insgesamt;DG;Deutschland;ENRG03;Energieträger;KHL-S-KOKS;Steinkohlenkoks;-;MWh;EKT001;Elektrizitätserzeugung (brutto);
43311;Monatserhebung ü. Elektrizitäts- u. Wärmeerzeugung;JAHR;Jahr;2009;DINSG;Deutschland insgesamt;DG;Deutschland;ENRG03;Energieträger;KHL-S-KOKS;Steinkohlenkoks;-;GJ;BRN001;Brennstoffeinsatz;
43311;Monatserhebung ü. Elektrizitäts- u. Wärmeerzeugung;JAHR;Jahr;2002;DINSG;Deutschland insgesamt;DG;Deutschland;ENRG03;Energieträger;GAS-RAF;Raffineriegas;-;MWh;WRM001;Nettowärmeerzeugung;
43311;Monatserhebung ü. Elektrizitäts- u. Wärmeerzeugung;JAHR;Jahr;2002;DINSG;Deutschland insgesamt;DG;Deutschland;ENRG03;Energieträger;GAS-RAF;Raffineriegas;-;MWh;EKT002;Elektrizitätserzeugung (netto);
43311;Monatserhebung ü. Elektrizitäts- u. Wärmeerzeugung;JAHR;Jahr;2002;DINSG;Deutschland insgesamt;DG;Deutschland;ENRG03;Energieträger;GAS-RAF;Raffineriegas;-;MWh;EKT001;Elektrizitätserzeugung (brutto);
43311;Monatserhebung ü. Elektrizitäts- u. Wärmeerzeugung;JAHR;Jahr;2002;DINSG;Deutschland insgesamt;DG;Deutschland;ENRG03;Energieträger;GAS-RAF;Raffineriegas;-;GJ;BRN001;Brennstoffeinsatz;
43311;Monatserhebung ü. Elektrizitäts- u. Wärmeerzeugung;JAHR;Jahr;2013;DINSG;Deutschland insgesamt;DG;Deutschland;ENRG03;Energieträger;KHL-B-BRIK;Braunkohlenbriketts;.;MWh;WRM001;Nettowärmeerzeugung;
43311;Monatserhebung ü. Elektrizitäts- u. Wärmeerzeugung;JAHR;Jahr;2013;DINSG;Deutschland insgesamt;DG;Deutschland;ENRG03;Energieträger;KHL-B-BRIK;Braunkohlenbriketts;70221;MWh;EKT002;Elektrizitätserzeugung (netto);e
43311;Monatserhebung ü. Elektrizitäts- u. Wärmeerzeugung;JAHR;Jahr;2013;DINSG;Deutschland insgesamt;DG;Deutschland;ENRG03;Energieträger;KHL-B-BRIK;Braunkohlenbriketts;78252;MWh;EKT001;Elektrizitätserzeugung (brutto);e
43311;Monatserhebung ü. Elektrizitäts- u. Wärmeerzeugung;JAHR;Jahr;2013;DINSG;Deutschland insgesamt;DG;Deutschland;ENRG03;Energieträger;KHL-B-BRIK;Braunkohlenbriketts;941156;GJ;BRN001;Brennstoffeinsatz;e
43311;Monatserhebung ü. Elektrizitäts- u. Wärmeerzeugung;JAHR;Jahr;2012;DINSG;Deutschland insgesamt;DG;Deutschland;ENRG03;Energieträger;KHL-B-ROH;Rohbraunkohlen;9551664;MWh;WRM001;Nettowärmeerzeugung;e
43311;Monatserhebung ü. Elektrizitäts- u. Wärmeerzeugung;JAHR;Jahr;2012;DINSG;Deutschland insgesamt;DG;Deutschland;ENRG03;Energieträger;KHL-B-ROH;Rohbraunkohlen;141867568;MWh;EKT002;Elektrizitätserzeugung (netto);e
43311;Monatserhebung ü. Elektrizitäts- u. Wärmeerzeugung;JAHR;Jahr;2012;DINSG;Deutschland insgesamt;DG;Deutschland;ENRG03;Energieträger;KHL-B-ROH;Rohbraunkohlen;153543991;MWh;EKT001;Elektrizitätserzeugung (brutto);e
43311;Monatserhebung ü. Elektrizitäts- u. Wärmeerzeugung;JAHR;Jahr;2012;DINSG;Deutschland insgesamt;DG;Deutschland;ENRG03;Energieträger;KHL-B-ROH;Rohbraunkohlen;1460296349;GJ;BRN001;Brennstoffeinsatz;e
43311;Monatserhebung ü. Elektrizitäts- u. Wärmeerzeugung;JAHR;Jahr;2010;DINSG;Deutschland insgesamt;DG;Deutschland;ENRG03;Energieträger;GAS-KL;Klärgas;55808;MWh;WRM001;Nettowärmeerzeugung;e
43311;Monatserhebung ü. Elektrizitäts- u. Wärmeerzeugung;JAHR;Jahr;2010;DINSG;Deutschland insgesamt;DG;Deutschland;ENRG03;Energieträger;GAS-KL;Klärgas;29387;MWh;EKT002;Elektrizitätserzeugung (netto);e
43311;Monatserhebung ü. Elektrizitäts- u. Wärmeerzeugung;JAHR;Jahr;2010;DINSG;Deutschland insgesamt;DG;Deutschland;ENRG03;Energieträger;GAS-KL;Klärgas;32346;MWh;EKT001;Elektrizitätserzeugung (brutto);e
43311;Monatserhebung ü. Elektrizitäts- u. Wärmeerzeugung;JAHR;Jahr;2010;DINSG;Deutschland insgesamt;DG;Deutschland;ENRG03;Energieträger;GAS-KL;Klärgas;440643;GJ;BRN001;Brennstoffeinsatz;e
43311;Monatserhebung ü. Elektrizitäts- u. Wärmeerzeugung;JAHR;Jahr;2014;DINSG;Deutschland insgesamt;DG;Deutschland;ENRG03;Energieträger;OEL-H-S-01;Heizöl, schwer;.;MWh;WRM001;Nettowärmeerzeugung;
43311;Monatserhebung ü. Elektrizitäts- u. Wärmeerzeugung;JAHR;Jahr;2014;DINSG;Deutschland insgesamt;DG;Deutschland;ENRG03;Energieträger;OEL-H-S-01;Heizöl, schwer;359904;MWh;EKT002;Elektrizitätserzeugung (netto);e
43311;Monatserhebung ü. Elektrizitäts- u. Wärmeerzeugung;JAHR;Jahr;2014;DINSG;Deutschland insgesamt;DG;Deutschland;ENRG03;Energieträger;OEL-H-S-01;Heizöl, schwer;391988;MWh;EKT001;Elektrizitätserzeugung (brutto);e
43311;Monatserhebung ü. Elektrizitäts- u. Wärmeerzeugung;JAHR;Jahr;2014;DINSG;Deutschland insgesamt;DG;Deutschland;ENRG03;Energieträger;OEL-H-S-01;Heizöl, schwer;4319969;GJ;BRN001;Brennstoffeinsatz;e
43311;Monatserhebung ü. Elektrizitäts- u. Wärmeerzeugung;JAHR;Jahr;2015;DINSG;Deutschland insgesamt;DG;Deutschland;ENRG03;Energieträger;ENRKER;Kernenergie;-;MWh;WRM001;Nettowärmeerzeugung;
43311;Monatserhebung ü. Elektrizitäts- u. Wärmeerzeugung;JAHR;Jahr;2015;DINSG;Deutschland insgesamt;DG;Deutschland;ENRG03;Energieträger;ENRKER;Kernenergie;86765005;MWh;EKT002;Elektrizitätserzeugung (netto);e
43311;Monatserhebung ü. Elektrizitäts- u. Wärmeerzeugung;JAHR;Jahr;2015;DINSG;Deutschland insgesamt;DG;Deutschland;ENRG03;Energieträger;ENRKER;Kernenergie;91786311;MWh;EKT001;Elektrizitätserzeugung (brutto);e
43311;Monatserhebung ü. Elektrizitäts- u. Wärmeerzeugung;JAHR;Jahr;2015;DINSG;Deutschland insgesamt;DG;Deutschland;ENRG03;Energieträger;ENRKER;Kernenergie;-;GJ;BRN001;Brennstoffeinsatz;
43311;Monatserhebung ü. Elektrizitäts- u. Wärmeerzeugung;JAHR;Jahr;2008;DINSG;Deutschland insgesamt;DG;Deutschland;ENRG03;Energieträger;OEL-H-S-01;Heizöl, schwer;76726;MWh;WRM001;Nettowärmeerzeugung;e
43311;Monatserhebung ü. Elektrizitäts- u. Wärmeerzeugung;JAHR;Jahr;2008;DINSG;Deutschland insgesamt;DG;Deutschland;ENRG03;Energieträger;OEL-H-S-01;Heizöl, schwer;529916;MWh;EKT002;Elektrizitätserzeugung (netto);e
43311;Monatserhebung ü. Elektrizitäts- u. Wärmeerzeugung;JAHR;Jahr;2008;DINSG;Deutschland insgesamt;DG;Deutschland;ENRG03;Energieträger;OEL-H-S-01;Heizöl, schwer;573306;MWh;EKT001;Elektrizitätserzeugung (brutto);e
43311;Monatserhebung ü. Elektrizitäts- u. Wärmeerzeugung;JAHR;Jahr;2008;DINSG;Deutschland insgesamt;DG;Deutschland;ENRG03;Energieträger;OEL-H-S-01;Heizöl, schwer;5402616;GJ;BRN001;Brennstoffeinsatz;e
43311;Monatserhebung ü. Elektrizitäts- u. Wärmeerzeugung;JAHR;Jahr;2022;DINSG;Deutschland insgesamt;DG;Deutschland;ENRG03;Energieträger;KHL-B-BRIK;Braunkohlenbriketts;.;MWh;WRM001;Nettowärmeerzeugung;
43311;Monatserhebung ü. Elektrizitäts- u. Wärmeerzeugung;JAHR;Jahr;2022;DINSG;Deutschland insgesamt;DG;Deutschland;ENRG03;Energieträger;KHL-B-BRIK;Braunkohlenbriketts;40444;MWh;EKT002;Elektrizitätserzeugung (netto);e
43311;Monatserhebung ü. Elektrizitäts- u. Wärmeerzeugung;JAHR;Jahr;2022;DINSG;Deutschland insgesamt;DG;Deutschland;ENRG03;Energieträger;KHL-B-BRIK;Braunkohlenbriketts;43460;MWh;EKT001;Elektrizitätserzeugung (brutto);e
43311;Monatserhebung ü. Elektrizitäts- u. Wärmeerzeugung;JAHR;Jahr;2022;DINSG;Deutschland insgesamt;DG;Deutschland;ENRG03;Energieträger;KHL-B-BRIK;Braunkohlenbriketts;410269;GJ;BRN001;Brennstoffeinsatz;e
43311;Monatserhebung ü. Elektrizitäts- u. Wärmeerzeugung;JAHR;Jahr;2015;DINSG;Deutschland insgesamt;DG;Deutschland;ENRG03;Energieträger;;Insgesamt;107290072;MWh;WRM001;Nettowärmeerzeugung;e
43311;Monatserhebung ü. Elektrizitäts- u. Wärmeerzeugung;JAHR;Jahr;2015;DINSG;Deutschland insgesamt;DG;Deutschland;ENRG03;Energieträger;;Insgesamt;403042069;MWh;EKT002;Elektrizitätserzeugung (netto);e
43311;Monatserhebung ü. Elektrizitäts- u. Wärmeerzeugung;JAHR;Jahr;2015;DINSG;Deutschland insgesamt;DG;Deutschland;ENRG03;Energieträger;;Insgesamt;434397435;MWh;EKT001;Elektrizitätserzeugung (brutto);e
43311;Monatserhebung ü. Elektrizitäts- u. Wärmeerzeugung;JAHR;Jahr;2015;DINSG;Deutschland insgesamt;DG;Deutschland;ENRG03;Energieträger;;Insgesamt;3207915120;GJ;BRN001;Brennstoffeinsatz;e
43311;Monatserhebung ü. Elektrizitäts- u. Wärmeerzeugung;JAHR;Jahr;2018;DINSG;Deutschland insgesamt;DG;Deutschland;ENRG03;Energieträger;KHL-S-KOKS;Steinkohlenkoks;-;MWh;WRM001;Nettowärmeerzeugung;
43311;Monatserhebung ü. Elektrizitäts- u. Wärmeerzeugung;JAHR;Jahr;2018;DINSG;Deutschland insgesamt;DG;Deutschland;ENRG03;Energieträger;KHL-S-KOKS;Steinkohlenkoks;-;MWh;EKT002;Elektrizitätserzeugung (netto);
43311;Monatserhebung ü. Elektrizitäts- u. Wärmeerzeugung;JAHR;Jahr;2018;DINSG;Deutschland insgesamt;DG;Deutschland;ENRG03;Energieträger;KHL-S-KOKS;Steinkohlenkoks;-;MWh;EKT001;Elektrizitätserzeugung (brutto);
43311;Monatserhebung ü. Elektrizitäts- u. Wärmeerzeugung;JAHR;Jahr;2018;DINSG;Deutschland insgesamt;DG;Deutschland;ENRG03;Energieträger;KHL-S-KOKS;Steinkohlenkoks;-;GJ;BRN001;Brennstoffeinsatz;
43311;Monatserhebung ü. Elektrizitäts- u. Wärmeerzeugung;JAHR;Jahr;2014;DINSG;Deutschland insgesamt;DG;Deutschland;ENRG03;Energieträger;KHL-S-01;Steinkohlen;29756571;MWh;WRM001;Nettowärmeerzeugung;e
43311;Monatserhebung ü. Elektrizitäts- u. Wärmeerzeugung;JAHR;Jahr;2014;DINSG;Deutschland insgesamt;DG;Deutschland;ENRG03;Energieträger;KHL-S-01;Steinkohlen;107734162;MWh;EKT002;Elektrizitätserzeugung (netto);e
43311;Monatserhebung ü. Elektrizitäts- u. Wärmeerzeugung;JAHR;Jahr;2014;DINSG;Deutschland insgesamt;DG;Deutschland;ENRG03;Energieträger;KHL-S-01;Steinkohlen;117517017;MWh;EKT001;Elektrizitätserzeugung (brutto);e
43311;Monatserhebung ü. Elektrizitäts- u. Wärmeerzeugung;JAHR;Jahr;2014;DINSG;Deutschland insgesamt;DG;Deutschland;ENRG03;Energieträger;KHL-S-01;Steinkohlen;1130453959;GJ;BRN001;Brennstoffeinsatz;e
43311;Monatserhebung ü. Elektrizitäts- u. Wärmeerzeugung;JAHR;Jahr;2017;DINSG;Deutschland insgesamt;DG;Deutschland;ENRG03;Energieträger;WAS-PSP-02;Pumpspeicher mit natürlichem Zufluss;-;MWh;WRM001;Nettowärmeerzeugung;
43311;Monatserhebung ü. Elektrizitäts- u. Wärmeerzeugung;JAHR;Jahr;2017;DINSG;Deutschland insgesamt;DG;Deutschland;ENRG03;Energieträger;WAS-PSP-02;Pumpspeicher mit natürlichem Zufluss;468963;MWh;EKT002;Elektrizitätserzeugung (netto);e
43311;Monatserhebung ü. Elektrizitäts- u. Wärmeerzeugung;JAHR;Jahr;2017;DINSG;Deutschland insgesamt;DG;Deutschland;ENRG03;Energieträger;WAS-PSP-02;Pumpspeicher mit natürlichem Zufluss;479151;MWh;EKT001;Elektrizitätserzeugung (brutto);e
43311;Monatserhebung ü. Elektrizitäts- u. Wärmeerzeugung;JAHR;Jahr;2017;DINSG;Deutschland insgesamt;DG;Deutschland;ENRG03;Energieträger;WAS-PSP-02;Pumpspeicher mit natürlichem Zufluss;-;GJ;BRN001;Brennstoffeinsatz;
43311;Monatserhebung ü. Elektrizitäts- u. Wärmeerzeugung;JAHR;Jahr;2015;DINSG;Deutschland insgesamt;DG;Deutschland;ENRG03;Energieträger;KLS-01;Klärschlamm;32415;MWh;WRM001;Nettowärmeerzeugung;e
43311;Monatserhebung ü. Elektrizitäts- u. Wärmeerzeugung;JAHR;Jahr;2015;DINSG;Deutschland insgesamt;DG;Deutschland;ENRG03;Energieträger;KLS-01;Klärschlamm;145956;MWh;EKT002;Elektrizitätserzeugung (netto);e
43311;Monatserhebung ü. Elektrizitäts- u. Wärmeerzeugung;JAHR;Jahr;2015;DINSG;Deutschland insgesamt;DG;Deutschland;ENRG03;Energieträger;KLS-01;Klärschlamm;160554;MWh;EKT001;Elektrizitätserzeugung (brutto);e
43311;Monatserhebung ü. Elektrizitäts- u. Wärmeerzeugung;JAHR;Jahr;2015;DINSG;Deutschland insgesamt;DG;Deutschland;ENRG03;Energieträger;KLS-01;Klärschlamm;1596045;GJ;BRN001;Brennstoffeinsatz;e
43311;Monatserhebung ü. Elektrizitäts- u. Wärmeerzeugung;JAHR;Jahr;2002;DINSG;Deutschland insgesamt;DG;Deutschland;ENRG03;Energieträger;GAS-BIO;Biogas;-;MWh;WRM001;Nettowärmeerzeugung;
43311;Monatserhebung ü. Elektrizitäts- u. Wärmeerzeugung;JAHR;Jahr;2002;DINSG;Deutschland insgesamt;DG;Deutschland;ENRG03;Energieträger;GAS-BIO;Biogas;30548;MWh;EKT002;Elektrizitätserzeugung (netto);e
43311;Monatserhebung ü. Elektrizitäts- u. Wärmeerzeugung;JAHR;Jahr;2002;DINSG;Deutschland insgesamt;DG;Deutschland;ENRG03;Energieträger;GAS-BIO;Biogas;32393;MWh;EKT001;Elektrizitätserzeugung (brutto);e
43311;Monatserhebung ü. Elektrizitäts- u. Wärmeerzeugung;JAHR;Jahr;2002;DINSG;Deutschland insgesamt;DG;Deutschland;ENRG03;Energieträger;GAS-BIO;Biogas;128005;GJ;BRN001;Brennstoffeinsatz;e
43311;Monatserhebung ü. Elektrizitäts- u. Wärmeerzeugung;JAHR;Jahr;2017;DINSG;Deutschland insgesamt;DG;Deutschland;ENRG03;Energieträger;KHL-B-SONST;Sonstige Braunkohlen;-;MWh;WRM001;Nettowärmeerzeugung;
43311;Monatserhebung ü. Elektrizitäts- u. Wärmeerzeugung;JAHR;Jahr;2017;DINSG;Deutschland insgesamt;DG;Deutschland;ENRG03;Energieträger;KHL-B-SONST;Sonstige Braunkohlen;-;MWh;EKT002;Elektrizitätserzeugung (netto);
43311;Monatserhebung ü. Elektrizitäts- u. Wärmeerzeugung;JAHR;Jahr;2017;DINSG;Deutschland insgesamt;DG;Deutschland;ENRG03;Energieträger;KHL-B-SONST;Sonstige Braunkohlen;-;MWh;EKT001;Elektrizitätserzeugung (brutto);
43311;Monatserhebung ü. Elektrizitäts- u. Wärmeerzeugung;JAHR;Jahr;2017;DINSG;Deutschland insgesamt;DG;Deutschland;ENRG03;Energieträger;KHL-B-SONST;Sonstige Braunkohlen;-;GJ;BRN001;Brennstoffeinsatz;
43311;Monatserhebung ü. Elektrizitäts- u. Wärmeerzeugung;JAHR;Jahr;2023;DINSG;Deutschland insgesamt;DG;Deutschland;ENRG03;Energieträger;GAS-BIO;Biogas;2215195;MWh;WRM001;Nettowärmeerzeugung;p
43311;Monatserhebung ü. Elektrizitäts- u. Wärmeerzeugung;JAHR;Jahr;2023;DINSG;Deutschland insgesamt;DG;Deutschland;ENRG03;Energieträger;GAS-BIO;Biogas;2628873;MWh;EKT002;Elektrizitätserzeugung (netto);p
43311;Monatserhebung ü. Elektrizitäts- u. Wärmeerzeugung;JAHR;Jahr;2023;DINSG;Deutschland insgesamt;DG;Deutschland;ENRG03;Energieträger;GAS-BIO;Biogas;2734482;MWh;EKT001;Elektrizitätserzeugung (brutto);p
43311;Monatserhebung ü. Elektrizitäts- u. Wärmeerzeugung;JAHR;Jahr;2023;DINSG;Deutschland insgesamt;DG;Deutschland;ENRG03;Energieträger;GAS-BIO;Biogas;25018075;GJ;BRN001;Brennstoffeinsatz;p
43311;Monatserhebung ü. Elektrizitäts- u. Wärmeerzeugung;JAHR;Jahr;2014;DINSG;Deutschland insgesamt;DG;Deutschland;ENRG03;Energieträger;WIND-01;Windkraft;-;MWh;WRM001;Nettowärmeerzeugung;
43311;Monatserhebung ü. Elektrizitäts- u. Wärmeerzeugung;JAHR;Jahr;2014;DINSG;Deutschland insgesamt;DG;Deutschland;ENRG03;Energieträger;WIND-01;Windkraft;-;MWh;EKT002;Elektrizitätserzeugung (netto);
43311;Monatserhebung ü. Elektrizitäts- u. Wärmeerzeugung;JAHR;Jahr;2014;DINSG;Deutschland insgesamt;DG;Deutschland;ENRG03;Energieträger;WIND-01;Windkraft;-;MWh;EKT001;Elektrizitätserzeugung (brutto);
43311;Monatserhebung ü. Elektrizitäts- u. Wärmeerzeugung;JAHR;Jahr;2014;DINSG;Deutschland insgesamt;DG;Deutschland;ENRG03;Energieträger;WIND-01;Windkraft;-;GJ;BRN001;Brennstoffeinsatz;
43311;Monatserhebung ü. Elektrizitäts- u. Wärmeerzeugung;JAHR;Jahr;2010;DINSG;Deutschland insgesamt;DG;Deutschland;ENRG03;Energieträger;WAS-PSP-01;Pumpspeicherwasser;-;MWh;WRM001;Nettowärmeerzeugung;
43311;Monatserhebung ü. Elektrizitäts- u. Wärmeerzeugung;JAHR;Jahr;2010;DINSG;Deutschland insgesamt;DG;Deutschland;ENRG03;Energieträger;WAS-PSP-01;Pumpspeicherwasser;6799167;MWh;EKT002;Elektrizitätserzeugung (netto);e
43311;Monatserhebung ü. Elektrizitäts- u. Wärmeerzeugung;JAHR;Jahr;2010;DINSG;Deutschland insgesamt;DG;Deutschland;ENRG03;Energieträger;WAS-PSP-01;Pumpspeicherwasser;6928750;MWh;EKT001;Elektrizitätserzeugung (brutto);e
43311;Monatserhebung ü. Elektrizitäts- u. Wärmeerzeugung;JAHR;Jahr;2010;DINSG;Deutschland insgesamt;DG;Deutschland;ENRG03;Energieträger;WAS-PSP-01;Pumpspeicherwasser;-;GJ;BRN001;Brennstoffeinsatz;
43311;Monatserhebung ü. Elektrizitäts- u. Wärmeerzeugung;JAHR;Jahr;2019;DINSG;Deutschland insgesamt;DG;Deutschland;ENRG03;Energieträger;WRM-02;Wärmepumpen (Erd- und Umweltwärme);-;MWh;WRM001;Nettowärmeerzeugung;
43311;Monatserhebung ü. Elektrizitäts- u. Wärmeerzeugung;JAHR;Jahr;2019;DINSG;Deutschland insgesamt;DG;Deutschland;ENRG03;Energieträger;WRM-02;Wärmepumpen (Erd- und Umweltwärme);-;MWh;EKT002;Elektrizitätserzeugung (netto);
43311;Monatserhebung ü. Elektrizitäts- u. Wärmeerzeugung;JAHR;Jahr;2019;DINSG;Deutschland insgesamt;DG;Deutschland;ENRG03;Energieträger;WRM-02;Wärmepumpen (Erd- und Umweltwärme);-;MWh;EKT001;Elektrizitätserzeugung (brutto);
43311;Monatserhebung ü. Elektrizitäts- u. Wärmeerzeugung;JAHR;Jahr;2019;DINSG;Deutschland insgesamt;DG;Deutschland;ENRG03;Energieträger;WRM-02;Wärmepumpen (Erd- und Umweltwärme);-;GJ;BRN001;Brennstoffeinsatz;
43311;Monatserhebung ü. Elektrizitäts- u. Wärmeerzeugung;JAHR;Jahr;2019;DINSG;Deutschland insgesamt;DG;Deutschland;ENRG03;Energieträger;KHL-S-BRIK;Steinkohlenbriketts;-;MWh;WRM001;Nettowärmeerzeugung;
43311;Monatserhebung ü. Elektrizitäts- u. Wärmeerzeugung;JAHR;Jahr;2019;DINSG;Deutschland insgesamt;DG;Deutschland;ENRG03;Energieträger;KHL-S-BRIK;Steinkohlenbriketts;-;MWh;EKT002;Elektrizitätserzeugung (netto);
43311;Monatserhebung ü. Elektrizitäts- u. Wärmeerzeugung;JAHR;Jahr;2019;DINSG;Deutschland insgesamt;DG;Deutschland;ENRG03;Energieträger;KHL-S-BRIK;Steinkohlenbriketts;-;MWh;EKT001;Elektrizitätserzeugung (brutto);
43311;Monatserhebung ü. Elektrizitäts- u. Wärmeerzeugung;JAHR;Jahr;2019;DINSG;Deutschland insgesamt;DG;Deutschland;ENRG03;Energieträger;KHL-S-BRIK;Steinkohlenbriketts;-;GJ;BRN001;Brennstoffeinsatz;
43311;Monatserhebung ü. Elektrizitäts- u. Wärmeerzeugung;JAHR;Jahr;2011;DINSG;Deutschland insgesamt;DG;Deutschland;ENRG03;Energieträger;ABF-02;Abfall (Industrie);2479536;MWh;WRM001;Nettowärmeerzeugung;e
43311;Monatserhebung ü. Elektrizitäts- u. Wärmeerzeugung;JAHR;Jahr;2011;DINSG;Deutschland insgesamt;DG;Deutschland;ENRG03;Energieträger;ABF-02;Abfall (Industrie);1141420;MWh;EKT002;Elektrizitätserzeugung (netto);e
43311;Monatserhebung ü. Elektrizitäts- u. Wärmeerzeugung;JAHR;Jahr;2011;DINSG;Deutschland insgesamt;DG;Deutschland;ENRG03;Energieträger;ABF-02;Abfall (Industrie);1428821;MWh;EKT001;Elektrizitätserzeugung (brutto);e
43311;Monatserhebung ü. Elektrizitäts- u. Wärmeerzeugung;JAHR;Jahr;2011;DINSG;Deutschland insgesamt;DG;Deutschland;ENRG03;Energieträger;ABF-02;Abfall (Industrie);27349900;GJ;BRN001;Brennstoffeinsatz;e
43311;Monatserhebung ü. Elektrizitäts- u. Wärmeerzeugung;JAHR;Jahr;2017;DINSG;Deutschland insgesamt;DG;Deutschland;ENRG03;Energieträger;BIO-FL-01;Flüssige biogene Stoffe;.;MWh;WRM001;Nettowärmeerzeugung;
43311;Monatserhebung ü. Elektrizitäts- u. Wärmeerzeugung;JAHR;Jahr;2017;DINSG;Deutschland insgesamt;DG;Deutschland;ENRG03;Energieträger;BIO-FL-01;Flüssige biogene Stoffe;.;MWh;EKT002;Elektrizitätserzeugung (netto);
43311;Monatserhebung ü. Elektrizitäts- u. Wärmeerzeugung;JAHR;Jahr;2017;DINSG;Deutschland insgesamt;DG;Deutschland;ENRG03;Energieträger;BIO-FL-01;Flüssige biogene Stoffe;.;MWh;EKT001;Elektrizitätserzeugung (brutto);
43311;Monatserhebung ü. Elektrizitäts- u. Wärmeerzeugung;JAHR;Jahr;2017;DINSG;Deutschland insgesamt;DG;Deutschland;ENRG03;Energieträger;BIO-FL-01;Flüssige biogene Stoffe;.;GJ;BRN001;Brennstoffeinsatz;
43311;Monatserhebung ü. Elektrizitäts- u. Wärmeerzeugung;JAHR;Jahr;2021;DINSG;Deutschland insgesamt;DG;Deutschland;ENRG03;Energieträger;BIO-FL-01;Flüssige biogene Stoffe;.;MWh;WRM001;Nettowärmeerzeugung;
43311;Monatserhebung ü. Elektrizitäts- u. Wärmeerzeugung;JAHR;Jahr;2021;DINSG;Deutschland insgesamt;DG;Deutschland;ENRG03;Energieträger;BIO-FL-01;Flüssige biogene Stoffe;.;MWh;EKT002;Elektrizitätserzeugung (netto);
43311;Monatserhebung ü. Elektrizitäts- u. Wärmeerzeugung;JAHR;Jahr;2021;DINSG;Deutschland insgesamt;DG;Deutschland;ENRG03;Energieträger;BIO-FL-01;Flüssige biogene Stoffe;.;MWh;EKT001;Elektrizitätserzeugung (brutto);
43311;Monatserhebung ü. Elektrizitäts- u. Wärmeerzeugung;JAHR;Jahr;2021;DINSG;Deutschland insgesamt;DG;Deutschland;ENRG03;Energieträger;BIO-FL-01;Flüssige biogene Stoffe;.;GJ;BRN001;Brennstoffeinsatz;
43311;Monatserhebung ü. Elektrizitäts- u. Wärmeerzeugung;JAHR;Jahr;2016;DINSG;Deutschland insgesamt;DG;Deutschland;ENRG03;Energieträger;OEL-SONST;Sonstige Mineralölprodukte;.;MWh;WRM001;Nettowärmeerzeugung;
43311;Monatserhebung ü. Elektrizitäts- u. Wärmeerzeugung;JAHR;Jahr;2016;DINSG;Deutschland insgesamt;DG;Deutschland;ENRG03;Energieträger;OEL-SONST;Sonstige Mineralölprodukte;108741;MWh;EKT002;Elektrizitätserzeugung (netto);e
43311;Monatserhebung ü. Elektrizitäts- u. Wärmeerzeugung;JAHR;Jahr;2016;DINSG;Deutschland insgesamt;DG;Deutschland;ENRG03;Energieträger;OEL-SONST;Sonstige Mineralölprodukte;116767;MWh;EKT001;Elektrizitätserzeugung (brutto);e
43311;Monatserhebung ü. Elektrizitäts- u. Wärmeerzeugung;JAHR;Jahr;2016;DINSG;Deutschland insgesamt;DG;Deutschland;ENRG03;Energieträger;OEL-SONST;Sonstige Mineralölprodukte;1127466;GJ;BRN001;Brennstoffeinsatz;e
43311;Monatserhebung ü. Elektrizitäts- u. Wärmeerzeugung;JAHR;Jahr;2020;DINSG;Deutschland insgesamt;DG;Deutschland;ENRG03;Energieträger;GAS-SONST;Sonstige hergestellte Gase;.;MWh;WRM001;Nettowärmeerzeugung;
43311;Monatserhebung ü. Elektrizitäts- u. Wärmeerzeugung;JAHR;Jahr;2020;DINSG;Deutschland insgesamt;DG;Deutschland;ENRG03;Energieträger;GAS-SONST;Sonstige hergestellte Gase;.;MWh;EKT002;Elektrizitätserzeugung (netto);
43311;Monatserhebung ü. Elektrizitäts- u. Wärmeerzeugung;JAHR;Jahr;2020;DINSG;Deutschland insgesamt;DG;Deutschland;ENRG03;Energieträger;GAS-SONST;Sonstige hergestellte Gase;.;MWh;EKT001;Elektrizitätserzeugung (brutto);
43311;Monatserhebung ü. Elektrizitäts- u. Wärmeerzeugung;JAHR;Jahr;2020;DINSG;Deutschland insgesamt;DG;Deutschland;ENRG03;Energieträger;GAS-SONST;Sonstige hergestellte Gase;.;GJ;BRN001;Brennstoffeinsatz;
43311;Monatserhebung ü. Elektrizitäts- u. Wärmeerzeugung;JAHR;Jahr;2005;DINSG;Deutschland insgesamt;DG;Deutschland;ENRG03;Energieträger;OEL-H-L-01;Heizöl, leicht;719532;MWh;WRM001;Nettowärmeerzeugung;e
43311;Monatserhebung ü. Elektrizitäts- u. Wärmeerzeugung;JAHR;Jahr;2005;DINSG;Deutschland insgesamt;DG;Deutschland;ENRG03;Energieträger;OEL-H-L-01;Heizöl, leicht;780815;MWh;EKT002;Elektrizitätserzeugung (netto);e
43311;Monatserhebung ü. Elektrizitäts- u. Wärmeerzeugung;JAHR;Jahr;2005;DINSG;Deutschland insgesamt;DG;Deutschland;ENRG03;Energieträger;OEL-H-L-01;Heizöl, leicht;839104;MWh;EKT001;Elektrizitätserzeugung (brutto);e
43311;Monatserhebung ü. Elektrizitäts- u. Wärmeerzeugung;JAHR;Jahr;2005;DINSG;Deutschland insgesamt;DG;Deutschland;ENRG03;Energieträger;OEL-H-L-01;Heizöl, leicht;10404443;GJ;BRN001;Brennstoffeinsatz;e
43311;Monatserhebung ü. Elektrizitäts- u. Wärmeerzeugung;JAHR;Jahr;2015;DINSG;Deutschland insgesamt;DG;Deutschland;ENRG03;Energieträger;WAS-SP-01;Speicherwasser;-;MWh;WRM001;Nettowärmeerzeugung;
43311;Monatserhebung ü. Elektrizitäts- u. Wärmeerzeugung;JAHR;Jahr;2015;DINSG;Deutschland insgesamt;DG;Deutschland;ENRG03;Energieträger;WAS-SP-01;Speicherwasser;562092;MWh;EKT002;Elektrizitätserzeugung (netto);e
43311;Monatserhebung ü. Elektrizitäts- u. Wärmeerzeugung;JAHR;Jahr;2015;DINSG;Deutschland insgesamt;DG;Deutschland;ENRG03;Energieträger;WAS-SP-01;Speicherwasser;567793;MWh;EKT001;Elektrizitätserzeugung (brutto);e
43311;Monatserhebung ü. Elektrizitäts- u. Wärmeerzeugung;JAHR;Jahr;2015;DINSG;Deutschland insgesamt;DG;Deutschland;ENRG03;Energieträger;WAS-SP-01;Speicherwasser;-;GJ;BRN001;Brennstoffeinsatz;
43311;Monatserhebung ü. Elektrizitäts- u. Wärmeerzeugung;JAHR;Jahr;2018;DINSG;Deutschland insgesamt;DG;Deutschland;ENRG03;Energieträger;GAS-K-01;Kokereigas;-;MWh;WRM001;Nettowärmeerzeugung;
43311;Monatserhebung ü. Elektrizitäts- u. Wärmeerzeugung;JAHR;Jahr;2018;DINSG;Deutschland insgesamt;DG;Deutschland;ENRG03;Energieträger;GAS-K-01;Kokereigas;.;MWh;EKT002;Elektrizitätserzeugung (netto);
43311;Monatserhebung ü. Elektrizitäts- u. Wärmeerzeugung;JAHR;Jahr;2018;DINSG;Deutschland insgesamt;DG;Deutschland;ENRG03;Energieträger;GAS-K-01;Kokereigas;.;MWh;EKT001;Elektrizitätserzeugung (brutto);
43311;Monatserhebung ü. Elektrizitäts- u. Wärmeerzeugung;JAHR;Jahr;2018;DINSG;Deutschland insgesamt;DG;Deutschland;ENRG03;Energieträger;GAS-K-01;Kokereigas;.;GJ;BRN001;Brennstoffeinsatz;
43311;Monatserhebung ü. Elektrizitäts- u. Wärmeerzeugung;JAHR;Jahr;2021;DINSG;Deutschland insgesamt;DG;Deutschland;ENRG03;Energieträger;WAS-PSP-03;Pumpspeicher ohne natürlichen Zufluss;-;MWh;WRM001;Nettowärmeerzeugung;
43311;Monatserhebung ü. Elektrizitäts- u. Wärmeerzeugung;JAHR;Jahr;2021;DINSG;Deutschland insgesamt;DG;Deutschland;ENRG03;Energieträger;WAS-PSP-03;Pumpspeicher ohne natürlichen Zufluss;-;MWh;EKT002;Elektrizitätserzeugung (netto);
43311;Monatserhebung ü. Elektrizitäts- u. Wärmeerzeugung;JAHR;Jahr;2021;DINSG;Deutschland insgesamt;DG;Deutschland;ENRG03;Energieträger;WAS-PSP-03;Pumpspeicher ohne natürlichen Zufluss;-;MWh;EKT001;Elektrizitätserzeugung (brutto);
43311;Monatserhebung ü. Elektrizitäts- u. Wärmeerzeugung;JAHR;Jahr;2021;DINSG;Deutschland insgesamt;DG;Deutschland;ENRG03;Energieträger;WAS-PSP-03;Pumpspeicher ohne natürlichen Zufluss;-;GJ;BRN001;Brennstoffeinsatz;
43311;Monatserhebung ü. Elektrizitäts- u. Wärmeerzeugung;JAHR;Jahr;2010;DINSG;Deutschland insgesamt;DG;Deutschland;ENRG03;Energieträger;ABF-01;Abfall (Hausmüll, Industrie);13294922;MWh;WRM001;Nettowärmeerzeugung;e
43311;Monatserhebung ü. Elektrizitäts- u. Wärmeerzeugung;JAHR;Jahr;2010;DINSG;Deutschland insgesamt;DG;Deutschland;ENRG03;Energieträger;ABF-01;Abfall (Hausmüll, Industrie);8020179;MWh;EKT002;Elektrizitätserzeugung (netto);e
43311;Monatserhebung ü. Elektrizitäts- u. Wärmeerzeugung;JAHR;Jahr;2010;DINSG;Deutschland insgesamt;DG;Deutschland;ENRG03;Energieträger;ABF-01;Abfall (Hausmüll, Industrie);10175079;MWh;EKT001;Elektrizitätserzeugung (brutto);e
43311;Monatserhebung ü. Elektrizitäts- u. Wärmeerzeugung;JAHR;Jahr;2010;DINSG;Deutschland insgesamt;DG;Deutschland;ENRG03;Energieträger;ABF-01;Abfall (Hausmüll, Industrie);193764577;GJ;BRN001;Brennstoffeinsatz;e
43311;Monatserhebung ü. Elektrizitäts- u. Wärmeerzeugung;JAHR;Jahr;2007;DINSG;Deutschland insgesamt;DG;Deutschland;ENRG03;Energieträger;BIO-FL-01;Flüssige biogene Stoffe;27497;MWh;WRM001;Nettowärmeerzeugung;e
43311;Monatserhebung ü. Elektrizitäts- u. Wärmeerzeugung;JAHR;Jahr;2007;DINSG;Deutschland insgesamt;DG;Deutschland;ENRG03;Energieträger;BIO-FL-01;Flüssige biogene Stoffe;57461;MWh;EKT002;Elektrizitätserzeugung (netto);e
43311;Monatserhebung ü. Elektrizitäts- u. Wärmeerzeugung;JAHR;Jahr;2007;DINSG;Deutschland insgesamt;DG;Deutschland;ENRG03;Energieträger;BIO-FL-01;Flüssige biogene Stoffe;59913;MWh;EKT001;Elektrizitätserzeugung (brutto);e
43311;Monatserhebung ü. Elektrizitäts- u. Wärmeerzeugung;JAHR;Jahr;2007;DINSG;Deutschland insgesamt;DG;Deutschland;ENRG03;Energieträger;BIO-FL-01;Flüssige biogene Stoffe;505197;GJ;BRN001;Brennstoffeinsatz;e
43311;Monatserhebung ü. Elektrizitäts- u. Wärmeerzeugung;JAHR;Jahr;2003;DINSG;Deutschland insgesamt;DG;Deutschland;ENRG03;Energieträger;PHOTO-01;Photovoltaik;-;MWh;WRM001;Nettowärmeerzeugung;
43311;Monatserhebung ü. Elektrizitäts- u. Wärmeerzeugung;JAHR;Jahr;2003;DINSG;Deutschland insgesamt;DG;Deutschland;ENRG03;Energieträger;PHOTO-01;Photovoltaik;2790;MWh;EKT002;Elektrizitätserzeugung (netto);e
43311;Monatserhebung ü. Elektrizitäts- u. Wärmeerzeugung;JAHR;Jahr;2003;DINSG;Deutschland insgesamt;DG;Deutschland;ENRG03;Energieträger;PHOTO-01;Photovoltaik;2916;MWh;EKT001;Elektrizitätserzeugung (brutto);e
43311;Monatserhebung ü. Elektrizitäts- u. Wärmeerzeugung;JAHR;Jahr;2003;DINSG;Deutschland insgesamt;DG;Deutschland;ENRG03;Energieträger;PHOTO-01;Photovoltaik;-;GJ;BRN001;Brennstoffeinsatz;
43311;Monatserhebung ü. Elektrizitäts- u. Wärmeerzeugung;JAHR;Jahr;2007;DINSG;Deutschland insgesamt;DG;Deutschland;ENRG03;Energieträger;WAS-LF-01;Laufwasser;-;MWh;WRM001;Nettowärmeerzeugung;
43311;Monatserhebung ü. Elektrizitäts- u. Wärmeerzeugung;JAHR;Jahr;2007;DINSG;Deutschland insgesamt;DG;Deutschland;ENRG03;Energieträger;WAS-LF-01;Laufwasser;15823968;MWh;EKT002;Elektrizitätserzeugung (netto);e
43311;Monatserhebung ü. Elektrizitäts- u. Wärmeerzeugung;JAHR;Jahr;2007;DINSG;Deutschland insgesamt;DG;Deutschland;ENRG03;Energieträger;WAS-LF-01;Laufwasser;16162534;MWh;EKT001;Elektrizitätserzeugung (brutto);e
43311;Monatserhebung ü. Elektrizitäts- u. Wärmeerzeugung;JAHR;Jahr;2007;DINSG;Deutschland insgesamt;DG;Deutschland;ENRG03;Energieträger;WAS-LF-01;Laufwasser;-;GJ;BRN001;Brennstoffeinsatz;
43311;Monatserhebung ü. Elektrizitäts- u. Wärmeerzeugung;JAHR;Jahr;2018;DINSG;Deutschland insgesamt;DG;Deutschland;ENRG03;Energieträger;GAS-BIO;Biogas;1417919;MWh;WRM001;Nettowärmeerzeugung;e
43311;Monatserhebung ü. Elektrizitäts- u. Wärmeerzeugung;JAHR;Jahr;2018;DINSG;Deutschland insgesamt;DG;Deutschland;ENRG03;Energieträger;GAS-BIO;Biogas;1776952;MWh;EKT002;Elektrizitätserzeugung (netto);e
43311;Monatserhebung ü. Elektrizitäts- u. Wärmeerzeugung;JAHR;Jahr;2018;DINSG;Deutschland insgesamt;DG;Deutschland;ENRG03;Energieträger;GAS-BIO;Biogas;1846768;MWh;EKT001;Elektrizitätserzeugung (brutto);e
43311;Monatserhebung ü. Elektrizitäts- u. Wärmeerzeugung;JAHR;Jahr;2018;DINSG;Deutschland insgesamt;DG;Deutschland;ENRG03;Energieträger;GAS-BIO;Biogas;17336388;GJ;BRN001;Brennstoffeinsatz;e
43311;Monatserhebung ü. Elektrizitäts- u. Wärmeerzeugung;JAHR;Jahr;2009;DINSG;Deutschland insgesamt;DG;Deutschland;ENRG03;Energieträger;WAS-PSP-03;Pumpspeicher ohne natürlichen Zufluss;-;MWh;WRM001;Nettowärmeerzeugung;
43311;Monatserhebung ü. Elektrizitäts- u. Wärmeerzeugung;JAHR;Jahr;2009;DINSG;Deutschland insgesamt;DG;Deutschland;ENRG03;Energieträger;WAS-PSP-03;Pumpspeicher ohne natürlichen Zufluss;-;MWh;EKT002;Elektrizitätserzeugung (netto);
43311;Monatserhebung ü. Elektrizitäts- u. Wärmeerzeugung;JAHR;Jahr;2009;DINSG;Deutschland insgesamt;DG;Deutschland;ENRG03;Energieträger;WAS-PSP-03;Pumpspeicher ohne natürlichen Zufluss;-;MWh;EKT001;Elektrizitätserzeugung (brutto);
43311;Monatserhebung ü. Elektrizitäts- u. Wärmeerzeugung;JAHR;Jahr;2009;DINSG;Deutschland insgesamt;DG;Deutschland;ENRG03;Energieträger;WAS-PSP-03;Pumpspeicher ohne natürlichen Zufluss;-;GJ;BRN001;Brennstoffeinsatz;
43311;Monatserhebung ü. Elektrizitäts- u. Wärmeerzeugung;JAHR;Jahr;2012;DINSG;Deutschland insgesamt;DG;Deutschland;ENRG03;Energieträger;KHL-B-KOKS;Braunkohlenkoks;.;MWh;WRM001;Nettowärmeerzeugung;
43311;Monatserhebung ü. Elektrizitäts- u. Wärmeerzeugung;JAHR;Jahr;2012;DINSG;Deutschland insgesamt;DG;Deutschland;ENRG03;Energieträger;KHL-B-KOKS;Braunkohlenkoks;.;MWh;EKT002;Elektrizitätserzeugung (netto);
43311;Monatserhebung ü. Elektrizitäts- u. Wärmeerzeugung;JAHR;Jahr;2012;DINSG;Deutschland insgesamt;DG;Deutschland;ENRG03;Energieträger;KHL-B-KOKS;Braunkohlenkoks;.;MWh;EKT001;Elektrizitätserzeugung (brutto);
43311;Monatserhebung ü. Elektrizitäts- u. Wärmeerzeugung;JAHR;Jahr;2012;DINSG;Deutschland insgesamt;DG;Deutschland;ENRG03;Energieträger;KHL-B-KOKS;Braunkohlenkoks;.;GJ;BRN001;Brennstoffeinsatz;
43311;Monatserhebung ü. Elektrizitäts- u. Wärmeerzeugung;JAHR;Jahr;2002;DINSG;Deutschland insgesamt;DG;Deutschland;ENRG03;Energieträger;ENRKER;Kernenergie;-;MWh;WRM001;Nettowärmeerzeugung;
43311;Monatserhebung ü. Elektrizitäts- u. Wärmeerzeugung;JAHR;Jahr;2002;DINSG;Deutschland insgesamt;DG;Deutschland;ENRG03;Energieträger;ENRKER;Kernenergie;156287022;MWh;EKT002;Elektrizitätserzeugung (netto);e
43311;Monatserhebung ü. Elektrizitäts- u. Wärmeerzeugung;JAHR;Jahr;2002;DINSG;Deutschland insgesamt;DG;Deutschland;ENRG03;Energieträger;ENRKER;Kernenergie;164841973;MWh;EKT001;Elektrizitätserzeugung (brutto);e
43311;Monatserhebung ü. Elektrizitäts- u. Wärmeerzeugung;JAHR;Jahr;2002;DINSG;Deutschland insgesamt;DG;Deutschland;ENRG03;Energieträger;ENRKER;Kernenergie;-;GJ;BRN001;Brennstoffeinsatz;
43311;Monatserhebung ü. Elektrizitäts- u. Wärmeerzeugung;JAHR;Jahr;2018;DINSG;Deutschland insgesamt;DG;Deutschland;ENRG03;Energieträger;OEL-H-L-01;Heizöl, leicht;266904;MWh;WRM001;Nettowärmeerzeugung;e
43311;Monatserhebung ü. Elektrizitäts- u. Wärmeerzeugung;JAHR;Jahr;2018;DINSG;Deutschland insgesamt;DG;Deutschland;ENRG03;Energieträger;OEL-H-L-01;Heizöl, leicht;455810;MWh;EKT002;Elektrizitätserzeugung (netto);e
43311;Monatserhebung ü. Elektrizitäts- u. Wärmeerzeugung;JAHR;Jahr;2018;DINSG;Deutschland insgesamt;DG;Deutschland;ENRG03;Energieträger;OEL-H-L-01;Heizöl, leicht;491790;MWh;EKT001;Elektrizitätserzeugung (brutto);e
43311;Monatserhebung ü. Elektrizitäts- u. Wärmeerzeugung;JAHR;Jahr;2018;DINSG;Deutschland insgesamt;DG;Deutschland;ENRG03;Energieträger;OEL-H-L-01;Heizöl, leicht;5797553;GJ;BRN001;Brennstoffeinsatz;e
43311;Monatserhebung ü. Elektrizitäts- u. Wärmeerzeugung;JAHR;Jahr;2009;DINSG;Deutschland insgesamt;DG;Deutschland;ENRG03;Energieträger;KHL-B-SONST;Sonstige Braunkohlen;31135;MWh;WRM001;Nettowärmeerzeugung;e
43311;Monatserhebung ü. Elektrizitäts- u. Wärmeerzeugung;JAHR;Jahr;2009;DINSG;Deutschland insgesamt;DG;Deutschland;ENRG03;Energieträger;KHL-B-SONST;Sonstige Braunkohlen;157465;MWh;EKT002;Elektrizitätserzeugung (netto);e
43311;Monatserhebung ü. Elektrizitäts- u. Wärmeerzeugung;JAHR;Jahr;2009;DINSG;Deutschland insgesamt;DG;Deutschland;ENRG03;Energieträger;KHL-B-SONST;Sonstige Braunkohlen;167124;MWh;EKT001;Elektrizitätserzeugung (brutto);e
43311;Monatserhebung ü. Elektrizitäts- u. Wärmeerzeugung;JAHR;Jahr;2009;DINSG;Deutschland insgesamt;DG;Deutschland;ENRG03;Energieträger;KHL-B-SONST;Sonstige Braunkohlen;1501231;GJ;BRN001;Brennstoffeinsatz;e
43311;Monatserhebung ü. Elektrizitäts- u. Wärmeerzeugung;JAHR;Jahr;2024;DINSG;Deutschland insgesamt;DG;Deutschland;ENRG03;Energieträger;GAS-GRUB;Grubengas;.;MWh;WRM001;Nettowärmeerzeugung;
43311;Monatserhebung ü. Elektrizitäts- u. Wärmeerzeugung;JAHR;Jahr;2024;DINSG;Deutschland insgesamt;DG;Deutschland;ENRG03;Energieträger;GAS-GRUB;Grubengas;486810;MWh;EKT002;Elektrizitätserzeugung (netto);e
43311;Monatserhebung ü. Elektrizitäts- u. Wärmeerzeugung;JAHR;Jahr;2024;DINSG;Deutschland insgesamt;DG;Deutschland;ENRG03;Energieträger;GAS-GRUB;Grubengas;491218;MWh;EKT001;Elektrizitätserzeugung (brutto);e
43311;Monatserhebung ü. Elektrizitäts- u. Wärmeerzeugung;JAHR;Jahr;2024;DINSG;Deutschland insgesamt;DG;Deutschland;ENRG03;Energieträger;GAS-GRUB;Grubengas;4705550;GJ;BRN001;Brennstoffeinsatz;e
43311;Monatserhebung ü. Elektrizitäts- u. Wärmeerzeugung;JAHR;Jahr;2007;DINSG;Deutschland insgesamt;DG;Deutschland;ENRG03;Energieträger;KHL-S-SONST;Sonstige Steinkohlen;-;MWh;WRM001;Nettowärmeerzeugung;
43311;Monatserhebung ü. Elektrizitäts- u. Wärmeerzeugung;JAHR;Jahr;2007;DINSG;Deutschland insgesamt;DG;Deutschland;ENRG03;Energieträger;KHL-S-SONST;Sonstige Steinkohlen;-;MWh;EKT002;Elektrizitätserzeugung (netto);
43311;Monatserhebung ü. Elektrizitäts- u. Wärmeerzeugung;JAHR;Jahr;2007;DINSG;Deutschland insgesamt;DG;Deutschland;ENRG03;Energieträger;KHL-S-SONST;Sonstige Steinkohlen;-;MWh;EKT001;Elektrizitätserzeugung (brutto);
43311;Monatserhebung ü. Elektrizitäts- u. Wärmeerzeugung;JAHR;Jahr;2007;DINSG;Deutschland insgesamt;DG;Deutschland;ENRG03;Energieträger;KHL-S-SONST;Sonstige Steinkohlen;-;GJ;BRN001;Brennstoffeinsatz;
43311;Monatserhebung ü. Elektrizitäts- u. Wärmeerzeugung;JAHR;Jahr;2013;DINSG;Deutschland insgesamt;DG;Deutschland;ENRG03;Energieträger;OEL-H-L-01;Heizöl, leicht;313970;MWh;WRM001;Nettowärmeerzeugung;e
43311;Monatserhebung ü. Elektrizitäts- u. Wärmeerzeugung;JAHR;Jahr;2013;DINSG;Deutschland insgesamt;DG;Deutschland;ENRG03;Energieträger;OEL-H-L-01;Heizöl, leicht;566103;MWh;EKT002;Elektrizitätserzeugung (netto);e
43311;Monatserhebung ü. Elektrizitäts- u. Wärmeerzeugung;JAHR;Jahr;2013;DINSG;Deutschland insgesamt;DG;Deutschland;ENRG03;Energieträger;OEL-H-L-01;Heizöl, leicht;618462;MWh;EKT001;Elektrizitätserzeugung (brutto);e
43311;Monatserhebung ü. Elektrizitäts- u. Wärmeerzeugung;JAHR;Jahr;2013;DINSG;Deutschland insgesamt;DG;Deutschland;ENRG03;Energieträger;OEL-H-L-01;Heizöl, leicht;8426073;GJ;BRN001;Brennstoffeinsatz;e
43311;Monatserhebung ü. Elektrizitäts- u. Wärmeerzeugung;JAHR;Jahr;2004;DINSG;Deutschland insgesamt;DG;Deutschland;ENRG03;Energieträger;BIO-F-01;Feste biogene Stoffe;1133647;MWh;WRM001;Nettowärmeerzeugung;e
43311;Monatserhebung ü. Elektrizitäts- u. Wärmeerzeugung;JAHR;Jahr;2004;DINSG;Deutschland insgesamt;DG;Deutschland;ENRG03;Energieträger;BIO-F-01;Feste biogene Stoffe;675775;MWh;EKT002;Elektrizitätserzeugung (netto);e
43311;Monatserhebung ü. Elektrizitäts- u. Wärmeerzeugung;JAHR;Jahr;2004;DINSG;Deutschland insgesamt;DG;Deutschland;ENRG03;Energieträger;BIO-F-01;Feste biogene Stoffe;740095;MWh;EKT001;Elektrizitätserzeugung (brutto);e
43311;Monatserhebung ü. Elektrizitäts- u. Wärmeerzeugung;JAHR;Jahr;2004;DINSG;Deutschland insgesamt;DG;Deutschland;ENRG03;Energieträger;BIO-F-01;Feste biogene Stoffe;13339763;GJ;BRN001;Brennstoffeinsatz;e
43311;Monatserhebung ü. Elektrizitäts- u. Wärmeerzeugung;JAHR;Jahr;2023;DINSG;Deutschland insgesamt;DG;Deutschland;ENRG03;Energieträger;SOLTH-01;Solarthermie;-;MWh;WRM001;Nettowärmeerzeugung;
43311;Monatserhebung ü. Elektrizitäts- u. Wärmeerzeugung;JAHR;Jahr;2023;DINSG;Deutschland insgesamt;DG;Deutschland;ENRG03;Energieträger;SOLTH-01;Solarthermie;-;MWh;EKT002;Elektrizitätserzeugung (netto);
43311;Monatserhebung ü. Elektrizitäts- u. Wärmeerzeugung;JAHR;Jahr;2023;DINSG;Deutschland insgesamt;DG;Deutschland;ENRG03;Energieträger;SOLTH-01;Solarthermie;-;MWh;EKT001;Elektrizitätserzeugung (brutto);
43311;Monatserhebung ü. Elektrizitäts- u. Wärmeerzeugung;JAHR;Jahr;2023;DINSG;Deutschland insgesamt;DG;Deutschland;ENRG03;Energieträger;SOLTH-01;Solarthermie;-;GJ;BRN001;Brennstoffeinsatz;
43311;Monatserhebung ü. Elektrizitäts- u. Wärmeerzeugung;JAHR;Jahr;2011;DINSG;Deutschland insgesamt;DG;Deutschland;ENRG03;Energieträger;GAS-GRUB;Grubengas;64568;MWh;WRM001;Nettowärmeerzeugung;e
43311;Monatserhebung ü. Elektrizitäts- u. Wärmeerzeugung;JAHR;Jahr;2011;DINSG;Deutschland insgesamt;DG;Deutschland;ENRG03;Energieträger;GAS-GRUB;Grubengas;393635;MWh;EKT002;Elektrizitätserzeugung (netto);e
43311;Monatserhebung ü. Elektrizitäts- u. Wärmeerzeugung;JAHR;Jahr;2011;DINSG;Deutschland insgesamt;DG;Deutschland;ENRG03;Energieträger;GAS-GRUB;Grubengas;398047;MWh;EKT001;Elektrizitätserzeugung (brutto);e
43311;Monatserhebung ü. Elektrizitäts- u. Wärmeerzeugung;JAHR;Jahr;2011;DINSG;Deutschland insgesamt;DG;Deutschland;ENRG03;Energieträger;GAS-GRUB;Grubengas;3458550;GJ;BRN001;Brennstoffeinsatz;e
43311;Monatserhebung ü. Elektrizitäts- u. Wärmeerzeugung;JAHR;Jahr;2012;DINSG;Deutschland insgesamt;DG;Deutschland;ENRG03;Energieträger;WAS-SP-01;Speicherwasser;-;MWh;WRM001;Nettowärmeerzeugung;
43311;Monatserhebung ü. Elektrizitäts- u. Wärmeerzeugung;JAHR;Jahr;2012;DINSG;Deutschland insgesamt;DG;Deutschland;ENRG03;Energieträger;WAS-SP-01;Speicherwasser;800037;MWh;EKT002;Elektrizitätserzeugung (netto);e
43311;Monatserhebung ü. Elektrizitäts- u. Wärmeerzeugung;JAHR;Jahr;2012;DINSG;Deutschland insgesamt;DG;Deutschland;ENRG03;Energieträger;WAS-SP-01;Speicherwasser;804633;MWh;EKT001;Elektrizitätserzeugung (brutto);e
43311;Monatserhebung ü. Elektrizitäts- u. Wärmeerzeugung;JAHR;Jahr;2012;DINSG;Deutschland insgesamt;DG;Deutschland;ENRG03;Energieträger;WAS-SP-01;Speicherwasser;-;GJ;BRN001;Brennstoffeinsatz;
43311;Monatserhebung ü. Elektrizitäts- u. Wärmeerzeugung;JAHR;Jahr;2009;DINSG;Deutschland insgesamt;DG;Deutschland;ENRG03;Energieträger;ABF-01;Abfall (Hausmüll, Industrie);11955268;MWh;WRM001;Nettowärmeerzeugung;e
43311;Monatserhebung ü. Elektrizitäts- u. Wärmeerzeugung;JAHR;Jahr;2009;DINSG;Deutschland insgesamt;DG;Deutschland;ENRG03;Energieträger;ABF-01;Abfall (Hausmüll, Industrie);7283341;MWh;EKT002;Elektrizitätserzeugung (netto);e
43311;Monatserhebung ü. Elektrizitäts- u. Wärmeerzeugung;JAHR;Jahr;2009;DINSG;Deutschland insgesamt;DG;Deutschland;ENRG03;Energieträger;ABF-01;Abfall (Hausmüll, Industrie);9352548;MWh;EKT001;Elektrizitätserzeugung (brutto);e
43311;Monatserhebung ü. Elektrizitäts- u. Wärmeerzeugung;JAHR;Jahr;2009;DINSG;Deutschland insgesamt;DG;Deutschland;ENRG03;Energieträger;ABF-01;Abfall (Hausmüll, Industrie);176552896;GJ;BRN001;Brennstoffeinsatz;e
43311;Monatserhebung ü. Elektrizitäts- u. Wärmeerzeugung;JAHR;Jahr;2019;DINSG;Deutschland insgesamt;DG;Deutschland;ENRG03;Energieträger;GAS-BIO;Biogas;1617006;MWh;WRM001;Nettowärmeerzeugung;e
43311;Monatserhebung ü. Elektrizitäts- u. Wärmeerzeugung;JAHR;Jahr;2019;DINSG;Deutschland insgesamt;DG;Deutschland;ENRG03;Energieträger;GAS-BIO;Biogas;1909288;MWh;EKT002;Elektrizitätserzeugung (netto);e
43311;Monatserhebung ü. Elektrizitäts- u. Wärmeerzeugung;JAHR;Jahr;2019;DINSG;Deutschland insgesamt;DG;Deutschland;ENRG03;Energieträger;GAS-BIO;Biogas;1974568;MWh;EKT001;Elektrizitätserzeugung (brutto);e
43311;Monatserhebung ü. Elektrizitäts- u. Wärmeerzeugung;JAHR;Jahr;2019;DINSG;Deutschland insgesamt;DG;Deutschland;ENRG03;Energieträger;GAS-BIO;Biogas;18522614;GJ;BRN001;Brennstoffeinsatz;e
43311;Monatserhebung ü. Elektrizitäts- u. Wärmeerzeugung;JAHR;Jahr;2004;DINSG;Deutschland insgesamt;DG;Deutschland;ENRG03;Energieträger;KHL-S-SONST;Sonstige Steinkohlen;-;MWh;WRM001;Nettowärmeerzeugung;
43311;Monatserhebung ü. Elektrizitäts- u. Wärmeerzeugung;JAHR;Jahr;2004;DINSG;Deutschland insgesamt;DG;Deutschland;ENRG03;Energieträger;KHL-S-SONST;Sonstige Steinkohlen;-;MWh;EKT002;Elektrizitätserzeugung (netto);
43311;Monatserhebung ü. Elektrizitäts- u. Wärmeerzeugung;JAHR;Jahr;2004;DINSG;Deutschland insgesamt;DG;Deutschland;ENRG03;Energieträger;KHL-S-SONST;Sonstige Steinkohlen;-;MWh;EKT001;Elektrizitätserzeugung (brutto);
43311;Monatserhebung ü. Elektrizitäts- u. Wärmeerzeugung;JAHR;Jahr;2004;DINSG;Deutschland insgesamt;DG;Deutschland;ENRG03;Energieträger;KHL-S-SONST;Sonstige Steinkohlen;-;GJ;BRN001;Brennstoffeinsatz;
43311;Monatserhebung ü. Elektrizitäts- u. Wärmeerzeugung;JAHR;Jahr;2017;DINSG;Deutschland insgesamt;DG;Deutschland;ENRG03;Energieträger;BIO-F-01;Feste biogene Stoffe;5427041;MWh;WRM001;Nettowärmeerzeugung;e
43311;Monatserhebung ü. Elektrizitäts- u. Wärmeerzeugung;JAHR;Jahr;2017;DINSG;Deutschland insgesamt;DG;Deutschland;ENRG03;Energieträger;BIO-F-01;Feste biogene Stoffe;4703454;MWh;EKT002;Elektrizitätserzeugung (netto);e
43311;Monatserhebung ü. Elektrizitäts- u. Wärmeerzeugung;JAHR;Jahr;2017;DINSG;Deutschland insgesamt;DG;Deutschland;ENRG03;Energieträger;BIO-F-01;Feste biogene Stoffe;5211906;MWh;EKT001;Elektrizitätserzeugung (brutto);e
43311;Monatserhebung ü. Elektrizitäts- u. Wärmeerzeugung;JAHR;Jahr;2017;DINSG;Deutschland insgesamt;DG;Deutschland;ENRG03;Energieträger;BIO-F-01;Feste biogene Stoffe;79254335;GJ;BRN001;Brennstoffeinsatz;e
43311;Monatserhebung ü. Elektrizitäts- u. Wärmeerzeugung;JAHR;Jahr;2005;DINSG;Deutschland insgesamt;DG;Deutschland;ENRG03;Energieträger;KHL-B-STK;Staub- und Trockenkohle;919604;MWh;WRM001;Nettowärmeerzeugung;e
43311;Monatserhebung ü. Elektrizitäts- u. Wärmeerzeugung;JAHR;Jahr;2005;DINSG;Deutschland insgesamt;DG;Deutschland;ENRG03;Energieträger;KHL-B-STK;Staub- und Trockenkohle;493265;MWh;EKT002;Elektrizitätserzeugung (netto);e
43311;Monatserhebung ü. Elektrizitäts- u. Wärmeerzeugung;JAHR;Jahr;2005;DINSG;Deutschland insgesamt;DG;Deutschland;ENRG03;Energieträger;KHL-B-STK;Staub- und Trockenkohle;545007;MWh;EKT001;Elektrizitätserzeugung (brutto);e
43311;Monatserhebung ü. Elektrizitäts- u. Wärmeerzeugung;JAHR;Jahr;2005;DINSG;Deutschland insgesamt;DG;Deutschland;ENRG03;Energieträger;KHL-B-STK;Staub- und Trockenkohle;8098645;GJ;BRN001;Brennstoffeinsatz;e
43311;Monatserhebung ü. Elektrizitäts- u. Wärmeerzeugung;JAHR;Jahr;2016;DINSG;Deutschland insgesamt;DG;Deutschland;ENRG03;Energieträger;GAS-E-02;Erdgas, Erdölgas;44807528;MWh;WRM001;Nettowärmeerzeugung;e
43311;Monatserhebung ü. Elektrizitäts- u. Wärmeerzeugung;JAHR;Jahr;2016;DINSG;Deutschland insgesamt;DG;Deutschland;ENRG03;Energieträger;GAS-E-02;Erdgas, Erdölgas;46503022;MWh;EKT002;Elektrizitätserzeugung (netto);e
43311;Monatserhebung ü. Elektrizitäts- u. Wärmeerzeugung;JAHR;Jahr;2016;DINSG;Deutschland insgesamt;DG;Deutschland;ENRG03;Energieträger;GAS-E-02;Erdgas, Erdölgas;47900135;MWh;EKT001;Elektrizitätserzeugung (brutto);e
43311;Monatserhebung ü. Elektrizitäts- u. Wärmeerzeugung;JAHR;Jahr;2016;DINSG;Deutschland insgesamt;DG;Deutschland;ENRG03;Energieträger;GAS-E-02;Erdgas, Erdölgas;452404493;GJ;BRN001;Brennstoffeinsatz;e
43311;Monatserhebung ü. Elektrizitäts- u. Wärmeerzeugung;JAHR;Jahr;2005;DINSG;Deutschland insgesamt;DG;Deutschland;ENRG03;Energieträger;WAS-SP-01;Speicherwasser;-;MWh;WRM001;Nettowärmeerzeugung;
43311;Monatserhebung ü. Elektrizitäts- u. Wärmeerzeugung;JAHR;Jahr;2005;DINSG;Deutschland insgesamt;DG;Deutschland;ENRG03;Energieträger;WAS-SP-01;Speicherwasser;622529;MWh;EKT002;Elektrizitätserzeugung (netto);e
43311;Monatserhebung ü. Elektrizitäts- u. Wärmeerzeugung;JAHR;Jahr;2005;DINSG;Deutschland insgesamt;DG;Deutschland;ENRG03;Energieträger;WAS-SP-01;Speicherwasser;636645;MWh;EKT001;Elektrizitätserzeugung (brutto);e
43311;Monatserhebung ü. Elektrizitäts- u. Wärmeerzeugung;JAHR;Jahr;2005;DINSG;Deutschland insgesamt;DG;Deutschland;ENRG03;Energieträger;WAS-SP-01;Speicherwasser;-;GJ;BRN001;Brennstoffeinsatz;
43311;Monatserhebung ü. Elektrizitäts- u. Wärmeerzeugung;JAHR;Jahr;2005;DINSG;Deutschland insgesamt;DG;Deutschland;ENRG03;Energieträger;KLS-01;Klärschlamm;11345;MWh;WRM001;Nettowärmeerzeugung;e
43311;Monatserhebung ü. Elektrizitäts- u. Wärmeerzeugung;JAHR;Jahr;2005;DINSG;Deutschland insgesamt;DG;Deutschland;ENRG03;Energieträger;KLS-01;Klärschlamm;155546;MWh;EKT002;Elektrizitätserzeugung (netto);e
43311;Monatserhebung ü. Elektrizitäts- u. Wärmeerzeugung;JAHR;Jahr;2005;DINSG;Deutschland insgesamt;DG;Deutschland;ENRG03;Energieträger;KLS-01;Klärschlamm;171350;MWh;EKT001;Elektrizitätserzeugung (brutto);e
43311;Monatserhebung ü. Elektrizitäts- u. Wärmeerzeugung;JAHR;Jahr;2005;DINSG;Deutschland insgesamt;DG;Deutschland;ENRG03;Energieträger;KLS-01;Klärschlamm;2368672;GJ;BRN001;Brennstoffeinsatz;e
43311;Monatserhebung ü. Elektrizitäts- u. Wärmeerzeugung;JAHR;Jahr;2019;DINSG;Deutschland insgesamt;DG;Deutschland;ENRG03;Energieträger;ABF-02;Abfall (Industrie);1624998;MWh;WRM001;Nettowärmeerzeugung;e
43311;Monatserhebung ü. Elektrizitäts- u. Wärmeerzeugung;JAHR;Jahr;2019;DINSG;Deutschland insgesamt;DG;Deutschland;ENRG03;Energieträger;ABF-02;Abfall (Industrie);546308;MWh;EKT002;Elektrizitätserzeugung (netto);e
43311;Monatserhebung ü. Elektrizitäts- u. Wärmeerzeugung;JAHR;Jahr;2019;DINSG;Deutschland insgesamt;DG;Deutschland;ENRG03;Energieträger;ABF-02;Abfall (Industrie);696520;MWh;EKT001;Elektrizitätserzeugung (brutto);e
43311;Monatserhebung ü. Elektrizitäts- u. Wärmeerzeugung;JAHR;Jahr;2019;DINSG;Deutschland insgesamt;DG;Deutschland;ENRG03;Energieträger;ABF-02;Abfall (Industrie);14346933;GJ;BRN001;Brennstoffeinsatz;e
43311;Monatserhebung ü. Elektrizitäts- u. Wärmeerzeugung;JAHR;Jahr;2010;DINSG;Deutschland insgesamt;DG;Deutschland;ENRG03;Energieträger;KHL-B-SONST;Sonstige Braunkohlen;6763;MWh;WRM001;Nettowärmeerzeugung;e
43311;Monatserhebung ü. Elektrizitäts- u. Wärmeerzeugung;JAHR;Jahr;2010;DINSG;Deutschland insgesamt;DG;Deutschland;ENRG03;Energieträger;KHL-B-SONST;Sonstige Braunkohlen;27431;MWh;EKT002;Elektrizitätserzeugung (netto);e
43311;Monatserhebung ü. Elektrizitäts- u. Wärmeerzeugung;JAHR;Jahr;2010;DINSG;Deutschland insgesamt;DG;Deutschland;ENRG03;Energieträger;KHL-B-SONST;Sonstige Braunkohlen;29103;MWh;EKT001;Elektrizitätserzeugung (brutto);e
43311;Monatserhebung ü. Elektrizitäts- u. Wärmeerzeugung;JAHR;Jahr;2010;DINSG;Deutschland insgesamt;DG;Deutschland;ENRG03;Energieträger;KHL-B-SONST;Sonstige Braunkohlen;265719;GJ;BRN001;Brennstoffeinsatz;e
43311;Monatserhebung ü. Elektrizitäts- u. Wärmeerzeugung;JAHR;Jahr;2014;DINSG;Deutschland insgesamt;DG;Deutschland;ENRG03;Energieträger;WAS-LF-01;Laufwasser;-;MWh;WRM001;Nettowärmeerzeugung;
43311;Monatserhebung ü. Elektrizitäts- u. Wärmeerzeugung;JAHR;Jahr;2014;DINSG;Deutschland insgesamt;DG;Deutschland;ENRG03;Energieträger;WAS-LF-01;Laufwasser;14965005;MWh;EKT002;Elektrizitätserzeugung (netto);e
43311;Monatserhebung ü. Elektrizitäts- u. Wärmeerzeugung;JAHR;Jahr;2014;DINSG;Deutschland insgesamt;DG;Deutschland;ENRG03;Energieträger;WAS-LF-01;Laufwasser;15172573;MWh;EKT001;Elektrizitätserzeugung (brutto);e
43311;Monatserhebung ü. Elektrizitäts- u. Wärmeerzeugung;JAHR;Jahr;2014;DINSG;Deutschland insgesamt;DG;Deutschland;ENRG03;Energieträger;WAS-LF-01;Laufwasser;-;GJ;BRN001;Brennstoffeinsatz;
43311;Monatserhebung ü. Elektrizitäts- u. Wärmeerzeugung;JAHR;Jahr;2019;DINSG;Deutschland insgesamt;DG;Deutschland;ENRG03;Energieträger;WRM-01;Wärme;1680029;MWh;WRM001;Nettowärmeerzeugung;e
43311;Monatserhebung ü. Elektrizitäts- u. Wärmeerzeugung;JAHR;Jahr;2019;DINSG;Deutschland insgesamt;DG;Deutschland;ENRG03;Energieträger;WRM-01;Wärme;541179;MWh;EKT002;Elektrizitätserzeugung (netto);e
43311;Monatserhebung ü. Elektrizitäts- u. Wärmeerzeugung;JAHR;Jahr;2019;DINSG;Deutschland insgesamt;DG;Deutschland;ENRG03;Energieträger;WRM-01;Wärme;565802;MWh;EKT001;Elektrizitätserzeugung (brutto);e
43311;Monatserhebung ü. Elektrizitäts- u. Wärmeerzeugung;JAHR;Jahr;2019;DINSG;Deutschland insgesamt;DG;Deutschland;ENRG03;Energieträger;WRM-01;Wärme;11210020;GJ;BRN001;Brennstoffeinsatz;e
43311;Monatserhebung ü. Elektrizitäts- u. Wärmeerzeugung;JAHR;Jahr;2016;DINSG;Deutschland insgesamt;DG;Deutschland;ENRG03;Energieträger;PHOTO-01;Photovoltaik;-;MWh;WRM001;Nettowärmeerzeugung;
43311;Monatserhebung ü. Elektrizitäts- u. Wärmeerzeugung;JAHR;Jahr;2016;DINSG;Deutschland insgesamt;DG;Deutschland;ENRG03;Energieträger;PHOTO-01;Photovoltaik;-;MWh;EKT002;Elektrizitätserzeugung (netto);
43311;Monatserhebung ü. Elektrizitäts- u. Wärmeerzeugung;JAHR;Jahr;2016;DINSG;Deutschland insgesamt;DG;Deutschland;ENRG03;Energieträger;PHOTO-01;Photovoltaik;-;MWh;EKT001;Elektrizitätserzeugung (brutto);
43311;Monatserhebung ü. Elektrizitäts- u. Wärmeerzeugung;JAHR;Jahr;2016;DINSG;Deutschland insgesamt;DG;Deutschland;ENRG03;Energieträger;PHOTO-01;Photovoltaik;-;GJ;BRN001;Brennstoffeinsatz;
43311;Monatserhebung ü. Elektrizitäts- u. Wärmeerzeugung;JAHR;Jahr;2003;DINSG;Deutschland insgesamt;DG;Deutschland;ENRG03;Energieträger;GEOTH-01;Geothermie;-;MWh;WRM001;Nettowärmeerzeugung;
43311;Monatserhebung ü. Elektrizitäts- u. Wärmeerzeugung;JAHR;Jahr;2003;DINSG;Deutschland insgesamt;DG;Deutschland;ENRG03;Energieträger;GEOTH-01;Geothermie;-;MWh;EKT002;Elektrizitätserzeugung (netto);
43311;Monatserhebung ü. Elektrizitäts- u. Wärmeerzeugung;JAHR;Jahr;2003;DINSG;Deutschland insgesamt;DG;Deutschland;ENRG03;Energieträger;GEOTH-01;Geothermie;-;MWh;EKT001;Elektrizitätserzeugung (brutto);
43311;Monatserhebung ü. Elektrizitäts- u. Wärmeerzeugung;JAHR;Jahr;2003;DINSG;Deutschland insgesamt;DG;Deutschland;ENRG03;Energieträger;GEOTH-01;Geothermie;-;GJ;BRN001;Brennstoffeinsatz;
43311;Monatserhebung ü. Elektrizitäts- u. Wärmeerzeugung;JAHR;Jahr;2020;DINSG;Deutschland insgesamt;DG;Deutschland;ENRG03;Energieträger;ABF-01;Abfall (Hausmüll, Industrie);0;MWh;WRM001;Nettowärmeerzeugung;e
43311;Monatserhebung ü. Elektrizitäts- u. Wärmeerzeugung;JAHR;Jahr;2020;DINSG;Deutschland insgesamt;DG;Deutschland;ENRG03;Energieträger;ABF-01;Abfall (Hausmüll, Industrie);0;MWh;EKT002;Elektrizitätserzeugung (netto);e
43311;Monatserhebung ü. Elektrizitäts- u. Wärmeerzeugung;JAHR;Jahr;2020;DINSG;Deutschland insgesamt;DG;Deutschland;ENRG03;Energieträger;ABF-01;Abfall (Hausmüll, Industrie);0;MWh;EKT001;Elektrizitätserzeugung (brutto);e
43311;Monatserhebung ü. Elektrizitäts- u. Wärmeerzeugung;JAHR;Jahr;2020;DINSG;Deutschland insgesamt;DG;Deutschland;ENRG03;Energieträger;ABF-01;Abfall (Hausmüll, Industrie);0;GJ;BRN001;Brennstoffeinsatz;e
43311;Monatserhebung ü. Elektrizitäts- u. Wärmeerzeugung;JAHR;Jahr;2004;DINSG;Deutschland insgesamt;DG;Deutschland;ENRG03;Energieträger;WAS-PSP-03;Pumpspeicher ohne natürlichen Zufluss;-;MWh;WRM001;Nettowärmeerzeugung;
43311;Monatserhebung ü. Elektrizitäts- u. Wärmeerzeugung;JAHR;Jahr;2004;DINSG;Deutschland insgesamt;DG;Deutschland;ENRG03;Energieträger;WAS-PSP-03;Pumpspeicher ohne natürlichen Zufluss;-;MWh;EKT002;Elektrizitätserzeugung (netto);
43311;Monatserhebung ü. Elektrizitäts- u. Wärmeerzeugung;JAHR;Jahr;2004;DINSG;Deutschland insgesamt;DG;Deutschland;ENRG03;Energieträger;WAS-PSP-03;Pumpspeicher ohne natürlichen Zufluss;-;MWh;EKT001;Elektrizitätserzeugung (brutto);
43311;Monatserhebung ü. Elektrizitäts- u. Wärmeerzeugung;JAHR;Jahr;2004;DINSG;Deutschland insgesamt;DG;Deutschland;ENRG03;Energieträger;WAS-PSP-03;Pumpspeicher ohne natürlichen Zufluss;-;GJ;BRN001;Brennstoffeinsatz;
43311;Monatserhebung ü. Elektrizitäts- u. Wärmeerzeugung;JAHR;Jahr;2015;DINSG;Deutschland insgesamt;DG;Deutschland;ENRG03;Energieträger;GAS-GRUB;Grubengas;.;MWh;WRM001;Nettowärmeerzeugung;
43311;Monatserhebung ü. Elektrizitäts- u. Wärmeerzeugung;JAHR;Jahr;2015;DINSG;Deutschland insgesamt;DG;Deutschland;ENRG03;Energieträger;GAS-GRUB;Grubengas;.;MWh;EKT002;Elektrizitätserzeugung (netto);
43311;Monatserhebung ü. Elektrizitäts- u. Wärmeerzeugung;JAHR;Jahr;2015;DINSG;Deutschland insgesamt;DG;Deutschland;ENRG03;Energieträger;GAS-GRUB;Grubengas;.;MWh;EKT001;Elektrizitätserzeugung (brutto);
43311;Monatserhebung ü. Elektrizitäts- u. Wärmeerzeugung;JAHR;Jahr;2015;DINSG;Deutschland insgesamt;DG;Deutschland;ENRG03;Energieträger;GAS-GRUB;Grubengas;.;GJ;BRN001;Brennstoffeinsatz;
43311;Monatserhebung ü. Elektrizitäts- u. Wärmeerzeugung;JAHR;Jahr;2023;DINSG;Deutschland insgesamt;DG;Deutschland;ENRG03;Energieträger;GAS-DEP;Deponiegas;29940;MWh;WRM001;Nettowärmeerzeugung;p
43311;Monatserhebung ü. Elektrizitäts- u. Wärmeerzeugung;JAHR;Jahr;2023;DINSG;Deutschland insgesamt;DG;Deutschland;ENRG03;Energieträger;GAS-DEP;Deponiegas;53592;MWh;EKT002;Elektrizitätserzeugung (netto);p
43311;Monatserhebung ü. Elektrizitäts- u. Wärmeerzeugung;JAHR;Jahr;2023;DINSG;Deutschland insgesamt;DG;Deutschland;ENRG03;Energieträger;GAS-DEP;Deponiegas;57260;MWh;EKT001;Elektrizitätserzeugung (brutto);p
43311;Monatserhebung ü. Elektrizitäts- u. Wärmeerzeugung;JAHR;Jahr;2023;DINSG;Deutschland insgesamt;DG;Deutschland;ENRG03;Energieträger;GAS-DEP;Deponiegas;576985;GJ;BRN001;Brennstoffeinsatz;p
43311;Monatserhebung ü. Elektrizitäts- u. Wärmeerzeugung;JAHR;Jahr;2009;DINSG;Deutschland insgesamt;DG;Deutschland;ENRG03;Energieträger;ENR-EB-SONST;Sonstige erneuerbare Energien;-;MWh;WRM001;Nettowärmeerzeugung;
43311;Monatserhebung ü. Elektrizitäts- u. Wärmeerzeugung;JAHR;Jahr;2009;DINSG;Deutschland insgesamt;DG;Deutschland;ENRG03;Energieträger;ENR-EB-SONST;Sonstige erneuerbare Energien;426;MWh;EKT002;Elektrizitätserzeugung (netto);e
43311;Monatserhebung ü. Elektrizitäts- u. Wärmeerzeugung;JAHR;Jahr;2009;DINSG;Deutschland insgesamt;DG;Deutschland;ENRG03;Energieträger;ENR-EB-SONST;Sonstige erneuerbare Energien;426;MWh;EKT001;Elektrizitätserzeugung (brutto);e
43311;Monatserhebung ü. Elektrizitäts- u. Wärmeerzeugung;JAHR;Jahr;2009;DINSG;Deutschland insgesamt;DG;Deutschland;ENRG03;Energieträger;ENR-EB-SONST;Sonstige erneuerbare Energien;-;GJ;BRN001;Brennstoffeinsatz;
43311;Monatserhebung ü. Elektrizitäts- u. Wärmeerzeugung;JAHR;Jahr;2020;DINSG;Deutschland insgesamt;DG;Deutschland;ENRG03;Energieträger;WRM-02;Wärmepumpen (Erd- und Umweltwärme);2029;MWh;WRM001;Nettowärmeerzeugung;e
43311;Monatserhebung ü. Elektrizitäts- u. Wärmeerzeugung;JAHR;Jahr;2020;DINSG;Deutschland insgesamt;DG;Deutschland;ENRG03;Energieträger;WRM-02;Wärmepumpen (Erd- und Umweltwärme);0;MWh;EKT002;Elektrizitätserzeugung (netto);e
43311;Monatserhebung ü. Elektrizitäts- u. Wärmeerzeugung;JAHR;Jahr;2020;DINSG;Deutschland insgesamt;DG;Deutschland;ENRG03;Energieträger;WRM-02;Wärmepumpen (Erd- und Umweltwärme);0;MWh;EKT001;Elektrizitätserzeugung (brutto);e
43311;Monatserhebung ü. Elektrizitäts- u. Wärmeerzeugung;JAHR;Jahr;2020;DINSG;Deutschland insgesamt;DG;Deutschland;ENRG03;Energieträger;WRM-02;Wärmepumpen (Erd- und Umweltwärme);0;GJ;BRN001;Brennstoffeinsatz;e
43311;Monatserhebung ü. Elektrizitäts- u. Wärmeerzeugung;JAHR;Jahr;2005;DINSG;Deutschland insgesamt;DG;Deutschland;ENRG03;Energieträger;KHL-S-KWS;Kohlenwertstoffe aus Steinkohle;-;MWh;WRM001;Nettowärmeerzeugung;
43311;Monatserhebung ü. Elektrizitäts- u. Wärmeerzeugung;JAHR;Jahr;2005;DINSG;Deutschland insgesamt;DG;Deutschland;ENRG03;Energieträger;KHL-S-KWS;Kohlenwertstoffe aus Steinkohle;-;MWh;EKT002;Elektrizitätserzeugung (netto);
43311;Monatserhebung ü. Elektrizitäts- u. Wärmeerzeugung;JAHR;Jahr;2005;DINSG;Deutschland insgesamt;DG;Deutschland;ENRG03;Energieträger;KHL-S-KWS;Kohlenwertstoffe aus Steinkohle;-;MWh;EKT001;Elektrizitätserzeugung (brutto);
43311;Monatserhebung ü. Elektrizitäts- u. Wärmeerzeugung;JAHR;Jahr;2005;DINSG;Deutschland insgesamt;DG;Deutschland;ENRG03;Energieträger;KHL-S-KWS;Kohlenwertstoffe aus Steinkohle;-;GJ;BRN001;Brennstoffeinsatz;
43311;Monatserhebung ü. Elektrizitäts- u. Wärmeerzeugung;JAHR;Jahr;2014;DINSG;Deutschland insgesamt;DG;Deutschland;ENRG03;Energieträger;BIO-FL-01;Flüssige biogene Stoffe;.;MWh;WRM001;Nettowärmeerzeugung;
43311;Monatserhebung ü. Elektrizitäts- u. Wärmeerzeugung;JAHR;Jahr;2014;DINSG;Deutschland insgesamt;DG;Deutschland;ENRG03;Energieträger;BIO-FL-01;Flüssige biogene Stoffe;.;MWh;EKT002;Elektrizitätserzeugung (netto);
43311;Monatserhebung ü. Elektrizitäts- u. Wärmeerzeugung;JAHR;Jahr;2014;DINSG;Deutschland insgesamt;DG;Deutschland;ENRG03;Energieträger;BIO-FL-01;Flüssige biogene Stoffe;.;MWh;EKT001;Elektrizitätserzeugung (brutto);
43311;Monatserhebung ü. Elektrizitäts- u. Wärmeerzeugung;JAHR;Jahr;2014;DINSG;Deutschland insgesamt;DG;Deutschland;ENRG03;Energieträger;BIO-FL-01;Flüssige biogene Stoffe;.;GJ;BRN001;Brennstoffeinsatz;
43311;Monatserhebung ü. Elektrizitäts- u. Wärmeerzeugung;JAHR;Jahr;2024;DINSG;Deutschland insgesamt;DG;Deutschland;ENRG03;Energieträger;ABF-01;Abfall (Hausmüll, Industrie);-;MWh;WRM001;Nettowärmeerzeugung;
43311;Monatserhebung ü. Elektrizitäts- u. Wärmeerzeugung;JAHR;Jahr;2024;DINSG;Deutschland insgesamt;DG;Deutschland;ENRG03;Energieträger;ABF-01;Abfall (Hausmüll, Industrie);-;MWh;EKT002;Elektrizitätserzeugung (netto);
43311;Monatserhebung ü. Elektrizitäts- u. Wärmeerzeugung;JAHR;Jahr;2024;DINSG;Deutschland insgesamt;DG;Deutschland;ENRG03;Energieträger;ABF-01;Abfall (Hausmüll, Industrie);-;MWh;EKT001;Elektrizitätserzeugung (brutto);
43311;Monatserhebung ü. Elektrizitäts- u. Wärmeerzeugung;JAHR;Jahr;2024;DINSG;Deutschland insgesamt;DG;Deutschland;ENRG03;Energieträger;ABF-01;Abfall (Hausmüll, Industrie);-;GJ;BRN001;Brennstoffeinsatz;
43311;Monatserhebung ü. Elektrizitäts- u. Wärmeerzeugung;JAHR;Jahr;2022;DINSG;Deutschland insgesamt;DG;Deutschland;ENRG03;Energieträger;ENRKER;Kernenergie;-;MWh;WRM001;Nettowärmeerzeugung;
43311;Monatserhebung ü. Elektrizitäts- u. Wärmeerzeugung;JAHR;Jahr;2022;DINSG;Deutschland insgesamt;DG;Deutschland;ENRG03;Energieträger;ENRKER;Kernenergie;32765409;MWh;EKT002;Elektrizitätserzeugung (netto);e
43311;Monatserhebung ü. Elektrizitäts- u. Wärmeerzeugung;JAHR;Jahr;2022;DINSG;Deutschland insgesamt;DG;Deutschland;ENRG03;Energieträger;ENRKER;Kernenergie;34709262;MWh;EKT001;Elektrizitätserzeugung (brutto);e
43311;Monatserhebung ü. Elektrizitäts- u. Wärmeerzeugung;JAHR;Jahr;2022;DINSG;Deutschland insgesamt;DG;Deutschland;ENRG03;Energieträger;ENRKER;Kernenergie;-;GJ;BRN001;Brennstoffeinsatz;
43311;Monatserhebung ü. Elektrizitäts- u. Wärmeerzeugung;JAHR;Jahr;2003;DINSG;Deutschland insgesamt;DG;Deutschland;ENRG03;Energieträger;DIESEL-01;Dieselkraftstoff;8;MWh;WRM001;Nettowärmeerzeugung;e
43311;Monatserhebung ü. Elektrizitäts- u. Wärmeerzeugung;JAHR;Jahr;2003;DINSG;Deutschland insgesamt;DG;Deutschland;ENRG03;Energieträger;DIESEL-01;Dieselkraftstoff;7064;MWh;EKT002;Elektrizitätserzeugung (netto);e
43311;Monatserhebung ü. Elektrizitäts- u. Wärmeerzeugung;JAHR;Jahr;2003;DINSG;Deutschland insgesamt;DG;Deutschland;ENRG03;Energieträger;DIESEL-01;Dieselkraftstoff;7232;MWh;EKT001;Elektrizitätserzeugung (brutto);e
43311;Monatserhebung ü. Elektrizitäts- u. Wärmeerzeugung;JAHR;Jahr;2003;DINSG;Deutschland insgesamt;DG;Deutschland;ENRG03;Energieträger;DIESEL-01;Dieselkraftstoff;77154;GJ;BRN001;Brennstoffeinsatz;e
43311;Monatserhebung ü. Elektrizitäts- u. Wärmeerzeugung;JAHR;Jahr;2007;DINSG;Deutschland insgesamt;DG;Deutschland;ENRG03;Energieträger;PHOTO-01;Photovoltaik;-;MWh;WRM001;Nettowärmeerzeugung;
43311;Monatserhebung ü. Elektrizitäts- u. Wärmeerzeugung;JAHR;Jahr;2007;DINSG;Deutschland insgesamt;DG;Deutschland;ENRG03;Energieträger;PHOTO-01;Photovoltaik;5529;MWh;EKT002;Elektrizitätserzeugung (netto);e
43311;Monatserhebung ü. Elektrizitäts- u. Wärmeerzeugung;JAHR;Jahr;2007;DINSG;Deutschland insgesamt;DG;Deutschland;ENRG03;Energieträger;PHOTO-01;Photovoltaik;5543;MWh;EKT001;Elektrizitätserzeugung (brutto);e
43311;Monatserhebung ü. Elektrizitäts- u. Wärmeerzeugung;JAHR;Jahr;2007;DINSG;Deutschland insgesamt;DG;Deutschland;ENRG03;Energieträger;PHOTO-01;Photovoltaik;-;GJ;BRN001;Brennstoffeinsatz;
43311;Monatserhebung ü. Elektrizitäts- u. Wärmeerzeugung;JAHR;Jahr;2014;DINSG;Deutschland insgesamt;DG;Deutschland;ENRG03;Energieträger;SOLTH-01;Solarthermie;-;MWh;WRM001;Nettowärmeerzeugung;
43311;Monatserhebung ü. Elektrizitäts- u. Wärmeerzeugung;JAHR;Jahr;2014;DINSG;Deutschland insgesamt;DG;Deutschland;ENRG03;Energieträger;SOLTH-01;Solarthermie;-;MWh;EKT002;Elektrizitätserzeugung (netto);
43311;Monatserhebung ü. Elektrizitäts- u. Wärmeerzeugung;JAHR;Jahr;2014;DINSG;Deutschland insgesamt;DG;Deutschland;ENRG03;Energieträger;SOLTH-01;Solarthermie;-;MWh;EKT001;Elektrizitätserzeugung (brutto);
43311;Monatserhebung ü. Elektrizitäts- u. Wärmeerzeugung;JAHR;Jahr;2014;DINSG;Deutschland insgesamt;DG;Deutschland;ENRG03;Energieträger;SOLTH-01;Solarthermie;-;GJ;BRN001;Brennstoffeinsatz;
43311;Monatserhebung ü. Elektrizitäts- u. Wärmeerzeugung;JAHR;Jahr;2015;DINSG;Deutschland insgesamt;DG;Deutschland;ENRG03;Energieträger;WRM-02;Wärmepumpen (Erd- und Umweltwärme);-;MWh;WRM001;Nettowärmeerzeugung;
43311;Monatserhebung ü. Elektrizitäts- u. Wärmeerzeugung;JAHR;Jahr;2015;DINSG;Deutschland insgesamt;DG;Deutschland;ENRG03;Energieträger;WRM-02;Wärmepumpen (Erd- und Umweltwärme);-;MWh;EKT002;Elektrizitätserzeugung (netto);
43311;Monatserhebung ü. Elektrizitäts- u. Wärmeerzeugung;JAHR;Jahr;2015;DINSG;Deutschland insgesamt;DG;Deutschland;ENRG03;Energieträger;WRM-02;Wärmepumpen (Erd- und Umweltwärme);-;MWh;EKT001;Elektrizitätserzeugung (brutto);
43311;Monatserhebung ü. Elektrizitäts- u. Wärmeerzeugung;JAHR;Jahr;2015;DINSG;Deutschland insgesamt;DG;Deutschland;ENRG03;Energieträger;WRM-02;Wärmepumpen (Erd- und Umweltwärme);-;GJ;BRN001;Brennstoffeinsatz;
43311;Monatserhebung ü. Elektrizitäts- u. Wärmeerzeugung;JAHR;Jahr;2008;DINSG;Deutschland insgesamt;DG;Deutschland;ENRG03;Energieträger;ENR-EB-SONST;Sonstige erneuerbare Energien;-;MWh;WRM001;Nettowärmeerzeugung;
43311;Monatserhebung ü. Elektrizitäts- u. Wärmeerzeugung;JAHR;Jahr;2008;DINSG;Deutschland insgesamt;DG;Deutschland;ENRG03;Energieträger;ENR-EB-SONST;Sonstige erneuerbare Energien;434;MWh;EKT002;Elektrizitätserzeugung (netto);e
43311;Monatserhebung ü. Elektrizitäts- u. Wärmeerzeugung;JAHR;Jahr;2008;DINSG;Deutschland insgesamt;DG;Deutschland;ENRG03;Energieträger;ENR-EB-SONST;Sonstige erneuerbare Energien;434;MWh;EKT001;Elektrizitätserzeugung (brutto);e
43311;Monatserhebung ü. Elektrizitäts- u. Wärmeerzeugung;JAHR;Jahr;2008;DINSG;Deutschland insgesamt;DG;Deutschland;ENRG03;Energieträger;ENR-EB-SONST;Sonstige erneuerbare Energien;-;GJ;BRN001;Brennstoffeinsatz;
43311;Monatserhebung ü. Elektrizitäts- u. Wärmeerzeugung;JAHR;Jahr;2008;DINSG;Deutschland insgesamt;DG;Deutschland;ENRG03;Energieträger;BIO-F-01;Feste biogene Stoffe;2006578;MWh;WRM001;Nettowärmeerzeugung;e
43311;Monatserhebung ü. Elektrizitäts- u. Wärmeerzeugung;JAHR;Jahr;2008;DINSG;Deutschland insgesamt;DG;Deutschland;ENRG03;Energieträger;BIO-F-01;Feste biogene Stoffe;2635183;MWh;EKT002;Elektrizitätserzeugung (netto);e
43311;Monatserhebung ü. Elektrizitäts- u. Wärmeerzeugung;JAHR;Jahr;2008;DINSG;Deutschland insgesamt;DG;Deutschland;ENRG03;Energieträger;BIO-F-01;Feste biogene Stoffe;2876040;MWh;EKT001;Elektrizitätserzeugung (brutto);e
43311;Monatserhebung ü. Elektrizitäts- u. Wärmeerzeugung;JAHR;Jahr;2008;DINSG;Deutschland insgesamt;DG;Deutschland;ENRG03;Energieträger;BIO-F-01;Feste biogene Stoffe;41655970;GJ;BRN001;Brennstoffeinsatz;e
43311;Monatserhebung ü. Elektrizitäts- u. Wärmeerzeugung;JAHR;Jahr;2020;DINSG;Deutschland insgesamt;DG;Deutschland;ENRG03;Energieträger;;Insgesamt;98526700;MWh;WRM001;Nettowärmeerzeugung;e
43311;Monatserhebung ü. Elektrizitäts- u. Wärmeerzeugung;JAHR;Jahr;2020;DINSG;Deutschland insgesamt;DG;Deutschland;ENRG03;Energieträger;;Insgesamt;270489799;MWh;EKT002;Elektrizitätserzeugung (netto);e
43311;Monatserhebung ü. Elektrizitäts- u. Wärmeerzeugung;JAHR;Jahr;2020;DINSG;Deutschland insgesamt;DG;Deutschland;ENRG03;Energieträger;;Insgesamt;289448384;MWh;EKT001;Elektrizitätserzeugung (brutto);e
43311;Monatserhebung ü. Elektrizitäts- u. Wärmeerzeugung;JAHR;Jahr;2020;DINSG;Deutschland insgesamt;DG;Deutschland;ENRG03;Energieträger;;Insgesamt;2099389972;GJ;BRN001;Brennstoffeinsatz;e
43311;Monatserhebung ü. Elektrizitäts- u. Wärmeerzeugung;JAHR;Jahr;2017;DINSG;Deutschland insgesamt;DG;Deutschland;ENRG03;Energieträger;GAS-HO-01;Hochofengas;-;MWh;WRM001;Nettowärmeerzeugung;
43311;Monatserhebung ü. Elektrizitäts- u. Wärmeerzeugung;JAHR;Jahr;2017;DINSG;Deutschland insgesamt;DG;Deutschland;ENRG03;Energieträger;GAS-HO-01;Hochofengas;-;MWh;EKT002;Elektrizitätserzeugung (netto);
43311;Monatserhebung ü. Elektrizitäts- u. Wärmeerzeugung;JAHR;Jahr;2017;DINSG;Deutschland insgesamt;DG;Deutschland;ENRG03;Energieträger;GAS-HO-01;Hochofengas;-;MWh;EKT001;Elektrizitätserzeugung (brutto);
43311;Monatserhebung ü. Elektrizitäts- u. Wärmeerzeugung;JAHR;Jahr;2017;DINSG;Deutschland insgesamt;DG;Deutschland;ENRG03;Energieträger;GAS-HO-01;Hochofengas;-;GJ;BRN001;Brennstoffeinsatz;
43311;Monatserhebung ü. Elektrizitäts- u. Wärmeerzeugung;JAHR;Jahr;2015;DINSG;Deutschland insgesamt;DG;Deutschland;ENRG03;Energieträger;ABF-02;Abfall (Industrie);1842178;MWh;WRM001;Nettowärmeerzeugung;e
43311;Monatserhebung ü. Elektrizitäts- u. Wärmeerzeugung;JAHR;Jahr;2015;DINSG;Deutschland insgesamt;DG;Deutschland;ENRG03;Energieträger;ABF-02;Abfall (Industrie);822491;MWh;EKT002;Elektrizitätserzeugung (netto);e
43311;Monatserhebung ü. Elektrizitäts- u. Wärmeerzeugung;JAHR;Jahr;2015;DINSG;Deutschland insgesamt;DG;Deutschland;ENRG03;Energieträger;ABF-02;Abfall (Industrie);1054020;MWh;EKT001;Elektrizitätserzeugung (brutto);e
43311;Monatserhebung ü. Elektrizitäts- u. Wärmeerzeugung;JAHR;Jahr;2015;DINSG;Deutschland insgesamt;DG;Deutschland;ENRG03;Energieträger;ABF-02;Abfall (Industrie);21768933;GJ;BRN001;Brennstoffeinsatz;e
43311;Monatserhebung ü. Elektrizitäts- u. Wärmeerzeugung;JAHR;Jahr;2021;DINSG;Deutschland insgesamt;DG;Deutschland;ENRG03;Energieträger;PHOTO-01;Photovoltaik;-;MWh;WRM001;Nettowärmeerzeugung;
43311;Monatserhebung ü. Elektrizitäts- u. Wärmeerzeugung;JAHR;Jahr;2021;DINSG;Deutschland insgesamt;DG;Deutschland;ENRG03;Energieträger;PHOTO-01;Photovoltaik;-;MWh;EKT002;Elektrizitätserzeugung (netto);
43311;Monatserhebung ü. Elektrizitäts- u. Wärmeerzeugung;JAHR;Jahr;2021;DINSG;Deutschland insgesamt;DG;Deutschland;ENRG03;Energieträger;PHOTO-01;Photovoltaik;-;MWh;EKT001;Elektrizitätserzeugung (brutto);
43311;Monatserhebung ü. Elektrizitäts- u. Wärmeerzeugung;JAHR;Jahr;2021;DINSG;Deutschland insgesamt;DG;Deutschland;ENRG03;Energieträger;PHOTO-01;Photovoltaik;-;GJ;BRN001;Brennstoffeinsatz;
43311;Monatserhebung ü. Elektrizitäts- u. Wärmeerzeugung;JAHR;Jahr;2014;DINSG;Deutschland insgesamt;DG;Deutschland;ENRG03;Energieträger;ABF-01;Abfall (Hausmüll, Industrie);-;MWh;WRM001;Nettowärmeerzeugung;
43311;Monatserhebung ü. Elektrizitäts- u. Wärmeerzeugung;JAHR;Jahr;2014;DINSG;Deutschland insgesamt;DG;Deutschland;ENRG03;Energieträger;ABF-01;Abfall (Hausmüll, Industrie);-;MWh;EKT002;Elektrizitätserzeugung (netto);
43311;Monatserhebung ü. Elektrizitäts- u. Wärmeerzeugung;JAHR;Jahr;2014;DINSG;Deutschland insgesamt;DG;Deutschland;ENRG03;Energieträger;ABF-01;Abfall (Hausmüll, Industrie);-;MWh;EKT001;Elektrizitätserzeugung (brutto);
43311;Monatserhebung ü. Elektrizitäts- u. Wärmeerzeugung;JAHR;Jahr;2014;DINSG;Deutschland insgesamt;DG;Deutschland;ENRG03;Energieträger;ABF-01;Abfall (Hausmüll, Industrie);-;GJ;BRN001;Brennstoffeinsatz;
43311;Monatserhebung ü. Elektrizitäts- u. Wärmeerzeugung;JAHR;Jahr;2024;DINSG;Deutschland insgesamt;DG;Deutschland;ENRG03;Energieträger;GAS-DEP;Deponiegas;30707;MWh;WRM001;Nettowärmeerzeugung;e
43311;Monatserhebung ü. Elektrizitäts- u. Wärmeerzeugung;JAHR;Jahr;2024;DINSG;Deutschland insgesamt;DG;Deutschland;ENRG03;Energieträger;GAS-DEP;Deponiegas;58672;MWh;EKT002;Elektrizitätserzeugung (netto);e
43311;Monatserhebung ü. Elektrizitäts- u. Wärmeerzeugung;JAHR;Jahr;2024;DINSG;Deutschland insgesamt;DG;Deutschland;ENRG03;Energieträger;GAS-DEP;Deponiegas;62409;MWh;EKT001;Elektrizitätserzeugung (brutto);e
43311;Monatserhebung ü. Elektrizitäts- u. Wärmeerzeugung;JAHR;Jahr;2024;DINSG;Deutschland insgesamt;DG;Deutschland;ENRG03;Energieträger;GAS-DEP;Deponiegas;643783;GJ;BRN001;Brennstoffeinsatz;e
43311;Monatserhebung ü. Elektrizitäts- u. Wärmeerzeugung;JAHR;Jahr;2024;DINSG;Deutschland insgesamt;DG;Deutschland;ENRG03;Energieträger;KHL-B-WSK;Wirbelschichtkohle;.;MWh;WRM001;Nettowärmeerzeugung;
43311;Monatserhebung ü. Elektrizitäts- u. Wärmeerzeugung;JAHR;Jahr;2024;DINSG;Deutschland insgesamt;DG;Deutschland;ENRG03;Energieträger;KHL-B-WSK;Wirbelschichtkohle;.;MWh;EKT002;Elektrizitätserzeugung (netto);
43311;Monatserhebung ü. Elektrizitäts- u. Wärmeerzeugung;JAHR;Jahr;2024;DINSG;Deutschland insgesamt;DG;Deutschland;ENRG03;Energieträger;KHL-B-WSK;Wirbelschichtkohle;.;MWh;EKT001;Elektrizitätserzeugung (brutto);
43311;Monatserhebung ü. Elektrizitäts- u. Wärmeerzeugung;JAHR;Jahr;2024;DINSG;Deutschland insgesamt;DG;Deutschland;ENRG03;Energieträger;KHL-B-WSK;Wirbelschichtkohle;.;GJ;BRN001;Brennstoffeinsatz;
43311;Monatserhebung ü. Elektrizitäts- u. Wärmeerzeugung;JAHR;Jahr;2010;DINSG;Deutschland insgesamt;DG;Deutschland;ENRG03;Energieträger;GAS-DEP;Deponiegas;31238;MWh;WRM001;Nettowärmeerzeugung;e
43311;Monatserhebung ü. Elektrizitäts- u. Wärmeerzeugung;JAHR;Jahr;2010;DINSG;Deutschland insgesamt;DG;Deutschland;ENRG03;Energieträger;GAS-DEP;Deponiegas;89394;MWh;EKT002;Elektrizitätserzeugung (netto);e
43311;Monatserhebung ü. Elektrizitäts- u. Wärmeerzeugung;JAHR;Jahr;2010;DINSG;Deutschland insgesamt;DG;Deutschland;ENRG03;Energieträger;GAS-DEP;Deponiegas;100350;MWh;EKT001;Elektrizitätserzeugung (brutto);e
43311;Monatserhebung ü. Elektrizitäts- u. Wärmeerzeugung;JAHR;Jahr;2010;DINSG;Deutschland insgesamt;DG;Deutschland;ENRG03;Energieträger;GAS-DEP;Deponiegas;876547;GJ;BRN001;Brennstoffeinsatz;e
43311;Monatserhebung ü. Elektrizitäts- u. Wärmeerzeugung;JAHR;Jahr;2009;DINSG;Deutschland insgesamt;DG;Deutschland;ENRG03;Energieträger;OEL-SONST;Sonstige Mineralölprodukte;34299;MWh;WRM001;Nettowärmeerzeugung;e
43311;Monatserhebung ü. Elektrizitäts- u. Wärmeerzeugung;JAHR;Jahr;2009;DINSG;Deutschland insgesamt;DG;Deutschland;ENRG03;Energieträger;OEL-SONST;Sonstige Mineralölprodukte;1477066;MWh;EKT002;Elektrizitätserzeugung (netto);e
43311;Monatserhebung ü. Elektrizitäts- u. Wärmeerzeugung;JAHR;Jahr;2009;DINSG;Deutschland insgesamt;DG;Deutschland;ENRG03;Energieträger;OEL-SONST;Sonstige Mineralölprodukte;1617856;MWh;EKT001;Elektrizitätserzeugung (brutto);e
43311;Monatserhebung ü. Elektrizitäts- u. Wärmeerzeugung;JAHR;Jahr;2009;DINSG;Deutschland insgesamt;DG;Deutschland;ENRG03;Energieträger;OEL-SONST;Sonstige Mineralölprodukte;14591948;GJ;BRN001;Brennstoffeinsatz;e
43311;Monatserhebung ü. Elektrizitäts- u. Wärmeerzeugung;JAHR;Jahr;2013;DINSG;Deutschland insgesamt;DG;Deutschland;ENRG03;Energieträger;KHL-S-01;Steinkohlen;34564898;MWh;WRM001;Nettowärmeerzeugung;e
43311;Monatserhebung ü. Elektrizitäts- u. Wärmeerzeugung;JAHR;Jahr;2013;DINSG;Deutschland insgesamt;DG;Deutschland;ENRG03;Energieträger;KHL-S-01;Steinkohlen;110723985;MWh;EKT002;Elektrizitätserzeugung (netto);e
43311;Monatserhebung ü. Elektrizitäts- u. Wärmeerzeugung;JAHR;Jahr;2013;DINSG;Deutschland insgesamt;DG;Deutschland;ENRG03;Energieträger;KHL-S-01;Steinkohlen;120700847;MWh;EKT001;Elektrizitätserzeugung (brutto);e
43311;Monatserhebung ü. Elektrizitäts- u. Wärmeerzeugung;JAHR;Jahr;2013;DINSG;Deutschland insgesamt;DG;Deutschland;ENRG03;Energieträger;KHL-S-01;Steinkohlen;1187739028;GJ;BRN001;Brennstoffeinsatz;e
43311;Monatserhebung ü. Elektrizitäts- u. Wärmeerzeugung;JAHR;Jahr;2012;DINSG;Deutschland insgesamt;DG;Deutschland;ENRG03;Energieträger;ENRKER;Kernenergie;-;MWh;WRM001;Nettowärmeerzeugung;
43311;Monatserhebung ü. Elektrizitäts- u. Wärmeerzeugung;JAHR;Jahr;2012;DINSG;Deutschland insgesamt;DG;Deutschland;ENRG03;Energieträger;ENRKER;Kernenergie;94180287;MWh;EKT002;Elektrizitätserzeugung (netto);e
43311;Monatserhebung ü. Elektrizitäts- u. Wärmeerzeugung;JAHR;Jahr;2012;DINSG;Deutschland insgesamt;DG;Deutschland;ENRG03;Energieträger;ENRKER;Kernenergie;99460199;MWh;EKT001;Elektrizitätserzeugung (brutto);e
43311;Monatserhebung ü. Elektrizitäts- u. Wärmeerzeugung;JAHR;Jahr;2012;DINSG;Deutschland insgesamt;DG;Deutschland;ENRG03;Energieträger;ENRKER;Kernenergie;-;GJ;BRN001;Brennstoffeinsatz;
43311;Monatserhebung ü. Elektrizitäts- u. Wärmeerzeugung;JAHR;Jahr;2010;DINSG;Deutschland insgesamt;DG;Deutschland;ENRG03;Energieträger;WIND-01;Windkraft;-;MWh;WRM001;Nettowärmeerzeugung;
43311;Monatserhebung ü. Elektrizitäts- u. Wärmeerzeugung;JAHR;Jahr;2010;DINSG;Deutschland insgesamt;DG;Deutschland;ENRG03;Energieträger;WIND-01;Windkraft;419334;MWh;EKT002;Elektrizitätserzeugung (netto);e
43311;Monatserhebung ü. Elektrizitäts- u. Wärmeerzeugung;JAHR;Jahr;2010;DINSG;Deutschland insgesamt;DG;Deutschland;ENRG03;Energieträger;WIND-01;Windkraft;420703;MWh;EKT001;Elektrizitätserzeugung (brutto);e
43311;Monatserhebung ü. Elektrizitäts- u. Wärmeerzeugung;JAHR;Jahr;2010;DINSG;Deutschland insgesamt;DG;Deutschland;ENRG03;Energieträger;WIND-01;Windkraft;-;GJ;BRN001;Brennstoffeinsatz;
43311;Monatserhebung ü. Elektrizitäts- u. Wärmeerzeugung;JAHR;Jahr;2011;DINSG;Deutschland insgesamt;DG;Deutschland;ENRG03;Energieträger;KHL-S-KOKS;Steinkohlenkoks;-;MWh;WRM001;Nettowärmeerzeugung;
43311;Monatserhebung ü. Elektrizitäts- u. Wärmeerzeugung;JAHR;Jahr;2011;DINSG;Deutschland insgesamt;DG;Deutschland;ENRG03;Energieträger;KHL-S-KOKS;Steinkohlenkoks;-;MWh;EKT002;Elektrizitätserzeugung (netto);
43311;Monatserhebung ü. Elektrizitäts- u. Wärmeerzeugung;JAHR;Jahr;2011;DINSG;Deutschland insgesamt;DG;Deutschland;ENRG03;Energieträger;KHL-S-KOKS;Steinkohlenkoks;-;MWh;EKT001;Elektrizitätserzeugung (brutto);
43311;Monatserhebung ü. Elektrizitäts- u. Wärmeerzeugung;JAHR;Jahr;2011;DINSG;Deutschland insgesamt;DG;Deutschland;ENRG03;Energieträger;KHL-S-KOKS;Steinkohlenkoks;-;GJ;BRN001;Brennstoffeinsatz;
43311;Monatserhebung ü. Elektrizitäts- u. Wärmeerzeugung;JAHR;Jahr;2002;DINSG;Deutschland insgesamt;DG;Deutschland;ENRG03;Energieträger;KHL-B-HART;Hartbraunkohlen;-;MWh;WRM001;Nettowärmeerzeugung;
43311;Monatserhebung ü. Elektrizitäts- u. Wärmeerzeugung;JAHR;Jahr;2002;DINSG;Deutschland insgesamt;DG;Deutschland;ENRG03;Energieträger;KHL-B-HART;Hartbraunkohlen;1894333;MWh;EKT002;Elektrizitätserzeugung (netto);e
43311;Monatserhebung ü. Elektrizitäts- u. Wärmeerzeugung;JAHR;Jahr;2002;DINSG;Deutschland insgesamt;DG;Deutschland;ENRG03;Energieträger;KHL-B-HART;Hartbraunkohlen;2078121;MWh;EKT001;Elektrizitätserzeugung (brutto);e
43311;Monatserhebung ü. Elektrizitäts- u. Wärmeerzeugung;JAHR;Jahr;2002;DINSG;Deutschland insgesamt;DG;Deutschland;ENRG03;Energieträger;KHL-B-HART;Hartbraunkohlen;20309676;GJ;BRN001;Brennstoffeinsatz;e
43311;Monatserhebung ü. Elektrizitäts- u. Wärmeerzeugung;JAHR;Jahr;2015;DINSG;Deutschland insgesamt;DG;Deutschland;ENRG03;Energieträger;KHL-B-BRIK;Braunkohlenbriketts;.;MWh;WRM001;Nettowärmeerzeugung;
43311;Monatserhebung ü. Elektrizitäts- u. Wärmeerzeugung;JAHR;Jahr;2015;DINSG;Deutschland insgesamt;DG;Deutschland;ENRG03;Energieträger;KHL-B-BRIK;Braunkohlenbriketts;.;MWh;EKT002;Elektrizitätserzeugung (netto);
43311;Monatserhebung ü. Elektrizitäts- u. Wärmeerzeugung;JAHR;Jahr;2015;DINSG;Deutschland insgesamt;DG;Deutschland;ENRG03;Energieträger;KHL-B-BRIK;Braunkohlenbriketts;.;MWh;EKT001;Elektrizitätserzeugung (brutto);
43311;Monatserhebung ü. Elektrizitäts- u. Wärmeerzeugung;JAHR;Jahr;2015;DINSG;Deutschland insgesamt;DG;Deutschland;ENRG03;Energieträger;KHL-B-BRIK;Braunkohlenbriketts;1933991;GJ;BRN001;Brennstoffeinsatz;e
43311;Monatserhebung ü. Elektrizitäts- u. Wärmeerzeugung;JAHR;Jahr;2024;DINSG;Deutschland insgesamt;DG;Deutschland;ENRG03;Energieträger;ENR-EB-SONST;Sonstige erneuerbare Energien;-;MWh;WRM001;Nettowärmeerzeugung;
43311;Monatserhebung ü. Elektrizitäts- u. Wärmeerzeugung;JAHR;Jahr;2024;DINSG;Deutschland insgesamt;DG;Deutschland;ENRG03;Energieträger;ENR-EB-SONST;Sonstige erneuerbare Energien;-;MWh;EKT002;Elektrizitätserzeugung (netto);
43311;Monatserhebung ü. Elektrizitäts- u. Wärmeerzeugung;JAHR;Jahr;2024;DINSG;Deutschland insgesamt;DG;Deutschland;ENRG03;Energieträger;ENR-EB-SONST;Sonstige erneuerbare Energien;-;MWh;EKT001;Elektrizitätserzeugung (brutto);
43311;Monatserhebung ü. Elektrizitäts- u. Wärmeerzeugung;JAHR;Jahr;2024;DINSG;Deutschland insgesamt;DG;Deutschland;ENRG03;Energieträger;ENR-EB-SONST;Sonstige erneuerbare Energien;-;GJ;BRN001;Brennstoffeinsatz;
43311;Monatserhebung ü. Elektrizitäts- u. Wärmeerzeugung;JAHR;Jahr;2003;DINSG;Deutschland insgesamt;DG;Deutschland;ENRG03;Energieträger;WAS-PSP-01;Pumpspeicherwasser;-;MWh;WRM001;Nettowärmeerzeugung;
43311;Monatserhebung ü. Elektrizitäts- u. Wärmeerzeugung;JAHR;Jahr;2003;DINSG;Deutschland insgesamt;DG;Deutschland;ENRG03;Energieträger;WAS-PSP-01;Pumpspeicherwasser;5098549;MWh;EKT002;Elektrizitätserzeugung (netto);e
43311;Monatserhebung ü. Elektrizitäts- u. Wärmeerzeugung;JAHR;Jahr;2003;DINSG;Deutschland insgesamt;DG;Deutschland;ENRG03;Energieträger;WAS-PSP-01;Pumpspeicherwasser;5175917;MWh;EKT001;Elektrizitätserzeugung (brutto);e
43311;Monatserhebung ü. Elektrizitäts- u. Wärmeerzeugung;JAHR;Jahr;2003;DINSG;Deutschland insgesamt;DG;Deutschland;ENRG03;Energieträger;WAS-PSP-01;Pumpspeicherwasser;-;GJ;BRN001;Brennstoffeinsatz;
43311;Monatserhebung ü. Elektrizitäts- u. Wärmeerzeugung;JAHR;Jahr;2014;DINSG;Deutschland insgesamt;DG;Deutschland;ENRG03;Energieträger;GAS-KL;Klärgas;38515;MWh;WRM001;Nettowärmeerzeugung;e
43311;Monatserhebung ü. Elektrizitäts- u. Wärmeerzeugung;JAHR;Jahr;2014;DINSG;Deutschland insgesamt;DG;Deutschland;ENRG03;Energieträger;GAS-KL;Klärgas;32538;MWh;EKT002;Elektrizitätserzeugung (netto);e
43311;Monatserhebung ü. Elektrizitäts- u. Wärmeerzeugung;JAHR;Jahr;2014;DINSG;Deutschland insgesamt;DG;Deutschland;ENRG03;Energieträger;GAS-KL;Klärgas;33856;MWh;EKT001;Elektrizitätserzeugung (brutto);e
43311;Monatserhebung ü. Elektrizitäts- u. Wärmeerzeugung;JAHR;Jahr;2014;DINSG;Deutschland insgesamt;DG;Deutschland;ENRG03;Energieträger;GAS-KL;Klärgas;462747;GJ;BRN001;Brennstoffeinsatz;e
43311;Monatserhebung ü. Elektrizitäts- u. Wärmeerzeugung;JAHR;Jahr;2005;DINSG;Deutschland insgesamt;DG;Deutschland;ENRG03;Energieträger;ABF-01;Abfall (Hausmüll, Industrie);8341577;MWh;WRM001;Nettowärmeerzeugung;e
43311;Monatserhebung ü. Elektrizitäts- u. Wärmeerzeugung;JAHR;Jahr;2005;DINSG;Deutschland insgesamt;DG;Deutschland;ENRG03;Energieträger;ABF-01;Abfall (Hausmüll, Industrie);4524206;MWh;EKT002;Elektrizitätserzeugung (netto);e
43311;Monatserhebung ü. Elektrizitäts- u. Wärmeerzeugung;JAHR;Jahr;2005;DINSG;Deutschland insgesamt;DG;Deutschland;ENRG03;Energieträger;ABF-01;Abfall (Hausmüll, Industrie);6074878;MWh;EKT001;Elektrizitätserzeugung (brutto);e
43311;Monatserhebung ü. Elektrizitäts- u. Wärmeerzeugung;JAHR;Jahr;2005;DINSG;Deutschland insgesamt;DG;Deutschland;ENRG03;Energieträger;ABF-01;Abfall (Hausmüll, Industrie);123347324;GJ;BRN001;Brennstoffeinsatz;e
43311;Monatserhebung ü. Elektrizitäts- u. Wärmeerzeugung;JAHR;Jahr;2022;DINSG;Deutschland insgesamt;DG;Deutschland;ENRG03;Energieträger;BIO-F-01;Feste biogene Stoffe;5496277;MWh;WRM001;Nettowärmeerzeugung;e
43311;Monatserhebung ü. Elektrizitäts- u. Wärmeerzeugung;JAHR;Jahr;2022;DINSG;Deutschland insgesamt;DG;Deutschland;ENRG03;Energieträger;BIO-F-01;Feste biogene Stoffe;4555379;MWh;EKT002;Elektrizitätserzeugung (netto);e
43311;Monatserhebung ü. Elektrizitäts- u. Wärmeerzeugung;JAHR;Jahr;2022;DINSG;Deutschland insgesamt;DG;Deutschland;ENRG03;Energieträger;BIO-F-01;Feste biogene Stoffe;5157301;MWh;EKT001;Elektrizitätserzeugung (brutto);e
43311;Monatserhebung ü. Elektrizitäts- u. Wärmeerzeugung;JAHR;Jahr;2022;DINSG;Deutschland insgesamt;DG;Deutschland;ENRG03;Energieträger;BIO-F-01;Feste biogene Stoffe;77387745;GJ;BRN001;Brennstoffeinsatz;e
43311;Monatserhebung ü. Elektrizitäts- u. Wärmeerzeugung;JAHR;Jahr;2024;DINSG;Deutschland insgesamt;DG;Deutschland;ENRG03;Energieträger;GAS-SONST;Sonstige hergestellte Gase;.;MWh;WRM001;Nettowärmeerzeugung;
43311;Monatserhebung ü. Elektrizitäts- u. Wärmeerzeugung;JAHR;Jahr;2024;DINSG;Deutschland insgesamt;DG;Deutschland;ENRG03;Energieträger;GAS-SONST;Sonstige hergestellte Gase;.;MWh;EKT002;Elektrizitätserzeugung (netto);
43311;Monatserhebung ü. Elektrizitäts- u. Wärmeerzeugung;JAHR;Jahr;2024;DINSG;Deutschland insgesamt;DG;Deutschland;ENRG03;Energieträger;GAS-SONST;Sonstige hergestellte Gase;.;MWh;EKT001;Elektrizitätserzeugung (brutto);
43311;Monatserhebung ü. Elektrizitäts- u. Wärmeerzeugung;JAHR;Jahr;2024;DINSG;Deutschland insgesamt;DG;Deutschland;ENRG03;Energieträger;GAS-SONST;Sonstige hergestellte Gase;.;GJ;BRN001;Brennstoffeinsatz;
43311;Monatserhebung ü. Elektrizitäts- u. Wärmeerzeugung;JAHR;Jahr;2011;DINSG;Deutschland insgesamt;DG;Deutschland;ENRG03;Energieträger;GAS-BIO-02;Biomethan (Bioerdgas);-;MWh;WRM001;Nettowärmeerzeugung;
43311;Monatserhebung ü. Elektrizitäts- u. Wärmeerzeugung;JAHR;Jahr;2011;DINSG;Deutschland insgesamt;DG;Deutschland;ENRG03;Energieträger;GAS-BIO-02;Biomethan (Bioerdgas);-;MWh;EKT002;Elektrizitätserzeugung (netto);
43311;Monatserhebung ü. Elektrizitäts- u. Wärmeerzeugung;JAHR;Jahr;2011;DINSG;Deutschland insgesamt;DG;Deutschland;ENRG03;Energieträger;GAS-BIO-02;Biomethan (Bioerdgas);-;MWh;EKT001;Elektrizitätserzeugung (brutto);
43311;Monatserhebung ü. Elektrizitäts- u. Wärmeerzeugung;JAHR;Jahr;2011;DINSG;Deutschland insgesamt;DG;Deutschland;ENRG03;Energieträger;GAS-BIO-02;Biomethan (Bioerdgas);-;GJ;BRN001;Brennstoffeinsatz;
43311;Monatserhebung ü. Elektrizitäts- u. Wärmeerzeugung;JAHR;Jahr;2008;DINSG;Deutschland insgesamt;DG;Deutschland;ENRG03;Energieträger;WAS-PSP-01;Pumpspeicherwasser;-;MWh;WRM001;Nettowärmeerzeugung;
43311;Monatserhebung ü. Elektrizitäts- u. Wärmeerzeugung;JAHR;Jahr;2008;DINSG;Deutschland insgesamt;DG;Deutschland;ENRG03;Energieträger;WAS-PSP-01;Pumpspeicherwasser;6415566;MWh;EKT002;Elektrizitätserzeugung (netto);e
43311;Monatserhebung ü. Elektrizitäts- u. Wärmeerzeugung;JAHR;Jahr;2008;DINSG;Deutschland insgesamt;DG;Deutschland;ENRG03;Energieträger;WAS-PSP-01;Pumpspeicherwasser;6521038;MWh;EKT001;Elektrizitätserzeugung (brutto);e
43311;Monatserhebung ü. Elektrizitäts- u. Wärmeerzeugung;JAHR;Jahr;2008;DINSG;Deutschland insgesamt;DG;Deutschland;ENRG03;Energieträger;WAS-PSP-01;Pumpspeicherwasser;-;GJ;BRN001;Brennstoffeinsatz;
43311;Monatserhebung ü. Elektrizitäts- u. Wärmeerzeugung;JAHR;Jahr;2005;DINSG;Deutschland insgesamt;DG;Deutschland;ENRG03;Energieträger;WRM-02;Wärmepumpen (Erd- und Umweltwärme);-;MWh;WRM001;Nettowärmeerzeugung;
43311;Monatserhebung ü. Elektrizitäts- u. Wärmeerzeugung;JAHR;Jahr;2005;DINSG;Deutschland insgesamt;DG;Deutschland;ENRG03;Energieträger;WRM-02;Wärmepumpen (Erd- und Umweltwärme);-;MWh;EKT002;Elektrizitätserzeugung (netto);
43311;Monatserhebung ü. Elektrizitäts- u. Wärmeerzeugung;JAHR;Jahr;2005;DINSG;Deutschland insgesamt;DG;Deutschland;ENRG03;Energieträger;WRM-02;Wärmepumpen (Erd- und Umweltwärme);-;MWh;EKT001;Elektrizitätserzeugung (brutto);
43311;Monatserhebung ü. Elektrizitäts- u. Wärmeerzeugung;JAHR;Jahr;2005;DINSG;Deutschland insgesamt;DG;Deutschland;ENRG03;Energieträger;WRM-02;Wärmepumpen (Erd- und Umweltwärme);-;GJ;BRN001;Brennstoffeinsatz;
43311;Monatserhebung ü. Elektrizitäts- u. Wärmeerzeugung;JAHR;Jahr;2016;DINSG;Deutschland insgesamt;DG;Deutschland;ENRG03;Energieträger;KHL-S-KOKS;Steinkohlenkoks;-;MWh;WRM001;Nettowärmeerzeugung;
43311;Monatserhebung ü. Elektrizitäts- u. Wärmeerzeugung;JAHR;Jahr;2016;DINSG;Deutschland insgesamt;DG;Deutschland;ENRG03;Energieträger;KHL-S-KOKS;Steinkohlenkoks;-;MWh;EKT002;Elektrizitätserzeugung (netto);
43311;Monatserhebung ü. Elektrizitäts- u. Wärmeerzeugung;JAHR;Jahr;2016;DINSG;Deutschland insgesamt;DG;Deutschland;ENRG03;Energieträger;KHL-S-KOKS;Steinkohlenkoks;-;MWh;EKT001;Elektrizitätserzeugung (brutto);
43311;Monatserhebung ü. Elektrizitäts- u. Wärmeerzeugung;JAHR;Jahr;2016;DINSG;Deutschland insgesamt;DG;Deutschland;ENRG03;Energieträger;KHL-S-KOKS;Steinkohlenkoks;-;GJ;BRN001;Brennstoffeinsatz;
43311;Monatserhebung ü. Elektrizitäts- u. Wärmeerzeugung;JAHR;Jahr;2011;DINSG;Deutschland insgesamt;DG;Deutschland;ENRG03;Energieträger;KLS-01;Klärschlamm;15091;MWh;WRM001;Nettowärmeerzeugung;e
43311;Monatserhebung ü. Elektrizitäts- u. Wärmeerzeugung;JAHR;Jahr;2011;DINSG;Deutschland insgesamt;DG;Deutschland;ENRG03;Energieträger;KLS-01;Klärschlamm;124670;MWh;EKT002;Elektrizitätserzeugung (netto);e
43311;Monatserhebung ü. Elektrizitäts- u. Wärmeerzeugung;JAHR;Jahr;2011;DINSG;Deutschland insgesamt;DG;Deutschland;ENRG03;Energieträger;KLS-01;Klärschlamm;136317;MWh;EKT001;Elektrizitätserzeugung (brutto);e
43311;Monatserhebung ü. Elektrizitäts- u. Wärmeerzeugung;JAHR;Jahr;2011;DINSG;Deutschland insgesamt;DG;Deutschland;ENRG03;Energieträger;KLS-01;Klärschlamm;1302993;GJ;BRN001;Brennstoffeinsatz;e
43311;Monatserhebung ü. Elektrizitäts- u. Wärmeerzeugung;JAHR;Jahr;2021;DINSG;Deutschland insgesamt;DG;Deutschland;ENRG03;Energieträger;GAS-SONST;Sonstige hergestellte Gase;.;MWh;WRM001;Nettowärmeerzeugung;
43311;Monatserhebung ü. Elektrizitäts- u. Wärmeerzeugung;JAHR;Jahr;2021;DINSG;Deutschland insgesamt;DG;Deutschland;ENRG03;Energieträger;GAS-SONST;Sonstige hergestellte Gase;.;MWh;EKT002;Elektrizitätserzeugung (netto);
43311;Monatserhebung ü. Elektrizitäts- u. Wärmeerzeugung;JAHR;Jahr;2021;DINSG;Deutschland insgesamt;DG;Deutschland;ENRG03;Energieträger;GAS-SONST;Sonstige hergestellte Gase;.;MWh;EKT001;Elektrizitätserzeugung (brutto);
43311;Monatserhebung ü. Elektrizitäts- u. Wärmeerzeugung;JAHR;Jahr;2021;DINSG;Deutschland insgesamt;DG;Deutschland;ENRG03;Energieträger;GAS-SONST;Sonstige hergestellte Gase;.;GJ;BRN001;Brennstoffeinsatz;
43311;Monatserhebung ü. Elektrizitäts- u. Wärmeerzeugung;JAHR;Jahr;2020;DINSG;Deutschland insgesamt;DG;Deutschland;ENRG03;Energieträger;SP-SONST-01;Andere Speicher;0;MWh;WRM001;Nettowärmeerzeugung;e
43311;Monatserhebung ü. Elektrizitäts- u. Wärmeerzeugung;JAHR;Jahr;2020;DINSG;Deutschland insgesamt;DG;Deutschland;ENRG03;Energieträger;SP-SONST-01;Andere Speicher;0;MWh;EKT002;Elektrizitätserzeugung (netto);e
43311;Monatserhebung ü. Elektrizitäts- u. Wärmeerzeugung;JAHR;Jahr;2020;DINSG;Deutschland insgesamt;DG;Deutschland;ENRG03;Energieträger;SP-SONST-01;Andere Speicher;0;MWh;EKT001;Elektrizitätserzeugung (brutto);e
43311;Monatserhebung ü. Elektrizitäts- u. Wärmeerzeugung;JAHR;Jahr;2020;DINSG;Deutschland insgesamt;DG;Deutschland;ENRG03;Energieträger;SP-SONST-01;Andere Speicher;0;GJ;BRN001;Brennstoffeinsatz;e
43311;Monatserhebung ü. Elektrizitäts- u. Wärmeerzeugung;JAHR;Jahr;2003;DINSG;Deutschland insgesamt;DG;Deutschland;ENRG03;Energieträger;GAS-BIO;Biogas;21617;MWh;WRM001;Nettowärmeerzeugung;e
43311;Monatserhebung ü. Elektrizitäts- u. Wärmeerzeugung;JAHR;Jahr;2003;DINSG;Deutschland insgesamt;DG;Deutschland;ENRG03;Energieträger;GAS-BIO;Biogas;16499;MWh;EKT002;Elektrizitätserzeugung (netto);e
43311;Monatserhebung ü. Elektrizitäts- u. Wärmeerzeugung;JAHR;Jahr;2003;DINSG;Deutschland insgesamt;DG;Deutschland;ENRG03;Energieträger;GAS-BIO;Biogas;17556;MWh;EKT001;Elektrizitätserzeugung (brutto);e
43311;Monatserhebung ü. Elektrizitäts- u. Wärmeerzeugung;JAHR;Jahr;2003;DINSG;Deutschland insgesamt;DG;Deutschland;ENRG03;Energieträger;GAS-BIO;Biogas;247420;GJ;BRN001;Brennstoffeinsatz;e
43311;Monatserhebung ü. Elektrizitäts- u. Wärmeerzeugung;JAHR;Jahr;2020;DINSG;Deutschland insgesamt;DG;Deutschland;ENRG03;Energieträger;KLS-01;Klärschlamm;41362;MWh;WRM001;Nettowärmeerzeugung;e
43311;Monatserhebung ü. Elektrizitäts- u. Wärmeerzeugung;JAHR;Jahr;2020;DINSG;Deutschland insgesamt;DG;Deutschland;ENRG03;Energieträger;KLS-01;Klärschlamm;182745;MWh;EKT002;Elektrizitätserzeugung (netto);e
43311;Monatserhebung ü. Elektrizitäts- u. Wärmeerzeugung;JAHR;Jahr;2020;DINSG;Deutschland insgesamt;DG;Deutschland;ENRG03;Energieträger;KLS-01;Klärschlamm;201467;MWh;EKT001;Elektrizitätserzeugung (brutto);e
43311;Monatserhebung ü. Elektrizitäts- u. Wärmeerzeugung;JAHR;Jahr;2020;DINSG;Deutschland insgesamt;DG;Deutschland;ENRG03;Energieträger;KLS-01;Klärschlamm;2073907;GJ;BRN001;Brennstoffeinsatz;e
43311;Monatserhebung ü. Elektrizitäts- u. Wärmeerzeugung;JAHR;Jahr;2015;DINSG;Deutschland insgesamt;DG;Deutschland;ENRG03;Energieträger;KHL-S-KWS;Kohlenwertstoffe aus Steinkohle;-;MWh;WRM001;Nettowärmeerzeugung;
43311;Monatserhebung ü. Elektrizitäts- u. Wärmeerzeugung;JAHR;Jahr;2015;DINSG;Deutschland insgesamt;DG;Deutschland;ENRG03;Energieträger;KHL-S-KWS;Kohlenwertstoffe aus Steinkohle;-;MWh;EKT002;Elektrizitätserzeugung (netto);
43311;Monatserhebung ü. Elektrizitäts- u. Wärmeerzeugung;JAHR;Jahr;2015;DINSG;Deutschland insgesamt;DG;Deutschland;ENRG03;Energieträger;KHL-S-KWS;Kohlenwertstoffe aus Steinkohle;-;MWh;EKT001;Elektrizitätserzeugung (brutto);
43311;Monatserhebung ü. Elektrizitäts- u. Wärmeerzeugung;JAHR;Jahr;2015;DINSG;Deutschland insgesamt;DG;Deutschland;ENRG03;Energieträger;KHL-S-KWS;Kohlenwertstoffe aus Steinkohle;-;GJ;BRN001;Brennstoffeinsatz;
43311;Monatserhebung ü. Elektrizitäts- u. Wärmeerzeugung;JAHR;Jahr;2008;DINSG;Deutschland insgesamt;DG;Deutschland;ENRG03;Energieträger;WAS-SP-01;Speicherwasser;-;MWh;WRM001;Nettowärmeerzeugung;
43311;Monatserhebung ü. Elektrizitäts- u. Wärmeerzeugung;JAHR;Jahr;2008;DINSG;Deutschland insgesamt;DG;Deutschland;ENRG03;Energieträger;WAS-SP-01;Speicherwasser;802455;MWh;EKT002;Elektrizitätserzeugung (netto);e
43311;Monatserhebung ü. Elektrizitäts- u. Wärmeerzeugung;JAHR;Jahr;2008;DINSG;Deutschland insgesamt;DG;Deutschland;ENRG03;Energieträger;WAS-SP-01;Speicherwasser;809692;MWh;EKT001;Elektrizitätserzeugung (brutto);e
43311;Monatserhebung ü. Elektrizitäts- u. Wärmeerzeugung;JAHR;Jahr;2008;DINSG;Deutschland insgesamt;DG;Deutschland;ENRG03;Energieträger;WAS-SP-01;Speicherwasser;-;GJ;BRN001;Brennstoffeinsatz;
43311;Monatserhebung ü. Elektrizitäts- u. Wärmeerzeugung;JAHR;Jahr;2021;DINSG;Deutschland insgesamt;DG;Deutschland;ENRG03;Energieträger;GAS-HO-01;Hochofengas;-;MWh;WRM001;Nettowärmeerzeugung;
43311;Monatserhebung ü. Elektrizitäts- u. Wärmeerzeugung;JAHR;Jahr;2021;DINSG;Deutschland insgesamt;DG;Deutschland;ENRG03;Energieträger;GAS-HO-01;Hochofengas;-;MWh;EKT002;Elektrizitätserzeugung (netto);
43311;Monatserhebung ü. Elektrizitäts- u. Wärmeerzeugung;JAHR;Jahr;2021;DINSG;Deutschland insgesamt;DG;Deutschland;ENRG03;Energieträger;GAS-HO-01;Hochofengas;-;MWh;EKT001;Elektrizitätserzeugung (brutto);
43311;Monatserhebung ü. Elektrizitäts- u. Wärmeerzeugung;JAHR;Jahr;2021;DINSG;Deutschland insgesamt;DG;Deutschland;ENRG03;Energieträger;GAS-HO-01;Hochofengas;-;GJ;BRN001;Brennstoffeinsatz;
43311;Monatserhebung ü. Elektrizitäts- u. Wärmeerzeugung;JAHR;Jahr;2018;DINSG;Deutschland insgesamt;DG;Deutschland;ENRG03;Energieträger;OEL-H-S-01;Heizöl, schwer;67103;MWh;WRM001;Nettowärmeerzeugung;e
43311;Monatserhebung ü. Elektrizitäts- u. Wärmeerzeugung;JAHR;Jahr;2018;DINSG;Deutschland insgesamt;DG;Deutschland;ENRG03;Energieträger;OEL-H-S-01;Heizöl, schwer;222275;MWh;EKT002;Elektrizitätserzeugung (netto);e
43311;Monatserhebung ü. Elektrizitäts- u. Wärmeerzeugung;JAHR;Jahr;2018;DINSG;Deutschland insgesamt;DG;Deutschland;ENRG03;Energieträger;OEL-H-S-01;Heizöl, schwer;242804;MWh;EKT001;Elektrizitätserzeugung (brutto);e
43311;Monatserhebung ü. Elektrizitäts- u. Wärmeerzeugung;JAHR;Jahr;2018;DINSG;Deutschland insgesamt;DG;Deutschland;ENRG03;Energieträger;OEL-H-S-01;Heizöl, schwer;2536208;GJ;BRN001;Brennstoffeinsatz;e
43311;Monatserhebung ü. Elektrizitäts- u. Wärmeerzeugung;JAHR;Jahr;2021;DINSG;Deutschland insgesamt;DG;Deutschland;ENRG03;Energieträger;WAS-LF-01;Laufwasser;-;MWh;WRM001;Nettowärmeerzeugung;
43311;Monatserhebung ü. Elektrizitäts- u. Wärmeerzeugung;JAHR;Jahr;2021;DINSG;Deutschland insgesamt;DG;Deutschland;ENRG03;Energieträger;WAS-LF-01;Laufwasser;14869915;MWh;EKT002;Elektrizitätserzeugung (netto);e
43311;Monatserhebung ü. Elektrizitäts- u. Wärmeerzeugung;JAHR;Jahr;2021;DINSG;Deutschland insgesamt;DG;Deutschland;ENRG03;Energieträger;WAS-LF-01;Laufwasser;14996269;MWh;EKT001;Elektrizitätserzeugung (brutto);e
43311;Monatserhebung ü. Elektrizitäts- u. Wärmeerzeugung;JAHR;Jahr;2021;DINSG;Deutschland insgesamt;DG;Deutschland;ENRG03;Energieträger;WAS-LF-01;Laufwasser;-;GJ;BRN001;Brennstoffeinsatz;
43311;Monatserhebung ü. Elektrizitäts- u. Wärmeerzeugung;JAHR;Jahr;2010;DINSG;Deutschland insgesamt;DG;Deutschland;ENRG03;Energieträger;DIESEL-01;Dieselkraftstoff;1;MWh;WRM001;Nettowärmeerzeugung;e
43311;Monatserhebung ü. Elektrizitäts- u. Wärmeerzeugung;JAHR;Jahr;2010;DINSG;Deutschland insgesamt;DG;Deutschland;ENRG03;Energieträger;DIESEL-01;Dieselkraftstoff;2057;MWh;EKT002;Elektrizitätserzeugung (netto);e
43311;Monatserhebung ü. Elektrizitäts- u. Wärmeerzeugung;JAHR;Jahr;2010;DINSG;Deutschland insgesamt;DG;Deutschland;ENRG03;Energieträger;DIESEL-01;Dieselkraftstoff;2294;MWh;EKT001;Elektrizitätserzeugung (brutto);e
43311;Monatserhebung ü. Elektrizitäts- u. Wärmeerzeugung;JAHR;Jahr;2010;DINSG;Deutschland insgesamt;DG;Deutschland;ENRG03;Energieträger;DIESEL-01;Dieselkraftstoff;42371;GJ;BRN001;Brennstoffeinsatz;e
43311;Monatserhebung ü. Elektrizitäts- u. Wärmeerzeugung;JAHR;Jahr;2007;DINSG;Deutschland insgesamt;DG;Deutschland;ENRG03;Energieträger;ENRKER;Kernenergie;-;MWh;WRM001;Nettowärmeerzeugung;
43311;Monatserhebung ü. Elektrizitäts- u. Wärmeerzeugung;JAHR;Jahr;2007;DINSG;Deutschland insgesamt;DG;Deutschland;ENRG03;Energieträger;ENRKER;Kernenergie;133229497;MWh;EKT002;Elektrizitätserzeugung (netto);e
43311;Monatserhebung ü. Elektrizitäts- u. Wärmeerzeugung;JAHR;Jahr;2007;DINSG;Deutschland insgesamt;DG;Deutschland;ENRG03;Energieträger;ENRKER;Kernenergie;140534043;MWh;EKT001;Elektrizitätserzeugung (brutto);e
43311;Monatserhebung ü. Elektrizitäts- u. Wärmeerzeugung;JAHR;Jahr;2007;DINSG;Deutschland insgesamt;DG;Deutschland;ENRG03;Energieträger;ENRKER;Kernenergie;-;GJ;BRN001;Brennstoffeinsatz;
43311;Monatserhebung ü. Elektrizitäts- u. Wärmeerzeugung;JAHR;Jahr;2015;DINSG;Deutschland insgesamt;DG;Deutschland;ENRG03;Energieträger;ENR-EB-SONST;Sonstige erneuerbare Energien;-;MWh;WRM001;Nettowärmeerzeugung;
43311;Monatserhebung ü. Elektrizitäts- u. Wärmeerzeugung;JAHR;Jahr;2015;DINSG;Deutschland insgesamt;DG;Deutschland;ENRG03;Energieträger;ENR-EB-SONST;Sonstige erneuerbare Energien;-;MWh;EKT002;Elektrizitätserzeugung (netto);
43311;Monatserhebung ü. Elektrizitäts- u. Wärmeerzeugung;JAHR;Jahr;2015;DINSG;Deutschland insgesamt;DG;Deutschland;ENRG03;Energieträger;ENR-EB-SONST;Sonstige erneuerbare Energien;-;MWh;EKT001;Elektrizitätserzeugung (brutto);
43311;Monatserhebung ü. Elektrizitäts- u. Wärmeerzeugung;JAHR;Jahr;2015;DINSG;Deutschland insgesamt;DG;Deutschland;ENRG03;Energieträger;ENR-EB-SONST;Sonstige erneuerbare Energien;3674234;GJ;BRN001;Brennstoffeinsatz;e
43311;Monatserhebung ü. Elektrizitäts- u. Wärmeerzeugung;JAHR;Jahr;2012;DINSG;Deutschland insgesamt;DG;Deutschland;ENRG03;Energieträger;GAS-BIO;Biogas;520180;MWh;WRM001;Nettowärmeerzeugung;e
43311;Monatserhebung ü. Elektrizitäts- u. Wärmeerzeugung;JAHR;Jahr;2012;DINSG;Deutschland insgesamt;DG;Deutschland;ENRG03;Energieträger;GAS-BIO;Biogas;557435;MWh;EKT002;Elektrizitätserzeugung (netto);e
43311;Monatserhebung ü. Elektrizitäts- u. Wärmeerzeugung;JAHR;Jahr;2012;DINSG;Deutschland insgesamt;DG;Deutschland;ENRG03;Energieträger;GAS-BIO;Biogas;574907;MWh;EKT001;Elektrizitätserzeugung (brutto);e
43311;Monatserhebung ü. Elektrizitäts- u. Wärmeerzeugung;JAHR;Jahr;2012;DINSG;Deutschland insgesamt;DG;Deutschland;ENRG03;Energieträger;GAS-BIO;Biogas;6436101;GJ;BRN001;Brennstoffeinsatz;e
43311;Monatserhebung ü. Elektrizitäts- u. Wärmeerzeugung;JAHR;Jahr;2013;DINSG;Deutschland insgesamt;DG;Deutschland;ENRG03;Energieträger;OEL-SONST;Sonstige Mineralölprodukte;.;MWh;WRM001;Nettowärmeerzeugung;
43311;Monatserhebung ü. Elektrizitäts- u. Wärmeerzeugung;JAHR;Jahr;2013;DINSG;Deutschland insgesamt;DG;Deutschland;ENRG03;Energieträger;OEL-SONST;Sonstige Mineralölprodukte;.;MWh;EKT002;Elektrizitätserzeugung (netto);
43311;Monatserhebung ü. Elektrizitäts- u. Wärmeerzeugung;JAHR;Jahr;2013;DINSG;Deutschland insgesamt;DG;Deutschland;ENRG03;Energieträger;OEL-SONST;Sonstige Mineralölprodukte;.;MWh;EKT001;Elektrizitätserzeugung (brutto);
43311;Monatserhebung ü. Elektrizitäts- u. Wärmeerzeugung;JAHR;Jahr;2013;DINSG;Deutschland insgesamt;DG;Deutschland;ENRG03;Energieträger;OEL-SONST;Sonstige Mineralölprodukte;.;GJ;BRN001;Brennstoffeinsatz;
43311;Monatserhebung ü. Elektrizitäts- u. Wärmeerzeugung;JAHR;Jahr;2009;DINSG;Deutschland insgesamt;DG;Deutschland;ENRG03;Energieträger;ABF-03;Abfall (Hausmüll, Siedlungsabfälle);10517238;MWh;WRM001;Nettowärmeerzeugung;e
43311;Monatserhebung ü. Elektrizitäts- u. Wärmeerzeugung;JAHR;Jahr;2009;DINSG;Deutschland insgesamt;DG;Deutschland;ENRG03;Energieträger;ABF-03;Abfall (Hausmüll, Siedlungsabfälle);6415342;MWh;EKT002;Elektrizitätserzeugung (netto);e
43311;Monatserhebung ü. Elektrizitäts- u. Wärmeerzeugung;JAHR;Jahr;2009;DINSG;Deutschland insgesamt;DG;Deutschland;ENRG03;Energieträger;ABF-03;Abfall (Hausmüll, Siedlungsabfälle);8273079;MWh;EKT001;Elektrizitätserzeugung (brutto);e
43311;Monatserhebung ü. Elektrizitäts- u. Wärmeerzeugung;JAHR;Jahr;2009;DINSG;Deutschland insgesamt;DG;Deutschland;ENRG03;Energieträger;ABF-03;Abfall (Hausmüll, Siedlungsabfälle);155760475;GJ;BRN001;Brennstoffeinsatz;e
43311;Monatserhebung ü. Elektrizitäts- u. Wärmeerzeugung;JAHR;Jahr;2004;DINSG;Deutschland insgesamt;DG;Deutschland;ENRG03;Energieträger;ABF-01;Abfall (Hausmüll, Industrie);6745422;MWh;WRM001;Nettowärmeerzeugung;e
43311;Monatserhebung ü. Elektrizitäts- u. Wärmeerzeugung;JAHR;Jahr;2004;DINSG;Deutschland insgesamt;DG;Deutschland;ENRG03;Energieträger;ABF-01;Abfall (Hausmüll, Industrie);3094260;MWh;EKT002;Elektrizitätserzeugung (netto);e
43311;Monatserhebung ü. Elektrizitäts- u. Wärmeerzeugung;JAHR;Jahr;2004;DINSG;Deutschland insgesamt;DG;Deutschland;ENRG03;Energieträger;ABF-01;Abfall (Hausmüll, Industrie);4232557;MWh;EKT001;Elektrizitätserzeugung (brutto);e
43311;Monatserhebung ü. Elektrizitäts- u. Wärmeerzeugung;JAHR;Jahr;2004;DINSG;Deutschland insgesamt;DG;Deutschland;ENRG03;Energieträger;ABF-01;Abfall (Hausmüll, Industrie);80803387;GJ;BRN001;Brennstoffeinsatz;e
43311;Monatserhebung ü. Elektrizitäts- u. Wärmeerzeugung;JAHR;Jahr;2004;DINSG;Deutschland insgesamt;DG;Deutschland;ENRG03;Energieträger;KHL-B-KOKS;Braunkohlenkoks;-;MWh;WRM001;Nettowärmeerzeugung;
43311;Monatserhebung ü. Elektrizitäts- u. Wärmeerzeugung;JAHR;Jahr;2004;DINSG;Deutschland insgesamt;DG;Deutschland;ENRG03;Energieträger;KHL-B-KOKS;Braunkohlenkoks;-;MWh;EKT002;Elektrizitätserzeugung (netto);
43311;Monatserhebung ü. Elektrizitäts- u. Wärmeerzeugung;JAHR;Jahr;2004;DINSG;Deutschland insgesamt;DG;Deutschland;ENRG03;Energieträger;KHL-B-KOKS;Braunkohlenkoks;-;MWh;EKT001;Elektrizitätserzeugung (brutto);
43311;Monatserhebung ü. Elektrizitäts- u. Wärmeerzeugung;JAHR;Jahr;2004;DINSG;Deutschland insgesamt;DG;Deutschland;ENRG03;Energieträger;KHL-B-KOKS;Braunkohlenkoks;-;GJ;BRN001;Brennstoffeinsatz;
43311;Monatserhebung ü. Elektrizitäts- u. Wärmeerzeugung;JAHR;Jahr;2012;DINSG;Deutschland insgesamt;DG;Deutschland;ENRG03;Energieträger;KHL-B-STK;Staub- und Trockenkohle;430239;MWh;WRM001;Nettowärmeerzeugung;e
43311;Monatserhebung ü. Elektrizitäts- u. Wärmeerzeugung;JAHR;Jahr;2012;DINSG;Deutschland insgesamt;DG;Deutschland;ENRG03;Energieträger;KHL-B-STK;Staub- und Trockenkohle;183844;MWh;EKT002;Elektrizitätserzeugung (netto);e
43311;Monatserhebung ü. Elektrizitäts- u. Wärmeerzeugung;JAHR;Jahr;2012;DINSG;Deutschland insgesamt;DG;Deutschland;ENRG03;Energieträger;KHL-B-STK;Staub- und Trockenkohle;201542;MWh;EKT001;Elektrizitätserzeugung (brutto);e
43311;Monatserhebung ü. Elektrizitäts- u. Wärmeerzeugung;JAHR;Jahr;2012;DINSG;Deutschland insgesamt;DG;Deutschland;ENRG03;Energieträger;KHL-B-STK;Staub- und Trockenkohle;3662487;GJ;BRN001;Brennstoffeinsatz;e
43311;Monatserhebung ü. Elektrizitäts- u. Wärmeerzeugung;JAHR;Jahr;2020;DINSG;Deutschland insgesamt;DG;Deutschland;ENRG03;Energieträger;ABF-03;Abfall (Hausmüll, Siedlungsabfälle);16083251;MWh;WRM001;Nettowärmeerzeugung;e
43311;Monatserhebung ü. Elektrizitäts- u. Wärmeerzeugung;JAHR;Jahr;2020;DINSG;Deutschland insgesamt;DG;Deutschland;ENRG03;Energieträger;ABF-03;Abfall (Hausmüll, Siedlungsabfälle);8806723;MWh;EKT002;Elektrizitätserzeugung (netto);e
43311;Monatserhebung ü. Elektrizitäts- u. Wärmeerzeugung;JAHR;Jahr;2020;DINSG;Deutschland insgesamt;DG;Deutschland;ENRG03;Energieträger;ABF-03;Abfall (Hausmüll, Siedlungsabfälle);11104186;MWh;EKT001;Elektrizitätserzeugung (brutto);e
43311;Monatserhebung ü. Elektrizitäts- u. Wärmeerzeugung;JAHR;Jahr;2020;DINSG;Deutschland insgesamt;DG;Deutschland;ENRG03;Energieträger;ABF-03;Abfall (Hausmüll, Siedlungsabfälle);.;GJ;BRN001;Brennstoffeinsatz;
43311;Monatserhebung ü. Elektrizitäts- u. Wärmeerzeugung;JAHR;Jahr;2024;DINSG;Deutschland insgesamt;DG;Deutschland;ENRG03;Energieträger;WRM-02;Wärmepumpen (Erd- und Umweltwärme);.;MWh;WRM001;Nettowärmeerzeugung;
43311;Monatserhebung ü. Elektrizitäts- u. Wärmeerzeugung;JAHR;Jahr;2024;DINSG;Deutschland insgesamt;DG;Deutschland;ENRG03;Energieträger;WRM-02;Wärmepumpen (Erd- und Umweltwärme);-;MWh;EKT002;Elektrizitätserzeugung (netto);
43311;Monatserhebung ü. Elektrizitäts- u. Wärmeerzeugung;JAHR;Jahr;2024;DINSG;Deutschland insgesamt;DG;Deutschland;ENRG03;Energieträger;WRM-02;Wärmepumpen (Erd- und Umweltwärme);-;MWh;EKT001;Elektrizitätserzeugung (brutto);
43311;Monatserhebung ü. Elektrizitäts- u. Wärmeerzeugung;JAHR;Jahr;2024;DINSG;Deutschland insgesamt;DG;Deutschland;ENRG03;Energieträger;WRM-02;Wärmepumpen (Erd- und Umweltwärme);-;GJ;BRN001;Brennstoffeinsatz;
43311;Monatserhebung ü. Elektrizitäts- u. Wärmeerzeugung;JAHR;Jahr;2022;DINSG;Deutschland insgesamt;DG;Deutschland;ENRG03;Energieträger;KHL-B-ROH;Rohbraunkohlen;6558509;MWh;WRM001;Nettowärmeerzeugung;e
43311;Monatserhebung ü. Elektrizitäts- u. Wärmeerzeugung;JAHR;Jahr;2022;DINSG;Deutschland insgesamt;DG;Deutschland;ENRG03;Energieträger;KHL-B-ROH;Rohbraunkohlen;105943521;MWh;EKT002;Elektrizitätserzeugung (netto);e
43311;Monatserhebung ü. Elektrizitäts- u. Wärmeerzeugung;JAHR;Jahr;2022;DINSG;Deutschland insgesamt;DG;Deutschland;ENRG03;Energieträger;KHL-B-ROH;Rohbraunkohlen;113611255;MWh;EKT001;Elektrizitätserzeugung (brutto);e
43311;Monatserhebung ü. Elektrizitäts- u. Wärmeerzeugung;JAHR;Jahr;2022;DINSG;Deutschland insgesamt;DG;Deutschland;ENRG03;Energieträger;KHL-B-ROH;Rohbraunkohlen;1039783896;GJ;BRN001;Brennstoffeinsatz;e
43311;Monatserhebung ü. Elektrizitäts- u. Wärmeerzeugung;JAHR;Jahr;2018;DINSG;Deutschland insgesamt;DG;Deutschland;ENRG03;Energieträger;KHL-S-SONST;Sonstige Steinkohlen;-;MWh;WRM001;Nettowärmeerzeugung;
43311;Monatserhebung ü. Elektrizitäts- u. Wärmeerzeugung;JAHR;Jahr;2018;DINSG;Deutschland insgesamt;DG;Deutschland;ENRG03;Energieträger;KHL-S-SONST;Sonstige Steinkohlen;-;MWh;EKT002;Elektrizitätserzeugung (netto);
43311;Monatserhebung ü. Elektrizitäts- u. Wärmeerzeugung;JAHR;Jahr;2018;DINSG;Deutschland insgesamt;DG;Deutschland;ENRG03;Energieträger;KHL-S-SONST;Sonstige Steinkohlen;-;MWh;EKT001;Elektrizitätserzeugung (brutto);
43311;Monatserhebung ü. Elektrizitäts- u. Wärmeerzeugung;JAHR;Jahr;2018;DINSG;Deutschland insgesamt;DG;Deutschland;ENRG03;Energieträger;KHL-S-SONST;Sonstige Steinkohlen;-;GJ;BRN001;Brennstoffeinsatz;
43311;Monatserhebung ü. Elektrizitäts- u. Wärmeerzeugung;JAHR;Jahr;2011;DINSG;Deutschland insgesamt;DG;Deutschland;ENRG03;Energieträger;BIO-FL-01;Flüssige biogene Stoffe;25443;MWh;WRM001;Nettowärmeerzeugung;e
43311;Monatserhebung ü. Elektrizitäts- u. Wärmeerzeugung;JAHR;Jahr;2011;DINSG;Deutschland insgesamt;DG;Deutschland;ENRG03;Energieträger;BIO-FL-01;Flüssige biogene Stoffe;7550;MWh;EKT002;Elektrizitätserzeugung (netto);e
43311;Monatserhebung ü. Elektrizitäts- u. Wärmeerzeugung;JAHR;Jahr;2011;DINSG;Deutschland insgesamt;DG;Deutschland;ENRG03;Energieträger;BIO-FL-01;Flüssige biogene Stoffe;8453;MWh;EKT001;Elektrizitätserzeugung (brutto);e
43311;Monatserhebung ü. Elektrizitäts- u. Wärmeerzeugung;JAHR;Jahr;2011;DINSG;Deutschland insgesamt;DG;Deutschland;ENRG03;Energieträger;BIO-FL-01;Flüssige biogene Stoffe;176192;GJ;BRN001;Brennstoffeinsatz;e
43311;Monatserhebung ü. Elektrizitäts- u. Wärmeerzeugung;JAHR;Jahr;2020;DINSG;Deutschland insgesamt;DG;Deutschland;ENRG03;Energieträger;KHL-B-SONST;Sonstige Braunkohlen;0;MWh;WRM001;Nettowärmeerzeugung;e
43311;Monatserhebung ü. Elektrizitäts- u. Wärmeerzeugung;JAHR;Jahr;2020;DINSG;Deutschland insgesamt;DG;Deutschland;ENRG03;Energieträger;KHL-B-SONST;Sonstige Braunkohlen;0;MWh;EKT002;Elektrizitätserzeugung (netto);e
43311;Monatserhebung ü. Elektrizitäts- u. Wärmeerzeugung;JAHR;Jahr;2020;DINSG;Deutschland insgesamt;DG;Deutschland;ENRG03;Energieträger;KHL-B-SONST;Sonstige Braunkohlen;0;MWh;EKT001;Elektrizitätserzeugung (brutto);e
43311;Monatserhebung ü. Elektrizitäts- u. Wärmeerzeugung;JAHR;Jahr;2020;DINSG;Deutschland insgesamt;DG;Deutschland;ENRG03;Energieträger;KHL-B-SONST;Sonstige Braunkohlen;0;GJ;BRN001;Brennstoffeinsatz;e
43311;Monatserhebung ü. Elektrizitäts- u. Wärmeerzeugung;JAHR;Jahr;2006;DINSG;Deutschland insgesamt;DG;Deutschland;ENRG03;Energieträger;ENRKER;Kernenergie;-;MWh;WRM001;Nettowärmeerzeugung;
43311;Monatserhebung ü. Elektrizitäts- u. Wärmeerzeugung;JAHR;Jahr;2006;DINSG;Deutschland insgesamt;DG;Deutschland;ENRG03;Energieträger;ENRKER;Kernenergie;158710790;MWh;EKT002;Elektrizitätserzeugung (netto);e
43311;Monatserhebung ü. Elektrizitäts- u. Wärmeerzeugung;JAHR;Jahr;2006;DINSG;Deutschland insgesamt;DG;Deutschland;ENRG03;Energieträger;ENRKER;Kernenergie;167269153;MWh;EKT001;Elektrizitätserzeugung (brutto);e
43311;Monatserhebung ü. Elektrizitäts- u. Wärmeerzeugung;JAHR;Jahr;2006;DINSG;Deutschland insgesamt;DG;Deutschland;ENRG03;Energieträger;ENRKER;Kernenergie;-;GJ;BRN001;Brennstoffeinsatz;
43311;Monatserhebung ü. Elektrizitäts- u. Wärmeerzeugung;JAHR;Jahr;2015;DINSG;Deutschland insgesamt;DG;Deutschland;ENRG03;Energieträger;KHL-B-ROH;Rohbraunkohlen;9484826;MWh;WRM001;Nettowärmeerzeugung;e
43311;Monatserhebung ü. Elektrizitäts- u. Wärmeerzeugung;JAHR;Jahr;2015;DINSG;Deutschland insgesamt;DG;Deutschland;ENRG03;Energieträger;KHL-B-ROH;Rohbraunkohlen;139371157;MWh;EKT002;Elektrizitätserzeugung (netto);e
43311;Monatserhebung ü. Elektrizitäts- u. Wärmeerzeugung;JAHR;Jahr;2015;DINSG;Deutschland insgesamt;DG;Deutschland;ENRG03;Energieträger;KHL-B-ROH;Rohbraunkohlen;150072555;MWh;EKT001;Elektrizitätserzeugung (brutto);e
43311;Monatserhebung ü. Elektrizitäts- u. Wärmeerzeugung;JAHR;Jahr;2015;DINSG;Deutschland insgesamt;DG;Deutschland;ENRG03;Energieträger;KHL-B-ROH;Rohbraunkohlen;1414792022;GJ;BRN001;Brennstoffeinsatz;e
43311;Monatserhebung ü. Elektrizitäts- u. Wärmeerzeugung;JAHR;Jahr;2012;DINSG;Deutschland insgesamt;DG;Deutschland;ENRG03;Energieträger;GAS-BIO-02;Biomethan (Bioerdgas);-;MWh;WRM001;Nettowärmeerzeugung;
43311;Monatserhebung ü. Elektrizitäts- u. Wärmeerzeugung;JAHR;Jahr;2012;DINSG;Deutschland insgesamt;DG;Deutschland;ENRG03;Energieträger;GAS-BIO-02;Biomethan (Bioerdgas);-;MWh;EKT002;Elektrizitätserzeugung (netto);
43311;Monatserhebung ü. Elektrizitäts- u. Wärmeerzeugung;JAHR;Jahr;2012;DINSG;Deutschland insgesamt;DG;Deutschland;ENRG03;Energieträger;GAS-BIO-02;Biomethan (Bioerdgas);-;MWh;EKT001;Elektrizitätserzeugung (brutto);
43311;Monatserhebung ü. Elektrizitäts- u. Wärmeerzeugung;JAHR;Jahr;2012;DINSG;Deutschland insgesamt;DG;Deutschland;ENRG03;Energieträger;GAS-BIO-02;Biomethan (Bioerdgas);-;GJ;BRN001;Brennstoffeinsatz;
43311;Monatserhebung ü. Elektrizitäts- u. Wärmeerzeugung;JAHR;Jahr;2009;DINSG;Deutschland insgesamt;DG;Deutschland;ENRG03;Energieträger;KLS-01;Klärschlamm;20650;MWh;WRM001;Nettowärmeerzeugung;e
43311;Monatserhebung ü. Elektrizitäts- u. Wärmeerzeugung;JAHR;Jahr;2009;DINSG;Deutschland insgesamt;DG;Deutschland;ENRG03;Energieträger;KLS-01;Klärschlamm;136941;MWh;EKT002;Elektrizitätserzeugung (netto);e
43311;Monatserhebung ü. Elektrizitäts- u. Wärmeerzeugung;JAHR;Jahr;2009;DINSG;Deutschland insgesamt;DG;Deutschland;ENRG03;Energieträger;KLS-01;Klärschlamm;150160;MWh;EKT001;Elektrizitätserzeugung (brutto);e
43311;Monatserhebung ü. Elektrizitäts- u. Wärmeerzeugung;JAHR;Jahr;2009;DINSG;Deutschland insgesamt;DG;Deutschland;ENRG03;Energieträger;KLS-01;Klärschlamm;1520609;GJ;BRN001;Brennstoffeinsatz;e
43311;Monatserhebung ü. Elektrizitäts- u. Wärmeerzeugung;JAHR;Jahr;2011;DINSG;Deutschland insgesamt;DG;Deutschland;ENRG03;Energieträger;WRM-02;Wärmepumpen (Erd- und Umweltwärme);-;MWh;WRM001;Nettowärmeerzeugung;
43311;Monatserhebung ü. Elektrizitäts- u. Wärmeerzeugung;JAHR;Jahr;2011;DINSG;Deutschland insgesamt;DG;Deutschland;ENRG03;Energieträger;WRM-02;Wärmepumpen (Erd- und Umweltwärme);-;MWh;EKT002;Elektrizitätserzeugung (netto);
43311;Monatserhebung ü. Elektrizitäts- u. Wärmeerzeugung;JAHR;Jahr;2011;DINSG;Deutschland insgesamt;DG;Deutschland;ENRG03;Energieträger;WRM-02;Wärmepumpen (Erd- und Umweltwärme);-;MWh;EKT001;Elektrizitätserzeugung (brutto);
43311;Monatserhebung ü. Elektrizitäts- u. Wärmeerzeugung;JAHR;Jahr;2011;DINSG;Deutschland insgesamt;DG;Deutschland;ENRG03;Energieträger;WRM-02;Wärmepumpen (Erd- und Umweltwärme);-;GJ;BRN001;Brennstoffeinsatz;
43311;Monatserhebung ü. Elektrizitäts- u. Wärmeerzeugung;JAHR;Jahr;2021;DINSG;Deutschland insgesamt;DG;Deutschland;ENRG03;Energieträger;;Insgesamt;108521931;MWh;WRM001;Nettowärmeerzeugung;e
43311;Monatserhebung ü. Elektrizitäts- u. Wärmeerzeugung;JAHR;Jahr;2021;DINSG;Deutschland insgesamt;DG;Deutschland;ENRG03;Energieträger;;Insgesamt;298594508;MWh;EKT002;Elektrizitätserzeugung (netto);e
43311;Monatserhebung ü. Elektrizitäts- u. Wärmeerzeugung;JAHR;Jahr;2021;DINSG;Deutschland insgesamt;DG;Deutschland;ENRG03;Energieträger;;Insgesamt;319623927;MWh;EKT001;Elektrizitätserzeugung (brutto);e
43311;Monatserhebung ü. Elektrizitäts- u. Wärmeerzeugung;JAHR;Jahr;2021;DINSG;Deutschland insgesamt;DG;Deutschland;ENRG03;Energieträger;;Insgesamt;2345038095;GJ;BRN001;Brennstoffeinsatz;e
43311;Monatserhebung ü. Elektrizitäts- u. Wärmeerzeugung;JAHR;Jahr;2009;DINSG;Deutschland insgesamt;DG;Deutschland;ENRG03;Energieträger;SOLTH-01;Solarthermie;-;MWh;WRM001;Nettowärmeerzeugung;
43311;Monatserhebung ü. Elektrizitäts- u. Wärmeerzeugung;JAHR;Jahr;2009;DINSG;Deutschland insgesamt;DG;Deutschland;ENRG03;Energieträger;SOLTH-01;Solarthermie;-;MWh;EKT002;Elektrizitätserzeugung (netto);
43311;Monatserhebung ü. Elektrizitäts- u. Wärmeerzeugung;JAHR;Jahr;2009;DINSG;Deutschland insgesamt;DG;Deutschland;ENRG03;Energieträger;SOLTH-01;Solarthermie;-;MWh;EKT001;Elektrizitätserzeugung (brutto);
43311;Monatserhebung ü. Elektrizitäts- u. Wärmeerzeugung;JAHR;Jahr;2009;DINSG;Deutschland insgesamt;DG;Deutschland;ENRG03;Energieträger;SOLTH-01;Solarthermie;-;GJ;BRN001;Brennstoffeinsatz;
43311;Monatserhebung ü. Elektrizitäts- u. Wärmeerzeugung;JAHR;Jahr;2015;DINSG;Deutschland insgesamt;DG;Deutschland;ENRG03;Energieträger;WIND-01;Windkraft;-;MWh;WRM001;Nettowärmeerzeugung;
43311;Monatserhebung ü. Elektrizitäts- u. Wärmeerzeugung;JAHR;Jahr;2015;DINSG;Deutschland insgesamt;DG;Deutschland;ENRG03;Energieträger;WIND-01;Windkraft;-;MWh;EKT002;Elektrizitätserzeugung (netto);
43311;Monatserhebung ü. Elektrizitäts- u. Wärmeerzeugung;JAHR;Jahr;2015;DINSG;Deutschland insgesamt;DG;Deutschland;ENRG03;Energieträger;WIND-01;Windkraft;-;MWh;EKT001;Elektrizitätserzeugung (brutto);
43311;Monatserhebung ü. Elektrizitäts- u. Wärmeerzeugung;JAHR;Jahr;2015;DINSG;Deutschland insgesamt;DG;Deutschland;ENRG03;Energieträger;WIND-01;Windkraft;-;GJ;BRN001;Brennstoffeinsatz;
43311;Monatserhebung ü. Elektrizitäts- u. Wärmeerzeugung;JAHR;Jahr;2013;DINSG;Deutschland insgesamt;DG;Deutschland;ENRG03;Energieträger;WAS-PSP-02;Pumpspeicher mit natürlichem Zufluss;-;MWh;WRM001;Nettowärmeerzeugung;
43311;Monatserhebung ü. Elektrizitäts- u. Wärmeerzeugung;JAHR;Jahr;2013;DINSG;Deutschland insgesamt;DG;Deutschland;ENRG03;Energieträger;WAS-PSP-02;Pumpspeicher mit natürlichem Zufluss;661885;MWh;EKT002;Elektrizitätserzeugung (netto);e
43311;Monatserhebung ü. Elektrizitäts- u. Wärmeerzeugung;JAHR;Jahr;2013;DINSG;Deutschland insgesamt;DG;Deutschland;ENRG03;Energieträger;WAS-PSP-02;Pumpspeicher mit natürlichem Zufluss;687216;MWh;EKT001;Elektrizitätserzeugung (brutto);e
43311;Monatserhebung ü. Elektrizitäts- u. Wärmeerzeugung;JAHR;Jahr;2013;DINSG;Deutschland insgesamt;DG;Deutschland;ENRG03;Energieträger;WAS-PSP-02;Pumpspeicher mit natürlichem Zufluss;-;GJ;BRN001;Brennstoffeinsatz;
43311;Monatserhebung ü. Elektrizitäts- u. Wärmeerzeugung;JAHR;Jahr;2016;DINSG;Deutschland insgesamt;DG;Deutschland;ENRG03;Energieträger;KHL-B-KOKS;Braunkohlenkoks;.;MWh;WRM001;Nettowärmeerzeugung;
43311;Monatserhebung ü. Elektrizitäts- u. Wärmeerzeugung;JAHR;Jahr;2016;DINSG;Deutschland insgesamt;DG;Deutschland;ENRG03;Energieträger;KHL-B-KOKS;Braunkohlenkoks;.;MWh;EKT002;Elektrizitätserzeugung (netto);
43311;Monatserhebung ü. Elektrizitäts- u. Wärmeerzeugung;JAHR;Jahr;2016;DINSG;Deutschland insgesamt;DG;Deutschland;ENRG03;Energieträger;KHL-B-KOKS;Braunkohlenkoks;.;MWh;EKT001;Elektrizitätserzeugung (brutto);
43311;Monatserhebung ü. Elektrizitäts- u. Wärmeerzeugung;JAHR;Jahr;2016;DINSG;Deutschland insgesamt;DG;Deutschland;ENRG03;Energieträger;KHL-B-KOKS;Braunkohlenkoks;.;GJ;BRN001;Brennstoffeinsatz;
43311;Monatserhebung ü. Elektrizitäts- u. Wärmeerzeugung;JAHR;Jahr;2018;DINSG;Deutschland insgesamt;DG;Deutschland;ENRG03;Energieträger;WAS-PSP-02;Pumpspeicher mit natürlichem Zufluss;-;MWh;WRM001;Nettowärmeerzeugung;
43311;Monatserhebung ü. Elektrizitäts- u. Wärmeerzeugung;JAHR;Jahr;2018;DINSG;Deutschland insgesamt;DG;Deutschland;ENRG03;Energieträger;WAS-PSP-02;Pumpspeicher mit natürlichem Zufluss;1075502;MWh;EKT002;Elektrizitätserzeugung (netto);e
43311;Monatserhebung ü. Elektrizitäts- u. Wärmeerzeugung;JAHR;Jahr;2018;DINSG;Deutschland insgesamt;DG;Deutschland;ENRG03;Energieträger;WAS-PSP-02;Pumpspeicher mit natürlichem Zufluss;1075502;MWh;EKT001;Elektrizitätserzeugung (brutto);e
43311;Monatserhebung ü. Elektrizitäts- u. Wärmeerzeugung;JAHR;Jahr;2018;DINSG;Deutschland insgesamt;DG;Deutschland;ENRG03;Energieträger;WAS-PSP-02;Pumpspeicher mit natürlichem Zufluss;-;GJ;BRN001;Brennstoffeinsatz;
43311;Monatserhebung ü. Elektrizitäts- u. Wärmeerzeugung;JAHR;Jahr;2011;DINSG;Deutschland insgesamt;DG;Deutschland;ENRG03;Energieträger;PKOKS-01;Petrolkoks;-;MWh;WRM001;Nettowärmeerzeugung;
43311;Monatserhebung ü. Elektrizitäts- u. Wärmeerzeugung;JAHR;Jahr;2011;DINSG;Deutschland insgesamt;DG;Deutschland;ENRG03;Energieträger;PKOKS-01;Petrolkoks;30594;MWh;EKT002;Elektrizitätserzeugung (netto);e
43311;Monatserhebung ü. Elektrizitäts- u. Wärmeerzeugung;JAHR;Jahr;2011;DINSG;Deutschland insgesamt;DG;Deutschland;ENRG03;Energieträger;PKOKS-01;Petrolkoks;33373;MWh;EKT001;Elektrizitätserzeugung (brutto);e
43311;Monatserhebung ü. Elektrizitäts- u. Wärmeerzeugung;JAHR;Jahr;2011;DINSG;Deutschland insgesamt;DG;Deutschland;ENRG03;Energieträger;PKOKS-01;Petrolkoks;307841;GJ;BRN001;Brennstoffeinsatz;e
43311;Monatserhebung ü. Elektrizitäts- u. Wärmeerzeugung;JAHR;Jahr;2014;DINSG;Deutschland insgesamt;DG;Deutschland;ENRG03;Energieträger;GAS-HO-01;Hochofengas;.;MWh;WRM001;Nettowärmeerzeugung;
43311;Monatserhebung ü. Elektrizitäts- u. Wärmeerzeugung;JAHR;Jahr;2014;DINSG;Deutschland insgesamt;DG;Deutschland;ENRG03;Energieträger;GAS-HO-01;Hochofengas;.;MWh;EKT002;Elektrizitätserzeugung (netto);
43311;Monatserhebung ü. Elektrizitäts- u. Wärmeerzeugung;JAHR;Jahr;2014;DINSG;Deutschland insgesamt;DG;Deutschland;ENRG03;Energieträger;GAS-HO-01;Hochofengas;.;MWh;EKT001;Elektrizitätserzeugung (brutto);
43311;Monatserhebung ü. Elektrizitäts- u. Wärmeerzeugung;JAHR;Jahr;2014;DINSG;Deutschland insgesamt;DG;Deutschland;ENRG03;Energieträger;GAS-HO-01;Hochofengas;.;GJ;BRN001;Brennstoffeinsatz;
43311;Monatserhebung ü. Elektrizitäts- u. Wärmeerzeugung;JAHR;Jahr;2007;DINSG;Deutschland insgesamt;DG;Deutschland;ENRG03;Energieträger;GAS-E-02;Erdgas, Erdölgas;52769840;MWh;WRM001;Nettowärmeerzeugung;e
43311;Monatserhebung ü. Elektrizitäts- u. Wärmeerzeugung;JAHR;Jahr;2007;DINSG;Deutschland insgesamt;DG;Deutschland;ENRG03;Energieträger;GAS-E-02;Erdgas, Erdölgas;56256917;MWh;EKT002;Elektrizitätserzeugung (netto);e
43311;Monatserhebung ü. Elektrizitäts- u. Wärmeerzeugung;JAHR;Jahr;2007;DINSG;Deutschland insgesamt;DG;Deutschland;ENRG03;Energieträger;GAS-E-02;Erdgas, Erdölgas;58072574;MWh;EKT001;Elektrizitätserzeugung (brutto);e
43311;Monatserhebung ü. Elektrizitäts- u. Wärmeerzeugung;JAHR;Jahr;2007;DINSG;Deutschland insgesamt;DG;Deutschland;ENRG03;Energieträger;GAS-E-02;Erdgas, Erdölgas;562618053;GJ;BRN001;Brennstoffeinsatz;e
43311;Monatserhebung ü. Elektrizitäts- u. Wärmeerzeugung;JAHR;Jahr;2015;DINSG;Deutschland insgesamt;DG;Deutschland;ENRG03;Energieträger;KHL-S-BRIK;Steinkohlenbriketts;-;MWh;WRM001;Nettowärmeerzeugung;
43311;Monatserhebung ü. Elektrizitäts- u. Wärmeerzeugung;JAHR;Jahr;2015;DINSG;Deutschland insgesamt;DG;Deutschland;ENRG03;Energieträger;KHL-S-BRIK;Steinkohlenbriketts;-;MWh;EKT002;Elektrizitätserzeugung (netto);
43311;Monatserhebung ü. Elektrizitäts- u. Wärmeerzeugung;JAHR;Jahr;2015;DINSG;Deutschland insgesamt;DG;Deutschland;ENRG03;Energieträger;KHL-S-BRIK;Steinkohlenbriketts;-;MWh;EKT001;Elektrizitätserzeugung (brutto);
43311;Monatserhebung ü. Elektrizitäts- u. Wärmeerzeugung;JAHR;Jahr;2015;DINSG;Deutschland insgesamt;DG;Deutschland;ENRG03;Energieträger;KHL-S-BRIK;Steinkohlenbriketts;-;GJ;BRN001;Brennstoffeinsatz;
43311;Monatserhebung ü. Elektrizitäts- u. Wärmeerzeugung;JAHR;Jahr;2016;DINSG;Deutschland insgesamt;DG;Deutschland;ENRG03;Energieträger;KHL-S-01;Steinkohlen;28178334;MWh;WRM001;Nettowärmeerzeugung;e
43311;Monatserhebung ü. Elektrizitäts- u. Wärmeerzeugung;JAHR;Jahr;2016;DINSG;Deutschland insgesamt;DG;Deutschland;ENRG03;Energieträger;KHL-S-01;Steinkohlen;99764932;MWh;EKT002;Elektrizitätserzeugung (netto);e
43311;Monatserhebung ü. Elektrizitäts- u. Wärmeerzeugung;JAHR;Jahr;2016;DINSG;Deutschland insgesamt;DG;Deutschland;ENRG03;Energieträger;KHL-S-01;Steinkohlen;108833367;MWh;EKT001;Elektrizitätserzeugung (brutto);e
43311;Monatserhebung ü. Elektrizitäts- u. Wärmeerzeugung;JAHR;Jahr;2016;DINSG;Deutschland insgesamt;DG;Deutschland;ENRG03;Energieträger;KHL-S-01;Steinkohlen;1014394870;GJ;BRN001;Brennstoffeinsatz;e
43311;Monatserhebung ü. Elektrizitäts- u. Wärmeerzeugung;JAHR;Jahr;2024;DINSG;Deutschland insgesamt;DG;Deutschland;ENRG03;Energieträger;ABF-03;Abfall (Hausmüll, Siedlungsabfälle);17764277;MWh;WRM001;Nettowärmeerzeugung;e
43311;Monatserhebung ü. Elektrizitäts- u. Wärmeerzeugung;JAHR;Jahr;2024;DINSG;Deutschland insgesamt;DG;Deutschland;ENRG03;Energieträger;ABF-03;Abfall (Hausmüll, Siedlungsabfälle);8103055;MWh;EKT002;Elektrizitätserzeugung (netto);e
43311;Monatserhebung ü. Elektrizitäts- u. Wärmeerzeugung;JAHR;Jahr;2024;DINSG;Deutschland insgesamt;DG;Deutschland;ENRG03;Energieträger;ABF-03;Abfall (Hausmüll, Siedlungsabfälle);10360013;MWh;EKT001;Elektrizitätserzeugung (brutto);e
43311;Monatserhebung ü. Elektrizitäts- u. Wärmeerzeugung;JAHR;Jahr;2024;DINSG;Deutschland insgesamt;DG;Deutschland;ENRG03;Energieträger;ABF-03;Abfall (Hausmüll, Siedlungsabfälle);191374455;GJ;BRN001;Brennstoffeinsatz;e
43311;Monatserhebung ü. Elektrizitäts- u. Wärmeerzeugung;JAHR;Jahr;2006;DINSG;Deutschland insgesamt;DG;Deutschland;ENRG03;Energieträger;OEL-SONST;Sonstige Mineralölprodukte;30819;MWh;WRM001;Nettowärmeerzeugung;e
43311;Monatserhebung ü. Elektrizitäts- u. Wärmeerzeugung;JAHR;Jahr;2006;DINSG;Deutschland insgesamt;DG;Deutschland;ENRG03;Energieträger;OEL-SONST;Sonstige Mineralölprodukte;840672;MWh;EKT002;Elektrizitätserzeugung (netto);e
43311;Monatserhebung ü. Elektrizitäts- u. Wärmeerzeugung;JAHR;Jahr;2006;DINSG;Deutschland insgesamt;DG;Deutschland;ENRG03;Energieträger;OEL-SONST;Sonstige Mineralölprodukte;916993;MWh;EKT001;Elektrizitätserzeugung (brutto);e
43311;Monatserhebung ü. Elektrizitäts- u. Wärmeerzeugung;JAHR;Jahr;2006;DINSG;Deutschland insgesamt;DG;Deutschland;ENRG03;Energieträger;OEL-SONST;Sonstige Mineralölprodukte;8370012;GJ;BRN001;Brennstoffeinsatz;e
43311;Monatserhebung ü. Elektrizitäts- u. Wärmeerzeugung;JAHR;Jahr;2008;DINSG;Deutschland insgesamt;DG;Deutschland;ENRG03;Energieträger;KHL-B-STK;Staub- und Trockenkohle;679415;MWh;WRM001;Nettowärmeerzeugung;e
43311;Monatserhebung ü. Elektrizitäts- u. Wärmeerzeugung;JAHR;Jahr;2008;DINSG;Deutschland insgesamt;DG;Deutschland;ENRG03;Energieträger;KHL-B-STK;Staub- und Trockenkohle;501643;MWh;EKT002;Elektrizitätserzeugung (netto);e
43311;Monatserhebung ü. Elektrizitäts- u. Wärmeerzeugung;JAHR;Jahr;2008;DINSG;Deutschland insgesamt;DG;Deutschland;ENRG03;Energieträger;KHL-B-STK;Staub- und Trockenkohle;556092;MWh;EKT001;Elektrizitätserzeugung (brutto);e
43311;Monatserhebung ü. Elektrizitäts- u. Wärmeerzeugung;JAHR;Jahr;2008;DINSG;Deutschland insgesamt;DG;Deutschland;ENRG03;Energieträger;KHL-B-STK;Staub- und Trockenkohle;7472477;GJ;BRN001;Brennstoffeinsatz;e
43311;Monatserhebung ü. Elektrizitäts- u. Wärmeerzeugung;JAHR;Jahr;2018;DINSG;Deutschland insgesamt;DG;Deutschland;ENRG03;Energieträger;ABF-01;Abfall (Hausmüll, Industrie);-;MWh;WRM001;Nettowärmeerzeugung;
43311;Monatserhebung ü. Elektrizitäts- u. Wärmeerzeugung;JAHR;Jahr;2018;DINSG;Deutschland insgesamt;DG;Deutschland;ENRG03;Energieträger;ABF-01;Abfall (Hausmüll, Industrie);-;MWh;EKT002;Elektrizitätserzeugung (netto);
43311;Monatserhebung ü. Elektrizitäts- u. Wärmeerzeugung;JAHR;Jahr;2018;DINSG;Deutschland insgesamt;DG;Deutschland;ENRG03;Energieträger;ABF-01;Abfall (Hausmüll, Industrie);-;MWh;EKT001;Elektrizitätserzeugung (brutto);
43311;Monatserhebung ü. Elektrizitäts- u. Wärmeerzeugung;JAHR;Jahr;2018;DINSG;Deutschland insgesamt;DG;Deutschland;ENRG03;Energieträger;ABF-01;Abfall (Hausmüll, Industrie);-;GJ;BRN001;Brennstoffeinsatz;
43311;Monatserhebung ü. Elektrizitäts- u. Wärmeerzeugung;JAHR;Jahr;2006;DINSG;Deutschland insgesamt;DG;Deutschland;ENRG03;Energieträger;SP-SONST-01;Andere Speicher;-;MWh;WRM001;Nettowärmeerzeugung;
43311;Monatserhebung ü. Elektrizitäts- u. Wärmeerzeugung;JAHR;Jahr;2006;DINSG;Deutschland insgesamt;DG;Deutschland;ENRG03;Energieträger;SP-SONST-01;Andere Speicher;-;MWh;EKT002;Elektrizitätserzeugung (netto);
43311;Monatserhebung ü. Elektrizitäts- u. Wärmeerzeugung;JAHR;Jahr;2006;DINSG;Deutschland insgesamt;DG;Deutschland;ENRG03;Energieträger;SP-SONST-01;Andere Speicher;-;MWh;EKT001;Elektrizitätserzeugung (brutto);
43311;Monatserhebung ü. Elektrizitäts- u. Wärmeerzeugung;JAHR;Jahr;2006;DINSG;Deutschland insgesamt;DG;Deutschland;ENRG03;Energieträger;SP-SONST-01;Andere Speicher;-;GJ;BRN001;Brennstoffeinsatz;
43311;Monatserhebung ü. Elektrizitäts- u. Wärmeerzeugung;JAHR;Jahr;2023;DINSG;Deutschland insgesamt;DG;Deutschland;ENRG03;Energieträger;ENRSET;Sonstige Energieträger;.;MWh;WRM001;Nettowärmeerzeugung;
43311;Monatserhebung ü. Elektrizitäts- u. Wärmeerzeugung;JAHR;Jahr;2023;DINSG;Deutschland insgesamt;DG;Deutschland;ENRG03;Energieträger;ENRSET;Sonstige Energieträger;.;MWh;EKT002;Elektrizitätserzeugung (netto);
43311;Monatserhebung ü. Elektrizitäts- u. Wärmeerzeugung;JAHR;Jahr;2023;DINSG;Deutschland insgesamt;DG;Deutschland;ENRG03;Energieträger;ENRSET;Sonstige Energieträger;.;MWh;EKT001;Elektrizitätserzeugung (brutto);
43311;Monatserhebung ü. Elektrizitäts- u. Wärmeerzeugung;JAHR;Jahr;2023;DINSG;Deutschland insgesamt;DG;Deutschland;ENRG03;Energieträger;ENRSET;Sonstige Energieträger;.;GJ;BRN001;Brennstoffeinsatz;
43311;Monatserhebung ü. Elektrizitäts- u. Wärmeerzeugung;JAHR;Jahr;2015;DINSG;Deutschland insgesamt;DG;Deutschland;ENRG03;Energieträger;KHL-B-HART;Hartbraunkohlen;.;MWh;WRM001;Nettowärmeerzeugung;
43311;Monatserhebung ü. Elektrizitäts- u. Wärmeerzeugung;JAHR;Jahr;2015;DINSG;Deutschland insgesamt;DG;Deutschland;ENRG03;Energieträger;KHL-B-HART;Hartbraunkohlen;.;MWh;EKT002;Elektrizitätserzeugung (netto);
43311;Monatserhebung ü. Elektrizitäts- u. Wärmeerzeugung;JAHR;Jahr;2015;DINSG;Deutschland insgesamt;DG;Deutschland;ENRG03;Energieträger;KHL-B-HART;Hartbraunkohlen;.;MWh;EKT001;Elektrizitätserzeugung (brutto);
43311;Monatserhebung ü. Elektrizitäts- u. Wärmeerzeugung;JAHR;Jahr;2015;DINSG;Deutschland insgesamt;DG;Deutschland;ENRG03;Energieträger;KHL-B-HART;Hartbraunkohlen;.;GJ;BRN001;Brennstoffeinsatz;
43311;Monatserhebung ü. Elektrizitäts- u. Wärmeerzeugung;JAHR;Jahr;2010;DINSG;Deutschland insgesamt;DG;Deutschland;ENRG03;Energieträger;GAS-BIO;Biogas;199914;MWh;WRM001;Nettowärmeerzeugung;e
43311;Monatserhebung ü. Elektrizitäts- u. Wärmeerzeugung;JAHR;Jahr;2010;DINSG;Deutschland insgesamt;DG;Deutschland;ENRG03;Energieträger;GAS-BIO;Biogas;196748;MWh;EKT002;Elektrizitätserzeugung (netto);e
43311;Monatserhebung ü. Elektrizitäts- u. Wärmeerzeugung;JAHR;Jahr;2010;DINSG;Deutschland insgesamt;DG;Deutschland;ENRG03;Energieträger;GAS-BIO;Biogas;202335;MWh;EKT001;Elektrizitätserzeugung (brutto);e
43311;Monatserhebung ü. Elektrizitäts- u. Wärmeerzeugung;JAHR;Jahr;2010;DINSG;Deutschland insgesamt;DG;Deutschland;ENRG03;Energieträger;GAS-BIO;Biogas;2378552;GJ;BRN001;Brennstoffeinsatz;e
43311;Monatserhebung ü. Elektrizitäts- u. Wärmeerzeugung;JAHR;Jahr;2008;DINSG;Deutschland insgesamt;DG;Deutschland;ENRG03;Energieträger;STROM-02;Strom (Elektrokessel);-;MWh;WRM001;Nettowärmeerzeugung;
43311;Monatserhebung ü. Elektrizitäts- u. Wärmeerzeugung;JAHR;Jahr;2008;DINSG;Deutschland insgesamt;DG;Deutschland;ENRG03;Energieträger;STROM-02;Strom (Elektrokessel);-;MWh;EKT002;Elektrizitätserzeugung (netto);
43311;Monatserhebung ü. Elektrizitäts- u. Wärmeerzeugung;JAHR;Jahr;2008;DINSG;Deutschland insgesamt;DG;Deutschland;ENRG03;Energieträger;STROM-02;Strom (Elektrokessel);-;MWh;EKT001;Elektrizitätserzeugung (brutto);
43311;Monatserhebung ü. Elektrizitäts- u. Wärmeerzeugung;JAHR;Jahr;2008;DINSG;Deutschland insgesamt;DG;Deutschland;ENRG03;Energieträger;STROM-02;Strom (Elektrokessel);-;GJ;BRN001;Brennstoffeinsatz;
43311;Monatserhebung ü. Elektrizitäts- u. Wärmeerzeugung;JAHR;Jahr;2021;DINSG;Deutschland insgesamt;DG;Deutschland;ENRG03;Energieträger;KHL-B-WSK;Wirbelschichtkohle;.;MWh;WRM001;Nettowärmeerzeugung;
43311;Monatserhebung ü. Elektrizitäts- u. Wärmeerzeugung;JAHR;Jahr;2021;DINSG;Deutschland insgesamt;DG;Deutschland;ENRG03;Energieträger;KHL-B-WSK;Wirbelschichtkohle;.;MWh;EKT002;Elektrizitätserzeugung (netto);
43311;Monatserhebung ü. Elektrizitäts- u. Wärmeerzeugung;JAHR;Jahr;2021;DINSG;Deutschland insgesamt;DG;Deutschland;ENRG03;Energieträger;KHL-B-WSK;Wirbelschichtkohle;.;MWh;EKT001;Elektrizitätserzeugung (brutto);
43311;Monatserhebung ü. Elektrizitäts- u. Wärmeerzeugung;JAHR;Jahr;2021;DINSG;Deutschland insgesamt;DG;Deutschland;ENRG03;Energieträger;KHL-B-WSK;Wirbelschichtkohle;.;GJ;BRN001;Brennstoffeinsatz;
43311;Monatserhebung ü. Elektrizitäts- u. Wärmeerzeugung;JAHR;Jahr;2006;DINSG;Deutschland insgesamt;DG;Deutschland;ENRG03;Energieträger;DIESEL-01;Dieselkraftstoff;13;MWh;WRM001;Nettowärmeerzeugung;e
43311;Monatserhebung ü. Elektrizitäts- u. Wärmeerzeugung;JAHR;Jahr;2006;DINSG;Deutschland insgesamt;DG;Deutschland;ENRG03;Energieträger;DIESEL-01;Dieselkraftstoff;9156;MWh;EKT002;Elektrizitätserzeugung (netto);e
43311;Monatserhebung ü. Elektrizitäts- u. Wärmeerzeugung;JAHR;Jahr;2006;DINSG;Deutschland insgesamt;DG;Deutschland;ENRG03;Energieträger;DIESEL-01;Dieselkraftstoff;9601;MWh;EKT001;Elektrizitätserzeugung (brutto);e
43311;Monatserhebung ü. Elektrizitäts- u. Wärmeerzeugung;JAHR;Jahr;2006;DINSG;Deutschland insgesamt;DG;Deutschland;ENRG03;Energieträger;DIESEL-01;Dieselkraftstoff;97438;GJ;BRN001;Brennstoffeinsatz;e
43311;Monatserhebung ü. Elektrizitäts- u. Wärmeerzeugung;JAHR;Jahr;2020;DINSG;Deutschland insgesamt;DG;Deutschland;ENRG03;Energieträger;WAS-PSP-01;Pumpspeicherwasser;0;MWh;WRM001;Nettowärmeerzeugung;e
43311;Monatserhebung ü. Elektrizitäts- u. Wärmeerzeugung;JAHR;Jahr;2020;DINSG;Deutschland insgesamt;DG;Deutschland;ENRG03;Energieträger;WAS-PSP-01;Pumpspeicherwasser;0;MWh;EKT002;Elektrizitätserzeugung (netto);e
43311;Monatserhebung ü. Elektrizitäts- u. Wärmeerzeugung;JAHR;Jahr;2020;DINSG;Deutschland insgesamt;DG;Deutschland;ENRG03;Energieträger;WAS-PSP-01;Pumpspeicherwasser;0;MWh;EKT001;Elektrizitätserzeugung (brutto);e
43311;Monatserhebung ü. Elektrizitäts- u. Wärmeerzeugung;JAHR;Jahr;2020;DINSG;Deutschland insgesamt;DG;Deutschland;ENRG03;Energieträger;WAS-PSP-01;Pumpspeicherwasser;0;GJ;BRN001;Brennstoffeinsatz;e
43311;Monatserhebung ü. Elektrizitäts- u. Wärmeerzeugung;JAHR;Jahr;2004;DINSG;Deutschland insgesamt;DG;Deutschland;ENRG03;Energieträger;GAS-E-02;Erdgas, Erdölgas;50751965;MWh;WRM001;Nettowärmeerzeugung;e
43311;Monatserhebung ü. Elektrizitäts- u. Wärmeerzeugung;JAHR;Jahr;2004;DINSG;Deutschland insgesamt;DG;Deutschland;ENRG03;Energieträger;GAS-E-02;Erdgas, Erdölgas;44881966;MWh;EKT002;Elektrizitätserzeugung (netto);e
43311;Monatserhebung ü. Elektrizitäts- u. Wärmeerzeugung;JAHR;Jahr;2004;DINSG;Deutschland insgesamt;DG;Deutschland;ENRG03;Energieträger;GAS-E-02;Erdgas, Erdölgas;46545713;MWh;EKT001;Elektrizitätserzeugung (brutto);e
43311;Monatserhebung ü. Elektrizitäts- u. Wärmeerzeugung;JAHR;Jahr;2004;DINSG;Deutschland insgesamt;DG;Deutschland;ENRG03;Energieträger;GAS-E-02;Erdgas, Erdölgas;486148177;GJ;BRN001;Brennstoffeinsatz;e
43311;Monatserhebung ü. Elektrizitäts- u. Wärmeerzeugung;JAHR;Jahr;2016;DINSG;Deutschland insgesamt;DG;Deutschland;ENRG03;Energieträger;WAS-PSP-01;Pumpspeicherwasser;-;MWh;WRM001;Nettowärmeerzeugung;
43311;Monatserhebung ü. Elektrizitäts- u. Wärmeerzeugung;JAHR;Jahr;2016;DINSG;Deutschland insgesamt;DG;Deutschland;ENRG03;Energieträger;WAS-PSP-01;Pumpspeicherwasser;-;MWh;EKT002;Elektrizitätserzeugung (netto);
43311;Monatserhebung ü. Elektrizitäts- u. Wärmeerzeugung;JAHR;Jahr;2016;DINSG;Deutschland insgesamt;DG;Deutschland;ENRG03;Energieträger;WAS-PSP-01;Pumpspeicherwasser;-;MWh;EKT001;Elektrizitätserzeugung (brutto);
43311;Monatserhebung ü. Elektrizitäts- u. Wärmeerzeugung;JAHR;Jahr;2016;DINSG;Deutschland insgesamt;DG;Deutschland;ENRG03;Energieträger;WAS-PSP-01;Pumpspeicherwasser;-;GJ;BRN001;Brennstoffeinsatz;
43311;Monatserhebung ü. Elektrizitäts- u. Wärmeerzeugung;JAHR;Jahr;2020;DINSG;Deutschland insgesamt;DG;Deutschland;ENRG03;Energieträger;GAS-E-02;Erdgas, Erdölgas;46279479;MWh;WRM001;Nettowärmeerzeugung;e
43311;Monatserhebung ü. Elektrizitäts- u. Wärmeerzeugung;JAHR;Jahr;2020;DINSG;Deutschland insgesamt;DG;Deutschland;ENRG03;Energieträger;GAS-E-02;Erdgas, Erdölgas;57096200;MWh;EKT002;Elektrizitätserzeugung (netto);e
43311;Monatserhebung ü. Elektrizitäts- u. Wärmeerzeugung;JAHR;Jahr;2020;DINSG;Deutschland insgesamt;DG;Deutschland;ENRG03;Energieträger;GAS-E-02;Erdgas, Erdölgas;58826498;MWh;EKT001;Elektrizitätserzeugung (brutto);e
43311;Monatserhebung ü. Elektrizitäts- u. Wärmeerzeugung;JAHR;Jahr;2020;DINSG;Deutschland insgesamt;DG;Deutschland;ENRG03;Energieträger;GAS-E-02;Erdgas, Erdölgas;529043448;GJ;BRN001;Brennstoffeinsatz;e
43311;Monatserhebung ü. Elektrizitäts- u. Wärmeerzeugung;JAHR;Jahr;2010;DINSG;Deutschland insgesamt;DG;Deutschland;ENRG03;Energieträger;WRM-02;Wärmepumpen (Erd- und Umweltwärme);-;MWh;WRM001;Nettowärmeerzeugung;
43311;Monatserhebung ü. Elektrizitäts- u. Wärmeerzeugung;JAHR;Jahr;2010;DINSG;Deutschland insgesamt;DG;Deutschland;ENRG03;Energieträger;WRM-02;Wärmepumpen (Erd- und Umweltwärme);-;MWh;EKT002;Elektrizitätserzeugung (netto);
43311;Monatserhebung ü. Elektrizitäts- u. Wärmeerzeugung;JAHR;Jahr;2010;DINSG;Deutschland insgesamt;DG;Deutschland;ENRG03;Energieträger;WRM-02;Wärmepumpen (Erd- und Umweltwärme);-;MWh;EKT001;Elektrizitätserzeugung (brutto);
43311;Monatserhebung ü. Elektrizitäts- u. Wärmeerzeugung;JAHR;Jahr;2010;DINSG;Deutschland insgesamt;DG;Deutschland;ENRG03;Energieträger;WRM-02;Wärmepumpen (Erd- und Umweltwärme);-;GJ;BRN001;Brennstoffeinsatz;
43311;Monatserhebung ü. Elektrizitäts- u. Wärmeerzeugung;JAHR;Jahr;2021;DINSG;Deutschland insgesamt;DG;Deutschland;ENRG03;Energieträger;ABF-02;Abfall (Industrie);1178509;MWh;WRM001;Nettowärmeerzeugung;e
43311;Monatserhebung ü. Elektrizitäts- u. Wärmeerzeugung;JAHR;Jahr;2021;DINSG;Deutschland insgesamt;DG;Deutschland;ENRG03;Energieträger;ABF-02;Abfall (Industrie);375925;MWh;EKT002;Elektrizitätserzeugung (netto);e
43311;Monatserhebung ü. Elektrizitäts- u. Wärmeerzeugung;JAHR;Jahr;2021;DINSG;Deutschland insgesamt;DG;Deutschland;ENRG03;Energieträger;ABF-02;Abfall (Industrie);509642;MWh;EKT001;Elektrizitätserzeugung (brutto);e
43311;Monatserhebung ü. Elektrizitäts- u. Wärmeerzeugung;JAHR;Jahr;2021;DINSG;Deutschland insgesamt;DG;Deutschland;ENRG03;Energieträger;ABF-02;Abfall (Industrie);10956849;GJ;BRN001;Brennstoffeinsatz;e
43311;Monatserhebung ü. Elektrizitäts- u. Wärmeerzeugung;JAHR;Jahr;2009;DINSG;Deutschland insgesamt;DG;Deutschland;ENRG03;Energieträger;WRM-02;Wärmepumpen (Erd- und Umweltwärme);-;MWh;WRM001;Nettowärmeerzeugung;
43311;Monatserhebung ü. Elektrizitäts- u. Wärmeerzeugung;JAHR;Jahr;2009;DINSG;Deutschland insgesamt;DG;Deutschland;ENRG03;Energieträger;WRM-02;Wärmepumpen (Erd- und Umweltwärme);-;MWh;EKT002;Elektrizitätserzeugung (netto);
43311;Monatserhebung ü. Elektrizitäts- u. Wärmeerzeugung;JAHR;Jahr;2009;DINSG;Deutschland insgesamt;DG;Deutschland;ENRG03;Energieträger;WRM-02;Wärmepumpen (Erd- und Umweltwärme);-;MWh;EKT001;Elektrizitätserzeugung (brutto);
43311;Monatserhebung ü. Elektrizitäts- u. Wärmeerzeugung;JAHR;Jahr;2009;DINSG;Deutschland insgesamt;DG;Deutschland;ENRG03;Energieträger;WRM-02;Wärmepumpen (Erd- und Umweltwärme);-;GJ;BRN001;Brennstoffeinsatz;
43311;Monatserhebung ü. Elektrizitäts- u. Wärmeerzeugung;JAHR;Jahr;2010;DINSG;Deutschland insgesamt;DG;Deutschland;ENRG03;Energieträger;KHL-B-HART;Hartbraunkohlen;0;MWh;WRM001;Nettowärmeerzeugung;e
43311;Monatserhebung ü. Elektrizitäts- u. Wärmeerzeugung;JAHR;Jahr;2010;DINSG;Deutschland insgesamt;DG;Deutschland;ENRG03;Energieträger;KHL-B-HART;Hartbraunkohlen;-;MWh;EKT002;Elektrizitätserzeugung (netto);
43311;Monatserhebung ü. Elektrizitäts- u. Wärmeerzeugung;JAHR;Jahr;2010;DINSG;Deutschland insgesamt;DG;Deutschland;ENRG03;Energieträger;KHL-B-HART;Hartbraunkohlen;-;MWh;EKT001;Elektrizitätserzeugung (brutto);
43311;Monatserhebung ü. Elektrizitäts- u. Wärmeerzeugung;JAHR;Jahr;2010;DINSG;Deutschland insgesamt;DG;Deutschland;ENRG03;Energieträger;KHL-B-HART;Hartbraunkohlen;0;GJ;BRN001;Brennstoffeinsatz;e
43311;Monatserhebung ü. Elektrizitäts- u. Wärmeerzeugung;JAHR;Jahr;2017;DINSG;Deutschland insgesamt;DG;Deutschland;ENRG03;Energieträger;GAS-SONST;Sonstige hergestellte Gase;.;MWh;WRM001;Nettowärmeerzeugung;
43311;Monatserhebung ü. Elektrizitäts- u. Wärmeerzeugung;JAHR;Jahr;2017;DINSG;Deutschland insgesamt;DG;Deutschland;ENRG03;Energieträger;GAS-SONST;Sonstige hergestellte Gase;.;MWh;EKT002;Elektrizitätserzeugung (netto);
43311;Monatserhebung ü. Elektrizitäts- u. Wärmeerzeugung;JAHR;Jahr;2017;DINSG;Deutschland insgesamt;DG;Deutschland;ENRG03;Energieträger;GAS-SONST;Sonstige hergestellte Gase;.;MWh;EKT001;Elektrizitätserzeugung (brutto);
43311;Monatserhebung ü. Elektrizitäts- u. Wärmeerzeugung;JAHR;Jahr;2017;DINSG;Deutschland insgesamt;DG;Deutschland;ENRG03;Energieträger;GAS-SONST;Sonstige hergestellte Gase;.;GJ;BRN001;Brennstoffeinsatz;
43311;Monatserhebung ü. Elektrizitäts- u. Wärmeerzeugung;JAHR;Jahr;2017;DINSG;Deutschland insgesamt;DG;Deutschland;ENRG03;Energieträger;KHL-B-WSK;Wirbelschichtkohle;.;MWh;WRM001;Nettowärmeerzeugung;
43311;Monatserhebung ü. Elektrizitäts- u. Wärmeerzeugung;JAHR;Jahr;2017;DINSG;Deutschland insgesamt;DG;Deutschland;ENRG03;Energieträger;KHL-B-WSK;Wirbelschichtkohle;.;MWh;EKT002;Elektrizitätserzeugung (netto);
43311;Monatserhebung ü. Elektrizitäts- u. Wärmeerzeugung;JAHR;Jahr;2017;DINSG;Deutschland insgesamt;DG;Deutschland;ENRG03;Energieträger;KHL-B-WSK;Wirbelschichtkohle;.;MWh;EKT001;Elektrizitätserzeugung (brutto);
43311;Monatserhebung ü. Elektrizitäts- u. Wärmeerzeugung;JAHR;Jahr;2017;DINSG;Deutschland insgesamt;DG;Deutschland;ENRG03;Energieträger;KHL-B-WSK;Wirbelschichtkohle;.;GJ;BRN001;Brennstoffeinsatz;
43311;Monatserhebung ü. Elektrizitäts- u. Wärmeerzeugung;JAHR;Jahr;2010;DINSG;Deutschland insgesamt;DG;Deutschland;ENRG03;Energieträger;ENR-EB-SONST;Sonstige erneuerbare Energien;-;MWh;WRM001;Nettowärmeerzeugung;
43311;Monatserhebung ü. Elektrizitäts- u. Wärmeerzeugung;JAHR;Jahr;2010;DINSG;Deutschland insgesamt;DG;Deutschland;ENRG03;Energieträger;ENR-EB-SONST;Sonstige erneuerbare Energien;442;MWh;EKT002;Elektrizitätserzeugung (netto);e
43311;Monatserhebung ü. Elektrizitäts- u. Wärmeerzeugung;JAHR;Jahr;2010;DINSG;Deutschland insgesamt;DG;Deutschland;ENRG03;Energieträger;ENR-EB-SONST;Sonstige erneuerbare Energien;442;MWh;EKT001;Elektrizitätserzeugung (brutto);e
43311;Monatserhebung ü. Elektrizitäts- u. Wärmeerzeugung;JAHR;Jahr;2010;DINSG;Deutschland insgesamt;DG;Deutschland;ENRG03;Energieträger;ENR-EB-SONST;Sonstige erneuerbare Energien;-;GJ;BRN001;Brennstoffeinsatz;
43311;Monatserhebung ü. Elektrizitäts- u. Wärmeerzeugung;JAHR;Jahr;2013;DINSG;Deutschland insgesamt;DG;Deutschland;ENRG03;Energieträger;OEL-H-S-01;Heizöl, schwer;158307;MWh;WRM001;Nettowärmeerzeugung;e
43311;Monatserhebung ü. Elektrizitäts- u. Wärmeerzeugung;JAHR;Jahr;2013;DINSG;Deutschland insgesamt;DG;Deutschland;ENRG03;Energieträger;OEL-H-S-01;Heizöl, schwer;420833;MWh;EKT002;Elektrizitätserzeugung (netto);e
43311;Monatserhebung ü. Elektrizitäts- u. Wärmeerzeugung;JAHR;Jahr;2013;DINSG;Deutschland insgesamt;DG;Deutschland;ENRG03;Energieträger;OEL-H-S-01;Heizöl, schwer;458624;MWh;EKT001;Elektrizitätserzeugung (brutto);e
43311;Monatserhebung ü. Elektrizitäts- u. Wärmeerzeugung;JAHR;Jahr;2013;DINSG;Deutschland insgesamt;DG;Deutschland;ENRG03;Energieträger;OEL-H-S-01;Heizöl, schwer;4894848;GJ;BRN001;Brennstoffeinsatz;e
43311;Monatserhebung ü. Elektrizitäts- u. Wärmeerzeugung;JAHR;Jahr;2013;DINSG;Deutschland insgesamt;DG;Deutschland;ENRG03;Energieträger;BIO-F-01;Feste biogene Stoffe;4494140;MWh;WRM001;Nettowärmeerzeugung;e
43311;Monatserhebung ü. Elektrizitäts- u. Wärmeerzeugung;JAHR;Jahr;2013;DINSG;Deutschland insgesamt;DG;Deutschland;ENRG03;Energieträger;BIO-F-01;Feste biogene Stoffe;4010439;MWh;EKT002;Elektrizitätserzeugung (netto);e
43311;Monatserhebung ü. Elektrizitäts- u. Wärmeerzeugung;JAHR;Jahr;2013;DINSG;Deutschland insgesamt;DG;Deutschland;ENRG03;Energieträger;BIO-F-01;Feste biogene Stoffe;4442525;MWh;EKT001;Elektrizitätserzeugung (brutto);e
43311;Monatserhebung ü. Elektrizitäts- u. Wärmeerzeugung;JAHR;Jahr;2013;DINSG;Deutschland insgesamt;DG;Deutschland;ENRG03;Energieträger;BIO-F-01;Feste biogene Stoffe;69757388;GJ;BRN001;Brennstoffeinsatz;e
43311;Monatserhebung ü. Elektrizitäts- u. Wärmeerzeugung;JAHR;Jahr;2008;DINSG;Deutschland insgesamt;DG;Deutschland;ENRG03;Energieträger;GAS-RAF;Raffineriegas;-;MWh;WRM001;Nettowärmeerzeugung;
43311;Monatserhebung ü. Elektrizitäts- u. Wärmeerzeugung;JAHR;Jahr;2008;DINSG;Deutschland insgesamt;DG;Deutschland;ENRG03;Energieträger;GAS-RAF;Raffineriegas;-;MWh;EKT002;Elektrizitätserzeugung (netto);
43311;Monatserhebung ü. Elektrizitäts- u. Wärmeerzeugung;JAHR;Jahr;2008;DINSG;Deutschland insgesamt;DG;Deutschland;ENRG03;Energieträger;GAS-RAF;Raffineriegas;-;MWh;EKT001;Elektrizitätserzeugung (brutto);
43311;Monatserhebung ü. Elektrizitäts- u. Wärmeerzeugung;JAHR;Jahr;2008;DINSG;Deutschland insgesamt;DG;Deutschland;ENRG03;Energieträger;GAS-RAF;Raffineriegas;-;GJ;BRN001;Brennstoffeinsatz;
43311;Monatserhebung ü. Elektrizitäts- u. Wärmeerzeugung;JAHR;Jahr;2017;DINSG;Deutschland insgesamt;DG;Deutschland;ENRG03;Energieträger;GAS-BIO;Biogas;1754165;MWh;WRM001;Nettowärmeerzeugung;e
43311;Monatserhebung ü. Elektrizitäts- u. Wärmeerzeugung;JAHR;Jahr;2017;DINSG;Deutschland insgesamt;DG;Deutschland;ENRG03;Energieträger;GAS-BIO;Biogas;1757634;MWh;EKT002;Elektrizitätserzeugung (netto);e
43311;Monatserhebung ü. Elektrizitäts- u. Wärmeerzeugung;JAHR;Jahr;2017;DINSG;Deutschland insgesamt;DG;Deutschland;ENRG03;Energieträger;GAS-BIO;Biogas;1806365;MWh;EKT001;Elektrizitätserzeugung (brutto);e
43311;Monatserhebung ü. Elektrizitäts- u. Wärmeerzeugung;JAHR;Jahr;2017;DINSG;Deutschland insgesamt;DG;Deutschland;ENRG03;Energieträger;GAS-BIO;Biogas;17358400;GJ;BRN001;Brennstoffeinsatz;e
43311;Monatserhebung ü. Elektrizitäts- u. Wärmeerzeugung;JAHR;Jahr;2024;DINSG;Deutschland insgesamt;DG;Deutschland;ENRG03;Energieträger;KLS-01;Klärschlamm;112146;MWh;WRM001;Nettowärmeerzeugung;e
43311;Monatserhebung ü. Elektrizitäts- u. Wärmeerzeugung;JAHR;Jahr;2024;DINSG;Deutschland insgesamt;DG;Deutschland;ENRG03;Energieträger;KLS-01;Klärschlamm;198269;MWh;EKT002;Elektrizitätserzeugung (netto);e
43311;Monatserhebung ü. Elektrizitäts- u. Wärmeerzeugung;JAHR;Jahr;2024;DINSG;Deutschland insgesamt;DG;Deutschland;ENRG03;Energieträger;KLS-01;Klärschlamm;229265;MWh;EKT001;Elektrizitätserzeugung (brutto);e
43311;Monatserhebung ü. Elektrizitäts- u. Wärmeerzeugung;JAHR;Jahr;2024;DINSG;Deutschland insgesamt;DG;Deutschland;ENRG03;Energieträger;KLS-01;Klärschlamm;2725670;GJ;BRN001;Brennstoffeinsatz;e
43311;Monatserhebung ü. Elektrizitäts- u. Wärmeerzeugung;JAHR;Jahr;2003;DINSG;Deutschland insgesamt;DG;Deutschland;ENRG03;Energieträger;KHL-S-KOKS;Steinkohlenkoks;-;MWh;WRM001;Nettowärmeerzeugung;
43311;Monatserhebung ü. Elektrizitäts- u. Wärmeerzeugung;JAHR;Jahr;2003;DINSG;Deutschland insgesamt;DG;Deutschland;ENRG03;Energieträger;KHL-S-KOKS;Steinkohlenkoks;-;MWh;EKT002;Elektrizitätserzeugung (netto);
43311;Monatserhebung ü. Elektrizitäts- u. Wärmeerzeugung;JAHR;Jahr;2003;DINSG;Deutschland insgesamt;DG;Deutschland;ENRG03;Energieträger;KHL-S-KOKS;Steinkohlenkoks;-;MWh;EKT001;Elektrizitätserzeugung (brutto);
43311;Monatserhebung ü. Elektrizitäts- u. Wärmeerzeugung;JAHR;Jahr;2003;DINSG;Deutschland insgesamt;DG;Deutschland;ENRG03;Energieträger;KHL-S-KOKS;Steinkohlenkoks;-;GJ;BRN001;Brennstoffeinsatz;
43311;Monatserhebung ü. Elektrizitäts- u. Wärmeerzeugung;JAHR;Jahr;2020;DINSG;Deutschland insgesamt;DG;Deutschland;ENRG03;Energieträger;GAS-GRUB;Grubengas;.;MWh;WRM001;Nettowärmeerzeugung;
43311;Monatserhebung ü. Elektrizitäts- u. Wärmeerzeugung;JAHR;Jahr;2020;DINSG;Deutschland insgesamt;DG;Deutschland;ENRG03;Energieträger;GAS-GRUB;Grubengas;716509;MWh;EKT002;Elektrizitätserzeugung (netto);e
43311;Monatserhebung ü. Elektrizitäts- u. Wärmeerzeugung;JAHR;Jahr;2020;DINSG;Deutschland insgesamt;DG;Deutschland;ENRG03;Energieträger;GAS-GRUB;Grubengas;.;MWh;EKT001;Elektrizitätserzeugung (brutto);
43311;Monatserhebung ü. Elektrizitäts- u. Wärmeerzeugung;JAHR;Jahr;2020;DINSG;Deutschland insgesamt;DG;Deutschland;ENRG03;Energieträger;GAS-GRUB;Grubengas;.;GJ;BRN001;Brennstoffeinsatz;
43311;Monatserhebung ü. Elektrizitäts- u. Wärmeerzeugung;JAHR;Jahr;2009;DINSG;Deutschland insgesamt;DG;Deutschland;ENRG03;Energieträger;KHL-B-ROH;Rohbraunkohlen;9915600;MWh;WRM001;Nettowärmeerzeugung;e
43311;Monatserhebung ü. Elektrizitäts- u. Wärmeerzeugung;JAHR;Jahr;2009;DINSG;Deutschland insgesamt;DG;Deutschland;ENRG03;Energieträger;KHL-B-ROH;Rohbraunkohlen;130991918;MWh;EKT002;Elektrizitätserzeugung (netto);e
43311;Monatserhebung ü. Elektrizitäts- u. Wärmeerzeugung;JAHR;Jahr;2009;DINSG;Deutschland insgesamt;DG;Deutschland;ENRG03;Energieträger;KHL-B-ROH;Rohbraunkohlen;142458893;MWh;EKT001;Elektrizitätserzeugung (brutto);e
43311;Monatserhebung ü. Elektrizitäts- u. Wärmeerzeugung;JAHR;Jahr;2009;DINSG;Deutschland insgesamt;DG;Deutschland;ENRG03;Energieträger;KHL-B-ROH;Rohbraunkohlen;1381177694;GJ;BRN001;Brennstoffeinsatz;e
43311;Monatserhebung ü. Elektrizitäts- u. Wärmeerzeugung;JAHR;Jahr;2023;DINSG;Deutschland insgesamt;DG;Deutschland;ENRG03;Energieträger;PKOKS-01;Petrolkoks;-;MWh;WRM001;Nettowärmeerzeugung;
43311;Monatserhebung ü. Elektrizitäts- u. Wärmeerzeugung;JAHR;Jahr;2023;DINSG;Deutschland insgesamt;DG;Deutschland;ENRG03;Energieträger;PKOKS-01;Petrolkoks;-;MWh;EKT002;Elektrizitätserzeugung (netto);
43311;Monatserhebung ü. Elektrizitäts- u. Wärmeerzeugung;JAHR;Jahr;2023;DINSG;Deutschland insgesamt;DG;Deutschland;ENRG03;Energieträger;PKOKS-01;Petrolkoks;-;MWh;EKT001;Elektrizitätserzeugung (brutto);
43311;Monatserhebung ü. Elektrizitäts- u. Wärmeerzeugung;JAHR;Jahr;2023;DINSG;Deutschland insgesamt;DG;Deutschland;ENRG03;Energieträger;PKOKS-01;Petrolkoks;-;GJ;BRN001;Brennstoffeinsatz;
43311;Monatserhebung ü. Elektrizitäts- u. Wärmeerzeugung;JAHR;Jahr;2008;DINSG;Deutschland insgesamt;DG;Deutschland;ENRG03;Energieträger;ENRSET;Sonstige Energieträger;586118;MWh;WRM001;Nettowärmeerzeugung;e
43311;Monatserhebung ü. Elektrizitäts- u. Wärmeerzeugung;JAHR;Jahr;2008;DINSG;Deutschland insgesamt;DG;Deutschland;ENRG03;Energieträger;ENRSET;Sonstige Energieträger;526695;MWh;EKT002;Elektrizitätserzeugung (netto);e
43311;Monatserhebung ü. Elektrizitäts- u. Wärmeerzeugung;JAHR;Jahr;2008;DINSG;Deutschland insgesamt;DG;Deutschland;ENRG03;Energieträger;ENRSET;Sonstige Energieträger;560685;MWh;EKT001;Elektrizitätserzeugung (brutto);e
43311;Monatserhebung ü. Elektrizitäts- u. Wärmeerzeugung;JAHR;Jahr;2008;DINSG;Deutschland insgesamt;DG;Deutschland;ENRG03;Energieträger;ENRSET;Sonstige Energieträger;8759463;GJ;BRN001;Brennstoffeinsatz;e
43311;Monatserhebung ü. Elektrizitäts- u. Wärmeerzeugung;JAHR;Jahr;2022;DINSG;Deutschland insgesamt;DG;Deutschland;ENRG03;Energieträger;GAS-RAF;Raffineriegas;-;MWh;WRM001;Nettowärmeerzeugung;
43311;Monatserhebung ü. Elektrizitäts- u. Wärmeerzeugung;JAHR;Jahr;2022;DINSG;Deutschland insgesamt;DG;Deutschland;ENRG03;Energieträger;GAS-RAF;Raffineriegas;-;MWh;EKT002;Elektrizitätserzeugung (netto);
43311;Monatserhebung ü. Elektrizitäts- u. Wärmeerzeugung;JAHR;Jahr;2022;DINSG;Deutschland insgesamt;DG;Deutschland;ENRG03;Energieträger;GAS-RAF;Raffineriegas;-;MWh;EKT001;Elektrizitätserzeugung (brutto);
43311;Monatserhebung ü. Elektrizitäts- u. Wärmeerzeugung;JAHR;Jahr;2022;DINSG;Deutschland insgesamt;DG;Deutschland;ENRG03;Energieträger;GAS-RAF;Raffineriegas;-;GJ;BRN001;Brennstoffeinsatz;
43311;Monatserhebung ü. Elektrizitäts- u. Wärmeerzeugung;JAHR;Jahr;2018;DINSG;Deutschland insgesamt;DG;Deutschland;ENRG03;Energieträger;GAS-KL;Klärgas;.;MWh;WRM001;Nettowärmeerzeugung;
43311;Monatserhebung ü. Elektrizitäts- u. Wärmeerzeugung;JAHR;Jahr;2018;DINSG;Deutschland insgesamt;DG;Deutschland;ENRG03;Energieträger;GAS-KL;Klärgas;24718;MWh;EKT002;Elektrizitätserzeugung (netto);e
43311;Monatserhebung ü. Elektrizitäts- u. Wärmeerzeugung;JAHR;Jahr;2018;DINSG;Deutschland insgesamt;DG;Deutschland;ENRG03;Energieträger;GAS-KL;Klärgas;26547;MWh;EKT001;Elektrizitätserzeugung (brutto);e
43311;Monatserhebung ü. Elektrizitäts- u. Wärmeerzeugung;JAHR;Jahr;2018;DINSG;Deutschland insgesamt;DG;Deutschland;ENRG03;Energieträger;GAS-KL;Klärgas;379459;GJ;BRN001;Brennstoffeinsatz;e
43311;Monatserhebung ü. Elektrizitäts- u. Wärmeerzeugung;JAHR;Jahr;2005;DINSG;Deutschland insgesamt;DG;Deutschland;ENRG03;Energieträger;ABF-03;Abfall (Hausmüll, Siedlungsabfälle);-;MWh;WRM001;Nettowärmeerzeugung;
43311;Monatserhebung ü. Elektrizitäts- u. Wärmeerzeugung;JAHR;Jahr;2005;DINSG;Deutschland insgesamt;DG;Deutschland;ENRG03;Energieträger;ABF-03;Abfall (Hausmüll, Siedlungsabfälle);-;MWh;EKT002;Elektrizitätserzeugung (netto);
43311;Monatserhebung ü. Elektrizitäts- u. Wärmeerzeugung;JAHR;Jahr;2005;DINSG;Deutschland insgesamt;DG;Deutschland;ENRG03;Energieträger;ABF-03;Abfall (Hausmüll, Siedlungsabfälle);-;MWh;EKT001;Elektrizitätserzeugung (brutto);
43311;Monatserhebung ü. Elektrizitäts- u. Wärmeerzeugung;JAHR;Jahr;2005;DINSG;Deutschland insgesamt;DG;Deutschland;ENRG03;Energieträger;ABF-03;Abfall (Hausmüll, Siedlungsabfälle);-;GJ;BRN001;Brennstoffeinsatz;
43311;Monatserhebung ü. Elektrizitäts- u. Wärmeerzeugung;JAHR;Jahr;2012;DINSG;Deutschland insgesamt;DG;Deutschland;ENRG03;Energieträger;PHOTO-01;Photovoltaik;-;MWh;WRM001;Nettowärmeerzeugung;
43311;Monatserhebung ü. Elektrizitäts- u. Wärmeerzeugung;JAHR;Jahr;2012;DINSG;Deutschland insgesamt;DG;Deutschland;ENRG03;Energieträger;PHOTO-01;Photovoltaik;-;MWh;EKT002;Elektrizitätserzeugung (netto);
43311;Monatserhebung ü. Elektrizitäts- u. Wärmeerzeugung;JAHR;Jahr;2012;DINSG;Deutschland insgesamt;DG;Deutschland;ENRG03;Energieträger;PHOTO-01;Photovoltaik;-;MWh;EKT001;Elektrizitätserzeugung (brutto);
43311;Monatserhebung ü. Elektrizitäts- u. Wärmeerzeugung;JAHR;Jahr;2012;DINSG;Deutschland insgesamt;DG;Deutschland;ENRG03;Energieträger;PHOTO-01;Photovoltaik;-;GJ;BRN001;Brennstoffeinsatz;
43311;Monatserhebung ü. Elektrizitäts- u. Wärmeerzeugung;JAHR;Jahr;2004;DINSG;Deutschland insgesamt;DG;Deutschland;ENRG03;Energieträger;STROM-02;Strom (Elektrokessel);-;MWh;WRM001;Nettowärmeerzeugung;
43311;Monatserhebung ü. Elektrizitäts- u. Wärmeerzeugung;JAHR;Jahr;2004;DINSG;Deutschland insgesamt;DG;Deutschland;ENRG03;Energieträger;STROM-02;Strom (Elektrokessel);-;MWh;EKT002;Elektrizitätserzeugung (netto);
43311;Monatserhebung ü. Elektrizitäts- u. Wärmeerzeugung;JAHR;Jahr;2004;DINSG;Deutschland insgesamt;DG;Deutschland;ENRG03;Energieträger;STROM-02;Strom (Elektrokessel);-;MWh;EKT001;Elektrizitätserzeugung (brutto);
43311;Monatserhebung ü. Elektrizitäts- u. Wärmeerzeugung;JAHR;Jahr;2004;DINSG;Deutschland insgesamt;DG;Deutschland;ENRG03;Energieträger;STROM-02;Strom (Elektrokessel);-;GJ;BRN001;Brennstoffeinsatz;
43311;Monatserhebung ü. Elektrizitäts- u. Wärmeerzeugung;JAHR;Jahr;2004;DINSG;Deutschland insgesamt;DG;Deutschland;ENRG03;Energieträger;KHL-S-01;Steinkohlen;38353220;MWh;WRM001;Nettowärmeerzeugung;e
43311;Monatserhebung ü. Elektrizitäts- u. Wärmeerzeugung;JAHR;Jahr;2004;DINSG;Deutschland insgesamt;DG;Deutschland;ENRG03;Energieträger;KHL-S-01;Steinkohlen;116640379;MWh;EKT002;Elektrizitätserzeugung (netto);e
43311;Monatserhebung ü. Elektrizitäts- u. Wärmeerzeugung;JAHR;Jahr;2004;DINSG;Deutschland insgesamt;DG;Deutschland;ENRG03;Energieträger;KHL-S-01;Steinkohlen;126565314;MWh;EKT001;Elektrizitätserzeugung (brutto);e
43311;Monatserhebung ü. Elektrizitäts- u. Wärmeerzeugung;JAHR;Jahr;2004;DINSG;Deutschland insgesamt;DG;Deutschland;ENRG03;Energieträger;KHL-S-01;Steinkohlen;1211381597;GJ;BRN001;Brennstoffeinsatz;e
43311;Monatserhebung ü. Elektrizitäts- u. Wärmeerzeugung;JAHR;Jahr;2005;DINSG;Deutschland insgesamt;DG;Deutschland;ENRG03;Energieträger;SOLTH-01;Solarthermie;-;MWh;WRM001;Nettowärmeerzeugung;
43311;Monatserhebung ü. Elektrizitäts- u. Wärmeerzeugung;JAHR;Jahr;2005;DINSG;Deutschland insgesamt;DG;Deutschland;ENRG03;Energieträger;SOLTH-01;Solarthermie;-;MWh;EKT002;Elektrizitätserzeugung (netto);
43311;Monatserhebung ü. Elektrizitäts- u. Wärmeerzeugung;JAHR;Jahr;2005;DINSG;Deutschland insgesamt;DG;Deutschland;ENRG03;Energieträger;SOLTH-01;Solarthermie;-;MWh;EKT001;Elektrizitätserzeugung (brutto);
43311;Monatserhebung ü. Elektrizitäts- u. Wärmeerzeugung;JAHR;Jahr;2005;DINSG;Deutschland insgesamt;DG;Deutschland;ENRG03;Energieträger;SOLTH-01;Solarthermie;-;GJ;BRN001;Brennstoffeinsatz;
43311;Monatserhebung ü. Elektrizitäts- u. Wärmeerzeugung;JAHR;Jahr;2022;DINSG;Deutschland insgesamt;DG;Deutschland;ENRG03;Energieträger;DIESEL-01;Dieselkraftstoff;.;MWh;WRM001;Nettowärmeerzeugung;
43311;Monatserhebung ü. Elektrizitäts- u. Wärmeerzeugung;JAHR;Jahr;2022;DINSG;Deutschland insgesamt;DG;Deutschland;ENRG03;Energieträger;DIESEL-01;Dieselkraftstoff;.;MWh;EKT002;Elektrizitätserzeugung (netto);
43311;Monatserhebung ü. Elektrizitäts- u. Wärmeerzeugung;JAHR;Jahr;2022;DINSG;Deutschland insgesamt;DG;Deutschland;ENRG03;Energieträger;DIESEL-01;Dieselkraftstoff;.;MWh;EKT001;Elektrizitätserzeugung (brutto);
43311;Monatserhebung ü. Elektrizitäts- u. Wärmeerzeugung;JAHR;Jahr;2022;DINSG;Deutschland insgesamt;DG;Deutschland;ENRG03;Energieträger;DIESEL-01;Dieselkraftstoff;.;GJ;BRN001;Brennstoffeinsatz;
43311;Monatserhebung ü. Elektrizitäts- u. Wärmeerzeugung;JAHR;Jahr;2017;DINSG;Deutschland insgesamt;DG;Deutschland;ENRG03;Energieträger;GEOTH-01;Geothermie;159347;MWh;WRM001;Nettowärmeerzeugung;e
43311;Monatserhebung ü. Elektrizitäts- u. Wärmeerzeugung;JAHR;Jahr;2017;DINSG;Deutschland insgesamt;DG;Deutschland;ENRG03;Energieträger;GEOTH-01;Geothermie;147306;MWh;EKT002;Elektrizitätserzeugung (netto);e
43311;Monatserhebung ü. Elektrizitäts- u. Wärmeerzeugung;JAHR;Jahr;2017;DINSG;Deutschland insgesamt;DG;Deutschland;ENRG03;Energieträger;GEOTH-01;Geothermie;152826;MWh;EKT001;Elektrizitätserzeugung (brutto);e
43311;Monatserhebung ü. Elektrizitäts- u. Wärmeerzeugung;JAHR;Jahr;2017;DINSG;Deutschland insgesamt;DG;Deutschland;ENRG03;Energieträger;GEOTH-01;Geothermie;-;GJ;BRN001;Brennstoffeinsatz;
43311;Monatserhebung ü. Elektrizitäts- u. Wärmeerzeugung;JAHR;Jahr;2014;DINSG;Deutschland insgesamt;DG;Deutschland;ENRG03;Energieträger;KHL-B-BRIK;Braunkohlenbriketts;.;MWh;WRM001;Nettowärmeerzeugung;
43311;Monatserhebung ü. Elektrizitäts- u. Wärmeerzeugung;JAHR;Jahr;2014;DINSG;Deutschland insgesamt;DG;Deutschland;ENRG03;Energieträger;KHL-B-BRIK;Braunkohlenbriketts;118299;MWh;EKT002;Elektrizitätserzeugung (netto);e
43311;Monatserhebung ü. Elektrizitäts- u. Wärmeerzeugung;JAHR;Jahr;2014;DINSG;Deutschland insgesamt;DG;Deutschland;ENRG03;Energieträger;KHL-B-BRIK;Braunkohlenbriketts;131608;MWh;EKT001;Elektrizitätserzeugung (brutto);e
43311;Monatserhebung ü. Elektrizitäts- u. Wärmeerzeugung;JAHR;Jahr;2014;DINSG;Deutschland insgesamt;DG;Deutschland;ENRG03;Energieträger;KHL-B-BRIK;Braunkohlenbriketts;1447704;GJ;BRN001;Brennstoffeinsatz;e
43311;Monatserhebung ü. Elektrizitäts- u. Wärmeerzeugung;JAHR;Jahr;2012;DINSG;Deutschland insgesamt;DG;Deutschland;ENRG03;Energieträger;KHL-S-SONST;Sonstige Steinkohlen;-;MWh;WRM001;Nettowärmeerzeugung;
43311;Monatserhebung ü. Elektrizitäts- u. Wärmeerzeugung;JAHR;Jahr;2012;DINSG;Deutschland insgesamt;DG;Deutschland;ENRG03;Energieträger;KHL-S-SONST;Sonstige Steinkohlen;-;MWh;EKT002;Elektrizitätserzeugung (netto);
43311;Monatserhebung ü. Elektrizitäts- u. Wärmeerzeugung;JAHR;Jahr;2012;DINSG;Deutschland insgesamt;DG;Deutschland;ENRG03;Energieträger;KHL-S-SONST;Sonstige Steinkohlen;-;MWh;EKT001;Elektrizitätserzeugung (brutto);
43311;Monatserhebung ü. Elektrizitäts- u. Wärmeerzeugung;JAHR;Jahr;2012;DINSG;Deutschland insgesamt;DG;Deutschland;ENRG03;Energieträger;KHL-S-SONST;Sonstige Steinkohlen;-;GJ;BRN001;Brennstoffeinsatz;
43311;Monatserhebung ü. Elektrizitäts- u. Wärmeerzeugung;JAHR;Jahr;2018;DINSG;Deutschland insgesamt;DG;Deutschland;ENRG03;Energieträger;KHL-B-ROH;Rohbraunkohlen;6930171;MWh;WRM001;Nettowärmeerzeugung;e
43311;Monatserhebung ü. Elektrizitäts- u. Wärmeerzeugung;JAHR;Jahr;2018;DINSG;Deutschland insgesamt;DG;Deutschland;ENRG03;Energieträger;KHL-B-ROH;Rohbraunkohlen;131497568;MWh;EKT002;Elektrizitätserzeugung (netto);e
43311;Monatserhebung ü. Elektrizitäts- u. Wärmeerzeugung;JAHR;Jahr;2018;DINSG;Deutschland insgesamt;DG;Deutschland;ENRG03;Energieträger;KHL-B-ROH;Rohbraunkohlen;141293804;MWh;EKT001;Elektrizitätserzeugung (brutto);e
43311;Monatserhebung ü. Elektrizitäts- u. Wärmeerzeugung;JAHR;Jahr;2018;DINSG;Deutschland insgesamt;DG;Deutschland;ENRG03;Energieträger;KHL-B-ROH;Rohbraunkohlen;1318513894;GJ;BRN001;Brennstoffeinsatz;e
43311;Monatserhebung ü. Elektrizitäts- u. Wärmeerzeugung;JAHR;Jahr;2010;DINSG;Deutschland insgesamt;DG;Deutschland;ENRG03;Energieträger;GAS-FL;Flüssiggas;1980;MWh;WRM001;Nettowärmeerzeugung;e
43311;Monatserhebung ü. Elektrizitäts- u. Wärmeerzeugung;JAHR;Jahr;2010;DINSG;Deutschland insgesamt;DG;Deutschland;ENRG03;Energieträger;GAS-FL;Flüssiggas;24;MWh;EKT002;Elektrizitätserzeugung (netto);e
43311;Monatserhebung ü. Elektrizitäts- u. Wärmeerzeugung;JAHR;Jahr;2010;DINSG;Deutschland insgesamt;DG;Deutschland;ENRG03;Energieträger;GAS-FL;Flüssiggas;24;MWh;EKT001;Elektrizitätserzeugung (brutto);e
43311;Monatserhebung ü. Elektrizitäts- u. Wärmeerzeugung;JAHR;Jahr;2010;DINSG;Deutschland insgesamt;DG;Deutschland;ENRG03;Energieträger;GAS-FL;Flüssiggas;10275;GJ;BRN001;Brennstoffeinsatz;e
43311;Monatserhebung ü. Elektrizitäts- u. Wärmeerzeugung;JAHR;Jahr;2008;DINSG;Deutschland insgesamt;DG;Deutschland;ENRG03;Energieträger;KHL-B-BRIK;Braunkohlenbriketts;98006;MWh;WRM001;Nettowärmeerzeugung;e
43311;Monatserhebung ü. Elektrizitäts- u. Wärmeerzeugung;JAHR;Jahr;2008;DINSG;Deutschland insgesamt;DG;Deutschland;ENRG03;Energieträger;KHL-B-BRIK;Braunkohlenbriketts;29629;MWh;EKT002;Elektrizitätserzeugung (netto);e
43311;Monatserhebung ü. Elektrizitäts- u. Wärmeerzeugung;JAHR;Jahr;2008;DINSG;Deutschland insgesamt;DG;Deutschland;ENRG03;Energieträger;KHL-B-BRIK;Braunkohlenbriketts;34217;MWh;EKT001;Elektrizitätserzeugung (brutto);e
43311;Monatserhebung ü. Elektrizitäts- u. Wärmeerzeugung;JAHR;Jahr;2008;DINSG;Deutschland insgesamt;DG;Deutschland;ENRG03;Energieträger;KHL-B-BRIK;Braunkohlenbriketts;657393;GJ;BRN001;Brennstoffeinsatz;e
43311;Monatserhebung ü. Elektrizitäts- u. Wärmeerzeugung;JAHR;Jahr;2024;DINSG;Deutschland insgesamt;DG;Deutschland;ENRG03;Energieträger;WAS-LF-01;Laufwasser;-;MWh;WRM001;Nettowärmeerzeugung;
43311;Monatserhebung ü. Elektrizitäts- u. Wärmeerzeugung;JAHR;Jahr;2024;DINSG;Deutschland insgesamt;DG;Deutschland;ENRG03;Energieträger;WAS-LF-01;Laufwasser;17400480;MWh;EKT002;Elektrizitätserzeugung (netto);e
43311;Monatserhebung ü. Elektrizitäts- u. Wärmeerzeugung;JAHR;Jahr;2024;DINSG;Deutschland insgesamt;DG;Deutschland;ENRG03;Energieträger;WAS-LF-01;Laufwasser;17549032;MWh;EKT001;Elektrizitätserzeugung (brutto);e
43311;Monatserhebung ü. Elektrizitäts- u. Wärmeerzeugung;JAHR;Jahr;2024;DINSG;Deutschland insgesamt;DG;Deutschland;ENRG03;Energieträger;WAS-LF-01;Laufwasser;-;GJ;BRN001;Brennstoffeinsatz;
43311;Monatserhebung ü. Elektrizitäts- u. Wärmeerzeugung;JAHR;Jahr;2007;DINSG;Deutschland insgesamt;DG;Deutschland;ENRG03;Energieträger;GAS-HO-01;Hochofengas;22577;MWh;WRM001;Nettowärmeerzeugung;e
43311;Monatserhebung ü. Elektrizitäts- u. Wärmeerzeugung;JAHR;Jahr;2007;DINSG;Deutschland insgesamt;DG;Deutschland;ENRG03;Energieträger;GAS-HO-01;Hochofengas;2572847;MWh;EKT002;Elektrizitätserzeugung (netto);e
43311;Monatserhebung ü. Elektrizitäts- u. Wärmeerzeugung;JAHR;Jahr;2007;DINSG;Deutschland insgesamt;DG;Deutschland;ENRG03;Energieträger;GAS-HO-01;Hochofengas;2764861;MWh;EKT001;Elektrizitätserzeugung (brutto);e
43311;Monatserhebung ü. Elektrizitäts- u. Wärmeerzeugung;JAHR;Jahr;2007;DINSG;Deutschland insgesamt;DG;Deutschland;ENRG03;Energieträger;GAS-HO-01;Hochofengas;25545756;GJ;BRN001;Brennstoffeinsatz;e
43311;Monatserhebung ü. Elektrizitäts- u. Wärmeerzeugung;JAHR;Jahr;2017;DINSG;Deutschland insgesamt;DG;Deutschland;ENRG03;Energieträger;SP-SONST-01;Andere Speicher;-;MWh;WRM001;Nettowärmeerzeugung;
43311;Monatserhebung ü. Elektrizitäts- u. Wärmeerzeugung;JAHR;Jahr;2017;DINSG;Deutschland insgesamt;DG;Deutschland;ENRG03;Energieträger;SP-SONST-01;Andere Speicher;-;MWh;EKT002;Elektrizitätserzeugung (netto);
43311;Monatserhebung ü. Elektrizitäts- u. Wärmeerzeugung;JAHR;Jahr;2017;DINSG;Deutschland insgesamt;DG;Deutschland;ENRG03;Energieträger;SP-SONST-01;Andere Speicher;-;MWh;EKT001;Elektrizitätserzeugung (brutto);
43311;Monatserhebung ü. Elektrizitäts- u. Wärmeerzeugung;JAHR;Jahr;2017;DINSG;Deutschland insgesamt;DG;Deutschland;ENRG03;Energieträger;SP-SONST-01;Andere Speicher;-;GJ;BRN001;Brennstoffeinsatz;
43311;Monatserhebung ü. Elektrizitäts- u. Wärmeerzeugung;JAHR;Jahr;2017;DINSG;Deutschland insgesamt;DG;Deutschland;ENRG03;Energieträger;KHL-S-KOKS;Steinkohlenkoks;-;MWh;WRM001;Nettowärmeerzeugung;
43311;Monatserhebung ü. Elektrizitäts- u. Wärmeerzeugung;JAHR;Jahr;2017;DINSG;Deutschland insgesamt;DG;Deutschland;ENRG03;Energieträger;KHL-S-KOKS;Steinkohlenkoks;-;MWh;EKT002;Elektrizitätserzeugung (netto);
43311;Monatserhebung ü. Elektrizitäts- u. Wärmeerzeugung;JAHR;Jahr;2017;DINSG;Deutschland insgesamt;DG;Deutschland;ENRG03;Energieträger;KHL-S-KOKS;Steinkohlenkoks;-;MWh;EKT001;Elektrizitätserzeugung (brutto);
43311;Monatserhebung ü. Elektrizitäts- u. Wärmeerzeugung;JAHR;Jahr;2017;DINSG;Deutschland insgesamt;DG;Deutschland;ENRG03;Energieträger;KHL-S-KOKS;Steinkohlenkoks;-;GJ;BRN001;Brennstoffeinsatz;
43311;Monatserhebung ü. Elektrizitäts- u. Wärmeerzeugung;JAHR;Jahr;2002;DINSG;Deutschland insgesamt;DG;Deutschland;ENRG03;Energieträger;KHL-B-WSK;Wirbelschichtkohle;-;MWh;WRM001;Nettowärmeerzeugung;
43311;Monatserhebung ü. Elektrizitäts- u. Wärmeerzeugung;JAHR;Jahr;2002;DINSG;Deutschland insgesamt;DG;Deutschland;ENRG03;Energieträger;KHL-B-WSK;Wirbelschichtkohle;-;MWh;EKT002;Elektrizitätserzeugung (netto);
43311;Monatserhebung ü. Elektrizitäts- u. Wärmeerzeugung;JAHR;Jahr;2002;DINSG;Deutschland insgesamt;DG;Deutschland;ENRG03;Energieträger;KHL-B-WSK;Wirbelschichtkohle;-;MWh;EKT001;Elektrizitätserzeugung (brutto);
43311;Monatserhebung ü. Elektrizitäts- u. Wärmeerzeugung;JAHR;Jahr;2002;DINSG;Deutschland insgesamt;DG;Deutschland;ENRG03;Energieträger;KHL-B-WSK;Wirbelschichtkohle;-;GJ;BRN001;Brennstoffeinsatz;
43311;Monatserhebung ü. Elektrizitäts- u. Wärmeerzeugung;JAHR;Jahr;2014;DINSG;Deutschland insgesamt;DG;Deutschland;ENRG03;Energieträger;KLS-01;Klärschlamm;21809;MWh;WRM001;Nettowärmeerzeugung;e
43311;Monatserhebung ü. Elektrizitäts- u. Wärmeerzeugung;JAHR;Jahr;2014;DINSG;Deutschland insgesamt;DG;Deutschland;ENRG03;Energieträger;KLS-01;Klärschlamm;120755;MWh;EKT002;Elektrizitätserzeugung (netto);e
43311;Monatserhebung ü. Elektrizitäts- u. Wärmeerzeugung;JAHR;Jahr;2014;DINSG;Deutschland insgesamt;DG;Deutschland;ENRG03;Energieträger;KLS-01;Klärschlamm;131877;MWh;EKT001;Elektrizitätserzeugung (brutto);e
43311;Monatserhebung ü. Elektrizitäts- u. Wärmeerzeugung;JAHR;Jahr;2014;DINSG;Deutschland insgesamt;DG;Deutschland;ENRG03;Energieträger;KLS-01;Klärschlamm;1275570;GJ;BRN001;Brennstoffeinsatz;e
43311;Monatserhebung ü. Elektrizitäts- u. Wärmeerzeugung;JAHR;Jahr;2016;DINSG;Deutschland insgesamt;DG;Deutschland;ENRG03;Energieträger;GAS-DEP;Deponiegas;51164;MWh;WRM001;Nettowärmeerzeugung;e
43311;Monatserhebung ü. Elektrizitäts- u. Wärmeerzeugung;JAHR;Jahr;2016;DINSG;Deutschland insgesamt;DG;Deutschland;ENRG03;Energieträger;GAS-DEP;Deponiegas;72410;MWh;EKT002;Elektrizitätserzeugung (netto);e
43311;Monatserhebung ü. Elektrizitäts- u. Wärmeerzeugung;JAHR;Jahr;2016;DINSG;Deutschland insgesamt;DG;Deutschland;ENRG03;Energieträger;GAS-DEP;Deponiegas;75615;MWh;EKT001;Elektrizitätserzeugung (brutto);e
43311;Monatserhebung ü. Elektrizitäts- u. Wärmeerzeugung;JAHR;Jahr;2016;DINSG;Deutschland insgesamt;DG;Deutschland;ENRG03;Energieträger;GAS-DEP;Deponiegas;768508;GJ;BRN001;Brennstoffeinsatz;e
43311;Monatserhebung ü. Elektrizitäts- u. Wärmeerzeugung;JAHR;Jahr;2002;DINSG;Deutschland insgesamt;DG;Deutschland;ENRG03;Energieträger;KHL-B-SONST;Sonstige Braunkohlen;-;MWh;WRM001;Nettowärmeerzeugung;
43311;Monatserhebung ü. Elektrizitäts- u. Wärmeerzeugung;JAHR;Jahr;2002;DINSG;Deutschland insgesamt;DG;Deutschland;ENRG03;Energieträger;KHL-B-SONST;Sonstige Braunkohlen;110305;MWh;EKT002;Elektrizitätserzeugung (netto);e
43311;Monatserhebung ü. Elektrizitäts- u. Wärmeerzeugung;JAHR;Jahr;2002;DINSG;Deutschland insgesamt;DG;Deutschland;ENRG03;Energieträger;KHL-B-SONST;Sonstige Braunkohlen;119617;MWh;EKT001;Elektrizitätserzeugung (brutto);e
43311;Monatserhebung ü. Elektrizitäts- u. Wärmeerzeugung;JAHR;Jahr;2002;DINSG;Deutschland insgesamt;DG;Deutschland;ENRG03;Energieträger;KHL-B-SONST;Sonstige Braunkohlen;1081673;GJ;BRN001;Brennstoffeinsatz;e
43311;Monatserhebung ü. Elektrizitäts- u. Wärmeerzeugung;JAHR;Jahr;2002;DINSG;Deutschland insgesamt;DG;Deutschland;ENRG03;Energieträger;WIND-01;Windkraft;-;MWh;WRM001;Nettowärmeerzeugung;
43311;Monatserhebung ü. Elektrizitäts- u. Wärmeerzeugung;JAHR;Jahr;2002;DINSG;Deutschland insgesamt;DG;Deutschland;ENRG03;Energieträger;WIND-01;Windkraft;156819;MWh;EKT002;Elektrizitätserzeugung (netto);e
43311;Monatserhebung ü. Elektrizitäts- u. Wärmeerzeugung;JAHR;Jahr;2002;DINSG;Deutschland insgesamt;DG;Deutschland;ENRG03;Energieträger;WIND-01;Windkraft;163940;MWh;EKT001;Elektrizitätserzeugung (brutto);e
43311;Monatserhebung ü. Elektrizitäts- u. Wärmeerzeugung;JAHR;Jahr;2002;DINSG;Deutschland insgesamt;DG;Deutschland;ENRG03;Energieträger;WIND-01;Windkraft;-;GJ;BRN001;Brennstoffeinsatz;
43311;Monatserhebung ü. Elektrizitäts- u. Wärmeerzeugung;JAHR;Jahr;2023;DINSG;Deutschland insgesamt;DG;Deutschland;ENRG03;Energieträger;KHL-S-KOKS;Steinkohlenkoks;-;MWh;WRM001;Nettowärmeerzeugung;
43311;Monatserhebung ü. Elektrizitäts- u. Wärmeerzeugung;JAHR;Jahr;2023;DINSG;Deutschland insgesamt;DG;Deutschland;ENRG03;Energieträger;KHL-S-KOKS;Steinkohlenkoks;-;MWh;EKT002;Elektrizitätserzeugung (netto);
43311;Monatserhebung ü. Elektrizitäts- u. Wärmeerzeugung;JAHR;Jahr;2023;DINSG;Deutschland insgesamt;DG;Deutschland;ENRG03;Energieträger;KHL-S-KOKS;Steinkohlenkoks;-;MWh;EKT001;Elektrizitätserzeugung (brutto);
43311;Monatserhebung ü. Elektrizitäts- u. Wärmeerzeugung;JAHR;Jahr;2023;DINSG;Deutschland insgesamt;DG;Deutschland;ENRG03;Energieträger;KHL-S-KOKS;Steinkohlenkoks;-;GJ;BRN001;Brennstoffeinsatz;
43311;Monatserhebung ü. Elektrizitäts- u. Wärmeerzeugung;JAHR;Jahr;2015;DINSG;Deutschland insgesamt;DG;Deutschland;ENRG03;Energieträger;KHL-B-STK;Staub- und Trockenkohle;482279;MWh;WRM001;Nettowärmeerzeugung;e
43311;Monatserhebung ü. Elektrizitäts- u. Wärmeerzeugung;JAHR;Jahr;2015;DINSG;Deutschland insgesamt;DG;Deutschland;ENRG03;Energieträger;KHL-B-STK;Staub- und Trockenkohle;280996;MWh;EKT002;Elektrizitätserzeugung (netto);e
43311;Monatserhebung ü. Elektrizitäts- u. Wärmeerzeugung;JAHR;Jahr;2015;DINSG;Deutschland insgesamt;DG;Deutschland;ENRG03;Energieträger;KHL-B-STK;Staub- und Trockenkohle;307569;MWh;EKT001;Elektrizitätserzeugung (brutto);e
43311;Monatserhebung ü. Elektrizitäts- u. Wärmeerzeugung;JAHR;Jahr;2015;DINSG;Deutschland insgesamt;DG;Deutschland;ENRG03;Energieträger;KHL-B-STK;Staub- und Trockenkohle;4233823;GJ;BRN001;Brennstoffeinsatz;e
43311;Monatserhebung ü. Elektrizitäts- u. Wärmeerzeugung;JAHR;Jahr;2003;DINSG;Deutschland insgesamt;DG;Deutschland;ENRG03;Energieträger;KHL-B-HART;Hartbraunkohlen;17925;MWh;WRM001;Nettowärmeerzeugung;e
43311;Monatserhebung ü. Elektrizitäts- u. Wärmeerzeugung;JAHR;Jahr;2003;DINSG;Deutschland insgesamt;DG;Deutschland;ENRG03;Energieträger;KHL-B-HART;Hartbraunkohlen;531787;MWh;EKT002;Elektrizitätserzeugung (netto);e
43311;Monatserhebung ü. Elektrizitäts- u. Wärmeerzeugung;JAHR;Jahr;2003;DINSG;Deutschland insgesamt;DG;Deutschland;ENRG03;Energieträger;KHL-B-HART;Hartbraunkohlen;597060;MWh;EKT001;Elektrizitätserzeugung (brutto);e
43311;Monatserhebung ü. Elektrizitäts- u. Wärmeerzeugung;JAHR;Jahr;2003;DINSG;Deutschland insgesamt;DG;Deutschland;ENRG03;Energieträger;KHL-B-HART;Hartbraunkohlen;5638486;GJ;BRN001;Brennstoffeinsatz;e
43311;Monatserhebung ü. Elektrizitäts- u. Wärmeerzeugung;JAHR;Jahr;2018;DINSG;Deutschland insgesamt;DG;Deutschland;ENRG03;Energieträger;KHL-S-01;Steinkohlen;28088506;MWh;WRM001;Nettowärmeerzeugung;e
43311;Monatserhebung ü. Elektrizitäts- u. Wärmeerzeugung;JAHR;Jahr;2018;DINSG;Deutschland insgesamt;DG;Deutschland;ENRG03;Energieträger;KHL-S-01;Steinkohlen;72406068;MWh;EKT002;Elektrizitätserzeugung (netto);e
43311;Monatserhebung ü. Elektrizitäts- u. Wärmeerzeugung;JAHR;Jahr;2018;DINSG;Deutschland insgesamt;DG;Deutschland;ENRG03;Energieträger;KHL-S-01;Steinkohlen;79335802;MWh;EKT001;Elektrizitätserzeugung (brutto);e
43311;Monatserhebung ü. Elektrizitäts- u. Wärmeerzeugung;JAHR;Jahr;2018;DINSG;Deutschland insgesamt;DG;Deutschland;ENRG03;Energieträger;KHL-S-01;Steinkohlen;743374068;GJ;BRN001;Brennstoffeinsatz;e
43311;Monatserhebung ü. Elektrizitäts- u. Wärmeerzeugung;JAHR;Jahr;2014;DINSG;Deutschland insgesamt;DG;Deutschland;ENRG03;Energieträger;ENR-EB-SONST;Sonstige erneuerbare Energien;-;MWh;WRM001;Nettowärmeerzeugung;
43311;Monatserhebung ü. Elektrizitäts- u. Wärmeerzeugung;JAHR;Jahr;2014;DINSG;Deutschland insgesamt;DG;Deutschland;ENRG03;Energieträger;ENR-EB-SONST;Sonstige erneuerbare Energien;.;MWh;EKT002;Elektrizitätserzeugung (netto);
43311;Monatserhebung ü. Elektrizitäts- u. Wärmeerzeugung;JAHR;Jahr;2014;DINSG;Deutschland insgesamt;DG;Deutschland;ENRG03;Energieträger;ENR-EB-SONST;Sonstige erneuerbare Energien;.;MWh;EKT001;Elektrizitätserzeugung (brutto);
43311;Monatserhebung ü. Elektrizitäts- u. Wärmeerzeugung;JAHR;Jahr;2014;DINSG;Deutschland insgesamt;DG;Deutschland;ENRG03;Energieträger;ENR-EB-SONST;Sonstige erneuerbare Energien;2947894;GJ;BRN001;Brennstoffeinsatz;e
43311;Monatserhebung ü. Elektrizitäts- u. Wärmeerzeugung;JAHR;Jahr;2006;DINSG;Deutschland insgesamt;DG;Deutschland;ENRG03;Energieträger;OEL-H-L-01;Heizöl, leicht;672844;MWh;WRM001;Nettowärmeerzeugung;e
43311;Monatserhebung ü. Elektrizitäts- u. Wärmeerzeugung;JAHR;Jahr;2006;DINSG;Deutschland insgesamt;DG;Deutschland;ENRG03;Energieträger;OEL-H-L-01;Heizöl, leicht;588317;MWh;EKT002;Elektrizitätserzeugung (netto);e
43311;Monatserhebung ü. Elektrizitäts- u. Wärmeerzeugung;JAHR;Jahr;2006;DINSG;Deutschland insgesamt;DG;Deutschland;ENRG03;Energieträger;OEL-H-L-01;Heizöl, leicht;647097;MWh;EKT001;Elektrizitätserzeugung (brutto);e
43311;Monatserhebung ü. Elektrizitäts- u. Wärmeerzeugung;JAHR;Jahr;2006;DINSG;Deutschland insgesamt;DG;Deutschland;ENRG03;Energieträger;OEL-H-L-01;Heizöl, leicht;8763270;GJ;BRN001;Brennstoffeinsatz;e
43311;Monatserhebung ü. Elektrizitäts- u. Wärmeerzeugung;JAHR;Jahr;2010;DINSG;Deutschland insgesamt;DG;Deutschland;ENRG03;Energieträger;OEL-SONST;Sonstige Mineralölprodukte;40904;MWh;WRM001;Nettowärmeerzeugung;e
43311;Monatserhebung ü. Elektrizitäts- u. Wärmeerzeugung;JAHR;Jahr;2010;DINSG;Deutschland insgesamt;DG;Deutschland;ENRG03;Energieträger;OEL-SONST;Sonstige Mineralölprodukte;1491182;MWh;EKT002;Elektrizitätserzeugung (netto);e
43311;Monatserhebung ü. Elektrizitäts- u. Wärmeerzeugung;JAHR;Jahr;2010;DINSG;Deutschland insgesamt;DG;Deutschland;ENRG03;Energieträger;OEL-SONST;Sonstige Mineralölprodukte;1630450;MWh;EKT001;Elektrizitätserzeugung (brutto);e
43311;Monatserhebung ü. Elektrizitäts- u. Wärmeerzeugung;JAHR;Jahr;2010;DINSG;Deutschland insgesamt;DG;Deutschland;ENRG03;Energieträger;OEL-SONST;Sonstige Mineralölprodukte;14559309;GJ;BRN001;Brennstoffeinsatz;e
43311;Monatserhebung ü. Elektrizitäts- u. Wärmeerzeugung;JAHR;Jahr;2006;DINSG;Deutschland insgesamt;DG;Deutschland;ENRG03;Energieträger;ABF-02;Abfall (Industrie);-;MWh;WRM001;Nettowärmeerzeugung;
43311;Monatserhebung ü. Elektrizitäts- u. Wärmeerzeugung;JAHR;Jahr;2006;DINSG;Deutschland insgesamt;DG;Deutschland;ENRG03;Energieträger;ABF-02;Abfall (Industrie);-;MWh;EKT002;Elektrizitätserzeugung (netto);
43311;Monatserhebung ü. Elektrizitäts- u. Wärmeerzeugung;JAHR;Jahr;2006;DINSG;Deutschland insgesamt;DG;Deutschland;ENRG03;Energieträger;ABF-02;Abfall (Industrie);-;MWh;EKT001;Elektrizitätserzeugung (brutto);
43311;Monatserhebung ü. Elektrizitäts- u. Wärmeerzeugung;JAHR;Jahr;2006;DINSG;Deutschland insgesamt;DG;Deutschland;ENRG03;Energieträger;ABF-02;Abfall (Industrie);-;GJ;BRN001;Brennstoffeinsatz;
43311;Monatserhebung ü. Elektrizitäts- u. Wärmeerzeugung;JAHR;Jahr;2022;DINSG;Deutschland insgesamt;DG;Deutschland;ENRG03;Energieträger;WIND-01;Windkraft;-;MWh;WRM001;Nettowärmeerzeugung;
43311;Monatserhebung ü. Elektrizitäts- u. Wärmeerzeugung;JAHR;Jahr;2022;DINSG;Deutschland insgesamt;DG;Deutschland;ENRG03;Energieträger;WIND-01;Windkraft;-;MWh;EKT002;Elektrizitätserzeugung (netto);
43311;Monatserhebung ü. Elektrizitäts- u. Wärmeerzeugung;JAHR;Jahr;2022;DINSG;Deutschland insgesamt;DG;Deutschland;ENRG03;Energieträger;WIND-01;Windkraft;-;MWh;EKT001;Elektrizitätserzeugung (brutto);
43311;Monatserhebung ü. Elektrizitäts- u. Wärmeerzeugung;JAHR;Jahr;2022;DINSG;Deutschland insgesamt;DG;Deutschland;ENRG03;Energieträger;WIND-01;Windkraft;-;GJ;BRN001;Brennstoffeinsatz;
43311;Monatserhebung ü. Elektrizitäts- u. Wärmeerzeugung;JAHR;Jahr;2022;DINSG;Deutschland insgesamt;DG;Deutschland;ENRG03;Energieträger;WAS-PSP-03;Pumpspeicher ohne natürlichen Zufluss;-;MWh;WRM001;Nettowärmeerzeugung;
43311;Monatserhebung ü. Elektrizitäts- u. Wärmeerzeugung;JAHR;Jahr;2022;DINSG;Deutschland insgesamt;DG;Deutschland;ENRG03;Energieträger;WAS-PSP-03;Pumpspeicher ohne natürlichen Zufluss;-;MWh;EKT002;Elektrizitätserzeugung (netto);
43311;Monatserhebung ü. Elektrizitäts- u. Wärmeerzeugung;JAHR;Jahr;2022;DINSG;Deutschland insgesamt;DG;Deutschland;ENRG03;Energieträger;WAS-PSP-03;Pumpspeicher ohne natürlichen Zufluss;-;MWh;EKT001;Elektrizitätserzeugung (brutto);
43311;Monatserhebung ü. Elektrizitäts- u. Wärmeerzeugung;JAHR;Jahr;2022;DINSG;Deutschland insgesamt;DG;Deutschland;ENRG03;Energieträger;WAS-PSP-03;Pumpspeicher ohne natürlichen Zufluss;-;GJ;BRN001;Brennstoffeinsatz;
43311;Monatserhebung ü. Elektrizitäts- u. Wärmeerzeugung;JAHR;Jahr;2007;DINSG;Deutschland insgesamt;DG;Deutschland;ENRG03;Energieträger;GAS-SONST;Sonstige hergestellte Gase;316612;MWh;WRM001;Nettowärmeerzeugung;e
43311;Monatserhebung ü. Elektrizitäts- u. Wärmeerzeugung;JAHR;Jahr;2007;DINSG;Deutschland insgesamt;DG;Deutschland;ENRG03;Energieträger;GAS-SONST;Sonstige hergestellte Gase;126382;MWh;EKT002;Elektrizitätserzeugung (netto);e
43311;Monatserhebung ü. Elektrizitäts- u. Wärmeerzeugung;JAHR;Jahr;2007;DINSG;Deutschland insgesamt;DG;Deutschland;ENRG03;Energieträger;GAS-SONST;Sonstige hergestellte Gase;137528;MWh;EKT001;Elektrizitätserzeugung (brutto);e
43311;Monatserhebung ü. Elektrizitäts- u. Wärmeerzeugung;JAHR;Jahr;2007;DINSG;Deutschland insgesamt;DG;Deutschland;ENRG03;Energieträger;GAS-SONST;Sonstige hergestellte Gase;2108078;GJ;BRN001;Brennstoffeinsatz;e
43311;Monatserhebung ü. Elektrizitäts- u. Wärmeerzeugung;JAHR;Jahr;2002;DINSG;Deutschland insgesamt;DG;Deutschland;ENRG03;Energieträger;KHL-S-BRIK;Steinkohlenbriketts;-;MWh;WRM001;Nettowärmeerzeugung;
43311;Monatserhebung ü. Elektrizitäts- u. Wärmeerzeugung;JAHR;Jahr;2002;DINSG;Deutschland insgesamt;DG;Deutschland;ENRG03;Energieträger;KHL-S-BRIK;Steinkohlenbriketts;-;MWh;EKT002;Elektrizitätserzeugung (netto);
43311;Monatserhebung ü. Elektrizitäts- u. Wärmeerzeugung;JAHR;Jahr;2002;DINSG;Deutschland insgesamt;DG;Deutschland;ENRG03;Energieträger;KHL-S-BRIK;Steinkohlenbriketts;-;MWh;EKT001;Elektrizitätserzeugung (brutto);
43311;Monatserhebung ü. Elektrizitäts- u. Wärmeerzeugung;JAHR;Jahr;2002;DINSG;Deutschland insgesamt;DG;Deutschland;ENRG03;Energieträger;KHL-S-BRIK;Steinkohlenbriketts;-;GJ;BRN001;Brennstoffeinsatz;
43311;Monatserhebung ü. Elektrizitäts- u. Wärmeerzeugung;JAHR;Jahr;2020;DINSG;Deutschland insgesamt;DG;Deutschland;ENRG03;Energieträger;GAS-KL;Klärgas;.;MWh;WRM001;Nettowärmeerzeugung;
43311;Monatserhebung ü. Elektrizitäts- u. Wärmeerzeugung;JAHR;Jahr;2020;DINSG;Deutschland insgesamt;DG;Deutschland;ENRG03;Energieträger;GAS-KL;Klärgas;11715;MWh;EKT002;Elektrizitätserzeugung (netto);e
43311;Monatserhebung ü. Elektrizitäts- u. Wärmeerzeugung;JAHR;Jahr;2020;DINSG;Deutschland insgesamt;DG;Deutschland;ENRG03;Energieträger;GAS-KL;Klärgas;.;MWh;EKT001;Elektrizitätserzeugung (brutto);
43311;Monatserhebung ü. Elektrizitäts- u. Wärmeerzeugung;JAHR;Jahr;2020;DINSG;Deutschland insgesamt;DG;Deutschland;ENRG03;Energieträger;GAS-KL;Klärgas;.;GJ;BRN001;Brennstoffeinsatz;
43311;Monatserhebung ü. Elektrizitäts- u. Wärmeerzeugung;JAHR;Jahr;2008;DINSG;Deutschland insgesamt;DG;Deutschland;ENRG03;Energieträger;ABF-01;Abfall (Hausmüll, Industrie);10755536;MWh;WRM001;Nettowärmeerzeugung;e
43311;Monatserhebung ü. Elektrizitäts- u. Wärmeerzeugung;JAHR;Jahr;2008;DINSG;Deutschland insgesamt;DG;Deutschland;ENRG03;Energieträger;ABF-01;Abfall (Hausmüll, Industrie);7049002;MWh;EKT002;Elektrizitätserzeugung (netto);e
43311;Monatserhebung ü. Elektrizitäts- u. Wärmeerzeugung;JAHR;Jahr;2008;DINSG;Deutschland insgesamt;DG;Deutschland;ENRG03;Energieträger;ABF-01;Abfall (Hausmüll, Industrie);8978515;MWh;EKT001;Elektrizitätserzeugung (brutto);e
43311;Monatserhebung ü. Elektrizitäts- u. Wärmeerzeugung;JAHR;Jahr;2008;DINSG;Deutschland insgesamt;DG;Deutschland;ENRG03;Energieträger;ABF-01;Abfall (Hausmüll, Industrie);165788540;GJ;BRN001;Brennstoffeinsatz;e
43311;Monatserhebung ü. Elektrizitäts- u. Wärmeerzeugung;JAHR;Jahr;2007;DINSG;Deutschland insgesamt;DG;Deutschland;ENRG03;Energieträger;;Insgesamt;107968180;MWh;WRM001;Nettowärmeerzeugung;e
43311;Monatserhebung ü. Elektrizitäts- u. Wärmeerzeugung;JAHR;Jahr;2007;DINSG;Deutschland insgesamt;DG;Deutschland;ENRG03;Energieträger;;Insgesamt;488369371;MWh;EKT002;Elektrizitätserzeugung (netto);e
43311;Monatserhebung ü. Elektrizitäts- u. Wärmeerzeugung;JAHR;Jahr;2007;DINSG;Deutschland insgesamt;DG;Deutschland;ENRG03;Energieträger;;Insgesamt;522781498;MWh;EKT001;Elektrizitätserzeugung (brutto);e
43311;Monatserhebung ü. Elektrizitäts- u. Wärmeerzeugung;JAHR;Jahr;2007;DINSG;Deutschland insgesamt;DG;Deutschland;ENRG03;Energieträger;;Insgesamt;3575080546;GJ;BRN001;Brennstoffeinsatz;e
43311;Monatserhebung ü. Elektrizitäts- u. Wärmeerzeugung;JAHR;Jahr;2014;DINSG;Deutschland insgesamt;DG;Deutschland;ENRG03;Energieträger;ENRSET;Sonstige Energieträger;.;MWh;WRM001;Nettowärmeerzeugung;
43311;Monatserhebung ü. Elektrizitäts- u. Wärmeerzeugung;JAHR;Jahr;2014;DINSG;Deutschland insgesamt;DG;Deutschland;ENRG03;Energieträger;ENRSET;Sonstige Energieträger;.;MWh;EKT002;Elektrizitätserzeugung (netto);
43311;Monatserhebung ü. Elektrizitäts- u. Wärmeerzeugung;JAHR;Jahr;2014;DINSG;Deutschland insgesamt;DG;Deutschland;ENRG03;Energieträger;ENRSET;Sonstige Energieträger;.;MWh;EKT001;Elektrizitätserzeugung (brutto);
43311;Monatserhebung ü. Elektrizitäts- u. Wärmeerzeugung;JAHR;Jahr;2014;DINSG;Deutschland insgesamt;DG;Deutschland;ENRG03;Energieträger;ENRSET;Sonstige Energieträger;.;GJ;BRN001;Brennstoffeinsatz;
43311;Monatserhebung ü. Elektrizitäts- u. Wärmeerzeugung;JAHR;Jahr;2011;DINSG;Deutschland insgesamt;DG;Deutschland;ENRG03;Energieträger;KHL-B-KOKS;Braunkohlenkoks;10146;MWh;WRM001;Nettowärmeerzeugung;e
43311;Monatserhebung ü. Elektrizitäts- u. Wärmeerzeugung;JAHR;Jahr;2011;DINSG;Deutschland insgesamt;DG;Deutschland;ENRG03;Energieträger;KHL-B-KOKS;Braunkohlenkoks;5068;MWh;EKT002;Elektrizitätserzeugung (netto);e
43311;Monatserhebung ü. Elektrizitäts- u. Wärmeerzeugung;JAHR;Jahr;2011;DINSG;Deutschland insgesamt;DG;Deutschland;ENRG03;Energieträger;KHL-B-KOKS;Braunkohlenkoks;6641;MWh;EKT001;Elektrizitätserzeugung (brutto);e
43311;Monatserhebung ü. Elektrizitäts- u. Wärmeerzeugung;JAHR;Jahr;2011;DINSG;Deutschland insgesamt;DG;Deutschland;ENRG03;Energieträger;KHL-B-KOKS;Braunkohlenkoks;151524;GJ;BRN001;Brennstoffeinsatz;e
43311;Monatserhebung ü. Elektrizitäts- u. Wärmeerzeugung;JAHR;Jahr;2015;DINSG;Deutschland insgesamt;DG;Deutschland;ENRG03;Energieträger;KHL-S-SONST;Sonstige Steinkohlen;-;MWh;WRM001;Nettowärmeerzeugung;
43311;Monatserhebung ü. Elektrizitäts- u. Wärmeerzeugung;JAHR;Jahr;2015;DINSG;Deutschland insgesamt;DG;Deutschland;ENRG03;Energieträger;KHL-S-SONST;Sonstige Steinkohlen;-;MWh;EKT002;Elektrizitätserzeugung (netto);
43311;Monatserhebung ü. Elektrizitäts- u. Wärmeerzeugung;JAHR;Jahr;2015;DINSG;Deutschland insgesamt;DG;Deutschland;ENRG03;Energieträger;KHL-S-SONST;Sonstige Steinkohlen;-;MWh;EKT001;Elektrizitätserzeugung (brutto);
43311;Monatserhebung ü. Elektrizitäts- u. Wärmeerzeugung;JAHR;Jahr;2015;DINSG;Deutschland insgesamt;DG;Deutschland;ENRG03;Energieträger;KHL-S-SONST;Sonstige Steinkohlen;-;GJ;BRN001;Brennstoffeinsatz;
43311;Monatserhebung ü. Elektrizitäts- u. Wärmeerzeugung;JAHR;Jahr;2023;DINSG;Deutschland insgesamt;DG;Deutschland;ENRG03;Energieträger;KHL-B-SONST;Sonstige Braunkohlen;-;MWh;WRM001;Nettowärmeerzeugung;
43311;Monatserhebung ü. Elektrizitäts- u. Wärmeerzeugung;JAHR;Jahr;2023;DINSG;Deutschland insgesamt;DG;Deutschland;ENRG03;Energieträger;KHL-B-SONST;Sonstige Braunkohlen;-;MWh;EKT002;Elektrizitätserzeugung (netto);
43311;Monatserhebung ü. Elektrizitäts- u. Wärmeerzeugung;JAHR;Jahr;2023;DINSG;Deutschland insgesamt;DG;Deutschland;ENRG03;Energieträger;KHL-B-SONST;Sonstige Braunkohlen;-;MWh;EKT001;Elektrizitätserzeugung (brutto);
43311;Monatserhebung ü. Elektrizitäts- u. Wärmeerzeugung;JAHR;Jahr;2023;DINSG;Deutschland insgesamt;DG;Deutschland;ENRG03;Energieträger;KHL-B-SONST;Sonstige Braunkohlen;-;GJ;BRN001;Brennstoffeinsatz;
43311;Monatserhebung ü. Elektrizitäts- u. Wärmeerzeugung;JAHR;Jahr;2015;DINSG;Deutschland insgesamt;DG;Deutschland;ENRG03;Energieträger;DIESEL-01;Dieselkraftstoff;.;MWh;WRM001;Nettowärmeerzeugung;
43311;Monatserhebung ü. Elektrizitäts- u. Wärmeerzeugung;JAHR;Jahr;2015;DINSG;Deutschland insgesamt;DG;Deutschland;ENRG03;Energieträger;DIESEL-01;Dieselkraftstoff;512;MWh;EKT002;Elektrizitätserzeugung (netto);e
43311;Monatserhebung ü. Elektrizitäts- u. Wärmeerzeugung;JAHR;Jahr;2015;DINSG;Deutschland insgesamt;DG;Deutschland;ENRG03;Energieträger;DIESEL-01;Dieselkraftstoff;516;MWh;EKT001;Elektrizitätserzeugung (brutto);e
43311;Monatserhebung ü. Elektrizitäts- u. Wärmeerzeugung;JAHR;Jahr;2015;DINSG;Deutschland insgesamt;DG;Deutschland;ENRG03;Energieträger;DIESEL-01;Dieselkraftstoff;4979;GJ;BRN001;Brennstoffeinsatz;e
43311;Monatserhebung ü. Elektrizitäts- u. Wärmeerzeugung;JAHR;Jahr;2009;DINSG;Deutschland insgesamt;DG;Deutschland;ENRG03;Energieträger;KHL-S-01;Steinkohlen;31874449;MWh;WRM001;Nettowärmeerzeugung;e
43311;Monatserhebung ü. Elektrizitäts- u. Wärmeerzeugung;JAHR;Jahr;2009;DINSG;Deutschland insgesamt;DG;Deutschland;ENRG03;Energieträger;KHL-S-01;Steinkohlen;91653533;MWh;EKT002;Elektrizitätserzeugung (netto);e
43311;Monatserhebung ü. Elektrizitäts- u. Wärmeerzeugung;JAHR;Jahr;2009;DINSG;Deutschland insgesamt;DG;Deutschland;ENRG03;Energieträger;KHL-S-01;Steinkohlen;99856803;MWh;EKT001;Elektrizitätserzeugung (brutto);e
43311;Monatserhebung ü. Elektrizitäts- u. Wärmeerzeugung;JAHR;Jahr;2009;DINSG;Deutschland insgesamt;DG;Deutschland;ENRG03;Energieträger;KHL-S-01;Steinkohlen;991214598;GJ;BRN001;Brennstoffeinsatz;e
43311;Monatserhebung ü. Elektrizitäts- u. Wärmeerzeugung;JAHR;Jahr;2019;DINSG;Deutschland insgesamt;DG;Deutschland;ENRG03;Energieträger;OEL-H-L-01;Heizöl, leicht;198653;MWh;WRM001;Nettowärmeerzeugung;e
43311;Monatserhebung ü. Elektrizitäts- u. Wärmeerzeugung;JAHR;Jahr;2019;DINSG;Deutschland insgesamt;DG;Deutschland;ENRG03;Energieträger;OEL-H-L-01;Heizöl, leicht;435205;MWh;EKT002;Elektrizitätserzeugung (netto);e
43311;Monatserhebung ü. Elektrizitäts- u. Wärmeerzeugung;JAHR;Jahr;2019;DINSG;Deutschland insgesamt;DG;Deutschland;ENRG03;Energieträger;OEL-H-L-01;Heizöl, leicht;474702;MWh;EKT001;Elektrizitätserzeugung (brutto);e
43311;Monatserhebung ü. Elektrizitäts- u. Wärmeerzeugung;JAHR;Jahr;2019;DINSG;Deutschland insgesamt;DG;Deutschland;ENRG03;Energieträger;OEL-H-L-01;Heizöl, leicht;5286852;GJ;BRN001;Brennstoffeinsatz;e
43311;Monatserhebung ü. Elektrizitäts- u. Wärmeerzeugung;JAHR;Jahr;2010;DINSG;Deutschland insgesamt;DG;Deutschland;ENRG03;Energieträger;KHL-S-KOKS;Steinkohlenkoks;-;MWh;WRM001;Nettowärmeerzeugung;
43311;Monatserhebung ü. Elektrizitäts- u. Wärmeerzeugung;JAHR;Jahr;2010;DINSG;Deutschland insgesamt;DG;Deutschland;ENRG03;Energieträger;KHL-S-KOKS;Steinkohlenkoks;-;MWh;EKT002;Elektrizitätserzeugung (netto);
43311;Monatserhebung ü. Elektrizitäts- u. Wärmeerzeugung;JAHR;Jahr;2010;DINSG;Deutschland insgesamt;DG;Deutschland;ENRG03;Energieträger;KHL-S-KOKS;Steinkohlenkoks;-;MWh;EKT001;Elektrizitätserzeugung (brutto);
43311;Monatserhebung ü. Elektrizitäts- u. Wärmeerzeugung;JAHR;Jahr;2010;DINSG;Deutschland insgesamt;DG;Deutschland;ENRG03;Energieträger;KHL-S-KOKS;Steinkohlenkoks;-;GJ;BRN001;Brennstoffeinsatz;
43311;Monatserhebung ü. Elektrizitäts- u. Wärmeerzeugung;JAHR;Jahr;2016;DINSG;Deutschland insgesamt;DG;Deutschland;ENRG03;Energieträger;PKOKS-01;Petrolkoks;.;MWh;WRM001;Nettowärmeerzeugung;
43311;Monatserhebung ü. Elektrizitäts- u. Wärmeerzeugung;JAHR;Jahr;2016;DINSG;Deutschland insgesamt;DG;Deutschland;ENRG03;Energieträger;PKOKS-01;Petrolkoks;.;MWh;EKT002;Elektrizitätserzeugung (netto);
43311;Monatserhebung ü. Elektrizitäts- u. Wärmeerzeugung;JAHR;Jahr;2016;DINSG;Deutschland insgesamt;DG;Deutschland;ENRG03;Energieträger;PKOKS-01;Petrolkoks;.;MWh;EKT001;Elektrizitätserzeugung (brutto);
43311;Monatserhebung ü. Elektrizitäts- u. Wärmeerzeugung;JAHR;Jahr;2016;DINSG;Deutschland insgesamt;DG;Deutschland;ENRG03;Energieträger;PKOKS-01;Petrolkoks;.;GJ;BRN001;Brennstoffeinsatz;
43311;Monatserhebung ü. Elektrizitäts- u. Wärmeerzeugung;JAHR;Jahr;2002;DINSG;Deutschland insgesamt;DG;Deutschland;ENRG03;Energieträger;WAS-PSP-01;Pumpspeicherwasser;-;MWh;WRM001;Nettowärmeerzeugung;
43311;Monatserhebung ü. Elektrizitäts- u. Wärmeerzeugung;JAHR;Jahr;2002;DINSG;Deutschland insgesamt;DG;Deutschland;ENRG03;Energieträger;WAS-PSP-01;Pumpspeicherwasser;3933612;MWh;EKT002;Elektrizitätserzeugung (netto);e
43311;Monatserhebung ü. Elektrizitäts- u. Wärmeerzeugung;JAHR;Jahr;2002;DINSG;Deutschland insgesamt;DG;Deutschland;ENRG03;Energieträger;WAS-PSP-01;Pumpspeicherwasser;4016297;MWh;EKT001;Elektrizitätserzeugung (brutto);e
43311;Monatserhebung ü. Elektrizitäts- u. Wärmeerzeugung;JAHR;Jahr;2002;DINSG;Deutschland insgesamt;DG;Deutschland;ENRG03;Energieträger;WAS-PSP-01;Pumpspeicherwasser;-;GJ;BRN001;Brennstoffeinsatz;
43311;Monatserhebung ü. Elektrizitäts- u. Wärmeerzeugung;JAHR;Jahr;2014;DINSG;Deutschland insgesamt;DG;Deutschland;ENRG03;Energieträger;GAS-SONST;Sonstige hergestellte Gase;-;MWh;WRM001;Nettowärmeerzeugung;
43311;Monatserhebung ü. Elektrizitäts- u. Wärmeerzeugung;JAHR;Jahr;2014;DINSG;Deutschland insgesamt;DG;Deutschland;ENRG03;Energieträger;GAS-SONST;Sonstige hergestellte Gase;.;MWh;EKT002;Elektrizitätserzeugung (netto);
43311;Monatserhebung ü. Elektrizitäts- u. Wärmeerzeugung;JAHR;Jahr;2014;DINSG;Deutschland insgesamt;DG;Deutschland;ENRG03;Energieträger;GAS-SONST;Sonstige hergestellte Gase;.;MWh;EKT001;Elektrizitätserzeugung (brutto);
43311;Monatserhebung ü. Elektrizitäts- u. Wärmeerzeugung;JAHR;Jahr;2014;DINSG;Deutschland insgesamt;DG;Deutschland;ENRG03;Energieträger;GAS-SONST;Sonstige hergestellte Gase;.;GJ;BRN001;Brennstoffeinsatz;
43311;Monatserhebung ü. Elektrizitäts- u. Wärmeerzeugung;JAHR;Jahr;2018;DINSG;Deutschland insgesamt;DG;Deutschland;ENRG03;Energieträger;ABF-03;Abfall (Hausmüll, Siedlungsabfälle);16503200;MWh;WRM001;Nettowärmeerzeugung;e
43311;Monatserhebung ü. Elektrizitäts- u. Wärmeerzeugung;JAHR;Jahr;2018;DINSG;Deutschland insgesamt;DG;Deutschland;ENRG03;Energieträger;ABF-03;Abfall (Hausmüll, Siedlungsabfälle);9368344;MWh;EKT002;Elektrizitätserzeugung (netto);e
43311;Monatserhebung ü. Elektrizitäts- u. Wärmeerzeugung;JAHR;Jahr;2018;DINSG;Deutschland insgesamt;DG;Deutschland;ENRG03;Energieträger;ABF-03;Abfall (Hausmüll, Siedlungsabfälle);11753792;MWh;EKT001;Elektrizitätserzeugung (brutto);e
43311;Monatserhebung ü. Elektrizitäts- u. Wärmeerzeugung;JAHR;Jahr;2018;DINSG;Deutschland insgesamt;DG;Deutschland;ENRG03;Energieträger;ABF-03;Abfall (Hausmüll, Siedlungsabfälle);195744840;GJ;BRN001;Brennstoffeinsatz;e
43311;Monatserhebung ü. Elektrizitäts- u. Wärmeerzeugung;JAHR;Jahr;2013;DINSG;Deutschland insgesamt;DG;Deutschland;ENRG03;Energieträger;GAS-K-01;Kokereigas;.;MWh;WRM001;Nettowärmeerzeugung;
43311;Monatserhebung ü. Elektrizitäts- u. Wärmeerzeugung;JAHR;Jahr;2013;DINSG;Deutschland insgesamt;DG;Deutschland;ENRG03;Energieträger;GAS-K-01;Kokereigas;.;MWh;EKT002;Elektrizitätserzeugung (netto);
43311;Monatserhebung ü. Elektrizitäts- u. Wärmeerzeugung;JAHR;Jahr;2013;DINSG;Deutschland insgesamt;DG;Deutschland;ENRG03;Energieträger;GAS-K-01;Kokereigas;.;MWh;EKT001;Elektrizitätserzeugung (brutto);
43311;Monatserhebung ü. Elektrizitäts- u. Wärmeerzeugung;JAHR;Jahr;2013;DINSG;Deutschland insgesamt;DG;Deutschland;ENRG03;Energieträger;GAS-K-01;Kokereigas;.;GJ;BRN001;Brennstoffeinsatz;
43311;Monatserhebung ü. Elektrizitäts- u. Wärmeerzeugung;JAHR;Jahr;2005;DINSG;Deutschland insgesamt;DG;Deutschland;ENRG03;Energieträger;KHL-B-KOKS;Braunkohlenkoks;-;MWh;WRM001;Nettowärmeerzeugung;
43311;Monatserhebung ü. Elektrizitäts- u. Wärmeerzeugung;JAHR;Jahr;2005;DINSG;Deutschland insgesamt;DG;Deutschland;ENRG03;Energieträger;KHL-B-KOKS;Braunkohlenkoks;-;MWh;EKT002;Elektrizitätserzeugung (netto);
43311;Monatserhebung ü. Elektrizitäts- u. Wärmeerzeugung;JAHR;Jahr;2005;DINSG;Deutschland insgesamt;DG;Deutschland;ENRG03;Energieträger;KHL-B-KOKS;Braunkohlenkoks;-;MWh;EKT001;Elektrizitätserzeugung (brutto);
43311;Monatserhebung ü. Elektrizitäts- u. Wärmeerzeugung;JAHR;Jahr;2005;DINSG;Deutschland insgesamt;DG;Deutschland;ENRG03;Energieträger;KHL-B-KOKS;Braunkohlenkoks;-;GJ;BRN001;Brennstoffeinsatz;
43311;Monatserhebung ü. Elektrizitäts- u. Wärmeerzeugung;JAHR;Jahr;2006;DINSG;Deutschland insgesamt;DG;Deutschland;ENRG03;Energieträger;;Insgesamt;112712270;MWh;WRM001;Nettowärmeerzeugung;e
43311;Monatserhebung ü. Elektrizitäts- u. Wärmeerzeugung;JAHR;Jahr;2006;DINSG;Deutschland insgesamt;DG;Deutschland;ENRG03;Energieträger;;Insgesamt;504927984;MWh;EKT002;Elektrizitätserzeugung (netto);e
43311;Monatserhebung ü. Elektrizitäts- u. Wärmeerzeugung;JAHR;Jahr;2006;DINSG;Deutschland insgesamt;DG;Deutschland;ENRG03;Energieträger;;Insgesamt;540181439;MWh;EKT001;Elektrizitätserzeugung (brutto);e
43311;Monatserhebung ü. Elektrizitäts- u. Wärmeerzeugung;JAHR;Jahr;2006;DINSG;Deutschland insgesamt;DG;Deutschland;ENRG03;Energieträger;;Insgesamt;3496960811;GJ;BRN001;Brennstoffeinsatz;e
43311;Monatserhebung ü. Elektrizitäts- u. Wärmeerzeugung;JAHR;Jahr;2016;DINSG;Deutschland insgesamt;DG;Deutschland;ENRG03;Energieträger;WAS-PSP-03;Pumpspeicher ohne natürlichen Zufluss;-;MWh;WRM001;Nettowärmeerzeugung;
43311;Monatserhebung ü. Elektrizitäts- u. Wärmeerzeugung;JAHR;Jahr;2016;DINSG;Deutschland insgesamt;DG;Deutschland;ENRG03;Energieträger;WAS-PSP-03;Pumpspeicher ohne natürlichen Zufluss;5450754;MWh;EKT002;Elektrizitätserzeugung (netto);e
43311;Monatserhebung ü. Elektrizitäts- u. Wärmeerzeugung;JAHR;Jahr;2016;DINSG;Deutschland insgesamt;DG;Deutschland;ENRG03;Energieträger;WAS-PSP-03;Pumpspeicher ohne natürlichen Zufluss;5588359;MWh;EKT001;Elektrizitätserzeugung (brutto);e
43311;Monatserhebung ü. Elektrizitäts- u. Wärmeerzeugung;JAHR;Jahr;2016;DINSG;Deutschland insgesamt;DG;Deutschland;ENRG03;Energieträger;WAS-PSP-03;Pumpspeicher ohne natürlichen Zufluss;-;GJ;BRN001;Brennstoffeinsatz;
43311;Monatserhebung ü. Elektrizitäts- u. Wärmeerzeugung;JAHR;Jahr;2017;DINSG;Deutschland insgesamt;DG;Deutschland;ENRG03;Energieträger;WAS-LF-01;Laufwasser;-;MWh;WRM001;Nettowärmeerzeugung;
43311;Monatserhebung ü. Elektrizitäts- u. Wärmeerzeugung;JAHR;Jahr;2017;DINSG;Deutschland insgesamt;DG;Deutschland;ENRG03;Energieträger;WAS-LF-01;Laufwasser;15566110;MWh;EKT002;Elektrizitätserzeugung (netto);e
43311;Monatserhebung ü. Elektrizitäts- u. Wärmeerzeugung;JAHR;Jahr;2017;DINSG;Deutschland insgesamt;DG;Deutschland;ENRG03;Energieträger;WAS-LF-01;Laufwasser;15688945;MWh;EKT001;Elektrizitätserzeugung (brutto);e
43311;Monatserhebung ü. Elektrizitäts- u. Wärmeerzeugung;JAHR;Jahr;2017;DINSG;Deutschland insgesamt;DG;Deutschland;ENRG03;Energieträger;WAS-LF-01;Laufwasser;-;GJ;BRN001;Brennstoffeinsatz;
43311;Monatserhebung ü. Elektrizitäts- u. Wärmeerzeugung;JAHR;Jahr;2023;DINSG;Deutschland insgesamt;DG;Deutschland;ENRG03;Energieträger;WIND-01;Windkraft;-;MWh;WRM001;Nettowärmeerzeugung;
43311;Monatserhebung ü. Elektrizitäts- u. Wärmeerzeugung;JAHR;Jahr;2023;DINSG;Deutschland insgesamt;DG;Deutschland;ENRG03;Energieträger;WIND-01;Windkraft;-;MWh;EKT002;Elektrizitätserzeugung (netto);
43311;Monatserhebung ü. Elektrizitäts- u. Wärmeerzeugung;JAHR;Jahr;2023;DINSG;Deutschland insgesamt;DG;Deutschland;ENRG03;Energieträger;WIND-01;Windkraft;-;MWh;EKT001;Elektrizitätserzeugung (brutto);
43311;Monatserhebung ü. Elektrizitäts- u. Wärmeerzeugung;JAHR;Jahr;2023;DINSG;Deutschland insgesamt;DG;Deutschland;ENRG03;Energieträger;WIND-01;Windkraft;-;GJ;BRN001;Brennstoffeinsatz;
43311;Monatserhebung ü. Elektrizitäts- u. Wärmeerzeugung;JAHR;Jahr;2018;DINSG;Deutschland insgesamt;DG;Deutschland;ENRG03;Energieträger;ENR-EB-SONST;Sonstige erneuerbare Energien;-;MWh;WRM001;Nettowärmeerzeugung;
43311;Monatserhebung ü. Elektrizitäts- u. Wärmeerzeugung;JAHR;Jahr;2018;DINSG;Deutschland insgesamt;DG;Deutschland;ENRG03;Energieträger;ENR-EB-SONST;Sonstige erneuerbare Energien;-;MWh;EKT002;Elektrizitätserzeugung (netto);
43311;Monatserhebung ü. Elektrizitäts- u. Wärmeerzeugung;JAHR;Jahr;2018;DINSG;Deutschland insgesamt;DG;Deutschland;ENRG03;Energieträger;ENR-EB-SONST;Sonstige erneuerbare Energien;-;MWh;EKT001;Elektrizitätserzeugung (brutto);
43311;Monatserhebung ü. Elektrizitäts- u. Wärmeerzeugung;JAHR;Jahr;2018;DINSG;Deutschland insgesamt;DG;Deutschland;ENRG03;Energieträger;ENR-EB-SONST;Sonstige erneuerbare Energien;-;GJ;BRN001;Brennstoffeinsatz;
43311;Monatserhebung ü. Elektrizitäts- u. Wärmeerzeugung;JAHR;Jahr;2018;DINSG;Deutschland insgesamt;DG;Deutschland;ENRG03;Energieträger;PKOKS-01;Petrolkoks;.;MWh;WRM001;Nettowärmeerzeugung;
43311;Monatserhebung ü. Elektrizitäts- u. Wärmeerzeugung;JAHR;Jahr;2018;DINSG;Deutschland insgesamt;DG;Deutschland;ENRG03;Energieträger;PKOKS-01;Petrolkoks;.;MWh;EKT002;Elektrizitätserzeugung (netto);
43311;Monatserhebung ü. Elektrizitäts- u. Wärmeerzeugung;JAHR;Jahr;2018;DINSG;Deutschland insgesamt;DG;Deutschland;ENRG03;Energieträger;PKOKS-01;Petrolkoks;.;MWh;EKT001;Elektrizitätserzeugung (brutto);
43311;Monatserhebung ü. Elektrizitäts- u. Wärmeerzeugung;JAHR;Jahr;2018;DINSG;Deutschland insgesamt;DG;Deutschland;ENRG03;Energieträger;PKOKS-01;Petrolkoks;.;GJ;BRN001;Brennstoffeinsatz;
43311;Monatserhebung ü. Elektrizitäts- u. Wärmeerzeugung;JAHR;Jahr;2015;DINSG;Deutschland insgesamt;DG;Deutschland;ENRG03;Energieträger;GEOTH-01;Geothermie;.;MWh;WRM001;Nettowärmeerzeugung;
43311;Monatserhebung ü. Elektrizitäts- u. Wärmeerzeugung;JAHR;Jahr;2015;DINSG;Deutschland insgesamt;DG;Deutschland;ENRG03;Energieträger;GEOTH-01;Geothermie;91531;MWh;EKT002;Elektrizitätserzeugung (netto);e
43311;Monatserhebung ü. Elektrizitäts- u. Wärmeerzeugung;JAHR;Jahr;2015;DINSG;Deutschland insgesamt;DG;Deutschland;ENRG03;Energieträger;GEOTH-01;Geothermie;134121;MWh;EKT001;Elektrizitätserzeugung (brutto);e
43311;Monatserhebung ü. Elektrizitäts- u. Wärmeerzeugung;JAHR;Jahr;2015;DINSG;Deutschland insgesamt;DG;Deutschland;ENRG03;Energieträger;GEOTH-01;Geothermie;-;GJ;BRN001;Brennstoffeinsatz;
43311;Monatserhebung ü. Elektrizitäts- u. Wärmeerzeugung;JAHR;Jahr;2012;DINSG;Deutschland insgesamt;DG;Deutschland;ENRG03;Energieträger;OEL-H-L-01;Heizöl, leicht;415831;MWh;WRM001;Nettowärmeerzeugung;e
43311;Monatserhebung ü. Elektrizitäts- u. Wärmeerzeugung;JAHR;Jahr;2012;DINSG;Deutschland insgesamt;DG;Deutschland;ENRG03;Energieträger;OEL-H-L-01;Heizöl, leicht;486862;MWh;EKT002;Elektrizitätserzeugung (netto);e
43311;Monatserhebung ü. Elektrizitäts- u. Wärmeerzeugung;JAHR;Jahr;2012;DINSG;Deutschland insgesamt;DG;Deutschland;ENRG03;Energieträger;OEL-H-L-01;Heizöl, leicht;533875;MWh;EKT001;Elektrizitätserzeugung (brutto);e
43311;Monatserhebung ü. Elektrizitäts- u. Wärmeerzeugung;JAHR;Jahr;2012;DINSG;Deutschland insgesamt;DG;Deutschland;ENRG03;Energieträger;OEL-H-L-01;Heizöl, leicht;7564048;GJ;BRN001;Brennstoffeinsatz;e
43311;Monatserhebung ü. Elektrizitäts- u. Wärmeerzeugung;JAHR;Jahr;2013;DINSG;Deutschland insgesamt;DG;Deutschland;ENRG03;Energieträger;STROM-02;Strom (Elektrokessel);-;MWh;WRM001;Nettowärmeerzeugung;
43311;Monatserhebung ü. Elektrizitäts- u. Wärmeerzeugung;JAHR;Jahr;2013;DINSG;Deutschland insgesamt;DG;Deutschland;ENRG03;Energieträger;STROM-02;Strom (Elektrokessel);-;MWh;EKT002;Elektrizitätserzeugung (netto);
43311;Monatserhebung ü. Elektrizitäts- u. Wärmeerzeugung;JAHR;Jahr;2013;DINSG;Deutschland insgesamt;DG;Deutschland;ENRG03;Energieträger;STROM-02;Strom (Elektrokessel);-;MWh;EKT001;Elektrizitätserzeugung (brutto);
43311;Monatserhebung ü. Elektrizitäts- u. Wärmeerzeugung;JAHR;Jahr;2013;DINSG;Deutschland insgesamt;DG;Deutschland;ENRG03;Energieträger;STROM-02;Strom (Elektrokessel);-;GJ;BRN001;Brennstoffeinsatz;
43311;Monatserhebung ü. Elektrizitäts- u. Wärmeerzeugung;JAHR;Jahr;2010;DINSG;Deutschland insgesamt;DG;Deutschland;ENRG03;Energieträger;KLS-01;Klärschlamm;16572;MWh;WRM001;Nettowärmeerzeugung;e
43311;Monatserhebung ü. Elektrizitäts- u. Wärmeerzeugung;JAHR;Jahr;2010;DINSG;Deutschland insgesamt;DG;Deutschland;ENRG03;Energieträger;KLS-01;Klärschlamm;145977;MWh;EKT002;Elektrizitätserzeugung (netto);e
43311;Monatserhebung ü. Elektrizitäts- u. Wärmeerzeugung;JAHR;Jahr;2010;DINSG;Deutschland insgesamt;DG;Deutschland;ENRG03;Energieträger;KLS-01;Klärschlamm;160591;MWh;EKT001;Elektrizitätserzeugung (brutto);e
43311;Monatserhebung ü. Elektrizitäts- u. Wärmeerzeugung;JAHR;Jahr;2010;DINSG;Deutschland insgesamt;DG;Deutschland;ENRG03;Energieträger;KLS-01;Klärschlamm;1515569;GJ;BRN001;Brennstoffeinsatz;e
43311;Monatserhebung ü. Elektrizitäts- u. Wärmeerzeugung;JAHR;Jahr;2017;DINSG;Deutschland insgesamt;DG;Deutschland;ENRG03;Energieträger;GAS-DEP;Deponiegas;49737;MWh;WRM001;Nettowärmeerzeugung;e
43311;Monatserhebung ü. Elektrizitäts- u. Wärmeerzeugung;JAHR;Jahr;2017;DINSG;Deutschland insgesamt;DG;Deutschland;ENRG03;Energieträger;GAS-DEP;Deponiegas;67784;MWh;EKT002;Elektrizitätserzeugung (netto);e
43311;Monatserhebung ü. Elektrizitäts- u. Wärmeerzeugung;JAHR;Jahr;2017;DINSG;Deutschland insgesamt;DG;Deutschland;ENRG03;Energieträger;GAS-DEP;Deponiegas;70628;MWh;EKT001;Elektrizitätserzeugung (brutto);e
43311;Monatserhebung ü. Elektrizitäts- u. Wärmeerzeugung;JAHR;Jahr;2017;DINSG;Deutschland insgesamt;DG;Deutschland;ENRG03;Energieträger;GAS-DEP;Deponiegas;705286;GJ;BRN001;Brennstoffeinsatz;e
43311;Monatserhebung ü. Elektrizitäts- u. Wärmeerzeugung;JAHR;Jahr;2015;DINSG;Deutschland insgesamt;DG;Deutschland;ENRG03;Energieträger;GAS-K-01;Kokereigas;-;MWh;WRM001;Nettowärmeerzeugung;
43311;Monatserhebung ü. Elektrizitäts- u. Wärmeerzeugung;JAHR;Jahr;2015;DINSG;Deutschland insgesamt;DG;Deutschland;ENRG03;Energieträger;GAS-K-01;Kokereigas;.;MWh;EKT002;Elektrizitätserzeugung (netto);
43311;Monatserhebung ü. Elektrizitäts- u. Wärmeerzeugung;JAHR;Jahr;2015;DINSG;Deutschland insgesamt;DG;Deutschland;ENRG03;Energieträger;GAS-K-01;Kokereigas;.;MWh;EKT001;Elektrizitätserzeugung (brutto);
43311;Monatserhebung ü. Elektrizitäts- u. Wärmeerzeugung;JAHR;Jahr;2015;DINSG;Deutschland insgesamt;DG;Deutschland;ENRG03;Energieträger;GAS-K-01;Kokereigas;.;GJ;BRN001;Brennstoffeinsatz;
43311;Monatserhebung ü. Elektrizitäts- u. Wärmeerzeugung;JAHR;Jahr;2023;DINSG;Deutschland insgesamt;DG;Deutschland;ENRG03;Energieträger;ABF-01;Abfall (Hausmüll, Industrie);-;MWh;WRM001;Nettowärmeerzeugung;
43311;Monatserhebung ü. Elektrizitäts- u. Wärmeerzeugung;JAHR;Jahr;2023;DINSG;Deutschland insgesamt;DG;Deutschland;ENRG03;Energieträger;ABF-01;Abfall (Hausmüll, Industrie);-;MWh;EKT002;Elektrizitätserzeugung (netto);
43311;Monatserhebung ü. Elektrizitäts- u. Wärmeerzeugung;JAHR;Jahr;2023;DINSG;Deutschland insgesamt;DG;Deutschland;ENRG03;Energieträger;ABF-01;Abfall (Hausmüll, Industrie);-;MWh;EKT001;Elektrizitätserzeugung (brutto);
43311;Monatserhebung ü. Elektrizitäts- u. Wärmeerzeugung;JAHR;Jahr;2023;DINSG;Deutschland insgesamt;DG;Deutschland;ENRG03;Energieträger;ABF-01;Abfall (Hausmüll, Industrie);-;GJ;BRN001;Brennstoffeinsatz;
43311;Monatserhebung ü. Elektrizitäts- u. Wärmeerzeugung;JAHR;Jahr;2011;DINSG;Deutschland insgesamt;DG;Deutschland;ENRG03;Energieträger;GAS-E-02;Erdgas, Erdölgas;47022530;MWh;WRM001;Nettowärmeerzeugung;e
43311;Monatserhebung ü. Elektrizitäts- u. Wärmeerzeugung;JAHR;Jahr;2011;DINSG;Deutschland insgesamt;DG;Deutschland;ENRG03;Energieträger;GAS-E-02;Erdgas, Erdölgas;59760963;MWh;EKT002;Elektrizitätserzeugung (netto);e
43311;Monatserhebung ü. Elektrizitäts- u. Wärmeerzeugung;JAHR;Jahr;2011;DINSG;Deutschland insgesamt;DG;Deutschland;ENRG03;Energieträger;GAS-E-02;Erdgas, Erdölgas;61598067;MWh;EKT001;Elektrizitätserzeugung (brutto);e
43311;Monatserhebung ü. Elektrizitäts- u. Wärmeerzeugung;JAHR;Jahr;2011;DINSG;Deutschland insgesamt;DG;Deutschland;ENRG03;Energieträger;GAS-E-02;Erdgas, Erdölgas;557993680;GJ;BRN001;Brennstoffeinsatz;e
43311;Monatserhebung ü. Elektrizitäts- u. Wärmeerzeugung;JAHR;Jahr;2024;DINSG;Deutschland insgesamt;DG;Deutschland;ENRG03;Energieträger;WAS-PSP-02;Pumpspeicher mit natürlichem Zufluss;-;MWh;WRM001;Nettowärmeerzeugung;
43311;Monatserhebung ü. Elektrizitäts- u. Wärmeerzeugung;JAHR;Jahr;2024;DINSG;Deutschland insgesamt;DG;Deutschland;ENRG03;Energieträger;WAS-PSP-02;Pumpspeicher mit natürlichem Zufluss;482884;MWh;EKT002;Elektrizitätserzeugung (netto);e
43311;Monatserhebung ü. Elektrizitäts- u. Wärmeerzeugung;JAHR;Jahr;2024;DINSG;Deutschland insgesamt;DG;Deutschland;ENRG03;Energieträger;WAS-PSP-02;Pumpspeicher mit natürlichem Zufluss;482884;MWh;EKT001;Elektrizitätserzeugung (brutto);e
43311;Monatserhebung ü. Elektrizitäts- u. Wärmeerzeugung;JAHR;Jahr;2024;DINSG;Deutschland insgesamt;DG;Deutschland;ENRG03;Energieträger;WAS-PSP-02;Pumpspeicher mit natürlichem Zufluss;-;GJ;BRN001;Brennstoffeinsatz;
43311;Monatserhebung ü. Elektrizitäts- u. Wärmeerzeugung;JAHR;Jahr;2003;DINSG;Deutschland insgesamt;DG;Deutschland;ENRG03;Energieträger;ENRKER;Kernenergie;22564;MWh;WRM001;Nettowärmeerzeugung;e
43311;Monatserhebung ü. Elektrizitäts- u. Wärmeerzeugung;JAHR;Jahr;2003;DINSG;Deutschland insgesamt;DG;Deutschland;ENRG03;Energieträger;ENRKER;Kernenergie;156455840;MWh;EKT002;Elektrizitätserzeugung (netto);e
43311;Monatserhebung ü. Elektrizitäts- u. Wärmeerzeugung;JAHR;Jahr;2003;DINSG;Deutschland insgesamt;DG;Deutschland;ENRG03;Energieträger;ENRKER;Kernenergie;165059921;MWh;EKT001;Elektrizitätserzeugung (brutto);e
43311;Monatserhebung ü. Elektrizitäts- u. Wärmeerzeugung;JAHR;Jahr;2003;DINSG;Deutschland insgesamt;DG;Deutschland;ENRG03;Energieträger;ENRKER;Kernenergie;-;GJ;BRN001;Brennstoffeinsatz;
43311;Monatserhebung ü. Elektrizitäts- u. Wärmeerzeugung;JAHR;Jahr;2016;DINSG;Deutschland insgesamt;DG;Deutschland;ENRG03;Energieträger;ABF-02;Abfall (Industrie);1697268;MWh;WRM001;Nettowärmeerzeugung;e
43311;Monatserhebung ü. Elektrizitäts- u. Wärmeerzeugung;JAHR;Jahr;2016;DINSG;Deutschland insgesamt;DG;Deutschland;ENRG03;Energieträger;ABF-02;Abfall (Industrie);942119;MWh;EKT002;Elektrizitätserzeugung (netto);e
43311;Monatserhebung ü. Elektrizitäts- u. Wärmeerzeugung;JAHR;Jahr;2016;DINSG;Deutschland insgesamt;DG;Deutschland;ENRG03;Energieträger;ABF-02;Abfall (Industrie);1184001;MWh;EKT001;Elektrizitätserzeugung (brutto);e
43311;Monatserhebung ü. Elektrizitäts- u. Wärmeerzeugung;JAHR;Jahr;2016;DINSG;Deutschland insgesamt;DG;Deutschland;ENRG03;Energieträger;ABF-02;Abfall (Industrie);22834442;GJ;BRN001;Brennstoffeinsatz;e
43311;Monatserhebung ü. Elektrizitäts- u. Wärmeerzeugung;JAHR;Jahr;2014;DINSG;Deutschland insgesamt;DG;Deutschland;ENRG03;Energieträger;WRM-02;Wärmepumpen (Erd- und Umweltwärme);-;MWh;WRM001;Nettowärmeerzeugung;
43311;Monatserhebung ü. Elektrizitäts- u. Wärmeerzeugung;JAHR;Jahr;2014;DINSG;Deutschland insgesamt;DG;Deutschland;ENRG03;Energieträger;WRM-02;Wärmepumpen (Erd- und Umweltwärme);-;MWh;EKT002;Elektrizitätserzeugung (netto);
43311;Monatserhebung ü. Elektrizitäts- u. Wärmeerzeugung;JAHR;Jahr;2014;DINSG;Deutschland insgesamt;DG;Deutschland;ENRG03;Energieträger;WRM-02;Wärmepumpen (Erd- und Umweltwärme);-;MWh;EKT001;Elektrizitätserzeugung (brutto);
43311;Monatserhebung ü. Elektrizitäts- u. Wärmeerzeugung;JAHR;Jahr;2014;DINSG;Deutschland insgesamt;DG;Deutschland;ENRG03;Energieträger;WRM-02;Wärmepumpen (Erd- und Umweltwärme);-;GJ;BRN001;Brennstoffeinsatz;
43311;Monatserhebung ü. Elektrizitäts- u. Wärmeerzeugung;JAHR;Jahr;2006;DINSG;Deutschland insgesamt;DG;Deutschland;ENRG03;Energieträger;GAS-BIO-02;Biomethan (Bioerdgas);-;MWh;WRM001;Nettowärmeerzeugung;
43311;Monatserhebung ü. Elektrizitäts- u. Wärmeerzeugung;JAHR;Jahr;2006;DINSG;Deutschland insgesamt;DG;Deutschland;ENRG03;Energieträger;GAS-BIO-02;Biomethan (Bioerdgas);-;MWh;EKT002;Elektrizitätserzeugung (netto);
43311;Monatserhebung ü. Elektrizitäts- u. Wärmeerzeugung;JAHR;Jahr;2006;DINSG;Deutschland insgesamt;DG;Deutschland;ENRG03;Energieträger;GAS-BIO-02;Biomethan (Bioerdgas);-;MWh;EKT001;Elektrizitätserzeugung (brutto);
43311;Monatserhebung ü. Elektrizitäts- u. Wärmeerzeugung;JAHR;Jahr;2006;DINSG;Deutschland insgesamt;DG;Deutschland;ENRG03;Energieträger;GAS-BIO-02;Biomethan (Bioerdgas);-;GJ;BRN001;Brennstoffeinsatz;
43311;Monatserhebung ü. Elektrizitäts- u. Wärmeerzeugung;JAHR;Jahr;2022;DINSG;Deutschland insgesamt;DG;Deutschland;ENRG03;Energieträger;KHL-B-HART;Hartbraunkohlen;.;MWh;WRM001;Nettowärmeerzeugung;
43311;Monatserhebung ü. Elektrizitäts- u. Wärmeerzeugung;JAHR;Jahr;2022;DINSG;Deutschland insgesamt;DG;Deutschland;ENRG03;Energieträger;KHL-B-HART;Hartbraunkohlen;.;MWh;EKT002;Elektrizitätserzeugung (netto);
43311;Monatserhebung ü. Elektrizitäts- u. Wärmeerzeugung;JAHR;Jahr;2022;DINSG;Deutschland insgesamt;DG;Deutschland;ENRG03;Energieträger;KHL-B-HART;Hartbraunkohlen;.;MWh;EKT001;Elektrizitätserzeugung (brutto);
43311;Monatserhebung ü. Elektrizitäts- u. Wärmeerzeugung;JAHR;Jahr;2022;DINSG;Deutschland insgesamt;DG;Deutschland;ENRG03;Energieträger;KHL-B-HART;Hartbraunkohlen;.;GJ;BRN001;Brennstoffeinsatz;
43311;Monatserhebung ü. Elektrizitäts- u. Wärmeerzeugung;JAHR;Jahr;2005;DINSG;Deutschland insgesamt;DG;Deutschland;ENRG03;Energieträger;GAS-KL;Klärgas;25249;MWh;WRM001;Nettowärmeerzeugung;e
43311;Monatserhebung ü. Elektrizitäts- u. Wärmeerzeugung;JAHR;Jahr;2005;DINSG;Deutschland insgesamt;DG;Deutschland;ENRG03;Energieträger;GAS-KL;Klärgas;20986;MWh;EKT002;Elektrizitätserzeugung (netto);e
43311;Monatserhebung ü. Elektrizitäts- u. Wärmeerzeugung;JAHR;Jahr;2005;DINSG;Deutschland insgesamt;DG;Deutschland;ENRG03;Energieträger;GAS-KL;Klärgas;21770;MWh;EKT001;Elektrizitätserzeugung (brutto);e
43311;Monatserhebung ü. Elektrizitäts- u. Wärmeerzeugung;JAHR;Jahr;2005;DINSG;Deutschland insgesamt;DG;Deutschland;ENRG03;Energieträger;GAS-KL;Klärgas;233500;GJ;BRN001;Brennstoffeinsatz;e
43311;Monatserhebung ü. Elektrizitäts- u. Wärmeerzeugung;JAHR;Jahr;2020;DINSG;Deutschland insgesamt;DG;Deutschland;ENRG03;Energieträger;KHL-B-BRIK;Braunkohlenbriketts;.;MWh;WRM001;Nettowärmeerzeugung;
43311;Monatserhebung ü. Elektrizitäts- u. Wärmeerzeugung;JAHR;Jahr;2020;DINSG;Deutschland insgesamt;DG;Deutschland;ENRG03;Energieträger;KHL-B-BRIK;Braunkohlenbriketts;.;MWh;EKT002;Elektrizitätserzeugung (netto);
43311;Monatserhebung ü. Elektrizitäts- u. Wärmeerzeugung;JAHR;Jahr;2020;DINSG;Deutschland insgesamt;DG;Deutschland;ENRG03;Energieträger;KHL-B-BRIK;Braunkohlenbriketts;.;MWh;EKT001;Elektrizitätserzeugung (brutto);
43311;Monatserhebung ü. Elektrizitäts- u. Wärmeerzeugung;JAHR;Jahr;2020;DINSG;Deutschland insgesamt;DG;Deutschland;ENRG03;Energieträger;KHL-B-BRIK;Braunkohlenbriketts;.;GJ;BRN001;Brennstoffeinsatz;
43311;Monatserhebung ü. Elektrizitäts- u. Wärmeerzeugung;JAHR;Jahr;2004;DINSG;Deutschland insgesamt;DG;Deutschland;ENRG03;Energieträger;GAS-FL;Flüssiggas;23;MWh;WRM001;Nettowärmeerzeugung;e
43311;Monatserhebung ü. Elektrizitäts- u. Wärmeerzeugung;JAHR;Jahr;2004;DINSG;Deutschland insgesamt;DG;Deutschland;ENRG03;Energieträger;GAS-FL;Flüssiggas;482;MWh;EKT002;Elektrizitätserzeugung (netto);e
43311;Monatserhebung ü. Elektrizitäts- u. Wärmeerzeugung;JAHR;Jahr;2004;DINSG;Deutschland insgesamt;DG;Deutschland;ENRG03;Energieträger;GAS-FL;Flüssiggas;497;MWh;EKT001;Elektrizitätserzeugung (brutto);e
43311;Monatserhebung ü. Elektrizitäts- u. Wärmeerzeugung;JAHR;Jahr;2004;DINSG;Deutschland insgesamt;DG;Deutschland;ENRG03;Energieträger;GAS-FL;Flüssiggas;7662;GJ;BRN001;Brennstoffeinsatz;e
43311;Monatserhebung ü. Elektrizitäts- u. Wärmeerzeugung;JAHR;Jahr;2022;DINSG;Deutschland insgesamt;DG;Deutschland;ENRG03;Energieträger;GAS-K-01;Kokereigas;-;MWh;WRM001;Nettowärmeerzeugung;
43311;Monatserhebung ü. Elektrizitäts- u. Wärmeerzeugung;JAHR;Jahr;2022;DINSG;Deutschland insgesamt;DG;Deutschland;ENRG03;Energieträger;GAS-K-01;Kokereigas;-;MWh;EKT002;Elektrizitätserzeugung (netto);
43311;Monatserhebung ü. Elektrizitäts- u. Wärmeerzeugung;JAHR;Jahr;2022;DINSG;Deutschland insgesamt;DG;Deutschland;ENRG03;Energieträger;GAS-K-01;Kokereigas;-;MWh;EKT001;Elektrizitätserzeugung (brutto);
43311;Monatserhebung ü. Elektrizitäts- u. Wärmeerzeugung;JAHR;Jahr;2022;DINSG;Deutschland insgesamt;DG;Deutschland;ENRG03;Energieträger;GAS-K-01;Kokereigas;-;GJ;BRN001;Brennstoffeinsatz;
43311;Monatserhebung ü. Elektrizitäts- u. Wärmeerzeugung;JAHR;Jahr;2018;DINSG;Deutschland insgesamt;DG;Deutschland;ENRG03;Energieträger;GAS-BIO-02;Biomethan (Bioerdgas);919136;MWh;WRM001;Nettowärmeerzeugung;e
43311;Monatserhebung ü. Elektrizitäts- u. Wärmeerzeugung;JAHR;Jahr;2018;DINSG;Deutschland insgesamt;DG;Deutschland;ENRG03;Energieträger;GAS-BIO-02;Biomethan (Bioerdgas);766718;MWh;EKT002;Elektrizitätserzeugung (netto);e
43311;Monatserhebung ü. Elektrizitäts- u. Wärmeerzeugung;JAHR;Jahr;2018;DINSG;Deutschland insgesamt;DG;Deutschland;ENRG03;Energieträger;GAS-BIO-02;Biomethan (Bioerdgas);783692;MWh;EKT001;Elektrizitätserzeugung (brutto);e
43311;Monatserhebung ü. Elektrizitäts- u. Wärmeerzeugung;JAHR;Jahr;2018;DINSG;Deutschland insgesamt;DG;Deutschland;ENRG03;Energieträger;GAS-BIO-02;Biomethan (Bioerdgas);7416726;GJ;BRN001;Brennstoffeinsatz;e
43311;Monatserhebung ü. Elektrizitäts- u. Wärmeerzeugung;JAHR;Jahr;2020;DINSG;Deutschland insgesamt;DG;Deutschland;ENRG03;Energieträger;ENRSET;Sonstige Energieträger;.;MWh;WRM001;Nettowärmeerzeugung;
43311;Monatserhebung ü. Elektrizitäts- u. Wärmeerzeugung;JAHR;Jahr;2020;DINSG;Deutschland insgesamt;DG;Deutschland;ENRG03;Energieträger;ENRSET;Sonstige Energieträger;.;MWh;EKT002;Elektrizitätserzeugung (netto);
43311;Monatserhebung ü. Elektrizitäts- u. Wärmeerzeugung;JAHR;Jahr;2020;DINSG;Deutschland insgesamt;DG;Deutschland;ENRG03;Energieträger;ENRSET;Sonstige Energieträger;.;MWh;EKT001;Elektrizitätserzeugung (brutto);
43311;Monatserhebung ü. Elektrizitäts- u. Wärmeerzeugung;JAHR;Jahr;2020;DINSG;Deutschland insgesamt;DG;Deutschland;ENRG03;Energieträger;ENRSET;Sonstige Energieträger;23419;GJ;BRN001;Brennstoffeinsatz;e
43311;Monatserhebung ü. Elektrizitäts- u. Wärmeerzeugung;JAHR;Jahr;2021;DINSG;Deutschland insgesamt;DG;Deutschland;ENRG03;Energieträger;WAS-PSP-01;Pumpspeicherwasser;-;MWh;WRM001;Nettowärmeerzeugung;
43311;Monatserhebung ü. Elektrizitäts- u. Wärmeerzeugung;JAHR;Jahr;2021;DINSG;Deutschland insgesamt;DG;Deutschland;ENRG03;Energieträger;WAS-PSP-01;Pumpspeicherwasser;541785;MWh;EKT002;Elektrizitätserzeugung (netto);e
43311;Monatserhebung ü. Elektrizitäts- u. Wärmeerzeugung;JAHR;Jahr;2021;DINSG;Deutschland insgesamt;DG;Deutschland;ENRG03;Energieträger;WAS-PSP-01;Pumpspeicherwasser;541785;MWh;EKT001;Elektrizitätserzeugung (brutto);e
43311;Monatserhebung ü. Elektrizitäts- u. Wärmeerzeugung;JAHR;Jahr;2021;DINSG;Deutschland insgesamt;DG;Deutschland;ENRG03;Energieträger;WAS-PSP-01;Pumpspeicherwasser;-;GJ;BRN001;Brennstoffeinsatz;
43311;Monatserhebung ü. Elektrizitäts- u. Wärmeerzeugung;JAHR;Jahr;2024;DINSG;Deutschland insgesamt;DG;Deutschland;ENRG03;Energieträger;GAS-BIO-02;Biomethan (Bioerdgas);1007180;MWh;WRM001;Nettowärmeerzeugung;e
43311;Monatserhebung ü. Elektrizitäts- u. Wärmeerzeugung;JAHR;Jahr;2024;DINSG;Deutschland insgesamt;DG;Deutschland;ENRG03;Energieträger;GAS-BIO-02;Biomethan (Bioerdgas);868104;MWh;EKT002;Elektrizitätserzeugung (netto);e
43311;Monatserhebung ü. Elektrizitäts- u. Wärmeerzeugung;JAHR;Jahr;2024;DINSG;Deutschland insgesamt;DG;Deutschland;ENRG03;Energieträger;GAS-BIO-02;Biomethan (Bioerdgas);884680;MWh;EKT001;Elektrizitätserzeugung (brutto);e
43311;Monatserhebung ü. Elektrizitäts- u. Wärmeerzeugung;JAHR;Jahr;2024;DINSG;Deutschland insgesamt;DG;Deutschland;ENRG03;Energieträger;GAS-BIO-02;Biomethan (Bioerdgas);8167011;GJ;BRN001;Brennstoffeinsatz;e
43311;Monatserhebung ü. Elektrizitäts- u. Wärmeerzeugung;JAHR;Jahr;2015;DINSG;Deutschland insgesamt;DG;Deutschland;ENRG03;Energieträger;WAS-PSP-01;Pumpspeicherwasser;-;MWh;WRM001;Nettowärmeerzeugung;
43311;Monatserhebung ü. Elektrizitäts- u. Wärmeerzeugung;JAHR;Jahr;2015;DINSG;Deutschland insgesamt;DG;Deutschland;ENRG03;Energieträger;WAS-PSP-01;Pumpspeicherwasser;-;MWh;EKT002;Elektrizitätserzeugung (netto);
43311;Monatserhebung ü. Elektrizitäts- u. Wärmeerzeugung;JAHR;Jahr;2015;DINSG;Deutschland insgesamt;DG;Deutschland;ENRG03;Energieträger;WAS-PSP-01;Pumpspeicherwasser;-;MWh;EKT001;Elektrizitätserzeugung (brutto);
43311;Monatserhebung ü. Elektrizitäts- u. Wärmeerzeugung;JAHR;Jahr;2015;DINSG;Deutschland insgesamt;DG;Deutschland;ENRG03;Energieträger;WAS-PSP-01;Pumpspeicherwasser;-;GJ;BRN001;Brennstoffeinsatz;
43311;Monatserhebung ü. Elektrizitäts- u. Wärmeerzeugung;JAHR;Jahr;2009;DINSG;Deutschland insgesamt;DG;Deutschland;ENRG03;Energieträger;WAS-PSP-01;Pumpspeicherwasser;-;MWh;WRM001;Nettowärmeerzeugung;
43311;Monatserhebung ü. Elektrizitäts- u. Wärmeerzeugung;JAHR;Jahr;2009;DINSG;Deutschland insgesamt;DG;Deutschland;ENRG03;Energieträger;WAS-PSP-01;Pumpspeicherwasser;5925453;MWh;EKT002;Elektrizitätserzeugung (netto);e
43311;Monatserhebung ü. Elektrizitäts- u. Wärmeerzeugung;JAHR;Jahr;2009;DINSG;Deutschland insgesamt;DG;Deutschland;ENRG03;Energieträger;WAS-PSP-01;Pumpspeicherwasser;6049476;MWh;EKT001;Elektrizitätserzeugung (brutto);e
43311;Monatserhebung ü. Elektrizitäts- u. Wärmeerzeugung;JAHR;Jahr;2009;DINSG;Deutschland insgesamt;DG;Deutschland;ENRG03;Energieträger;WAS-PSP-01;Pumpspeicherwasser;-;GJ;BRN001;Brennstoffeinsatz;
43311;Monatserhebung ü. Elektrizitäts- u. Wärmeerzeugung;JAHR;Jahr;2024;DINSG;Deutschland insgesamt;DG;Deutschland;ENRG03;Energieträger;GAS-KL;Klärgas;.;MWh;WRM001;Nettowärmeerzeugung;
43311;Monatserhebung ü. Elektrizitäts- u. Wärmeerzeugung;JAHR;Jahr;2024;DINSG;Deutschland insgesamt;DG;Deutschland;ENRG03;Energieträger;GAS-KL;Klärgas;.;MWh;EKT002;Elektrizitätserzeugung (netto);
43311;Monatserhebung ü. Elektrizitäts- u. Wärmeerzeugung;JAHR;Jahr;2024;DINSG;Deutschland insgesamt;DG;Deutschland;ENRG03;Energieträger;GAS-KL;Klärgas;.;MWh;EKT001;Elektrizitätserzeugung (brutto);
43311;Monatserhebung ü. Elektrizitäts- u. Wärmeerzeugung;JAHR;Jahr;2024;DINSG;Deutschland insgesamt;DG;Deutschland;ENRG03;Energieträger;GAS-KL;Klärgas;.;GJ;BRN001;Brennstoffeinsatz;
43311;Monatserhebung ü. Elektrizitäts- u. Wärmeerzeugung;JAHR;Jahr;2011;DINSG;Deutschland insgesamt;DG;Deutschland;ENRG03;Energieträger;KHL-S-01;Steinkohlen;30523889;MWh;WRM001;Nettowärmeerzeugung;e
43311;Monatserhebung ü. Elektrizitäts- u. Wärmeerzeugung;JAHR;Jahr;2011;DINSG;Deutschland insgesamt;DG;Deutschland;ENRG03;Energieträger;KHL-S-01;Steinkohlen;96498708;MWh;EKT002;Elektrizitätserzeugung (netto);e
43311;Monatserhebung ü. Elektrizitäts- u. Wärmeerzeugung;JAHR;Jahr;2011;DINSG;Deutschland insgesamt;DG;Deutschland;ENRG03;Energieträger;KHL-S-01;Steinkohlen;104856166;MWh;EKT001;Elektrizitätserzeugung (brutto);e
43311;Monatserhebung ü. Elektrizitäts- u. Wärmeerzeugung;JAHR;Jahr;2011;DINSG;Deutschland insgesamt;DG;Deutschland;ENRG03;Energieträger;KHL-S-01;Steinkohlen;1026562591;GJ;BRN001;Brennstoffeinsatz;e
43311;Monatserhebung ü. Elektrizitäts- u. Wärmeerzeugung;JAHR;Jahr;2019;DINSG;Deutschland insgesamt;DG;Deutschland;ENRG03;Energieträger;WAS-PSP-02;Pumpspeicher mit natürlichem Zufluss;-;MWh;WRM001;Nettowärmeerzeugung;
43311;Monatserhebung ü. Elektrizitäts- u. Wärmeerzeugung;JAHR;Jahr;2019;DINSG;Deutschland insgesamt;DG;Deutschland;ENRG03;Energieträger;WAS-PSP-02;Pumpspeicher mit natürlichem Zufluss;493692;MWh;EKT002;Elektrizitätserzeugung (netto);e
43311;Monatserhebung ü. Elektrizitäts- u. Wärmeerzeugung;JAHR;Jahr;2019;DINSG;Deutschland insgesamt;DG;Deutschland;ENRG03;Energieträger;WAS-PSP-02;Pumpspeicher mit natürlichem Zufluss;493692;MWh;EKT001;Elektrizitätserzeugung (brutto);e
43311;Monatserhebung ü. Elektrizitäts- u. Wärmeerzeugung;JAHR;Jahr;2019;DINSG;Deutschland insgesamt;DG;Deutschland;ENRG03;Energieträger;WAS-PSP-02;Pumpspeicher mit natürlichem Zufluss;-;GJ;BRN001;Brennstoffeinsatz;
43311;Monatserhebung ü. Elektrizitäts- u. Wärmeerzeugung;JAHR;Jahr;2012;DINSG;Deutschland insgesamt;DG;Deutschland;ENRG03;Energieträger;OEL-H-S-01;Heizöl, schwer;214542;MWh;WRM001;Nettowärmeerzeugung;e
43311;Monatserhebung ü. Elektrizitäts- u. Wärmeerzeugung;JAHR;Jahr;2012;DINSG;Deutschland insgesamt;DG;Deutschland;ENRG03;Energieträger;OEL-H-S-01;Heizöl, schwer;412889;MWh;EKT002;Elektrizitätserzeugung (netto);e
43311;Monatserhebung ü. Elektrizitäts- u. Wärmeerzeugung;JAHR;Jahr;2012;DINSG;Deutschland insgesamt;DG;Deutschland;ENRG03;Energieträger;OEL-H-S-01;Heizöl, schwer;447183;MWh;EKT001;Elektrizitätserzeugung (brutto);e
43311;Monatserhebung ü. Elektrizitäts- u. Wärmeerzeugung;JAHR;Jahr;2012;DINSG;Deutschland insgesamt;DG;Deutschland;ENRG03;Energieträger;OEL-H-S-01;Heizöl, schwer;4939111;GJ;BRN001;Brennstoffeinsatz;e
43311;Monatserhebung ü. Elektrizitäts- u. Wärmeerzeugung;JAHR;Jahr;2004;DINSG;Deutschland insgesamt;DG;Deutschland;ENRG03;Energieträger;GAS-HO-01;Hochofengas;395911;MWh;WRM001;Nettowärmeerzeugung;e
43311;Monatserhebung ü. Elektrizitäts- u. Wärmeerzeugung;JAHR;Jahr;2004;DINSG;Deutschland insgesamt;DG;Deutschland;ENRG03;Energieträger;GAS-HO-01;Hochofengas;3431558;MWh;EKT002;Elektrizitätserzeugung (netto);e
43311;Monatserhebung ü. Elektrizitäts- u. Wärmeerzeugung;JAHR;Jahr;2004;DINSG;Deutschland insgesamt;DG;Deutschland;ENRG03;Energieträger;GAS-HO-01;Hochofengas;3641624;MWh;EKT001;Elektrizitätserzeugung (brutto);e
43311;Monatserhebung ü. Elektrizitäts- u. Wärmeerzeugung;JAHR;Jahr;2004;DINSG;Deutschland insgesamt;DG;Deutschland;ENRG03;Energieträger;GAS-HO-01;Hochofengas;37266555;GJ;BRN001;Brennstoffeinsatz;e
43311;Monatserhebung ü. Elektrizitäts- u. Wärmeerzeugung;JAHR;Jahr;2022;DINSG;Deutschland insgesamt;DG;Deutschland;ENRG03;Energieträger;OEL-SONST;Sonstige Mineralölprodukte;.;MWh;WRM001;Nettowärmeerzeugung;
43311;Monatserhebung ü. Elektrizitäts- u. Wärmeerzeugung;JAHR;Jahr;2022;DINSG;Deutschland insgesamt;DG;Deutschland;ENRG03;Energieträger;OEL-SONST;Sonstige Mineralölprodukte;.;MWh;EKT002;Elektrizitätserzeugung (netto);
43311;Monatserhebung ü. Elektrizitäts- u. Wärmeerzeugung;JAHR;Jahr;2022;DINSG;Deutschland insgesamt;DG;Deutschland;ENRG03;Energieträger;OEL-SONST;Sonstige Mineralölprodukte;.;MWh;EKT001;Elektrizitätserzeugung (brutto);
43311;Monatserhebung ü. Elektrizitäts- u. Wärmeerzeugung;JAHR;Jahr;2022;DINSG;Deutschland insgesamt;DG;Deutschland;ENRG03;Energieträger;OEL-SONST;Sonstige Mineralölprodukte;182720;GJ;BRN001;Brennstoffeinsatz;e
43311;Monatserhebung ü. Elektrizitäts- u. Wärmeerzeugung;JAHR;Jahr;2007;DINSG;Deutschland insgesamt;DG;Deutschland;ENRG03;Energieträger;SOLTH-01;Solarthermie;-;MWh;WRM001;Nettowärmeerzeugung;
43311;Monatserhebung ü. Elektrizitäts- u. Wärmeerzeugung;JAHR;Jahr;2007;DINSG;Deutschland insgesamt;DG;Deutschland;ENRG03;Energieträger;SOLTH-01;Solarthermie;-;MWh;EKT002;Elektrizitätserzeugung (netto);
43311;Monatserhebung ü. Elektrizitäts- u. Wärmeerzeugung;JAHR;Jahr;2007;DINSG;Deutschland insgesamt;DG;Deutschland;ENRG03;Energieträger;SOLTH-01;Solarthermie;-;MWh;EKT001;Elektrizitätserzeugung (brutto);
43311;Monatserhebung ü. Elektrizitäts- u. Wärmeerzeugung;JAHR;Jahr;2007;DINSG;Deutschland insgesamt;DG;Deutschland;ENRG03;Energieträger;SOLTH-01;Solarthermie;-;GJ;BRN001;Brennstoffeinsatz;
43311;Monatserhebung ü. Elektrizitäts- u. Wärmeerzeugung;JAHR;Jahr;2013;DINSG;Deutschland insgesamt;DG;Deutschland;ENRG03;Energieträger;;Insgesamt;114365090;MWh;WRM001;Nettowärmeerzeugung;e
43311;Monatserhebung ü. Elektrizitäts- u. Wärmeerzeugung;JAHR;Jahr;2013;DINSG;Deutschland insgesamt;DG;Deutschland;ENRG03;Energieträger;;Insgesamt;431269663;MWh;EKT002;Elektrizitätserzeugung (netto);e
43311;Monatserhebung ü. Elektrizitäts- u. Wärmeerzeugung;JAHR;Jahr;2013;DINSG;Deutschland insgesamt;DG;Deutschland;ENRG03;Energieträger;;Insgesamt;462542646;MWh;EKT001;Elektrizitätserzeugung (brutto);e
43311;Monatserhebung ü. Elektrizitäts- u. Wärmeerzeugung;JAHR;Jahr;2013;DINSG;Deutschland insgesamt;DG;Deutschland;ENRG03;Energieträger;;Insgesamt;3449358661;GJ;BRN001;Brennstoffeinsatz;e
43311;Monatserhebung ü. Elektrizitäts- u. Wärmeerzeugung;JAHR;Jahr;2016;DINSG;Deutschland insgesamt;DG;Deutschland;ENRG03;Energieträger;WIND-01;Windkraft;-;MWh;WRM001;Nettowärmeerzeugung;
43311;Monatserhebung ü. Elektrizitäts- u. Wärmeerzeugung;JAHR;Jahr;2016;DINSG;Deutschland insgesamt;DG;Deutschland;ENRG03;Energieträger;WIND-01;Windkraft;-;MWh;EKT002;Elektrizitätserzeugung (netto);
43311;Monatserhebung ü. Elektrizitäts- u. Wärmeerzeugung;JAHR;Jahr;2016;DINSG;Deutschland insgesamt;DG;Deutschland;ENRG03;Energieträger;WIND-01;Windkraft;-;MWh;EKT001;Elektrizitätserzeugung (brutto);
43311;Monatserhebung ü. Elektrizitäts- u. Wärmeerzeugung;JAHR;Jahr;2016;DINSG;Deutschland insgesamt;DG;Deutschland;ENRG03;Energieträger;WIND-01;Windkraft;-;GJ;BRN001;Brennstoffeinsatz;
43311;Monatserhebung ü. Elektrizitäts- u. Wärmeerzeugung;JAHR;Jahr;2009;DINSG;Deutschland insgesamt;DG;Deutschland;ENRG03;Energieträger;GAS-E-02;Erdgas, Erdölgas;49791026;MWh;WRM001;Nettowärmeerzeugung;e
43311;Monatserhebung ü. Elektrizitäts- u. Wärmeerzeugung;JAHR;Jahr;2009;DINSG;Deutschland insgesamt;DG;Deutschland;ENRG03;Energieträger;GAS-E-02;Erdgas, Erdölgas;57599005;MWh;EKT002;Elektrizitätserzeugung (netto);e
43311;Monatserhebung ü. Elektrizitäts- u. Wärmeerzeugung;JAHR;Jahr;2009;DINSG;Deutschland insgesamt;DG;Deutschland;ENRG03;Energieträger;GAS-E-02;Erdgas, Erdölgas;59481233;MWh;EKT001;Elektrizitätserzeugung (brutto);e
43311;Monatserhebung ü. Elektrizitäts- u. Wärmeerzeugung;JAHR;Jahr;2009;DINSG;Deutschland insgesamt;DG;Deutschland;ENRG03;Energieträger;GAS-E-02;Erdgas, Erdölgas;567165594;GJ;BRN001;Brennstoffeinsatz;e
43311;Monatserhebung ü. Elektrizitäts- u. Wärmeerzeugung;JAHR;Jahr;2006;DINSG;Deutschland insgesamt;DG;Deutschland;ENRG03;Energieträger;KHL-B-ROH;Rohbraunkohlen;9240385;MWh;WRM001;Nettowärmeerzeugung;e
43311;Monatserhebung ü. Elektrizitäts- u. Wärmeerzeugung;JAHR;Jahr;2006;DINSG;Deutschland insgesamt;DG;Deutschland;ENRG03;Energieträger;KHL-B-ROH;Rohbraunkohlen;135087260;MWh;EKT002;Elektrizitätserzeugung (netto);e
43311;Monatserhebung ü. Elektrizitäts- u. Wärmeerzeugung;JAHR;Jahr;2006;DINSG;Deutschland insgesamt;DG;Deutschland;ENRG03;Energieträger;KHL-B-ROH;Rohbraunkohlen;147047110;MWh;EKT001;Elektrizitätserzeugung (brutto);e
43311;Monatserhebung ü. Elektrizitäts- u. Wärmeerzeugung;JAHR;Jahr;2006;DINSG;Deutschland insgesamt;DG;Deutschland;ENRG03;Energieträger;KHL-B-ROH;Rohbraunkohlen;1435285598;GJ;BRN001;Brennstoffeinsatz;e
43311;Monatserhebung ü. Elektrizitäts- u. Wärmeerzeugung;JAHR;Jahr;2010;DINSG;Deutschland insgesamt;DG;Deutschland;ENRG03;Energieträger;ABF-03;Abfall (Hausmüll, Siedlungsabfälle);11107385;MWh;WRM001;Nettowärmeerzeugung;e
43311;Monatserhebung ü. Elektrizitäts- u. Wärmeerzeugung;JAHR;Jahr;2010;DINSG;Deutschland insgesamt;DG;Deutschland;ENRG03;Energieträger;ABF-03;Abfall (Hausmüll, Siedlungsabfälle);6985942;MWh;EKT002;Elektrizitätserzeugung (netto);e
43311;Monatserhebung ü. Elektrizitäts- u. Wärmeerzeugung;JAHR;Jahr;2010;DINSG;Deutschland insgesamt;DG;Deutschland;ENRG03;Energieträger;ABF-03;Abfall (Hausmüll, Siedlungsabfälle);8887673;MWh;EKT001;Elektrizitätserzeugung (brutto);e
43311;Monatserhebung ü. Elektrizitäts- u. Wärmeerzeugung;JAHR;Jahr;2010;DINSG;Deutschland insgesamt;DG;Deutschland;ENRG03;Energieträger;ABF-03;Abfall (Hausmüll, Siedlungsabfälle);167400620;GJ;BRN001;Brennstoffeinsatz;e
43311;Monatserhebung ü. Elektrizitäts- u. Wärmeerzeugung;JAHR;Jahr;2018;DINSG;Deutschland insgesamt;DG;Deutschland;ENRG03;Energieträger;GAS-H2;Wasserstoff;.;MWh;WRM001;Nettowärmeerzeugung;
43311;Monatserhebung ü. Elektrizitäts- u. Wärmeerzeugung;JAHR;Jahr;2018;DINSG;Deutschland insgesamt;DG;Deutschland;ENRG03;Energieträger;GAS-H2;Wasserstoff;.;MWh;EKT002;Elektrizitätserzeugung (netto);
43311;Monatserhebung ü. Elektrizitäts- u. Wärmeerzeugung;JAHR;Jahr;2018;DINSG;Deutschland insgesamt;DG;Deutschland;ENRG03;Energieträger;GAS-H2;Wasserstoff;.;MWh;EKT001;Elektrizitätserzeugung (brutto);
43311;Monatserhebung ü. Elektrizitäts- u. Wärmeerzeugung;JAHR;Jahr;2018;DINSG;Deutschland insgesamt;DG;Deutschland;ENRG03;Energieträger;GAS-H2;Wasserstoff;.;GJ;BRN001;Brennstoffeinsatz;
43311;Monatserhebung ü. Elektrizitäts- u. Wärmeerzeugung;JAHR;Jahr;2018;DINSG;Deutschland insgesamt;DG;Deutschland;ENRG03;Energieträger;KLS-01;Klärschlamm;38257;MWh;WRM001;Nettowärmeerzeugung;e
43311;Monatserhebung ü. Elektrizitäts- u. Wärmeerzeugung;JAHR;Jahr;2018;DINSG;Deutschland insgesamt;DG;Deutschland;ENRG03;Energieträger;KLS-01;Klärschlamm;273647;MWh;EKT002;Elektrizitätserzeugung (netto);e
43311;Monatserhebung ü. Elektrizitäts- u. Wärmeerzeugung;JAHR;Jahr;2018;DINSG;Deutschland insgesamt;DG;Deutschland;ENRG03;Energieträger;KLS-01;Klärschlamm;299367;MWh;EKT001;Elektrizitätserzeugung (brutto);e
43311;Monatserhebung ü. Elektrizitäts- u. Wärmeerzeugung;JAHR;Jahr;2018;DINSG;Deutschland insgesamt;DG;Deutschland;ENRG03;Energieträger;KLS-01;Klärschlamm;3064475;GJ;BRN001;Brennstoffeinsatz;e
43311;Monatserhebung ü. Elektrizitäts- u. Wärmeerzeugung;JAHR;Jahr;2016;DINSG;Deutschland insgesamt;DG;Deutschland;ENRG03;Energieträger;KHL-B-HART;Hartbraunkohlen;.;MWh;WRM001;Nettowärmeerzeugung;
43311;Monatserhebung ü. Elektrizitäts- u. Wärmeerzeugung;JAHR;Jahr;2016;DINSG;Deutschland insgesamt;DG;Deutschland;ENRG03;Energieträger;KHL-B-HART;Hartbraunkohlen;.;MWh;EKT002;Elektrizitätserzeugung (netto);
43311;Monatserhebung ü. Elektrizitäts- u. Wärmeerzeugung;JAHR;Jahr;2016;DINSG;Deutschland insgesamt;DG;Deutschland;ENRG03;Energieträger;KHL-B-HART;Hartbraunkohlen;.;MWh;EKT001;Elektrizitätserzeugung (brutto);
43311;Monatserhebung ü. Elektrizitäts- u. Wärmeerzeugung;JAHR;Jahr;2016;DINSG;Deutschland insgesamt;DG;Deutschland;ENRG03;Energieträger;KHL-B-HART;Hartbraunkohlen;.;GJ;BRN001;Brennstoffeinsatz;
43311;Monatserhebung ü. Elektrizitäts- u. Wärmeerzeugung;JAHR;Jahr;2024;DINSG;Deutschland insgesamt;DG;Deutschland;ENRG03;Energieträger;WAS-SP-01;Speicherwasser;-;MWh;WRM001;Nettowärmeerzeugung;
43311;Monatserhebung ü. Elektrizitäts- u. Wärmeerzeugung;JAHR;Jahr;2024;DINSG;Deutschland insgesamt;DG;Deutschland;ENRG03;Energieträger;WAS-SP-01;Speicherwasser;931104;MWh;EKT002;Elektrizitätserzeugung (netto);e
43311;Monatserhebung ü. Elektrizitäts- u. Wärmeerzeugung;JAHR;Jahr;2024;DINSG;Deutschland insgesamt;DG;Deutschland;ENRG03;Energieträger;WAS-SP-01;Speicherwasser;938735;MWh;EKT001;Elektrizitätserzeugung (brutto);e
43311;Monatserhebung ü. Elektrizitäts- u. Wärmeerzeugung;JAHR;Jahr;2024;DINSG;Deutschland insgesamt;DG;Deutschland;ENRG03;Energieträger;WAS-SP-01;Speicherwasser;-;GJ;BRN001;Brennstoffeinsatz;
43311;Monatserhebung ü. Elektrizitäts- u. Wärmeerzeugung;JAHR;Jahr;2003;DINSG;Deutschland insgesamt;DG;Deutschland;ENRG03;Energieträger;OEL-SONST;Sonstige Mineralölprodukte;25549;MWh;WRM001;Nettowärmeerzeugung;e
43311;Monatserhebung ü. Elektrizitäts- u. Wärmeerzeugung;JAHR;Jahr;2003;DINSG;Deutschland insgesamt;DG;Deutschland;ENRG03;Energieträger;OEL-SONST;Sonstige Mineralölprodukte;837130;MWh;EKT002;Elektrizitätserzeugung (netto);e
43311;Monatserhebung ü. Elektrizitäts- u. Wärmeerzeugung;JAHR;Jahr;2003;DINSG;Deutschland insgesamt;DG;Deutschland;ENRG03;Energieträger;OEL-SONST;Sonstige Mineralölprodukte;914299;MWh;EKT001;Elektrizitätserzeugung (brutto);e
43311;Monatserhebung ü. Elektrizitäts- u. Wärmeerzeugung;JAHR;Jahr;2003;DINSG;Deutschland insgesamt;DG;Deutschland;ENRG03;Energieträger;OEL-SONST;Sonstige Mineralölprodukte;8401007;GJ;BRN001;Brennstoffeinsatz;e
43311;Monatserhebung ü. Elektrizitäts- u. Wärmeerzeugung;JAHR;Jahr;2002;DINSG;Deutschland insgesamt;DG;Deutschland;ENRG03;Energieträger;WAS-LF-01;Laufwasser;-;MWh;WRM001;Nettowärmeerzeugung;
43311;Monatserhebung ü. Elektrizitäts- u. Wärmeerzeugung;JAHR;Jahr;2002;DINSG;Deutschland insgesamt;DG;Deutschland;ENRG03;Energieträger;WAS-LF-01;Laufwasser;17987250;MWh;EKT002;Elektrizitätserzeugung (netto);e
43311;Monatserhebung ü. Elektrizitäts- u. Wärmeerzeugung;JAHR;Jahr;2002;DINSG;Deutschland insgesamt;DG;Deutschland;ENRG03;Energieträger;WAS-LF-01;Laufwasser;18216292;MWh;EKT001;Elektrizitätserzeugung (brutto);e
43311;Monatserhebung ü. Elektrizitäts- u. Wärmeerzeugung;JAHR;Jahr;2002;DINSG;Deutschland insgesamt;DG;Deutschland;ENRG03;Energieträger;WAS-LF-01;Laufwasser;-;GJ;BRN001;Brennstoffeinsatz;
43311;Monatserhebung ü. Elektrizitäts- u. Wärmeerzeugung;JAHR;Jahr;2002;DINSG;Deutschland insgesamt;DG;Deutschland;ENRG03;Energieträger;PKOKS-01;Petrolkoks;-;MWh;WRM001;Nettowärmeerzeugung;
43311;Monatserhebung ü. Elektrizitäts- u. Wärmeerzeugung;JAHR;Jahr;2002;DINSG;Deutschland insgesamt;DG;Deutschland;ENRG03;Energieträger;PKOKS-01;Petrolkoks;212180;MWh;EKT002;Elektrizitätserzeugung (netto);e
43311;Monatserhebung ü. Elektrizitäts- u. Wärmeerzeugung;JAHR;Jahr;2002;DINSG;Deutschland insgesamt;DG;Deutschland;ENRG03;Energieträger;PKOKS-01;Petrolkoks;234518;MWh;EKT001;Elektrizitätserzeugung (brutto);e
43311;Monatserhebung ü. Elektrizitäts- u. Wärmeerzeugung;JAHR;Jahr;2002;DINSG;Deutschland insgesamt;DG;Deutschland;ENRG03;Energieträger;PKOKS-01;Petrolkoks;3706920;GJ;BRN001;Brennstoffeinsatz;e
43311;Monatserhebung ü. Elektrizitäts- u. Wärmeerzeugung;JAHR;Jahr;2004;DINSG;Deutschland insgesamt;DG;Deutschland;ENRG03;Energieträger;GAS-BIO;Biogas;30381;MWh;WRM001;Nettowärmeerzeugung;e
43311;Monatserhebung ü. Elektrizitäts- u. Wärmeerzeugung;JAHR;Jahr;2004;DINSG;Deutschland insgesamt;DG;Deutschland;ENRG03;Energieträger;GAS-BIO;Biogas;18696;MWh;EKT002;Elektrizitätserzeugung (netto);e
43311;Monatserhebung ü. Elektrizitäts- u. Wärmeerzeugung;JAHR;Jahr;2004;DINSG;Deutschland insgesamt;DG;Deutschland;ENRG03;Energieträger;GAS-BIO;Biogas;19896;MWh;EKT001;Elektrizitätserzeugung (brutto);e
43311;Monatserhebung ü. Elektrizitäts- u. Wärmeerzeugung;JAHR;Jahr;2004;DINSG;Deutschland insgesamt;DG;Deutschland;ENRG03;Energieträger;GAS-BIO;Biogas;294854;GJ;BRN001;Brennstoffeinsatz;e
43311;Monatserhebung ü. Elektrizitäts- u. Wärmeerzeugung;JAHR;Jahr;2011;DINSG;Deutschland insgesamt;DG;Deutschland;ENRG03;Energieträger;GAS-SONST;Sonstige hergestellte Gase;67153;MWh;WRM001;Nettowärmeerzeugung;e
43311;Monatserhebung ü. Elektrizitäts- u. Wärmeerzeugung;JAHR;Jahr;2011;DINSG;Deutschland insgesamt;DG;Deutschland;ENRG03;Energieträger;GAS-SONST;Sonstige hergestellte Gase;28168;MWh;EKT002;Elektrizitätserzeugung (netto);e
43311;Monatserhebung ü. Elektrizitäts- u. Wärmeerzeugung;JAHR;Jahr;2011;DINSG;Deutschland insgesamt;DG;Deutschland;ENRG03;Energieträger;GAS-SONST;Sonstige hergestellte Gase;29367;MWh;EKT001;Elektrizitätserzeugung (brutto);e
43311;Monatserhebung ü. Elektrizitäts- u. Wärmeerzeugung;JAHR;Jahr;2011;DINSG;Deutschland insgesamt;DG;Deutschland;ENRG03;Energieträger;GAS-SONST;Sonstige hergestellte Gase;417240;GJ;BRN001;Brennstoffeinsatz;e
43311;Monatserhebung ü. Elektrizitäts- u. Wärmeerzeugung;JAHR;Jahr;2017;DINSG;Deutschland insgesamt;DG;Deutschland;ENRG03;Energieträger;WAS-SP-01;Speicherwasser;-;MWh;WRM001;Nettowärmeerzeugung;
43311;Monatserhebung ü. Elektrizitäts- u. Wärmeerzeugung;JAHR;Jahr;2017;DINSG;Deutschland insgesamt;DG;Deutschland;ENRG03;Energieträger;WAS-SP-01;Speicherwasser;621852;MWh;EKT002;Elektrizitätserzeugung (netto);e
43311;Monatserhebung ü. Elektrizitäts- u. Wärmeerzeugung;JAHR;Jahr;2017;DINSG;Deutschland insgesamt;DG;Deutschland;ENRG03;Energieträger;WAS-SP-01;Speicherwasser;626932;MWh;EKT001;Elektrizitätserzeugung (brutto);e
43311;Monatserhebung ü. Elektrizitäts- u. Wärmeerzeugung;JAHR;Jahr;2017;DINSG;Deutschland insgesamt;DG;Deutschland;ENRG03;Energieträger;WAS-SP-01;Speicherwasser;-;GJ;BRN001;Brennstoffeinsatz;
43311;Monatserhebung ü. Elektrizitäts- u. Wärmeerzeugung;JAHR;Jahr;2019;DINSG;Deutschland insgesamt;DG;Deutschland;ENRG03;Energieträger;BIO-FL-01;Flüssige biogene Stoffe;.;MWh;WRM001;Nettowärmeerzeugung;
43311;Monatserhebung ü. Elektrizitäts- u. Wärmeerzeugung;JAHR;Jahr;2019;DINSG;Deutschland insgesamt;DG;Deutschland;ENRG03;Energieträger;BIO-FL-01;Flüssige biogene Stoffe;.;MWh;EKT002;Elektrizitätserzeugung (netto);
43311;Monatserhebung ü. Elektrizitäts- u. Wärmeerzeugung;JAHR;Jahr;2019;DINSG;Deutschland insgesamt;DG;Deutschland;ENRG03;Energieträger;BIO-FL-01;Flüssige biogene Stoffe;.;MWh;EKT001;Elektrizitätserzeugung (brutto);
43311;Monatserhebung ü. Elektrizitäts- u. Wärmeerzeugung;JAHR;Jahr;2019;DINSG;Deutschland insgesamt;DG;Deutschland;ENRG03;Energieträger;BIO-FL-01;Flüssige biogene Stoffe;.;GJ;BRN001;Brennstoffeinsatz;
43311;Monatserhebung ü. Elektrizitäts- u. Wärmeerzeugung;JAHR;Jahr;2011;DINSG;Deutschland insgesamt;DG;Deutschland;ENRG03;Energieträger;GAS-BIO;Biogas;305756;MWh;WRM001;Nettowärmeerzeugung;e
43311;Monatserhebung ü. Elektrizitäts- u. Wärmeerzeugung;JAHR;Jahr;2011;DINSG;Deutschland insgesamt;DG;Deutschland;ENRG03;Energieträger;GAS-BIO;Biogas;292323;MWh;EKT002;Elektrizitätserzeugung (netto);e
43311;Monatserhebung ü. Elektrizitäts- u. Wärmeerzeugung;JAHR;Jahr;2011;DINSG;Deutschland insgesamt;DG;Deutschland;ENRG03;Energieträger;GAS-BIO;Biogas;299766;MWh;EKT001;Elektrizitätserzeugung (brutto);e
43311;Monatserhebung ü. Elektrizitäts- u. Wärmeerzeugung;JAHR;Jahr;2011;DINSG;Deutschland insgesamt;DG;Deutschland;ENRG03;Energieträger;GAS-BIO;Biogas;3264249;GJ;BRN001;Brennstoffeinsatz;e
43311;Monatserhebung ü. Elektrizitäts- u. Wärmeerzeugung;JAHR;Jahr;2004;DINSG;Deutschland insgesamt;DG;Deutschland;ENRG03;Energieträger;BIO-FL-01;Flüssige biogene Stoffe;-;MWh;WRM001;Nettowärmeerzeugung;
43311;Monatserhebung ü. Elektrizitäts- u. Wärmeerzeugung;JAHR;Jahr;2004;DINSG;Deutschland insgesamt;DG;Deutschland;ENRG03;Energieträger;BIO-FL-01;Flüssige biogene Stoffe;-;MWh;EKT002;Elektrizitätserzeugung (netto);
43311;Monatserhebung ü. Elektrizitäts- u. Wärmeerzeugung;JAHR;Jahr;2004;DINSG;Deutschland insgesamt;DG;Deutschland;ENRG03;Energieträger;BIO-FL-01;Flüssige biogene Stoffe;-;MWh;EKT001;Elektrizitätserzeugung (brutto);
43311;Monatserhebung ü. Elektrizitäts- u. Wärmeerzeugung;JAHR;Jahr;2004;DINSG;Deutschland insgesamt;DG;Deutschland;ENRG03;Energieträger;BIO-FL-01;Flüssige biogene Stoffe;-;GJ;BRN001;Brennstoffeinsatz;
43311;Monatserhebung ü. Elektrizitäts- u. Wärmeerzeugung;JAHR;Jahr;2011;DINSG;Deutschland insgesamt;DG;Deutschland;ENRG03;Energieträger;GAS-KL;Klärgas;55160;MWh;WRM001;Nettowärmeerzeugung;e
43311;Monatserhebung ü. Elektrizitäts- u. Wärmeerzeugung;JAHR;Jahr;2011;DINSG;Deutschland insgesamt;DG;Deutschland;ENRG03;Energieträger;GAS-KL;Klärgas;30332;MWh;EKT002;Elektrizitätserzeugung (netto);e
43311;Monatserhebung ü. Elektrizitäts- u. Wärmeerzeugung;JAHR;Jahr;2011;DINSG;Deutschland insgesamt;DG;Deutschland;ENRG03;Energieträger;GAS-KL;Klärgas;32921;MWh;EKT001;Elektrizitätserzeugung (brutto);e
43311;Monatserhebung ü. Elektrizitäts- u. Wärmeerzeugung;JAHR;Jahr;2011;DINSG;Deutschland insgesamt;DG;Deutschland;ENRG03;Energieträger;GAS-KL;Klärgas;437600;GJ;BRN001;Brennstoffeinsatz;e
43311;Monatserhebung ü. Elektrizitäts- u. Wärmeerzeugung;JAHR;Jahr;2019;DINSG;Deutschland insgesamt;DG;Deutschland;ENRG03;Energieträger;OEL-H-S-01;Heizöl, schwer;82154;MWh;WRM001;Nettowärmeerzeugung;e
43311;Monatserhebung ü. Elektrizitäts- u. Wärmeerzeugung;JAHR;Jahr;2019;DINSG;Deutschland insgesamt;DG;Deutschland;ENRG03;Energieträger;OEL-H-S-01;Heizöl, schwer;196805;MWh;EKT002;Elektrizitätserzeugung (netto);e
43311;Monatserhebung ü. Elektrizitäts- u. Wärmeerzeugung;JAHR;Jahr;2019;DINSG;Deutschland insgesamt;DG;Deutschland;ENRG03;Energieträger;OEL-H-S-01;Heizöl, schwer;217742;MWh;EKT001;Elektrizitätserzeugung (brutto);e
43311;Monatserhebung ü. Elektrizitäts- u. Wärmeerzeugung;JAHR;Jahr;2019;DINSG;Deutschland insgesamt;DG;Deutschland;ENRG03;Energieträger;OEL-H-S-01;Heizöl, schwer;2307891;GJ;BRN001;Brennstoffeinsatz;e
43311;Monatserhebung ü. Elektrizitäts- u. Wärmeerzeugung;JAHR;Jahr;2014;DINSG;Deutschland insgesamt;DG;Deutschland;ENRG03;Energieträger;GAS-H2;Wasserstoff;-;MWh;WRM001;Nettowärmeerzeugung;
43311;Monatserhebung ü. Elektrizitäts- u. Wärmeerzeugung;JAHR;Jahr;2014;DINSG;Deutschland insgesamt;DG;Deutschland;ENRG03;Energieträger;GAS-H2;Wasserstoff;-;MWh;EKT002;Elektrizitätserzeugung (netto);
43311;Monatserhebung ü. Elektrizitäts- u. Wärmeerzeugung;JAHR;Jahr;2014;DINSG;Deutschland insgesamt;DG;Deutschland;ENRG03;Energieträger;GAS-H2;Wasserstoff;-;MWh;EKT001;Elektrizitätserzeugung (brutto);
43311;Monatserhebung ü. Elektrizitäts- u. Wärmeerzeugung;JAHR;Jahr;2014;DINSG;Deutschland insgesamt;DG;Deutschland;ENRG03;Energieträger;GAS-H2;Wasserstoff;-;GJ;BRN001;Brennstoffeinsatz;
43311;Monatserhebung ü. Elektrizitäts- u. Wärmeerzeugung;JAHR;Jahr;2016;DINSG;Deutschland insgesamt;DG;Deutschland;ENRG03;Energieträger;ENRKER;Kernenergie;-;MWh;WRM001;Nettowärmeerzeugung;
43311;Monatserhebung ü. Elektrizitäts- u. Wärmeerzeugung;JAHR;Jahr;2016;DINSG;Deutschland insgesamt;DG;Deutschland;ENRG03;Energieträger;ENRKER;Kernenergie;80038154;MWh;EKT002;Elektrizitätserzeugung (netto);e
43311;Monatserhebung ü. Elektrizitäts- u. Wärmeerzeugung;JAHR;Jahr;2016;DINSG;Deutschland insgesamt;DG;Deutschland;ENRG03;Energieträger;ENRKER;Kernenergie;84634367;MWh;EKT001;Elektrizitätserzeugung (brutto);e
43311;Monatserhebung ü. Elektrizitäts- u. Wärmeerzeugung;JAHR;Jahr;2016;DINSG;Deutschland insgesamt;DG;Deutschland;ENRG03;Energieträger;ENRKER;Kernenergie;-;GJ;BRN001;Brennstoffeinsatz;
43311;Monatserhebung ü. Elektrizitäts- u. Wärmeerzeugung;JAHR;Jahr;2012;DINSG;Deutschland insgesamt;DG;Deutschland;ENRG03;Energieträger;WAS-PSP-02;Pumpspeicher mit natürlichem Zufluss;-;MWh;WRM001;Nettowärmeerzeugung;
43311;Monatserhebung ü. Elektrizitäts- u. Wärmeerzeugung;JAHR;Jahr;2012;DINSG;Deutschland insgesamt;DG;Deutschland;ENRG03;Energieträger;WAS-PSP-02;Pumpspeicher mit natürlichem Zufluss;544428;MWh;EKT002;Elektrizitätserzeugung (netto);e
43311;Monatserhebung ü. Elektrizitäts- u. Wärmeerzeugung;JAHR;Jahr;2012;DINSG;Deutschland insgesamt;DG;Deutschland;ENRG03;Energieträger;WAS-PSP-02;Pumpspeicher mit natürlichem Zufluss;560235;MWh;EKT001;Elektrizitätserzeugung (brutto);e
43311;Monatserhebung ü. Elektrizitäts- u. Wärmeerzeugung;JAHR;Jahr;2012;DINSG;Deutschland insgesamt;DG;Deutschland;ENRG03;Energieträger;WAS-PSP-02;Pumpspeicher mit natürlichem Zufluss;-;GJ;BRN001;Brennstoffeinsatz;
43311;Monatserhebung ü. Elektrizitäts- u. Wärmeerzeugung;JAHR;Jahr;2007;DINSG;Deutschland insgesamt;DG;Deutschland;ENRG03;Energieträger;GAS-RAF;Raffineriegas;-;MWh;WRM001;Nettowärmeerzeugung;
43311;Monatserhebung ü. Elektrizitäts- u. Wärmeerzeugung;JAHR;Jahr;2007;DINSG;Deutschland insgesamt;DG;Deutschland;ENRG03;Energieträger;GAS-RAF;Raffineriegas;-;MWh;EKT002;Elektrizitätserzeugung (netto);
43311;Monatserhebung ü. Elektrizitäts- u. Wärmeerzeugung;JAHR;Jahr;2007;DINSG;Deutschland insgesamt;DG;Deutschland;ENRG03;Energieträger;GAS-RAF;Raffineriegas;-;MWh;EKT001;Elektrizitätserzeugung (brutto);
43311;Monatserhebung ü. Elektrizitäts- u. Wärmeerzeugung;JAHR;Jahr;2007;DINSG;Deutschland insgesamt;DG;Deutschland;ENRG03;Energieträger;GAS-RAF;Raffineriegas;-;GJ;BRN001;Brennstoffeinsatz;
43311;Monatserhebung ü. Elektrizitäts- u. Wärmeerzeugung;JAHR;Jahr;2002;DINSG;Deutschland insgesamt;DG;Deutschland;ENRG03;Energieträger;WAS-SP-01;Speicherwasser;-;MWh;WRM001;Nettowärmeerzeugung;
43311;Monatserhebung ü. Elektrizitäts- u. Wärmeerzeugung;JAHR;Jahr;2002;DINSG;Deutschland insgesamt;DG;Deutschland;ENRG03;Energieträger;WAS-SP-01;Speicherwasser;2060395;MWh;EKT002;Elektrizitätserzeugung (netto);e
43311;Monatserhebung ü. Elektrizitäts- u. Wärmeerzeugung;JAHR;Jahr;2002;DINSG;Deutschland insgesamt;DG;Deutschland;ENRG03;Energieträger;WAS-SP-01;Speicherwasser;2108426;MWh;EKT001;Elektrizitätserzeugung (brutto);e
43311;Monatserhebung ü. Elektrizitäts- u. Wärmeerzeugung;JAHR;Jahr;2002;DINSG;Deutschland insgesamt;DG;Deutschland;ENRG03;Energieträger;WAS-SP-01;Speicherwasser;-;GJ;BRN001;Brennstoffeinsatz;
43311;Monatserhebung ü. Elektrizitäts- u. Wärmeerzeugung;JAHR;Jahr;2021;DINSG;Deutschland insgesamt;DG;Deutschland;ENRG03;Energieträger;GAS-RAF;Raffineriegas;-;MWh;WRM001;Nettowärmeerzeugung;
43311;Monatserhebung ü. Elektrizitäts- u. Wärmeerzeugung;JAHR;Jahr;2021;DINSG;Deutschland insgesamt;DG;Deutschland;ENRG03;Energieträger;GAS-RAF;Raffineriegas;-;MWh;EKT002;Elektrizitätserzeugung (netto);
43311;Monatserhebung ü. Elektrizitäts- u. Wärmeerzeugung;JAHR;Jahr;2021;DINSG;Deutschland insgesamt;DG;Deutschland;ENRG03;Energieträger;GAS-RAF;Raffineriegas;-;MWh;EKT001;Elektrizitätserzeugung (brutto);
43311;Monatserhebung ü. Elektrizitäts- u. Wärmeerzeugung;JAHR;Jahr;2021;DINSG;Deutschland insgesamt;DG;Deutschland;ENRG03;Energieträger;GAS-RAF;Raffineriegas;-;GJ;BRN001;Brennstoffeinsatz;
43311;Monatserhebung ü. Elektrizitäts- u. Wärmeerzeugung;JAHR;Jahr;2018;DINSG;Deutschland insgesamt;DG;Deutschland;ENRG03;Energieträger;ENRSET;Sonstige Energieträger;.;MWh;WRM001;Nettowärmeerzeugung;
43311;Monatserhebung ü. Elektrizitäts- u. Wärmeerzeugung;JAHR;Jahr;2018;DINSG;Deutschland insgesamt;DG;Deutschland;ENRG03;Energieträger;ENRSET;Sonstige Energieträger;.;MWh;EKT002;Elektrizitätserzeugung (netto);
43311;Monatserhebung ü. Elektrizitäts- u. Wärmeerzeugung;JAHR;Jahr;2018;DINSG;Deutschland insgesamt;DG;Deutschland;ENRG03;Energieträger;ENRSET;Sonstige Energieträger;.;MWh;EKT001;Elektrizitätserzeugung (brutto);
43311;Monatserhebung ü. Elektrizitäts- u. Wärmeerzeugung;JAHR;Jahr;2018;DINSG;Deutschland insgesamt;DG;Deutschland;ENRG03;Energieträger;ENRSET;Sonstige Energieträger;.;GJ;BRN001;Brennstoffeinsatz;
43311;Monatserhebung ü. Elektrizitäts- u. Wärmeerzeugung;JAHR;Jahr;2023;DINSG;Deutschland insgesamt;DG;Deutschland;ENRG03;Energieträger;KHL-S-SONST;Sonstige Steinkohlen;-;MWh;WRM001;Nettowärmeerzeugung;
43311;Monatserhebung ü. Elektrizitäts- u. Wärmeerzeugung;JAHR;Jahr;2023;DINSG;Deutschland insgesamt;DG;Deutschland;ENRG03;Energieträger;KHL-S-SONST;Sonstige Steinkohlen;-;MWh;EKT002;Elektrizitätserzeugung (netto);
43311;Monatserhebung ü. Elektrizitäts- u. Wärmeerzeugung;JAHR;Jahr;2023;DINSG;Deutschland insgesamt;DG;Deutschland;ENRG03;Energieträger;KHL-S-SONST;Sonstige Steinkohlen;-;MWh;EKT001;Elektrizitätserzeugung (brutto);
43311;Monatserhebung ü. Elektrizitäts- u. Wärmeerzeugung;JAHR;Jahr;2023;DINSG;Deutschland insgesamt;DG;Deutschland;ENRG03;Energieträger;KHL-S-SONST;Sonstige Steinkohlen;-;GJ;BRN001;Brennstoffeinsatz;
43311;Monatserhebung ü. Elektrizitäts- u. Wärmeerzeugung;JAHR;Jahr;2008;DINSG;Deutschland insgesamt;DG;Deutschland;ENRG03;Energieträger;KHL-S-BRIK;Steinkohlenbriketts;-;MWh;WRM001;Nettowärmeerzeugung;
43311;Monatserhebung ü. Elektrizitäts- u. Wärmeerzeugung;JAHR;Jahr;2008;DINSG;Deutschland insgesamt;DG;Deutschland;ENRG03;Energieträger;KHL-S-BRIK;Steinkohlenbriketts;-;MWh;EKT002;Elektrizitätserzeugung (netto);
43311;Monatserhebung ü. Elektrizitäts- u. Wärmeerzeugung;JAHR;Jahr;2008;DINSG;Deutschland insgesamt;DG;Deutschland;ENRG03;Energieträger;KHL-S-BRIK;Steinkohlenbriketts;-;MWh;EKT001;Elektrizitätserzeugung (brutto);
43311;Monatserhebung ü. Elektrizitäts- u. Wärmeerzeugung;JAHR;Jahr;2008;DINSG;Deutschland insgesamt;DG;Deutschland;ENRG03;Energieträger;KHL-S-BRIK;Steinkohlenbriketts;-;GJ;BRN001;Brennstoffeinsatz;
43311;Monatserhebung ü. Elektrizitäts- u. Wärmeerzeugung;JAHR;Jahr;2022;DINSG;Deutschland insgesamt;DG;Deutschland;ENRG03;Energieträger;STROM-02;Strom (Elektrokessel);.;MWh;WRM001;Nettowärmeerzeugung;
43311;Monatserhebung ü. Elektrizitäts- u. Wärmeerzeugung;JAHR;Jahr;2022;DINSG;Deutschland insgesamt;DG;Deutschland;ENRG03;Energieträger;STROM-02;Strom (Elektrokessel);-;MWh;EKT002;Elektrizitätserzeugung (netto);
43311;Monatserhebung ü. Elektrizitäts- u. Wärmeerzeugung;JAHR;Jahr;2022;DINSG;Deutschland insgesamt;DG;Deutschland;ENRG03;Energieträger;STROM-02;Strom (Elektrokessel);-;MWh;EKT001;Elektrizitätserzeugung (brutto);
43311;Monatserhebung ü. Elektrizitäts- u. Wärmeerzeugung;JAHR;Jahr;2022;DINSG;Deutschland insgesamt;DG;Deutschland;ENRG03;Energieträger;STROM-02;Strom (Elektrokessel);.;GJ;BRN001;Brennstoffeinsatz;
43311;Monatserhebung ü. Elektrizitäts- u. Wärmeerzeugung;JAHR;Jahr;2008;DINSG;Deutschland insgesamt;DG;Deutschland;ENRG03;Energieträger;KHL-S-KWS;Kohlenwertstoffe aus Steinkohle;-;MWh;WRM001;Nettowärmeerzeugung;
43311;Monatserhebung ü. Elektrizitäts- u. Wärmeerzeugung;JAHR;Jahr;2008;DINSG;Deutschland insgesamt;DG;Deutschland;ENRG03;Energieträger;KHL-S-KWS;Kohlenwertstoffe aus Steinkohle;-;MWh;EKT002;Elektrizitätserzeugung (netto);
43311;Monatserhebung ü. Elektrizitäts- u. Wärmeerzeugung;JAHR;Jahr;2008;DINSG;Deutschland insgesamt;DG;Deutschland;ENRG03;Energieträger;KHL-S-KWS;Kohlenwertstoffe aus Steinkohle;-;MWh;EKT001;Elektrizitätserzeugung (brutto);
43311;Monatserhebung ü. Elektrizitäts- u. Wärmeerzeugung;JAHR;Jahr;2008;DINSG;Deutschland insgesamt;DG;Deutschland;ENRG03;Energieträger;KHL-S-KWS;Kohlenwertstoffe aus Steinkohle;-;GJ;BRN001;Brennstoffeinsatz;
43311;Monatserhebung ü. Elektrizitäts- u. Wärmeerzeugung;JAHR;Jahr;2004;DINSG;Deutschland insgesamt;DG;Deutschland;ENRG03;Energieträger;KHL-S-KOKS;Steinkohlenkoks;-;MWh;WRM001;Nettowärmeerzeugung;
43311;Monatserhebung ü. Elektrizitäts- u. Wärmeerzeugung;JAHR;Jahr;2004;DINSG;Deutschland insgesamt;DG;Deutschland;ENRG03;Energieträger;KHL-S-KOKS;Steinkohlenkoks;-;MWh;EKT002;Elektrizitätserzeugung (netto);
43311;Monatserhebung ü. Elektrizitäts- u. Wärmeerzeugung;JAHR;Jahr;2004;DINSG;Deutschland insgesamt;DG;Deutschland;ENRG03;Energieträger;KHL-S-KOKS;Steinkohlenkoks;-;MWh;EKT001;Elektrizitätserzeugung (brutto);
43311;Monatserhebung ü. Elektrizitäts- u. Wärmeerzeugung;JAHR;Jahr;2004;DINSG;Deutschland insgesamt;DG;Deutschland;ENRG03;Energieträger;KHL-S-KOKS;Steinkohlenkoks;-;GJ;BRN001;Brennstoffeinsatz;
43311;Monatserhebung ü. Elektrizitäts- u. Wärmeerzeugung;JAHR;Jahr;2006;DINSG;Deutschland insgesamt;DG;Deutschland;ENRG03;Energieträger;WAS-PSP-02;Pumpspeicher mit natürlichem Zufluss;-;MWh;WRM001;Nettowärmeerzeugung;
43311;Monatserhebung ü. Elektrizitäts- u. Wärmeerzeugung;JAHR;Jahr;2006;DINSG;Deutschland insgesamt;DG;Deutschland;ENRG03;Energieträger;WAS-PSP-02;Pumpspeicher mit natürlichem Zufluss;-;MWh;EKT002;Elektrizitätserzeugung (netto);
43311;Monatserhebung ü. Elektrizitäts- u. Wärmeerzeugung;JAHR;Jahr;2006;DINSG;Deutschland insgesamt;DG;Deutschland;ENRG03;Energieträger;WAS-PSP-02;Pumpspeicher mit natürlichem Zufluss;-;MWh;EKT001;Elektrizitätserzeugung (brutto);
43311;Monatserhebung ü. Elektrizitäts- u. Wärmeerzeugung;JAHR;Jahr;2006;DINSG;Deutschland insgesamt;DG;Deutschland;ENRG03;Energieträger;WAS-PSP-02;Pumpspeicher mit natürlichem Zufluss;-;GJ;BRN001;Brennstoffeinsatz;
43311;Monatserhebung ü. Elektrizitäts- u. Wärmeerzeugung;JAHR;Jahr;2018;DINSG;Deutschland insgesamt;DG;Deutschland;ENRG03;Energieträger;DIESEL-01;Dieselkraftstoff;.;MWh;WRM001;Nettowärmeerzeugung;
43311;Monatserhebung ü. Elektrizitäts- u. Wärmeerzeugung;JAHR;Jahr;2018;DINSG;Deutschland insgesamt;DG;Deutschland;ENRG03;Energieträger;DIESEL-01;Dieselkraftstoff;513;MWh;EKT002;Elektrizitätserzeugung (netto);e
43311;Monatserhebung ü. Elektrizitäts- u. Wärmeerzeugung;JAHR;Jahr;2018;DINSG;Deutschland insgesamt;DG;Deutschland;ENRG03;Energieträger;DIESEL-01;Dieselkraftstoff;526;MWh;EKT001;Elektrizitätserzeugung (brutto);e
43311;Monatserhebung ü. Elektrizitäts- u. Wärmeerzeugung;JAHR;Jahr;2018;DINSG;Deutschland insgesamt;DG;Deutschland;ENRG03;Energieträger;DIESEL-01;Dieselkraftstoff;5262;GJ;BRN001;Brennstoffeinsatz;e
43311;Monatserhebung ü. Elektrizitäts- u. Wärmeerzeugung;JAHR;Jahr;2002;DINSG;Deutschland insgesamt;DG;Deutschland;ENRG03;Energieträger;KHL-S-01;Steinkohlen;-;MWh;WRM001;Nettowärmeerzeugung;
43311;Monatserhebung ü. Elektrizitäts- u. Wärmeerzeugung;JAHR;Jahr;2002;DINSG;Deutschland insgesamt;DG;Deutschland;ENRG03;Energieträger;KHL-S-01;Steinkohlen;111426568;MWh;EKT002;Elektrizitätserzeugung (netto);e
43311;Monatserhebung ü. Elektrizitäts- u. Wärmeerzeugung;JAHR;Jahr;2002;DINSG;Deutschland insgesamt;DG;Deutschland;ENRG03;Energieträger;KHL-S-01;Steinkohlen;121062371;MWh;EKT001;Elektrizitätserzeugung (brutto);e
43311;Monatserhebung ü. Elektrizitäts- u. Wärmeerzeugung;JAHR;Jahr;2002;DINSG;Deutschland insgesamt;DG;Deutschland;ENRG03;Energieträger;KHL-S-01;Steinkohlen;1081029686;GJ;BRN001;Brennstoffeinsatz;e
43311;Monatserhebung ü. Elektrizitäts- u. Wärmeerzeugung;JAHR;Jahr;2015;DINSG;Deutschland insgesamt;DG;Deutschland;ENRG03;Energieträger;KHL-B-SONST;Sonstige Braunkohlen;-;MWh;WRM001;Nettowärmeerzeugung;
43311;Monatserhebung ü. Elektrizitäts- u. Wärmeerzeugung;JAHR;Jahr;2015;DINSG;Deutschland insgesamt;DG;Deutschland;ENRG03;Energieträger;KHL-B-SONST;Sonstige Braunkohlen;-;MWh;EKT002;Elektrizitätserzeugung (netto);
43311;Monatserhebung ü. Elektrizitäts- u. Wärmeerzeugung;JAHR;Jahr;2015;DINSG;Deutschland insgesamt;DG;Deutschland;ENRG03;Energieträger;KHL-B-SONST;Sonstige Braunkohlen;-;MWh;EKT001;Elektrizitätserzeugung (brutto);
43311;Monatserhebung ü. Elektrizitäts- u. Wärmeerzeugung;JAHR;Jahr;2015;DINSG;Deutschland insgesamt;DG;Deutschland;ENRG03;Energieträger;KHL-B-SONST;Sonstige Braunkohlen;-;GJ;BRN001;Brennstoffeinsatz;
43311;Monatserhebung ü. Elektrizitäts- u. Wärmeerzeugung;JAHR;Jahr;2011;DINSG;Deutschland insgesamt;DG;Deutschland;ENRG03;Energieträger;GAS-HO-01;Hochofengas;34768;MWh;WRM001;Nettowärmeerzeugung;e
43311;Monatserhebung ü. Elektrizitäts- u. Wärmeerzeugung;JAHR;Jahr;2011;DINSG;Deutschland insgesamt;DG;Deutschland;ENRG03;Energieträger;GAS-HO-01;Hochofengas;2329829;MWh;EKT002;Elektrizitätserzeugung (netto);e
43311;Monatserhebung ü. Elektrizitäts- u. Wärmeerzeugung;JAHR;Jahr;2011;DINSG;Deutschland insgesamt;DG;Deutschland;ENRG03;Energieträger;GAS-HO-01;Hochofengas;2504770;MWh;EKT001;Elektrizitätserzeugung (brutto);e
43311;Monatserhebung ü. Elektrizitäts- u. Wärmeerzeugung;JAHR;Jahr;2011;DINSG;Deutschland insgesamt;DG;Deutschland;ENRG03;Energieträger;GAS-HO-01;Hochofengas;23646528;GJ;BRN001;Brennstoffeinsatz;e
43311;Monatserhebung ü. Elektrizitäts- u. Wärmeerzeugung;JAHR;Jahr;2008;DINSG;Deutschland insgesamt;DG;Deutschland;ENRG03;Energieträger;GAS-FL;Flüssiggas;-;MWh;WRM001;Nettowärmeerzeugung;
43311;Monatserhebung ü. Elektrizitäts- u. Wärmeerzeugung;JAHR;Jahr;2008;DINSG;Deutschland insgesamt;DG;Deutschland;ENRG03;Energieträger;GAS-FL;Flüssiggas;-;MWh;EKT002;Elektrizitätserzeugung (netto);
43311;Monatserhebung ü. Elektrizitäts- u. Wärmeerzeugung;JAHR;Jahr;2008;DINSG;Deutschland insgesamt;DG;Deutschland;ENRG03;Energieträger;GAS-FL;Flüssiggas;-;MWh;EKT001;Elektrizitätserzeugung (brutto);
43311;Monatserhebung ü. Elektrizitäts- u. Wärmeerzeugung;JAHR;Jahr;2008;DINSG;Deutschland insgesamt;DG;Deutschland;ENRG03;Energieträger;GAS-FL;Flüssiggas;-;GJ;BRN001;Brennstoffeinsatz;
43311;Monatserhebung ü. Elektrizitäts- u. Wärmeerzeugung;JAHR;Jahr;2014;DINSG;Deutschland insgesamt;DG;Deutschland;ENRG03;Energieträger;ABF-03;Abfall (Hausmüll, Siedlungsabfälle);14059587;MWh;WRM001;Nettowärmeerzeugung;e
43311;Monatserhebung ü. Elektrizitäts- u. Wärmeerzeugung;JAHR;Jahr;2014;DINSG;Deutschland insgesamt;DG;Deutschland;ENRG03;Energieträger;ABF-03;Abfall (Hausmüll, Siedlungsabfälle);9203022;MWh;EKT002;Elektrizitätserzeugung (netto);e
43311;Monatserhebung ü. Elektrizitäts- u. Wärmeerzeugung;JAHR;Jahr;2014;DINSG;Deutschland insgesamt;DG;Deutschland;ENRG03;Energieträger;ABF-03;Abfall (Hausmüll, Siedlungsabfälle);11591851;MWh;EKT001;Elektrizitätserzeugung (brutto);e
43311;Monatserhebung ü. Elektrizitäts- u. Wärmeerzeugung;JAHR;Jahr;2014;DINSG;Deutschland insgesamt;DG;Deutschland;ENRG03;Energieträger;ABF-03;Abfall (Hausmüll, Siedlungsabfälle);209501350;GJ;BRN001;Brennstoffeinsatz;e
43311;Monatserhebung ü. Elektrizitäts- u. Wärmeerzeugung;JAHR;Jahr;2009;DINSG;Deutschland insgesamt;DG;Deutschland;ENRG03;Energieträger;GAS-KL;Klärgas;54662;MWh;WRM001;Nettowärmeerzeugung;e
43311;Monatserhebung ü. Elektrizitäts- u. Wärmeerzeugung;JAHR;Jahr;2009;DINSG;Deutschland insgesamt;DG;Deutschland;ENRG03;Energieträger;GAS-KL;Klärgas;30188;MWh;EKT002;Elektrizitätserzeugung (netto);e
43311;Monatserhebung ü. Elektrizitäts- u. Wärmeerzeugung;JAHR;Jahr;2009;DINSG;Deutschland insgesamt;DG;Deutschland;ENRG03;Energieträger;GAS-KL;Klärgas;32774;MWh;EKT001;Elektrizitätserzeugung (brutto);e
43311;Monatserhebung ü. Elektrizitäts- u. Wärmeerzeugung;JAHR;Jahr;2009;DINSG;Deutschland insgesamt;DG;Deutschland;ENRG03;Energieträger;GAS-KL;Klärgas;523448;GJ;BRN001;Brennstoffeinsatz;e
43311;Monatserhebung ü. Elektrizitäts- u. Wärmeerzeugung;JAHR;Jahr;2002;DINSG;Deutschland insgesamt;DG;Deutschland;ENRG03;Energieträger;KHL-B-BRIK;Braunkohlenbriketts;-;MWh;WRM001;Nettowärmeerzeugung;
43311;Monatserhebung ü. Elektrizitäts- u. Wärmeerzeugung;JAHR;Jahr;2002;DINSG;Deutschland insgesamt;DG;Deutschland;ENRG03;Energieträger;KHL-B-BRIK;Braunkohlenbriketts;41935;MWh;EKT002;Elektrizitätserzeugung (netto);e
43311;Monatserhebung ü. Elektrizitäts- u. Wärmeerzeugung;JAHR;Jahr;2002;DINSG;Deutschland insgesamt;DG;Deutschland;ENRG03;Energieträger;KHL-B-BRIK;Braunkohlenbriketts;48263;MWh;EKT001;Elektrizitätserzeugung (brutto);e
43311;Monatserhebung ü. Elektrizitäts- u. Wärmeerzeugung;JAHR;Jahr;2002;DINSG;Deutschland insgesamt;DG;Deutschland;ENRG03;Energieträger;KHL-B-BRIK;Braunkohlenbriketts;791950;GJ;BRN001;Brennstoffeinsatz;e
43311;Monatserhebung ü. Elektrizitäts- u. Wärmeerzeugung;JAHR;Jahr;2018;DINSG;Deutschland insgesamt;DG;Deutschland;ENRG03;Energieträger;WRM-02;Wärmepumpen (Erd- und Umweltwärme);-;MWh;WRM001;Nettowärmeerzeugung;
43311;Monatserhebung ü. Elektrizitäts- u. Wärmeerzeugung;JAHR;Jahr;2018;DINSG;Deutschland insgesamt;DG;Deutschland;ENRG03;Energieträger;WRM-02;Wärmepumpen (Erd- und Umweltwärme);-;MWh;EKT002;Elektrizitätserzeugung (netto);
43311;Monatserhebung ü. Elektrizitäts- u. Wärmeerzeugung;JAHR;Jahr;2018;DINSG;Deutschland insgesamt;DG;Deutschland;ENRG03;Energieträger;WRM-02;Wärmepumpen (Erd- und Umweltwärme);-;MWh;EKT001;Elektrizitätserzeugung (brutto);
43311;Monatserhebung ü. Elektrizitäts- u. Wärmeerzeugung;JAHR;Jahr;2018;DINSG;Deutschland insgesamt;DG;Deutschland;ENRG03;Energieträger;WRM-02;Wärmepumpen (Erd- und Umweltwärme);-;GJ;BRN001;Brennstoffeinsatz;
43311;Monatserhebung ü. Elektrizitäts- u. Wärmeerzeugung;JAHR;Jahr;2017;DINSG;Deutschland insgesamt;DG;Deutschland;ENRG03;Energieträger;KHL-B-KOKS;Braunkohlenkoks;.;MWh;WRM001;Nettowärmeerzeugung;
43311;Monatserhebung ü. Elektrizitäts- u. Wärmeerzeugung;JAHR;Jahr;2017;DINSG;Deutschland insgesamt;DG;Deutschland;ENRG03;Energieträger;KHL-B-KOKS;Braunkohlenkoks;.;MWh;EKT002;Elektrizitätserzeugung (netto);
43311;Monatserhebung ü. Elektrizitäts- u. Wärmeerzeugung;JAHR;Jahr;2017;DINSG;Deutschland insgesamt;DG;Deutschland;ENRG03;Energieträger;KHL-B-KOKS;Braunkohlenkoks;.;MWh;EKT001;Elektrizitätserzeugung (brutto);
43311;Monatserhebung ü. Elektrizitäts- u. Wärmeerzeugung;JAHR;Jahr;2017;DINSG;Deutschland insgesamt;DG;Deutschland;ENRG03;Energieträger;KHL-B-KOKS;Braunkohlenkoks;.;GJ;BRN001;Brennstoffeinsatz;
43311;Monatserhebung ü. Elektrizitäts- u. Wärmeerzeugung;JAHR;Jahr;2006;DINSG;Deutschland insgesamt;DG;Deutschland;ENRG03;Energieträger;STROM-02;Strom (Elektrokessel);-;MWh;WRM001;Nettowärmeerzeugung;
43311;Monatserhebung ü. Elektrizitäts- u. Wärmeerzeugung;JAHR;Jahr;2006;DINSG;Deutschland insgesamt;DG;Deutschland;ENRG03;Energieträger;STROM-02;Strom (Elektrokessel);-;MWh;EKT002;Elektrizitätserzeugung (netto);
43311;Monatserhebung ü. Elektrizitäts- u. Wärmeerzeugung;JAHR;Jahr;2006;DINSG;Deutschland insgesamt;DG;Deutschland;ENRG03;Energieträger;STROM-02;Strom (Elektrokessel);-;MWh;EKT001;Elektrizitätserzeugung (brutto);
43311;Monatserhebung ü. Elektrizitäts- u. Wärmeerzeugung;JAHR;Jahr;2006;DINSG;Deutschland insgesamt;DG;Deutschland;ENRG03;Energieträger;STROM-02;Strom (Elektrokessel);-;GJ;BRN001;Brennstoffeinsatz;
43311;Monatserhebung ü. Elektrizitäts- u. Wärmeerzeugung;JAHR;Jahr;2003;DINSG;Deutschland insgesamt;DG;Deutschland;ENRG03;Energieträger;WAS-PSP-03;Pumpspeicher ohne natürlichen Zufluss;-;MWh;WRM001;Nettowärmeerzeugung;
43311;Monatserhebung ü. Elektrizitäts- u. Wärmeerzeugung;JAHR;Jahr;2003;DINSG;Deutschland insgesamt;DG;Deutschland;ENRG03;Energieträger;WAS-PSP-03;Pumpspeicher ohne natürlichen Zufluss;-;MWh;EKT002;Elektrizitätserzeugung (netto);
43311;Monatserhebung ü. Elektrizitäts- u. Wärmeerzeugung;JAHR;Jahr;2003;DINSG;Deutschland insgesamt;DG;Deutschland;ENRG03;Energieträger;WAS-PSP-03;Pumpspeicher ohne natürlichen Zufluss;-;MWh;EKT001;Elektrizitätserzeugung (brutto);
43311;Monatserhebung ü. Elektrizitäts- u. Wärmeerzeugung;JAHR;Jahr;2003;DINSG;Deutschland insgesamt;DG;Deutschland;ENRG03;Energieträger;WAS-PSP-03;Pumpspeicher ohne natürlichen Zufluss;-;GJ;BRN001;Brennstoffeinsatz;
43311;Monatserhebung ü. Elektrizitäts- u. Wärmeerzeugung;JAHR;Jahr;2009;DINSG;Deutschland insgesamt;DG;Deutschland;ENRG03;Energieträger;SP-SONST-01;Andere Speicher;-;MWh;WRM001;Nettowärmeerzeugung;
43311;Monatserhebung ü. Elektrizitäts- u. Wärmeerzeugung;JAHR;Jahr;2009;DINSG;Deutschland insgesamt;DG;Deutschland;ENRG03;Energieträger;SP-SONST-01;Andere Speicher;-;MWh;EKT002;Elektrizitätserzeugung (netto);
43311;Monatserhebung ü. Elektrizitäts- u. Wärmeerzeugung;JAHR;Jahr;2009;DINSG;Deutschland insgesamt;DG;Deutschland;ENRG03;Energieträger;SP-SONST-01;Andere Speicher;-;MWh;EKT001;Elektrizitätserzeugung (brutto);
43311;Monatserhebung ü. Elektrizitäts- u. Wärmeerzeugung;JAHR;Jahr;2009;DINSG;Deutschland insgesamt;DG;Deutschland;ENRG03;Energieträger;SP-SONST-01;Andere Speicher;-;GJ;BRN001;Brennstoffeinsatz;
43311;Monatserhebung ü. Elektrizitäts- u. Wärmeerzeugung;JAHR;Jahr;2012;DINSG;Deutschland insgesamt;DG;Deutschland;ENRG03;Energieträger;ABF-02;Abfall (Industrie);2281184;MWh;WRM001;Nettowärmeerzeugung;e
43311;Monatserhebung ü. Elektrizitäts- u. Wärmeerzeugung;JAHR;Jahr;2012;DINSG;Deutschland insgesamt;DG;Deutschland;ENRG03;Energieträger;ABF-02;Abfall (Industrie);1074009;MWh;EKT002;Elektrizitätserzeugung (netto);e
43311;Monatserhebung ü. Elektrizitäts- u. Wärmeerzeugung;JAHR;Jahr;2012;DINSG;Deutschland insgesamt;DG;Deutschland;ENRG03;Energieträger;ABF-02;Abfall (Industrie);1340490;MWh;EKT001;Elektrizitätserzeugung (brutto);e
43311;Monatserhebung ü. Elektrizitäts- u. Wärmeerzeugung;JAHR;Jahr;2012;DINSG;Deutschland insgesamt;DG;Deutschland;ENRG03;Energieträger;ABF-02;Abfall (Industrie);26047219;GJ;BRN001;Brennstoffeinsatz;e
43311;Monatserhebung ü. Elektrizitäts- u. Wärmeerzeugung;JAHR;Jahr;2005;DINSG;Deutschland insgesamt;DG;Deutschland;ENRG03;Energieträger;KHL-B-WSK;Wirbelschichtkohle;297185;MWh;WRM001;Nettowärmeerzeugung;e
43311;Monatserhebung ü. Elektrizitäts- u. Wärmeerzeugung;JAHR;Jahr;2005;DINSG;Deutschland insgesamt;DG;Deutschland;ENRG03;Energieträger;KHL-B-WSK;Wirbelschichtkohle;250766;MWh;EKT002;Elektrizitätserzeugung (netto);e
43311;Monatserhebung ü. Elektrizitäts- u. Wärmeerzeugung;JAHR;Jahr;2005;DINSG;Deutschland insgesamt;DG;Deutschland;ENRG03;Energieträger;KHL-B-WSK;Wirbelschichtkohle;304690;MWh;EKT001;Elektrizitätserzeugung (brutto);e
43311;Monatserhebung ü. Elektrizitäts- u. Wärmeerzeugung;JAHR;Jahr;2005;DINSG;Deutschland insgesamt;DG;Deutschland;ENRG03;Energieträger;KHL-B-WSK;Wirbelschichtkohle;4277834;GJ;BRN001;Brennstoffeinsatz;e
43311;Monatserhebung ü. Elektrizitäts- u. Wärmeerzeugung;JAHR;Jahr;2014;DINSG;Deutschland insgesamt;DG;Deutschland;ENRG03;Energieträger;KHL-S-BRIK;Steinkohlenbriketts;-;MWh;WRM001;Nettowärmeerzeugung;
43311;Monatserhebung ü. Elektrizitäts- u. Wärmeerzeugung;JAHR;Jahr;2014;DINSG;Deutschland insgesamt;DG;Deutschland;ENRG03;Energieträger;KHL-S-BRIK;Steinkohlenbriketts;-;MWh;EKT002;Elektrizitätserzeugung (netto);
43311;Monatserhebung ü. Elektrizitäts- u. Wärmeerzeugung;JAHR;Jahr;2014;DINSG;Deutschland insgesamt;DG;Deutschland;ENRG03;Energieträger;KHL-S-BRIK;Steinkohlenbriketts;-;MWh;EKT001;Elektrizitätserzeugung (brutto);
43311;Monatserhebung ü. Elektrizitäts- u. Wärmeerzeugung;JAHR;Jahr;2014;DINSG;Deutschland insgesamt;DG;Deutschland;ENRG03;Energieträger;KHL-S-BRIK;Steinkohlenbriketts;-;GJ;BRN001;Brennstoffeinsatz;
43311;Monatserhebung ü. Elektrizitäts- u. Wärmeerzeugung;JAHR;Jahr;2022;DINSG;Deutschland insgesamt;DG;Deutschland;ENRG03;Energieträger;GAS-GRUB;Grubengas;.;MWh;WRM001;Nettowärmeerzeugung;
43311;Monatserhebung ü. Elektrizitäts- u. Wärmeerzeugung;JAHR;Jahr;2022;DINSG;Deutschland insgesamt;DG;Deutschland;ENRG03;Energieträger;GAS-GRUB;Grubengas;577321;MWh;EKT002;Elektrizitätserzeugung (netto);e
43311;Monatserhebung ü. Elektrizitäts- u. Wärmeerzeugung;JAHR;Jahr;2022;DINSG;Deutschland insgesamt;DG;Deutschland;ENRG03;Energieträger;GAS-GRUB;Grubengas;582597;MWh;EKT001;Elektrizitätserzeugung (brutto);e
43311;Monatserhebung ü. Elektrizitäts- u. Wärmeerzeugung;JAHR;Jahr;2022;DINSG;Deutschland insgesamt;DG;Deutschland;ENRG03;Energieträger;GAS-GRUB;Grubengas;5708188;GJ;BRN001;Brennstoffeinsatz;e
43311;Monatserhebung ü. Elektrizitäts- u. Wärmeerzeugung;JAHR;Jahr;2009;DINSG;Deutschland insgesamt;DG;Deutschland;ENRG03;Energieträger;PKOKS-01;Petrolkoks;31823;MWh;WRM001;Nettowärmeerzeugung;e
43311;Monatserhebung ü. Elektrizitäts- u. Wärmeerzeugung;JAHR;Jahr;2009;DINSG;Deutschland insgesamt;DG;Deutschland;ENRG03;Energieträger;PKOKS-01;Petrolkoks;705991;MWh;EKT002;Elektrizitätserzeugung (netto);e
43311;Monatserhebung ü. Elektrizitäts- u. Wärmeerzeugung;JAHR;Jahr;2009;DINSG;Deutschland insgesamt;DG;Deutschland;ENRG03;Energieträger;PKOKS-01;Petrolkoks;765742;MWh;EKT001;Elektrizitätserzeugung (brutto);e
43311;Monatserhebung ü. Elektrizitäts- u. Wärmeerzeugung;JAHR;Jahr;2009;DINSG;Deutschland insgesamt;DG;Deutschland;ENRG03;Energieträger;PKOKS-01;Petrolkoks;7119071;GJ;BRN001;Brennstoffeinsatz;e
43311;Monatserhebung ü. Elektrizitäts- u. Wärmeerzeugung;JAHR;Jahr;2018;DINSG;Deutschland insgesamt;DG;Deutschland;ENRG03;Energieträger;KHL-B-STK;Staub- und Trockenkohle;.;MWh;WRM001;Nettowärmeerzeugung;
43311;Monatserhebung ü. Elektrizitäts- u. Wärmeerzeugung;JAHR;Jahr;2018;DINSG;Deutschland insgesamt;DG;Deutschland;ENRG03;Energieträger;KHL-B-STK;Staub- und Trockenkohle;134813;MWh;EKT002;Elektrizitätserzeugung (netto);e
43311;Monatserhebung ü. Elektrizitäts- u. Wärmeerzeugung;JAHR;Jahr;2018;DINSG;Deutschland insgesamt;DG;Deutschland;ENRG03;Energieträger;KHL-B-STK;Staub- und Trockenkohle;147989;MWh;EKT001;Elektrizitätserzeugung (brutto);e
43311;Monatserhebung ü. Elektrizitäts- u. Wärmeerzeugung;JAHR;Jahr;2018;DINSG;Deutschland insgesamt;DG;Deutschland;ENRG03;Energieträger;KHL-B-STK;Staub- und Trockenkohle;2227803;GJ;BRN001;Brennstoffeinsatz;e
43311;Monatserhebung ü. Elektrizitäts- u. Wärmeerzeugung;JAHR;Jahr;2022;DINSG;Deutschland insgesamt;DG;Deutschland;ENRG03;Energieträger;KHL-B-STK;Staub- und Trockenkohle;.;MWh;WRM001;Nettowärmeerzeugung;
43311;Monatserhebung ü. Elektrizitäts- u. Wärmeerzeugung;JAHR;Jahr;2022;DINSG;Deutschland insgesamt;DG;Deutschland;ENRG03;Energieträger;KHL-B-STK;Staub- und Trockenkohle;.;MWh;EKT002;Elektrizitätserzeugung (netto);
43311;Monatserhebung ü. Elektrizitäts- u. Wärmeerzeugung;JAHR;Jahr;2022;DINSG;Deutschland insgesamt;DG;Deutschland;ENRG03;Energieträger;KHL-B-STK;Staub- und Trockenkohle;.;MWh;EKT001;Elektrizitätserzeugung (brutto);
43311;Monatserhebung ü. Elektrizitäts- u. Wärmeerzeugung;JAHR;Jahr;2022;DINSG;Deutschland insgesamt;DG;Deutschland;ENRG03;Energieträger;KHL-B-STK;Staub- und Trockenkohle;.;GJ;BRN001;Brennstoffeinsatz;
43311;Monatserhebung ü. Elektrizitäts- u. Wärmeerzeugung;JAHR;Jahr;2024;DINSG;Deutschland insgesamt;DG;Deutschland;ENRG03;Energieträger;GEOTH-01;Geothermie;-;MWh;WRM001;Nettowärmeerzeugung;
43311;Monatserhebung ü. Elektrizitäts- u. Wärmeerzeugung;JAHR;Jahr;2024;DINSG;Deutschland insgesamt;DG;Deutschland;ENRG03;Energieträger;GEOTH-01;Geothermie;-;MWh;EKT002;Elektrizitätserzeugung (netto);
43311;Monatserhebung ü. Elektrizitäts- u. Wärmeerzeugung;JAHR;Jahr;2024;DINSG;Deutschland insgesamt;DG;Deutschland;ENRG03;Energieträger;GEOTH-01;Geothermie;-;MWh;EKT001;Elektrizitätserzeugung (brutto);
43311;Monatserhebung ü. Elektrizitäts- u. Wärmeerzeugung;JAHR;Jahr;2024;DINSG;Deutschland insgesamt;DG;Deutschland;ENRG03;Energieträger;GEOTH-01;Geothermie;-;GJ;BRN001;Brennstoffeinsatz;
43311;Monatserhebung ü. Elektrizitäts- u. Wärmeerzeugung;JAHR;Jahr;2012;DINSG;Deutschland insgesamt;DG;Deutschland;ENRG03;Energieträger;KHL-S-KWS;Kohlenwertstoffe aus Steinkohle;-;MWh;WRM001;Nettowärmeerzeugung;
43311;Monatserhebung ü. Elektrizitäts- u. Wärmeerzeugung;JAHR;Jahr;2012;DINSG;Deutschland insgesamt;DG;Deutschland;ENRG03;Energieträger;KHL-S-KWS;Kohlenwertstoffe aus Steinkohle;-;MWh;EKT002;Elektrizitätserzeugung (netto);
43311;Monatserhebung ü. Elektrizitäts- u. Wärmeerzeugung;JAHR;Jahr;2012;DINSG;Deutschland insgesamt;DG;Deutschland;ENRG03;Energieträger;KHL-S-KWS;Kohlenwertstoffe aus Steinkohle;-;MWh;EKT001;Elektrizitätserzeugung (brutto);
43311;Monatserhebung ü. Elektrizitäts- u. Wärmeerzeugung;JAHR;Jahr;2012;DINSG;Deutschland insgesamt;DG;Deutschland;ENRG03;Energieträger;KHL-S-KWS;Kohlenwertstoffe aus Steinkohle;-;GJ;BRN001;Brennstoffeinsatz;
43311;Monatserhebung ü. Elektrizitäts- u. Wärmeerzeugung;JAHR;Jahr;2016;DINSG;Deutschland insgesamt;DG;Deutschland;ENRG03;Energieträger;WRM-01;Wärme;1396538;MWh;WRM001;Nettowärmeerzeugung;e
43311;Monatserhebung ü. Elektrizitäts- u. Wärmeerzeugung;JAHR;Jahr;2016;DINSG;Deutschland insgesamt;DG;Deutschland;ENRG03;Energieträger;WRM-01;Wärme;525934;MWh;EKT002;Elektrizitätserzeugung (netto);e
43311;Monatserhebung ü. Elektrizitäts- u. Wärmeerzeugung;JAHR;Jahr;2016;DINSG;Deutschland insgesamt;DG;Deutschland;ENRG03;Energieträger;WRM-01;Wärme;546944;MWh;EKT001;Elektrizitätserzeugung (brutto);e
43311;Monatserhebung ü. Elektrizitäts- u. Wärmeerzeugung;JAHR;Jahr;2016;DINSG;Deutschland insgesamt;DG;Deutschland;ENRG03;Energieträger;WRM-01;Wärme;10128337;GJ;BRN001;Brennstoffeinsatz;e
43311;Monatserhebung ü. Elektrizitäts- u. Wärmeerzeugung;JAHR;Jahr;2006;DINSG;Deutschland insgesamt;DG;Deutschland;ENRG03;Energieträger;GAS-K-01;Kokereigas;-;MWh;WRM001;Nettowärmeerzeugung;
43311;Monatserhebung ü. Elektrizitäts- u. Wärmeerzeugung;JAHR;Jahr;2006;DINSG;Deutschland insgesamt;DG;Deutschland;ENRG03;Energieträger;GAS-K-01;Kokereigas;28802;MWh;EKT002;Elektrizitätserzeugung (netto);e
43311;Monatserhebung ü. Elektrizitäts- u. Wärmeerzeugung;JAHR;Jahr;2006;DINSG;Deutschland insgesamt;DG;Deutschland;ENRG03;Energieträger;GAS-K-01;Kokereigas;31311;MWh;EKT001;Elektrizitätserzeugung (brutto);e
43311;Monatserhebung ü. Elektrizitäts- u. Wärmeerzeugung;JAHR;Jahr;2006;DINSG;Deutschland insgesamt;DG;Deutschland;ENRG03;Energieträger;GAS-K-01;Kokereigas;298037;GJ;BRN001;Brennstoffeinsatz;e
43311;Monatserhebung ü. Elektrizitäts- u. Wärmeerzeugung;JAHR;Jahr;2002;DINSG;Deutschland insgesamt;DG;Deutschland;ENRG03;Energieträger;GAS-E-02;Erdgas, Erdölgas;-;MWh;WRM001;Nettowärmeerzeugung;
43311;Monatserhebung ü. Elektrizitäts- u. Wärmeerzeugung;JAHR;Jahr;2002;DINSG;Deutschland insgesamt;DG;Deutschland;ENRG03;Energieträger;GAS-E-02;Erdgas, Erdölgas;39982951;MWh;EKT002;Elektrizitätserzeugung (netto);e
43311;Monatserhebung ü. Elektrizitäts- u. Wärmeerzeugung;JAHR;Jahr;2002;DINSG;Deutschland insgesamt;DG;Deutschland;ENRG03;Energieträger;GAS-E-02;Erdgas, Erdölgas;41728765;MWh;EKT001;Elektrizitätserzeugung (brutto);e
43311;Monatserhebung ü. Elektrizitäts- u. Wärmeerzeugung;JAHR;Jahr;2002;DINSG;Deutschland insgesamt;DG;Deutschland;ENRG03;Energieträger;GAS-E-02;Erdgas, Erdölgas;277038016;GJ;BRN001;Brennstoffeinsatz;e
43311;Monatserhebung ü. Elektrizitäts- u. Wärmeerzeugung;JAHR;Jahr;2008;DINSG;Deutschland insgesamt;DG;Deutschland;ENRG03;Energieträger;GEOTH-01;Geothermie;42001;MWh;WRM001;Nettowärmeerzeugung;e
43311;Monatserhebung ü. Elektrizitäts- u. Wärmeerzeugung;JAHR;Jahr;2008;DINSG;Deutschland insgesamt;DG;Deutschland;ENRG03;Energieträger;GEOTH-01;Geothermie;12078;MWh;EKT002;Elektrizitätserzeugung (netto);e
43311;Monatserhebung ü. Elektrizitäts- u. Wärmeerzeugung;JAHR;Jahr;2008;DINSG;Deutschland insgesamt;DG;Deutschland;ENRG03;Energieträger;GEOTH-01;Geothermie;17325;MWh;EKT001;Elektrizitätserzeugung (brutto);e
43311;Monatserhebung ü. Elektrizitäts- u. Wärmeerzeugung;JAHR;Jahr;2008;DINSG;Deutschland insgesamt;DG;Deutschland;ENRG03;Energieträger;GEOTH-01;Geothermie;-;GJ;BRN001;Brennstoffeinsatz;
43311;Monatserhebung ü. Elektrizitäts- u. Wärmeerzeugung;JAHR;Jahr;2007;DINSG;Deutschland insgesamt;DG;Deutschland;ENRG03;Energieträger;KHL-B-SONST;Sonstige Braunkohlen;21515;MWh;WRM001;Nettowärmeerzeugung;e
43311;Monatserhebung ü. Elektrizitäts- u. Wärmeerzeugung;JAHR;Jahr;2007;DINSG;Deutschland insgesamt;DG;Deutschland;ENRG03;Energieträger;KHL-B-SONST;Sonstige Braunkohlen;164761;MWh;EKT002;Elektrizitätserzeugung (netto);e
43311;Monatserhebung ü. Elektrizitäts- u. Wärmeerzeugung;JAHR;Jahr;2007;DINSG;Deutschland insgesamt;DG;Deutschland;ENRG03;Energieträger;KHL-B-SONST;Sonstige Braunkohlen;173838;MWh;EKT001;Elektrizitätserzeugung (brutto);e
43311;Monatserhebung ü. Elektrizitäts- u. Wärmeerzeugung;JAHR;Jahr;2007;DINSG;Deutschland insgesamt;DG;Deutschland;ENRG03;Energieträger;KHL-B-SONST;Sonstige Braunkohlen;1545366;GJ;BRN001;Brennstoffeinsatz;e
43311;Monatserhebung ü. Elektrizitäts- u. Wärmeerzeugung;JAHR;Jahr;2006;DINSG;Deutschland insgesamt;DG;Deutschland;ENRG03;Energieträger;GAS-GRUB;Grubengas;109610;MWh;WRM001;Nettowärmeerzeugung;e
43311;Monatserhebung ü. Elektrizitäts- u. Wärmeerzeugung;JAHR;Jahr;2006;DINSG;Deutschland insgesamt;DG;Deutschland;ENRG03;Energieträger;GAS-GRUB;Grubengas;488123;MWh;EKT002;Elektrizitätserzeugung (netto);e
43311;Monatserhebung ü. Elektrizitäts- u. Wärmeerzeugung;JAHR;Jahr;2006;DINSG;Deutschland insgesamt;DG;Deutschland;ENRG03;Energieträger;GAS-GRUB;Grubengas;525560;MWh;EKT001;Elektrizitätserzeugung (brutto);e
43311;Monatserhebung ü. Elektrizitäts- u. Wärmeerzeugung;JAHR;Jahr;2006;DINSG;Deutschland insgesamt;DG;Deutschland;ENRG03;Energieträger;GAS-GRUB;Grubengas;5044423;GJ;BRN001;Brennstoffeinsatz;e
