,Biomass,Hard coal,Hydropower,Lignite,Mineral oil,Natural gas,Nuclear,Other,Solar,Wind,Year,Cost,GWP
0,8.420428623932459,2.3634242108604213,0.9015997648425712,13.1513301671754,13.383432656929514,11.204196938360766,4.221875130969788,1.3537125069290739,15.0,30.0,2025.0,11.659064517222223,25.475324672775017
1,2.025374748310385,8.218070434739953,0.5707198435563218,15.091291535282359,4.294772378243097,10.995372938900521,5.173229054674092,8.631169066293273,15.0,30.0,2025.0,10.708056631666663,25.693705915058327
2,10.427737396438772,2.6832877683069034,0.07456597898325563,11.011298452168957,9.5448011452385,9.843893556412896,10.41457962120786,0.9998360812428506,15.0,30.0,2025.0,10.269885675555553,25.41197986977501
3,0.6606916301466016,6.792760569474744,6.911401008603643,8.148811440530112,9.282246335169203,12.475151496186559,6.600308794893112,4.1286287249960205,15.0,30.0,2025.0,10.739404796547618,26.21196999780001
4,6.67013971104586,1.1921391691850671,0.3852027544029279,14.627374620873875,12.702658843962809,10.57527887001594,6.21401108550967,2.6331949450038517,15.0,30.0,2025.0,10.675565514722221,26.263952185650012
5,8.276630940862786,7.971164695884226,2.9159513109129063,7.304137570769041,6.709052294150943,10.36818425617565,10.692160337311032,0.7627185939334109,15.0,30.0,2025.0,10.314676508888885,25.41197986977501
6,2.1022044873973167,0.3801028312696779,1.9700570877631247,14.247354426302785,1.4849778145963943,6.653753718161451,17.623892573136708,0.4854468938221399,25.052210167550392,30.0,2025.0,9.154642340615075,27.065549241608327
7,1.5046421651864808,8.871845693508853,8.008592284223818,11.173218096261294,9.359966998439251,10.231058692449194,3.5912641559455114,2.2594119139855886,15.0,30.0,2025.0,10.907933299940476,26.362723636200027
8,1.348938521688996,11.806077462235569,6.609084745007053,10.810691308952853,4.186491842817235,11.71412393291535,5.09105353665322,0.1417647120054543,18.29177393772427,30.0,2025.0,10.805162752738092,26.73921857085002
9,0.8777716995244205,10.208246520755786,3.8723852477131935,3.834841507157861,8.409614346844615,9.800688321321102,10.201640141501107,7.794812215181917,15.0,30.0,2025.0,9.626917603571426,25.789707354358324
10,0.15716122412310568,12.540841751405814,0.5580713908500882,11.522763936067816,6.823343204178952,12.83935067963166,0.9542130569914862,7.161512080424889,17.442742676326187,30.0,2025.0,10.544994477619047,26.706695375108335
11,2.1704836794886124,10.019711182223784,2.8435914041791337,5.404310861262786,14.020775403753873,7.410119973358026,10.436884573276457,2.6941229224573306,15.0,30.0,2025.0,9.119775482519834,26.56915375493334
12,0.5831530854454984,11.858388847448538,9.314223315344652,1.2128068310892777,12.958594268494027,13.660146301939848,0.9060254894810736,4.10718051626216,15.39948134449493,30.0,2025.0,10.753273264166667,26.65428659140002
13,2.5242819003491737,13.056709854778626,1.168185914507766,7.636771937319594,5.975288685508821,14.303219343963578,1.6312620869226595,5.79269112990545,17.911589146744337,30.0,2025.0,10.549212144285713,26.6943970746
14,3.8739282746169863,7.803564550209252,2.429466949039735,3.042278991860896,8.59572372802191,7.225522241906445,15.77903518132464,6.250480083020133,15.0,30.0,2025.0,9.33550636458333,26.313261351583307
15,4.388239013209125,12.75961720484864,0.37431408367405306,1.977079923125512,15.190851728350523,3.3906625179195826,12.396011934188909,4.523223594683661,15.0,30.0,2025.0,9.124436082043646,27.56010598452501
16,3.2928894440557746,0.42026642888086224,2.8739121235561758,9.235297447704252,6.675306422433788,14.139796074289666,12.94819262422654,5.414339434852942,15.0,30.0,2025.0,9.280484677043649,25.914876099658308
17,8.871146560798659,9.82426672241253,2.5906754959383202,13.50816758648134,6.186295417213524,5.659921079876999,7.665721514018957,0.693805623259674,15.0,30.0,2025.0,11.478715060079367,25.681980017275013
18,1.5275843002029783,11.127784010829007,4.526539585840711,7.182263713302284,5.326221193034716,6.561942013049263,13.265952984629676,5.481712199111359,15.0,30.0,2025.0,9.600212420238094,26.294716591783327
19,5.059002750917425,11.668266994898273,1.6134351910774796,1.1372601113821184,11.02161930863399,7.499589373543919,10.419426391769797,6.581399877776998,15.0,30.0,2025.0,9.315682481369045,26.121678208108328
20,6.99891388750264,10.258188441179106,4.135231376256179,8.11979712837601,11.493942634081412,7.989699706908247,3.0222235763986625,0.3165555613512241,17.665447687946507,30.0,2025.0,10.92721988077381,25.73142343227503
21,0.37304515570604974,11.057045584441271,0.6138018966552597,6.392928823702923,8.374291745437883,10.286497898890573,8.43365571377805,9.468733181387988,15.0,30.0,2025.0,10.497226272738095,25.967547988658325
22,4.564059712874323,1.421067083540801,3.2822863576200394,10.04988215136104,6.515990686293022,16.026544168836754,8.331254087133695,4.808915752340331,15.0,30.0,2025.0,10.58287228960317,25.36355001016666
23,2.358131418278932,2.366281283563608,0.5176907106232602,10.395790793050011,9.370931713190059,6.7003663586897755,11.917158293458261,11.373649429146097,15.0,30.0,2025.0,9.348746223749997,25.68604253985831
24,4.978950320453954,2.70714608005785,6.524786336346061,1.3808343837894854,12.848091454494034,22.654905744860393,0.9516536284657412,2.953632051532479,15.0,30.0,2025.0,10.990197867261905,25.29599747640832
25,5.107592068548881,8.445120555613936,1.382287173829402,8.530868521977887,12.96029177977395,0.6252086346410533,12.671891750741215,5.276739514873677,15.0,30.0,2025.0,9.423944654940472,25.920898632583317
26,10.66031310382921,15.260756155931203,1.9766780283016698,1.602806926591548,11.151466556275269,8.904482555761962,4.2208058326997255,1.2226908406094144,15.0,30.0,2025.0,11.626178462460318,26.79251407715836
27,0.6986985767029551,5.85711067703708,5.083917133656106,6.958632394561097,1.6934518258262816,18.104098681544766,10.700684886202264,5.903405824469456,15.0,30.0,2025.0,9.767319407976194,24.544220583049942
28,6.962476833591658,2.7990093226888035,0.1576480767033006,3.1371712622145207,12.6926392979601,10.425140950734123,12.480671976096353,6.345242280011139,15.0,30.0,2025.0,9.428389581607142,25.07005954708331
29,0.43630768086592686,10.2389556673052,5.239794250547063,7.235032890143803,7.486560353405264,10.163514257691444,7.228994687379054,6.970840212662253,15.0,30.0,2025.0,10.807184890654758,25.82185968295833
30,2.7577634634727755,13.542528038718618,9.406647781642121,12.49197441638127,0.7652977783224753,1.5571544231702508,13.154848583144565,1.3237855151479256,15.0,30.0,2025.0,9.509272934761904,27.604861820483347
31,9.96581098314964,8.421928461694016,2.2773229372820882,6.9954963197335225,12.638373078778509,12.031506228378978,0.5541409046151228,2.11542108636813,15.0,30.0,2025.0,11.65675034168651,25.485902854175023
32,0.8521788887747076,4.864668122096881,11.423774863936217,10.299934780908261,11.477888275099282,7.528587084914288,6.406871722809149,2.146096261461216,15.0,30.0,2025.0,10.790742344583334,26.21888934195001
33,1.050588568598569,2.6159285734020146,7.093517014110676,8.723199886886317,11.838006731467962,11.064485834451832,7.619281934094647,4.994991456987985,15.0,30.0,2025.0,10.825715777916667,26.18374301248332
34,0.3620070118341742,12.445564651032837,4.086248046291492,7.752561859611578,4.470147474114725,14.076380876894964,3.8801323159750236,6.429410422172562,16.49754734207264,30.0,2025.0,10.862106069702381,26.564102708116664
35,3.1832285116920143,9.084285156789544,7.45492562709019,15.619142115405065,9.77841752878963,5.616213748470939,1.8334038143688558,2.430383497393764,15.0,30.0,2025.0,10.907933299940476,26.45822812608336
36,5.667537756436112,5.9939573694491,2.0500374214999946,11.694899523680101,10.511151574738195,8.273410536945043,5.716940604456755,5.092065212794702,15.0,30.0,2025.0,10.726727740833335,26.220520253324995
37,7.657779045333592,7.3023902462133785,4.144082762340747,9.895789509732463,5.5425422417747505,11.514700279319293,7.457787590944655,1.4849283243411182,15.0,30.0,2025.0,11.15026333625,25.290610955575012
38,4.111850094541361,2.8638428519605763,0.44698617215681563,4.093476363810887,8.796637939605043,12.63686156733514,11.73317052490926,10.317174485680916,15.0,30.0,2025.0,9.282164014107142,25.686331916608307
39,8.792475250518262,9.386578924732506,0.209986994977862,11.228002628688959,8.474216910122301,3.5539149272240977,9.672149254351801,3.283014907983038,15.399660201401169,30.0,2025.0,10.24896457257936,25.647167814025014
40,1.053371972451321,10.208854845821248,7.510517721269189,9.30718881510573,9.864889440132394,6.417072168706014,5.807364715608202,4.830740320905894,15.0,30.0,2025.0,10.905389037440473,26.478582995833353
41,1.2940839232636003,4.774198789638211,6.055008946079003,8.09819645514072,11.802055946093034,7.457849453941175,9.232667334762622,6.28593915108163,15.0,30.0,2025.0,9.704614945833333,25.50198734450831
42,7.214823431860223,10.358819405619695,6.948022139261307,9.909794472242053,8.21155514815012,1.3674156481351432,10.235940475211814,0.7536292795196455,15.0,30.0,2025.0,9.600953942678565,25.62467030212502
43,0.868868927763829,12.290180214346783,6.236719578257643,7.100800778874503,8.716742540208301,12.887225004500547,0.2659305219397613,6.633532434108637,15.0,30.0,2025.0,10.857888403035712,26.646575313491667
44,8.718725303387304,10.672235428141391,3.7952493370535416,0.18440757380347794,9.505140652253756,10.745343884465923,9.538718712186638,1.8401791087079622,15.0,30.0,2025.0,10.526867701428564,25.606822067525023
45,7.171263752735321,8.03831858594001,0.13403896848217273,6.268435882649201,13.013781961434388,7.010460037653667,9.151421157575573,4.212279653529672,15.0,30.0,2025.0,9.317936554722216,25.449572127975006
46,7.957809157757691,14.89927225794449,1.916578215570047,0.2587134191172595,11.756797501194798,12.32157764456838,1.8350152337219692,4.054236570125367,15.0,30.0,2025.0,11.485079607757944,26.75819064230836
47,7.473611665920007,4.737570620222918,0.5783800753362033,9.576831356271072,9.426193315177075,7.8510209961323705,9.912175011940384,5.444216958999962,15.0,30.0,2025.0,9.530396065357142,24.71968445094997
48,0.5585634694625231,9.428592271619145,10.965765401974888,8.864130563555921,9.541863474167265,2.7043259756169644,10.735925661052896,2.2008331825504,15.0,30.0,2025.0,9.493366819999999,26.433541936700014
49,3.815945115881906,9.883355945139291,10.284254848785258,2.5101176518091632,8.718087591057914,11.904593606105038,7.6969193967274085,0.1867258444940181,15.0,30.0,2025.0,10.685348115119046,26.43776230103335
50,6.758331162019184,9.309711283721894,1.6654114863899903,4.0599294842270455,5.5911140673535265,12.922899797958818,13.95900159315691,0.6311741541658203,15.102426971006805,30.0,2025.0,9.079802889801583,26.93829469710001
51,2.2786459348547368,13.642399546461716,0.0002073367579749762,7.4233970240600335,9.311374717037577,0.9736108031811456,17.340705946776158,4.029658690870657,15.0,30.0,2025.0,9.04196378371031,28.221815638358336
52,2.2668400332426653,4.009590990053118,3.8966034820286306,11.361165002068422,9.944821104588627,8.14092913199113,8.441488853815963,6.525943336859355,15.41261806535209,30.0,2025.0,10.876928603749997,25.519819154158313
53,7.926790666990979,9.387689245011499,2.9513865994666335,7.363199247587996,6.737164487283476,9.813650473899624,10.676870054593172,0.14324922516662292,15.0,30.0,2025.0,10.20292709757936,25.575023182075014
54,2.543433450659112,13.764422112917984,1.6066703922298768,5.723157305049253,10.463382936444905,9.990747787978744,5.994391669338576,4.913794345381553,15.0,30.0,2025.0,10.581636935912694,27.551710441316683
55,3.18096533484556,7.483127368488925,4.160056222185871,4.453282541486666,10.174296849397857,15.004332461439352,9.351393020018183,1.192546202137583,15.0,30.0,2025.0,9.470750653511901,25.619103218958344
56,8.798789294268524,7.595669189224417,3.8962494336350177,3.375626925797795,7.4420251839496165,10.784419557785338,11.788506194910672,1.3187142204286186,15.0,30.0,2025.0,10.586234421666664,25.36916950937501
57,9.611816125131618,11.523107052297853,2.6443645128331505,7.668020664263001,9.149901593745355,8.875489095358564,5.3263969635801685,0.20090399279029794,15.0,30.0,2025.0,11.631748451746034,25.96437234952502
58,5.399234172698515,11.482854818268809,4.785041210793834,10.070500326943531,2.2608890204215326,8.063825564843992,11.715801417887729,1.2218534681420552,15.0,30.0,2025.0,9.498679115833328,26.759398177083344
59,4.3796262065985845,4.0036703184767894,1.0112090268419196,7.422233920187078,11.850161522766932,9.812393163812823,10.882044060165136,1.312388346083028,19.326273435067712,30.0,2025.0,9.195489783115073,26.305644121816666
60,3.640252684831652,15.291574404497878,4.069001920417278,15.752473810381353,5.211818068124767,2.6683837015183243,3.751914602795727,0.04522094730551385,19.569359860127502,30.0,2025.0,10.848469302440474,27.67097656841669
61,1.014041047777651,13.283879215403772,5.8959429003609864,8.202750893047464,14.65739177990369,1.0078501725978715,9.816120882382354,1.122023108526214,15.0,30.0,2025.0,9.40306576190476,27.413330261033348
62,2.8091790908112264,7.646063600182879,3.3989671525737157,8.502316286395745,10.46707006558857,9.992941131212213,9.772359735868058,2.411102937367596,15.0,30.0,2025.0,9.269158841031743,26.184040243450003
63,3.5976321704011616,5.552384094782003,2.2268978160429964,10.476335812166761,10.323623454602902,6.834332109249812,8.464291383433329,7.524503159321032,15.0,30.0,2025.0,10.56696998583333,25.630848157858313
64,0.20074095755055035,8.169176159848288,6.392900957137125,7.3359773057409265,8.788362096974401,8.417766882244933,10.075599918264267,5.619475722239513,15.0,30.0,2025.0,9.704614945833333,25.51365194710832
65,2.40993721554806,8.978711152433414,4.343667524091253,14.446471437484767,9.14466579823705,9.29597188905143,5.565361085033036,0.8152138981209923,15.0,30.0,2025.0,10.907933299940476,26.362723636200027
66,3.739678151869603,14.37239093758437,2.610083584561943,6.087127437848523,15.360757626482998,2.7522646150088814,1.4698286764705246,8.607868970173154,15.0,30.0,2025.0,10.628763031190473,27.01087573920834
67,4.183159827975172,11.225325053854277,0.7777472575989123,5.713898453605719,6.257489447453919,9.896175595678566,7.838900764142569,9.107303599690862,15.0,30.0,2025.0,10.483609787738095,25.994759641458327
68,9.08835751221235,8.93544462764978,0.8956023238171055,0.6223127913144091,9.824653109485068,7.810714080522047,14.958735841942497,2.8641797130567412,15.0,30.0,2025.0,10.246306626746026,26.088779305725012
69,6.340387630006189,7.035500930789805,3.2927359117734074,8.794213104208099,9.821305328298617,9.175238459966057,7.663532262531843,2.877086372425982,15.0,30.0,2025.0,10.583417198472223,26.145714910166674
70,0.14979392299992553,10.429284548957833,10.286491817809956,9.069487676706109,14.420958419320078,4.54253125074604,4.951698119734855,1.1497542437251955,15.0,30.0,2025.0,10.86964188327381,26.535635767300022
71,5.463113714320364,9.017786640349385,3.4371589463757166,7.324848301688006,6.5819833579543685,9.309000591914675,8.20403892308749,5.662069524309996,15.0,30.0,2025.0,10.678180510773807,25.622555738308325
72,6.260355130379162,5.120787788520896,0.16940686023195553,12.951839706823534,12.55115862021193,1.6367750491523458,9.039204675206872,7.2704721694733045,15.0,30.0,2025.0,9.445528451607139,25.612001356858308
73,0.5788718078721967,4.0095409482170705,0.09403370181548676,14.421962111248217,14.236113374538702,5.824998051421004,10.73694022167993,5.09753978320739,15.0,30.0,2025.0,9.27088308458333,26.179813895266648
74,11.407318963981941,7.808835042038358,0.569470261765682,11.592207732678313,0.2246392021242381,15.649107353958067,6.090387255514032,0.8001323954033958,15.857901792535966,30.0,2025.0,11.748097454186508,24.540649800600004
75,5.421567438858923,2.128825424387578,1.4935869021154131,13.153562708083534,14.527881322238013,10.278820658213684,1.6361961748699814,6.3595593712328675,15.0,30.0,2025.0,10.770172345833332,25.67423096850832
76,1.8001999889196234,10.047672011618753,4.519440354955322,5.412617592949349,8.890419300203593,10.131452889854252,5.930020502712786,8.268177358786325,15.0,30.0,2025.0,10.949329829940474,25.825664525508337
77,1.7481421229583713,13.409804912940789,6.297857316738502,5.879576041438915,10.015376717563116,6.710923919966503,9.841440229523455,0.9328737572903038,15.164004981580051,30.0,2025.0,9.40306576190476,27.413330261033348
78,2.3787692437465036,10.739442586525417,3.0539660469252703,0.8564653193894877,8.077861770670369,8.70470358972533,12.750950325989033,8.43784111702859,15.0,30.0,2025.0,9.283699604821425,26.155443009083328
79,3.691684355238979,12.536333807195245,1.6567901271043526,11.660323518215163,12.936855797043187,2.36040228510715,9.620843869997973,0.5367662400979555,15.0,30.0,2025.0,9.06543295121031,27.300869508166674
80,0.9179021938057241,1.0527476151859385,8.490339973016113,8.374237395364712,12.99049775473785,8.253735905378072,14.200099327866411,0.7204398346451807,15.0,30.0,2025.0,9.497911322976188,26.867583382375006
81,2.846717859500917,8.316437206579522,9.919004209959532,0.7004009568763389,14.534531550183383,12.939593986232406,4.557353219182183,1.1859610114857182,15.0,30.0,2025.0,10.865018366428572,26.278641508850022
82,1.6904232466314482,7.110333073156399,3.3709725178686347,4.910684161416152,13.56774449753544,9.383073109557275,13.012084714649665,1.9546846791849808,15.0,30.0,2025.0,9.252782241031742,26.637288849475002
83,1.5802755029320692,15.360877022545415,9.623177996953023,11.699132972796797,5.063405678487558,6.312277332024412,3.803995613580448,1.5568578806802809,15.0,30.0,2025.0,10.848469302440474,27.708793684083357
84,3.3511711162743394,8.917464883125293,7.280618906061042,10.217199157912228,9.431659638072464,7.828752498899183,6.264174021443617,1.708959778211838,15.0,30.0,2025.0,10.907933299940476,26.34114601113336
85,2.202095645494398,8.684889340366778,10.0802755419696,4.104516235189228,8.328926175194189,9.94438590279986,9.380412328783335,2.0267295774994745,15.247769252703137,30.0,2025.0,9.493366819999999,26.293171121350014
86,0.7314981898507417,9.785147420775568,6.48477630188323,11.580424701835385,5.228962520887999,2.295067798226112,11.407818178408712,7.4863048881322465,15.0,30.0,2025.0,9.626917603571426,25.754449683358324
87,5.359792143716481,10.94620452331347,8.369342880960154,2.757413205706606,5.971634177989645,11.004320845930739,9.511342569920709,1.0799496524622003,15.0,30.0,2025.0,9.528599445357138,26.464032316533345
88,0.13073801772241628,7.554901689920513,4.395613953449236,15.332759933133573,6.3162820119534615,15.494808017779405,0.011195990542894456,5.7637003854984945,15.0,30.0,2025.0,11.051641447083332,24.94704157434999
89,1.8640578830314973,9.42952968763366,0.14607708153705234,5.6512550308616305,8.496448412787101,10.32233217045636,10.039721291329704,9.050578442363001,15.0,30.0,2025.0,9.327825120773806,25.873614588658324
90,10.451315588582096,13.506578762920254,1.1536428292052847,5.5944975943747695,5.242141041685689,10.62196123402591,5.948238019184522,2.481624930021469,15.0,30.0,2025.0,11.626178462460318,26.548637374725022
91,0.10154625659590927,8.12532546014038,2.0696591090139504,5.166766437538144,15.551051782390578,2.7152901173956283,16.218944297701267,3.455845770562913,16.595570768661226,30.0,2025.0,9.154642340615075,27.095734145008333
92,3.5249252121953902,14.366462615847851,3.3147572542231285,1.5160256353232877,7.783794727600084,11.745963669986619,7.810037704068703,4.938033180754933,15.0,30.0,2025.0,10.418744211507935,27.49837862223334
93,4.262377300617371,12.392079592571072,0.753519842510019,6.508486785433751,12.233386246807815,8.180105037228868,7.322965518696341,3.347079676134764,15.0,30.0,2025.0,10.40333720079365,27.31825256491668
94,9.572173084460884,8.810875564662636,1.7045124246809222,0.2743549951216213,16.49546196914654,6.452896711888608,10.325237164546788,1.3644880854920043,15.0,30.0,2025.0,10.24896457257936,25.49469974372502
95,7.133289042763931,9.478781867538242,0.35220304610042913,0.5772155336179362,7.473937044709252,13.690623781631432,14.840377927098384,1.4535717565403925,15.0,30.0,2025.0,9.089869770813486,26.151190045175007
96,4.247221283001294,9.081435783709315,1.4635951168563928,10.239964893114287,8.225992857965942,10.304990291574478,7.407074548957858,3.9782610938999743,15.051464130920447,30.0,2025.0,10.470596970912698,26.560894258416678
97,4.0304713049171506,8.503377104971564,9.286094362282002,11.277073880445425,2.4850045625554515,9.68264371287645,8.961273067081294,0.7740620048706628,15.0,30.0,2025.0,9.589530959642854,26.250461704683353
98,3.197157885722976,10.32096944881645,6.749180637229348,7.535619526139895,10.254512230070702,3.9606291588697675,8.419343968195282,4.56258714495558,15.0,30.0,2025.0,10.76324409815476,26.50144046906668
99,11.44728757772284,5.621331069429952,2.075590450761522,10.323740865177507,5.3331565058093,8.221449261740469,11.396169429080052,0.5812748402783574,15.0,30.0,2025.0,10.269885675555553,25.41197986977501
100,5.479794271330819,5.411100985777001,7.8539813982890045,19.37064104024346,1.066019352882756,11.220269472609491,1.6014086362289022,2.9967848426385677,15.0,30.0,2026.0,10.95629597363095,26.38835747250835
101,3.4647344075189173,4.236754535322026,1.1643217407509987,4.059531826164803,12.940365225406788,12.647821437278482,4.483378556199439,7.642640242779885,19.360452028578663,30.0,2026.0,10.677828344166665,25.66736418605832
102,11.78960460303162,13.791943557310818,1.3281313909270185,2.3479005274646156,13.971936089418922,7.81733586772634,0.20645873832831269,3.7466892257923634,15.0,30.0,2026.0,11.626178462460318,26.654947136425022
103,7.280726518021109,2.7428729948804187,6.563108139209124,8.387775998261452,6.217685379353428,11.95201029425352,7.378442074885223,4.47737860113572,15.0,30.0,2026.0,10.878639639880953,25.32299620967501
104,5.049785230564856,4.556556897728611,5.670854132917632,10.266990531484891,6.358567683575954,10.427665913556126,7.570937383823872,4.4923436628303275,15.606298563517734,30.0,2026.0,10.885920080416662,26.211332305341674
105,2.6468039720462184,10.486906791576722,10.393658225452063,2.6862501456646357,3.7755862074140927,9.714779216157215,10.485691769753988,4.810323671935074,15.0,30.0,2026.0,9.525711865714284,26.46810440298334
106,2.5578921816776417,4.117332312699587,12.970597191393672,5.469651411462823,5.916673518999326,7.670632938981863,13.08284040258702,3.2143800421980617,15.0,30.0,2026.0,9.497911322976188,26.663699853425005
107,1.7702195522373898,10.775345721840926,14.399059652735916,13.738598321118413,10.385487717579853,1.2487825360404812,1.8645302534810388,0.8179762449659836,15.0,30.0,2026.0,10.86964188327381,26.535635767300022
108,4.403488514485218,12.884833770660988,3.4037400139958778,3.6049410700102116,12.019535622497848,0.3182799289987767,8.997665996268033,9.367515083083042,15.0,30.0,2026.0,9.360657759166669,26.71105548924166
109,4.569303869146421,7.701961541235455,0.9684708773122647,14.259323640752974,5.279023603169625,7.006259325860817,5.209001268309715,10.006655874212726,15.0,30.0,2026.0,10.721976281666663,25.67423096850832
110,3.9196179277822503,4.614324366112804,1.8308758777613707,9.582000788185614,0.5817395949352061,8.736697923818724,12.712890744683428,13.02185277672061,15.0,30.0,2026.0,9.483349704940478,25.75806442619998
111,1.0093502337258258,8.796206595248844,10.76974388329577,3.2083312683954235,5.524810407578817,11.000281509214526,11.50228850614691,3.1889875963938827,15.0,30.0,2026.0,9.48002332238095,26.293171121350014
112,1.313339639302545,11.745437636248855,10.57732726495479,9.797762784246025,0.6286564241437955,10.8766775652024,5.646914285887189,4.413884400014396,15.0,30.0,2026.0,10.944249254940475,26.47590860095002
113,4.446656278850551,5.347563893426697,8.515634399975372,3.8057222208882036,13.805094244757475,4.007270374817558,13.51136951751086,1.5606890697732905,15.0,30.0,2026.0,9.536881006309521,26.771816809308337
114,2.3167605097111017,13.2941577935947,6.217634232594434,12.98371975320485,9.292060253040162,4.140485189180669,2.58520477311064,4.169977495563442,15.0,30.0,2026.0,10.85602539827381,27.446747467633354
115,3.1278550948617165,10.252936311892439,1.3741843014405395,10.023670058124814,11.686324796063534,4.915331185625125,8.096946020242571,5.5227522317492665,15.0,30.0,2026.0,10.497226272738095,25.93108734675833
116,9.38318759649118,10.685437489888274,3.810786507825145,10.660741250585334,0.41673761193094294,5.561953893875896,9.287969540461512,2.165031034727966,18.02815507421376,30.0,2026.0,10.630092823452378,25.400615278300016
117,2.14896713350858,12.69120972268671,11.26089744593478,11.422333036952992,5.378977824404209,10.08109318045353,1.9025481659497214,0.11397349010948242,15.0,30.0,2026.0,10.85602539827381,27.312969633983357
118,6.904032901686933,7.853392673543592,0.11314524250625728,6.408157613508772,10.886301435202531,6.711475795032704,11.100838927643085,3.532693445564272,16.48996196531185,30.0,2026.0,9.26961781263888,25.567979669525005
119,2.424213609854881,7.439193881337402,4.257727969536738,11.816793917301636,5.6990479894536685,5.766723136151723,6.7158000824180055,10.880499413945946,15.0,30.0,2026.0,10.876928603749997,25.514990408958315
120,1.396655914465226,12.32108461236052,2.229715120818626,8.266859851149297,3.131238747807513,9.15386089150066,9.909834761475496,8.59075010042267,15.0,30.0,2026.0,9.233962179345236,26.65801883960833
121,1.1800491129697894,4.966450598173834,3.7263598643729314,14.828357753498544,5.844058060056084,10.995232472609066,10.2765245054079,3.182967632911857,15.0,30.0,2026.0,9.50094442535714,26.210451247400005
122,7.07227082072815,4.030893623458133,0.3380476445226091,15.127446376070232,16.61055978478476,5.875743131556778,5.823044231246894,0.12199438763245546,15.0,30.0,2026.0,10.709895746388888,25.632175888575016
123,4.491602608598214,10.626112602875882,4.5601068693733335,8.65923158713346,5.428620979534062,10.06941878526874,10.184177047716748,0.9807295194995538,15.0,30.0,2026.0,9.492132114642851,26.462271081833347
124,6.01299069598118,11.127208029614648,6.272601215863084,4.6157376986950815,9.931957290310633,5.772536153556493,5.52569947261745,5.741269443361424,15.0,30.0,2026.0,11.000097574107144,25.878678210408335
125,6.073215283148821,5.0163606283694975,7.403808608680782,8.620566081167167,3.5871164186331614,11.94949505591817,7.321854240648121,5.027583683434275,15.0,30.0,2026.0,10.851286833928569,26.147490070791655
126,6.50701406268835,14.045606882384774,5.489373390950119,3.756483683049379,3.5417699922441774,6.659205047654051,11.0489108763849,2.9965565660523255,15.955079498591932,30.0,2026.0,9.485311274999995,27.479015697566684
127,6.0962927435132865,12.497376429461573,5.520367216235668,15.665942283930681,2.189937454575386,3.0871450320012572,8.525976350928717,1.4169624893534272,15.0,30.0,2026.0,10.75549374065476,27.25468642911668
128,0.8019719363241549,1.751909943017177,0.06040368952594113,15.407181146681758,12.367446179137174,12.127724711903445,7.85767977268056,4.625682620729787,15.0,30.0,2026.0,10.47518085835317,26.349993595566666
129,6.816009197713263,5.285706765775166,1.5842585470526533,12.801656878725455,11.44579062417927,2.457025989474164,7.4866271794149375,7.122924817665087,15.0,30.0,2026.0,10.618984160833328,25.188858204883314
130,0.86963476676081,10.302774290378368,0.8973471008743481,13.76970690133659,8.427678146993511,8.675748175261784,9.245127201698237,2.8119834166963527,15.0,30.0,2026.0,9.100627532519836,26.61147055383334
131,8.590099394629624,3.041185307590371,1.6837525420264783,14.04119764936267,0.31815857527551067,11.61801539458237,11.405798048396623,4.301793088136354,15.0,30.0,2026.0,10.357932827757937,25.209804707549996
132,1.4642242109051098,10.34879219407053,1.9033267480738338,11.846329031462153,10.239427401827859,6.087189238808909,11.927284816809033,1.1834263580425728,15.0,30.0,2026.0,9.0870919241865,26.755040953233337
133,4.882094487865826,12.949467358977484,0.9153899314912206,7.663508115066162,8.241738111309655,9.104622400894357,3.5661776156183453,5.0851794823908065,17.591822496386147,30.0,2026.0,10.651350861190476,27.35206962767501
134,1.9699824208444277,5.3729457088504455,13.130431423053533,4.411119125672022,11.97696178981393,12.15842427700547,4.831447427412958,1.1486878273472185,15.0,30.0,2026.0,10.886896465714285,26.260181553650018
135,0.6564194834979238,12.53178401877066,9.40248264952547,8.888954879557534,4.248275129631568,13.013520295372524,2.939708608088116,3.318854935556205,15.0,30.0,2026.0,10.753273264166667,27.297467428383356
136,0.09744095579929671,6.862684298930661,0.49699822446722486,7.538409933337119,12.193920792996733,12.824934864534486,7.1586285672925225,6.068082090592181,16.758900272049786,30.0,2026.0,10.514845542380952,25.622966384058312
137,1.2751144372585743,9.15038521395225,4.72023562822427,9.230522699580087,8.948800829072809,11.437742420619722,7.009680327235577,3.2275184440567104,15.0,30.0,2026.0,10.736645054940475,26.462122636550017
138,1.1994744069771943,5.629323574020942,10.208484440954637,9.436072256259012,13.481057027645337,3.7816520288750604,6.779556444231801,4.484379821036024,15.0,30.0,2026.0,10.832987811249998,26.23306093163334
139,8.884687813878942,11.458799340056759,2.642661037033457,11.34089149382286,0.7760334792053325,11.538764223708466,4.273135075614697,4.085027536679486,15.0,30.0,2026.0,11.673218791746033,25.75025205900002
140,7.835955683709698,10.223617146458427,9.575803724005464,5.595714421214099,8.413820349152873,6.10568511365499,6.003144013588519,1.2462595482159264,15.0,30.0,2026.0,11.706049422857143,25.60520340542503
141,6.7373699637038085,8.436652456718987,6.630566168161523,9.921935951126242,7.310889098662663,9.468451985157856,5.295401393286906,1.1987329831820102,15.0,30.0,2026.0,10.967838677083332,26.10261901625003
142,10.975993905077377,5.434002912348259,7.467989967486836,3.9574367803508785,17.56073672570186,2.3747256959686935,6.759402513254398,0.46971149981170374,15.0,30.0,2026.0,11.778452905000004,25.301405651075015
143,5.49624675049067,8.58446967077474,9.634408613913356,0.13975799505274594,12.51906142212818,11.729565752000212,6.0256579708293545,0.8708318248107446,15.0,30.0,2026.0,10.927448217619046,26.32482318233336
144,4.270963713431842,5.753706860837512,3.2690108833002487,10.260490825753125,2.7537688228223867,6.334712875813204,12.395992113373719,9.961353904667957,15.0,30.0,2026.0,9.431998391666662,25.555097168058307
145,8.82523359644568,0.09207719541427162,1.2326178875881015,13.835897057296238,1.2227129775147372,11.096933071738041,14.444750968021678,4.249777245981263,15.0,30.0,2026.0,10.361351127460313,25.982865531225006
146,1.5429477760256312,5.537360837650925,6.609856758848426,7.369591986652926,11.151409437112989,2.33937673381691,11.007933201843176,9.441523268049018,15.0,30.0,2026.0,9.704614945833333,25.495191991908314
147,1.8206046853586608,17.73973134583412,6.5754266357279345,3.6573080861604144,4.909111273247657,8.571898389158314,5.151565963354685,6.57435362115822,15.0,30.0,2026.0,10.928157249107144,27.09640301044167
148,6.511229030337569,5.027244556247514,3.9448350733607147,8.49285030900522,10.166018882236408,8.61046185964962,3.777378557265547,8.469981731897406,15.0,30.0,2026.0,11.058218593749999,25.535661085208325
149,5.690832739155752,13.299014812804423,4.0561834590893415,1.0414826725090744,2.168629345200495,14.139443555690766,10.435395035349055,4.169018380201085,15.0,30.0,2026.0,9.36744077017857,27.246146338291684
150,6.613140949000316,8.629742358441401,4.387311223477857,3.5052513725480003,5.318016829155894,9.469862657449346,10.766044499540444,6.310630110386735,15.0,30.0,2026.0,9.778384681547617,25.566232707758328
151,1.4798733535854678,3.485112902115938,10.645517482971659,12.370131179934505,12.869963921638789,6.2336446177825495,1.341613039057474,6.574143502913618,15.0,30.0,2026.0,11.007450849583334,25.552856633658326
152,2.231843024258679,1.4772784245730597,7.438180836694376,11.24288660464424,6.223971714258356,12.974245282850054,8.85990036315083,0.9663186757349522,18.585375073835447,30.0,2026.0,9.707441488035714,26.22714407415001
153,3.8713645749048364,2.205160394371829,2.264712046422114,3.936678005710401,10.944258993731832,12.502946793809755,13.459974165487745,3.206495624371364,17.608409401190134,30.0,2026.0,9.063156502103167,26.846490917041663
154,3.902214098349219,5.296892290180316,5.530282886308245,3.4726653693073795,8.015575251403783,9.614939661069092,10.318101907101504,8.849328536280463,15.0,30.0,2026.0,9.704614945833333,25.49417700055831
155,0.9662571253864383,1.8706628025704566,3.712609140418793,7.857950598176359,7.331673501978926,13.532757109480498,12.513733545528991,7.214356176459533,15.0,30.0,2026.0,9.613281873293655,25.580178941158316
156,10.046357102988454,2.6959429329870397,4.212246442529424,6.0952096031258876,12.35045606227947,12.200337848186216,2.7088350831428163,4.690614924760697,15.0,30.0,2026.0,11.921063498630954,25.319790397125026
157,5.198177924482728,10.166063791697816,10.496128038703299,4.328977599082607,5.549800608330896,10.115006481261773,9.104580083208944,0.041265473231944814,15.0,30.0,2026.0,9.55357413464285,26.41603535638335
158,2.7703812107255694,8.379345098480332,0.8450983769415885,5.756383913972441,7.612393478273458,6.072576691818066,10.426328976211524,11.530037083067054,16.60745517050996,30.0,2026.0,9.348746223749997,25.624680950808315
159,0.6917614971236429,3.3299963789062925,14.820410405887545,13.670831970036073,6.251662939408908,6.718215135304897,9.512824763415551,0.004296909917096364,15.0,30.0,2026.0,9.514287922976187,26.210451247400005
160,4.281921585985001,13.776688865221642,4.780930354425489,3.2739924761512285,8.620213973888909,14.797910257532019,4.125791875425761,1.3425506113699581,15.0,30.0,2026.0,10.760828404642858,27.013884392441692
161,1.3668972889688789,13.877448652561418,10.360910254767298,1.9105444394922144,5.362088531007561,8.90591511779735,12.559905949986572,0.6562897654187124,15.0,30.0,2026.0,9.381974057738093,27.677121311883347
162,8.739321745425084,11.140936574250512,4.950481307325135,2.3206400809257195,6.273845099414917,11.017170455641073,9.75893538997949,0.7986693470380705,15.0,30.0,2026.0,10.514656103809516,25.606822067525023
163,5.49683943395738,10.092397815723903,4.305704225680643,8.532094487484168,1.101824986650429,5.4176621005462895,11.285673311953323,8.76780363800386,15.0,30.0,2026.0,9.849629328690476,25.767380081883324
164,2.9762421318213046,5.217565416567346,9.937811820724503,9.82495071381311,2.9058647054156386,11.748582862428842,7.548970254602056,4.840012094627203,15.0,30.0,2026.0,10.794707436547617,26.242434251983333
165,11.399777881989955,2.9487108610020107,1.5853016862711524,3.64229579406581,10.78536637042497,11.712799155255388,10.354472077667053,1.325663149946502,16.24561302337716,30.0,2026.0,10.237892705734124,25.40409809597501
166,0.15351487599745825,7.294511201263674,0.75962212680105,8.967856510175938,5.58232614502149,7.806341066965953,10.110400877641302,14.325427196133136,15.0,30.0,2026.0,9.348746223749997,25.60622099560831
167,12.021617210244663,12.880133295283587,3.7370186740453457,12.73380835957716,4.517112916708867,7.780676546048834,0.7114887697959292,0.6181442282956057,15.0,30.0,2026.0,11.875072060357148,26.49765051452503
168,4.8208564275786685,14.489318491166681,9.644048052488317,0.3522376942127213,6.466285098087316,13.152888399336376,4.531405891517689,1.421344782778284,15.121615162833942,30.0,2026.0,10.784822008928572,27.61716478316669
169,1.7946021107440993,5.984719946092865,3.8205203938229655,12.34659871352534,0.564454678255893,12.707865194807779,11.585048376274132,4.138529895681919,17.05766069079501,30.0,2026.0,9.566134472202386,25.975977387150007
170,6.732344649336153,7.089505830109684,4.03363357179765,13.095917194373015,7.701610242717869,8.624527035803379,4.836934900947039,2.8855265749152115,15.0,30.0,2026.0,10.967838677083332,26.084159061050027
171,3.635012489554203,12.782845635503756,7.231270931883658,7.701746001972036,8.690968996068845,6.811373670606111,1.8638683860782819,5.735570191114438,15.547343697218674,30.0,2026.0,10.935713344940478,26.778786280591667
172,6.276397323600662,10.089244067894434,4.241958608826486,4.613090978213272,0.505382248582856,19.6640798961558,4.620427808851629,4.989419067874862,15.0,30.0,2026.0,11.018722362619046,25.332871285983305
173,10.330796518847542,1.2143463659889948,2.1687759373944724,10.41957967810051,5.489079450689413,11.440778333966554,9.008252728672849,4.1374256397501,15.790965346589575,30.0,2026.0,10.24020688126984,25.410893448575006
174,6.239778451191177,5.0851128387499935,3.1160317966072353,7.026070874441686,10.135763111193775,11.619730372454981,7.069783038252095,4.707729517109066,15.0,30.0,2026.0,10.570697426150788,26.2240103486
175,7.703815391998268,11.819334973552648,1.7750979667854894,1.8417098596421966,7.901636847675254,13.429766280501573,5.889104622207504,4.639534057637068,15.0,30.0,2026.0,10.90585318513889,25.94459910267502
176,11.412701127008033,13.574834627637783,0.30775472488864086,1.538981289435141,8.310959627436167,11.189726624518036,3.8897122298494144,3.26198334774198,16.513346401484803,30.0,2026.0,11.623398112460318,26.548637374725022
177,1.2895006149920218,1.8169304086989408,3.421185880298255,7.6197878664511745,12.802922639743077,10.683183834581508,12.019885719344769,5.346603035890255,15.0,30.0,2026.0,9.436186139999998,25.625656570208307
178,8.78469253829502,7.9279961527794525,1.3542389281412954,8.606681636157713,5.975395307404798,10.678679011286867,10.986479738231688,0.6587628139910979,15.027073873712068,30.0,2026.0,10.269885675555553,25.41197986977501
179,2.4617701880806933,10.76931027243032,9.29384143062775,11.471416476217302,1.5071585338211981,12.695281274333338,2.684726959240219,0.15102548932993465,18.965469375919238,30.0,2026.0,10.777560271190476,26.527701431800025
180,9.930310847718582,6.526107138089684,1.813401234823007,7.964962227472945,5.921447596069843,7.503454588004518,10.260777995863945,5.079538371957485,15.0,30.0,2026.0,10.373448664523805,25.321342416374982
181,0.9939789819828614,2.0291639831471873,1.0079641135724418,11.178646557522292,10.354225554428114,10.366661738649267,9.857659700747012,9.211699369950827,15.0,30.0,2026.0,9.348746223749997,25.60622099560831
182,0.8802217061642483,10.718591350837727,3.122274083338402,7.213623936173615,11.386313120738848,8.249319611100166,5.04151384397637,8.388142347670625,15.0,30.0,2026.0,10.669624915773806,25.908183297458326
183,7.623146732377568,12.807089864097406,0.07359535908695032,10.294825203715458,12.424841570625281,1.9223793293401992,1.3225708596855574,5.841585254812906,17.68996582625868,30.0,2026.0,11.011737941190479,25.948377546500005
184,8.512232595709419,2.277530804755091,0.012741339853817087,13.074256098551949,1.413301572506164,10.229236835497003,14.760323424159832,3.367280028786098,16.353097300180625,30.0,2026.0,10.271708171388887,25.982865531225006
185,8.207207255372587,3.279106097265793,6.4123874633334985,9.752138273975712,10.871493614083185,0.010717907420560745,14.007095454357533,2.4598539341911345,15.0,30.0,2026.0,10.575436454999995,25.891769003175014
186,4.367357972842634,4.69664839771275,5.075012959304901,8.965531186485187,5.565281167523319,10.556978215455402,11.633523643057668,4.139666457618136,15.0,30.0,2026.0,9.55325760630952,26.244309622033338
187,3.0557542334467347,6.302468042260503,3.1431526666373175,13.361431405218969,2.412760984492442,6.945648218469447,9.232687234529445,10.54609721494514,15.0,30.0,2026.0,9.393966569999998,25.516941128458306
188,7.267156850569306,5.6200322855563805,0.8598130706330539,5.942033182576411,10.49483565137501,7.858200734661701,10.64094895435773,6.316979270270407,15.0,30.0,2026.0,9.507170798690474,24.78215375804998
189,1.1192697823232303,4.007811042342252,0.18611679723730945,12.688253833467767,6.399677503771393,19.684881227197916,3.918530400913453,6.995459412746681,15.0,30.0,2026.0,10.741210731666662,24.771128555049955
190,0.8541623400866794,7.226015725980248,8.68616614451497,14.030965472961018,1.654044337511075,13.001030998318999,3.319563391551505,6.228051589075505,15.0,30.0,2026.0,10.972738363630954,25.544974859858325
191,1.8671325808519863,6.247576204621432,9.945633037812213,5.477921578325615,6.08683052914985,10.530292482805443,8.759757778134746,6.0848558082987125,15.0,30.0,2026.0,9.988903834523807,25.519819154158313
192,9.06105292932437,8.64609886593707,1.2045987797689182,11.606066456731536,7.151445373775556,4.575708690030778,9.517341978188263,3.2376869262435073,15.0,30.0,2026.0,10.24896457257936,25.49469974372502
193,4.542751437285063,2.053538911924531,3.0952868980982706,1.5275638817191197,9.889075464174068,9.56561862660147,13.762314245458102,10.563850534739375,15.0,30.0,2026.0,9.410444531607137,26.10371716963331
194,6.562201539533988,10.119330918665346,1.2670235364482543,11.58378047264443,9.766434205687176,2.2264231839708177,8.746089913967078,4.728716229082912,15.0,30.0,2026.0,9.573372461567457,26.497628396983345
195,2.926219915840512,12.793191815451603,0.2663384822909679,9.38032812278765,6.381153901069448,8.518320106641237,9.464748054794958,5.269699601123619,15.0,30.0,2026.0,9.233962179345236,26.80214835840833
196,13.90672586027947,3.07385596640299,1.5581237196566557,14.330001053885598,5.584791471645201,8.799750158081997,5.738781138435436,2.0079706316126513,15.0,30.0,2026.0,11.661844867222223,25.475324672775017
197,5.700911273082491,1.7971645918411008,1.1593391005429512,9.803547299358765,8.666933574189093,12.354827043676142,8.485159662577157,7.032117454732294,15.0,30.0,2026.0,10.587345619047614,25.62195139270831
198,4.186059268081088,12.175802532567356,10.897562017920922,4.10897487295668,7.332718209212785,10.569984421523836,5.5048752277676485,0.22402344996967982,15.0,30.0,2026.0,10.85602539827381,27.28124228091669
199,9.847467022365034,6.646131366877021,2.1550646479840205,5.606571113101075,11.603360392161818,9.02532624560123,9.72263131239059,0.39344789951921844,15.0,30.0,2026.0,10.269885675555553,25.41197986977501
200,2.7733839323239784,7.753157806943117,7.040980861040816,13.190780764146703,10.302515405573983,6.885640287848527,3.029357570486489,4.02418337163638,15.0,30.0,2027.0,10.921264590416667,26.26913088050002
201,6.649260265569163,2.2039581674232647,8.560110166312262,11.008834985286805,3.330773524206327,6.346924480723085,12.5969869451869,4.303151465292196,15.0,30.0,2027.0,9.60581260833333,26.38931498380001
202,6.798808656582042,1.0055679706855225,10.761545761568945,8.028932310577149,8.842268868630324,7.8992612452919495,6.6160983789348755,5.047516807729188,15.0,30.0,2027.0,10.871029082916664,25.924262478033327
203,7.929711618628464,14.802142015997546,9.269191303199152,8.55495367655255,7.221755062382642,3.325593783280959,0.05910561039027193,3.8375469295684166,15.0,30.0,2027.0,11.763705627023814,26.746708622758362
204,6.407843180281033,14.011253021585206,5.004602786206238,6.460675142239207,1.9076363317647616,0.6852079166725399,11.078854463356738,8.153776452732195,16.29015070516208,30.0,2027.0,9.665025175357144,26.822172328591662
205,3.2263895166126155,9.52450023241867,1.0379091495830055,13.97687417194596,15.582361091002339,3.9988649919916006,7.294383089237216,0.3587177572085938,15.0,30.0,2027.0,10.41435302329365,26.57416989951668
206,10.290114304979836,9.640956452010686,2.8916183141430887,8.593491809433948,10.647506825876663,2.7021089659846247,4.671121197894443,5.563082129676705,15.0,30.0,2027.0,11.70735463952381,25.084647409499993
207,3.5295359160102278,4.520555017393908,7.112644591324787,2.7434444027644194,14.001695353980127,11.302492631729388,1.3660981152427416,10.423533971554395,15.0,30.0,2027.0,10.99798687875,25.544974859858325
208,0.03953467584187978,3.2447356666691873,12.142170606222694,12.199000831774,9.430441467749265,10.021679542053242,1.197253593546229,6.725183616143506,15.0,30.0,2027.0,11.007450849583334,25.552856633658326
209,8.796688797625015,1.465980041640092,5.087703097858482,10.189247279128253,2.01740109314607,10.617140278284392,10.794034771202618,6.03180464111508,15.0,30.0,2027.0,10.755965577023808,24.629804919399977
210,2.176338869486424,7.644622625390837,8.359272274407264,8.071039970052984,3.745792128074178,2.9584961891979678,11.21354159459488,10.83089634879547,15.0,30.0,2027.0,9.704614945833333,25.495191991908314
211,6.6963642517760755,7.706101617895819,9.192807258091625,7.534231687833231,4.549817442494513,5.870894887900584,9.1789124560213,4.270870397986851,15.0,30.0,2027.0,9.619348216666662,26.08154075225001
212,1.720250615212105,9.052847873555566,6.618971094724903,8.895841198934727,4.895341265137943,5.467841823874781,9.27093503440832,9.077971094151657,15.0,30.0,2027.0,9.68369384285714,25.75728368260833
213,6.935919094673604,6.840549985564028,5.06061814649822,4.7380124301498565,15.19001007658229,1.2324340465842338,11.953737930212379,3.0487182897353873,15.0,30.0,2027.0,9.621380504166662,25.597630276175014
214,3.149092765252305,8.963205681517184,10.323212992686724,2.5839913833370978,5.407028493452974,5.486069210069501,10.189771517371742,8.897627956312471,15.0,30.0,2027.0,9.68369384285714,25.607522761708324
215,10.769148835205142,0.1212318439116318,5.120383348846434,11.530274886605918,9.408737431868875,6.8990437091748795,6.731323209884656,4.41985673450246,15.0,30.0,2027.0,11.802802236666672,25.301405651075015
216,5.832199510594943,9.955668279207194,12.006027571653005,2.1563876657659136,6.294801604311944,5.688013419260938,9.583618832074462,3.483283117131602,15.0,30.0,2027.0,9.55357413464285,26.40924000378335
217,4.926708136957662,10.734200582302556,11.702124107218676,1.2500479896833339,2.745989631387909,11.198014350356791,11.291662273767406,1.1512529283256723,15.0,30.0,2027.0,9.508175824523803,26.464032316533345
218,10.034873780335065,3.2966405886117216,0.5179403884576015,6.091142440757681,4.304260271360723,12.0405713773196,11.912369831616147,6.802201321541466,15.0,30.0,2027.0,10.396448374404759,24.804458408799974
219,13.262091432962235,6.814199782769491,4.416324809507987,4.249389701339754,8.596942491598066,7.201336942528435,7.056597238924243,1.4612341379483367,16.94188346242145,30.0,2027.0,11.778452905000004,25.306234396275013
220,3.63209035423954,7.611819655839226,4.200539571765969,10.767133252050867,6.850284558454406,8.278537114580837,9.90612617560677,3.7534693174623857,15.0,30.0,2027.0,9.522669372976187,26.18075387703334
221,7.064051715953187,6.711762698820135,0.5800145797921191,8.110532884949947,9.02575429315893,9.1018332354007,11.515406495616325,2.890644096308656,15.0,30.0,2027.0,9.308509098472214,25.568831085575006
222,0.17378470270890886,15.19709884752923,3.3132716098842807,11.399683076414302,6.335693814844828,11.009849742887559,5.935751444132707,1.6348667615981765,15.0,30.0,2027.0,10.565795053829367,27.674758131116686
223,5.828125266409029,8.963520758548695,3.592115267834454,0.1643502670813776,7.0661103221532935,8.248323738581176,13.110925527983026,8.026528851408944,15.0,30.0,2027.0,9.574821386547619,26.069112429333327
224,11.78399373012512,10.520095104789357,4.101710082348788,3.013042392477144,3.335349434887345,6.405960054398405,9.449151973831858,6.390697227141987,15.0,30.0,2027.0,10.696598856785709,25.015870397899995
225,4.4355864338441915,10.671806527074354,3.1161072205181597,5.5015464178384175,12.258575932902977,10.257718464952507,5.717907047618643,3.040751955250753,15.0,30.0,2027.0,10.598670241329364,26.551257963416678
226,2.795333388591889,11.800055167421062,4.001489126331931,7.2096917887308205,6.125334525678167,15.590009583980457,6.20840268509365,1.269683734172023,15.0,30.0,2027.0,10.82794039404762,26.09980093937502
227,11.863999729692685,8.289053505979842,8.548056407501955,1.0675593242031867,10.224691911709806,9.99097956842845,2.96022851204357,2.055431040440504,15.0,30.0,2027.0,11.905168475833339,25.35205166972503
228,9.310571446468781,3.000395577065473,3.8394733954281564,2.6505398173564894,14.626659279472143,13.050467433966665,3.5197798994882454,5.002113150754047,15.0,30.0,2027.0,11.91765203696429,25.279568955625
229,0.2696165283963813,9.23034150514745,7.192669772801521,12.35498875150303,2.260162231728295,11.055342003541675,10.888321345997479,1.7485578608841656,15.0,30.0,2027.0,9.48002332238095,26.433541936700014
230,3.6643742073689363,3.7870233903625037,8.001940526210758,5.918501275965883,13.633954221352202,1.817943541648037,14.007401596863987,3.3179358665897514,15.850925373637933,30.0,2027.0,9.506292772976188,26.83788601200834
231,1.858224395619249,11.141564618607152,4.011233299340918,8.556676301269498,7.356508309850234,6.126785948240384,6.439298674795402,9.50970845227716,15.0,30.0,2027.0,10.807184890654758,25.848926609758333
232,8.068325481664063,2.7288097849533006,5.079965392562022,10.481596865575721,7.255118009390462,8.88973844070822,4.3832614663052585,8.11318455884095,15.0,30.0,2027.0,11.967004735833335,24.68178939989999
233,2.7212018709315746,5.386266487723554,11.33321428837713,4.640060442503955,8.772104276304354,9.50500689608741,7.855004979870136,4.787140758201886,15.0,30.0,2027.0,10.832987811249998,26.22814116088334
234,1.3426138555168174,15.8923686953356,2.0358806865362746,1.1581210548079155,14.063133189796291,4.831636275980683,10.40966746761054,5.266578774415885,15.0,30.0,2027.0,9.226406083511902,27.020511532558334
235,6.454154719630219,9.60673691271927,2.722650598651386,9.8617794076355,0.2143142088924172,8.243032123680578,10.50124055632112,7.396091472469505,15.0,30.0,2027.0,9.507476018869047,25.689940483999994
236,16.90158224399417,8.638877247324075,0.5326415624957604,12.671331961207176,8.85087458923286,2.28410070469353,3.9359615682206197,1.1846301228318128,15.0,30.0,2027.0,11.648513576746033,25.569932419825026
237,7.475446858441364,5.658619435692982,0.436623384148479,4.083837882184132,10.353997437299778,8.811547266727297,9.260866426622199,8.919061308883768,15.0,30.0,2027.0,9.592334795357141,24.71968445094997
238,3.7787260068660906,9.445521588805116,8.078635805514075,7.819003360325243,6.279730436512908,6.487401336984963,6.6035256950487975,6.507455769942807,15.0,30.0,2027.0,10.856007500773806,25.788382332008332
239,8.239791291517085,0.5972307367271462,9.617761058289494,12.94494413667556,2.4622333534540704,9.291290958466625,9.280016478384127,2.5667319864858884,15.0,30.0,2027.0,10.586234421666664,25.281607234025014
240,5.861128112628042,3.3855295611300744,2.550434881719462,9.938299867312962,9.072550286087678,9.58028394529789,1.3101079187550047,13.30166542706888,15.0,30.0,2027.0,10.770172345833332,25.67423096850832
241,4.602705371872807,3.8830209285159603,8.596716994971732,9.250586327807229,3.020809277630604,8.600288812182422,7.779888933121431,9.265983353897822,15.0,30.0,2027.0,10.890848253749995,25.518804162808316
242,3.9455746234438056,11.843345269581638,0.07651577330301379,8.117210390531662,4.874809138475004,4.637398502136487,9.268170517169198,12.236975785359201,15.0,30.0,2027.0,9.233962179345236,26.121678208108328
243,3.8369537736740433,7.533357366982157,6.533283229972387,0.16886405439130336,8.074398237619485,9.592841863863947,8.583420248173173,10.676881225323505,15.0,30.0,2027.0,10.876928603749997,25.518804162808316
244,2.035890970846339,10.428543443865653,4.807635660624401,1.3924863179439328,7.51101730455044,9.69157364566122,5.747674671428556,12.59579946059458,15.78937852448487,30.0,2027.0,10.949329829940474,25.879693201758332
245,3.8636597493470286,12.354651375367457,6.8750390579982135,4.33171858581989,7.337823742713189,5.41447025644844,7.999285727719895,1.6235679787239685,20.19978352586192,30.0,2027.0,10.713880458988097,27.255304434116685
246,4.369750492278548,8.912024045066824,4.566369036363697,10.456290714861613,5.700387889675111,9.029333930041512,1.3483699936295737,10.61747389808312,15.0,30.0,2027.0,11.008039209107142,25.682004221758337
247,10.390788665616274,6.940589499521857,0.5173784213484828,3.9960385053462315,7.301135164276541,12.058762864315602,10.898500988933183,2.89680589064184,15.0,30.0,2027.0,10.237892705734124,25.40409809597501
248,9.311956885109646,7.89498276570352,4.441437628242553,5.431692293159544,3.8861426848295215,7.780499809793554,8.236412015682353,8.01687591747931,15.0,30.0,2027.0,11.840289165000003,24.65443208164998
249,6.312160640896069,1.0354419994933046,7.112580127412114,10.236604888863068,7.482052134056185,12.714125214735564,4.2123103618553905,1.2573961003262044,19.6373285323621,30.0,2027.0,10.918901408809525,26.211220897183356
250,9.259895076658692,4.872439057050718,6.846987302693004,9.321717799768953,4.092405679474423,10.01632412847702,4.33022503950507,6.260005916372117,15.0,30.0,2027.0,11.967004735833335,24.68178939989999
251,3.2871912184564507,10.026623163102933,6.998800173214462,3.608912275858318,10.436162491079616,7.420848171514573,8.88226814543411,4.33919436133954,15.0,30.0,2027.0,9.735759231904757,26.456861355883348
252,8.529711819394995,7.802785423116233,2.1154510419062036,7.785861012723875,2.6540708469694727,1.9796900741757124,14.637792521572328,9.494637260141177,15.0,30.0,2027.0,10.421294023690471,25.31168613134998
253,9.104277069674005,6.389458766389594,7.703941488842237,3.6914910592265,9.615399213446603,8.21767209518318,8.553076835453261,1.7246834717846198,15.0,30.0,2027.0,11.778452905000004,25.306234396275013
254,5.99909222300312,5.699533050698117,1.592201099914969,9.447989414195616,9.810674203803591,10.073318373735765,10.179204862374654,0.0007381710545608628,17.1972486012196,30.0,2027.0,9.273340070972214,26.307405356516664
255,1.1121923237144866,7.044780939624958,6.361551546228639,3.1845853446552512,10.753098855812059,11.086806913832657,4.813281171969039,10.643702904162911,15.0,30.0,2027.0,11.00409106625,25.552856633658326
256,3.851827056716364,8.003043156725122,8.039257444557915,8.100248640465326,5.667489663332527,10.527670511700398,5.629224746802722,5.181238779699628,15.0,30.0,2027.0,10.982638775833333,25.656193662158326
257,0.7534466816108987,11.275322704107381,4.42330639590407,5.41319273137649,13.718545066635194,5.8237078075093525,4.3104730984597825,3.0087995038638358,21.273206010532988,30.0,2027.0,10.85602539827381,26.56386241145002
258,6.720641040758405,7.508247074415645,10.181074545035358,9.379692984700094,12.007752011091725,0.6628227682598689,4.390645049432473,4.149124526306425,15.0,30.0,2027.0,10.967838677083332,26.085174052400024
259,4.526853006116456,7.626722997888617,9.699254495014962,5.569332416864106,10.514204885863252,4.912658080236485,4.24215196886971,7.908822149146411,15.0,30.0,2027.0,11.021370499583332,25.55184164230832
260,4.4375759874501135,10.010889239510641,7.6602790754124594,0.9356383848362162,8.985344862778089,7.7748256185306115,6.486409533121681,8.709037298360185,15.0,30.0,2027.0,10.821104540654758,25.79388294215833
261,4.947216509879394,5.302958912305622,5.201358320655185,5.459794317944173,9.1664731228122,8.717579191680203,8.461257578072864,7.743362046650354,15.0,30.0,2027.0,10.924999992916664,25.518804162808316
262,4.137359068525202,5.465035317332876,11.064417763511251,5.7459786810738835,8.673523619714478,1.560991804614164,12.574826559341632,5.777867185886518,15.0,30.0,2027.0,9.697419337500001,25.816250410083306
263,2.7280132502950085,11.510991446806159,8.018031718096115,5.578377962153291,2.3724630788915,12.260794326709917,9.824606536119864,2.7067216809281525,15.0,30.0,2027.0,9.310381121726186,26.687072332000017
264,1.7411791761714919,5.387594325803456,13.578621650946154,3.1242975623942026,1.2122255424712947,12.210535336419618,12.944408146416269,2.520013867314068,17.28112439206345,30.0,2027.0,9.534204803511908,26.662929347775002
265,0.1693061266379833,4.2878742718031155,8.244359314024459,5.3615374874351005,7.628219193988578,12.5018194019356,13.013629746449967,3.793254457725193,15.0,30.0,2027.0,9.409471062797616,26.655765517925005
266,2.797663023206686,11.927683621867542,13.402487520747945,1.9624398374428447,8.315960481735733,1.2598615286153996,10.633680908849772,4.700223077534088,15.0,30.0,2027.0,9.485688734404762,26.74145872613334
267,3.036956141558523,1.8536024005765726,4.213728542609048,6.739743265675824,8.442964084570118,0.7907086568538225,17.218757801188897,12.703539106967197,15.0,30.0,2027.0,9.686398336666665,26.260689859783305
268,6.5311701285653685,9.11866997982119,2.1313193173722103,2.7509826164639946,12.51411595792127,3.731294849415216,5.535970260350195,12.686476890090555,15.0,30.0,2027.0,10.75953741035714,25.913967091908333
269,4.380816287469021,6.499092622104214,8.327607932250205,1.9498926624360864,8.649741922210454,7.6793195000932775,9.221209973378595,8.292319100058153,15.0,30.0,2027.0,9.735203179166664,25.500972353158314
270,1.7453769305892226,4.528595930857206,9.550711552953878,12.507383590199584,13.983568695321452,9.69952218147558,0.08756833113748726,2.8972727874655924,15.0,30.0,2027.0,10.921264590416667,26.26811588915002
271,6.642927544449303,9.463224824152984,7.159537396881451,11.94473647734354,4.85966728447293,5.961637026714668,1.1381614168861598,7.830108029098969,15.0,30.0,2027.0,11.035827375773808,25.754524410308342
272,7.772001658600304,7.597573002299679,1.0829029095623217,9.965509298234272,8.902993388072073,2.6978112261906646,6.700163195039454,10.28104532200123,15.0,30.0,2027.0,11.431881700833337,24.769148157299973
273,4.245041845527328,8.038592483142553,12.367608089831437,8.846555184016932,0.9843674583757989,6.0669986500531685,11.731723660223455,1.244024534779335,16.47508809404999,30.0,2027.0,9.68063029535714,26.21729255923334
274,0.9593554215768646,11.440192527569948,4.450661517882135,10.353007922039158,5.127831185719421,5.4032519737893505,7.773472813275845,9.492226638147272,15.0,30.0,2027.0,10.79356840565476,26.059592332758328
275,5.212628007407783,9.657137211770008,9.713501481988752,13.093760309579014,9.327375846243156,2.9969720972328924,4.065207891035045,0.9334171547433501,15.0,30.0,2027.0,10.922574152440477,26.451262713783358
276,1.4086496181773833,11.523255151150169,8.930602294367565,7.76322203684254,7.857951210191552,10.067580156946347,1.3020301269732217,6.14670940535122,15.0,30.0,2027.0,10.935713344940478,26.085530179558337
277,4.3906869817278595,8.766778202732018,2.3135595122037915,2.1442791551052816,15.109216199569605,12.874569444107152,2.892123444574829,6.508787059979463,15.0,30.0,2027.0,10.660176747738092,25.79651177415833
278,0.28184202897081095,11.355728045650133,2.512892083719913,0.6453983721227096,9.609379000781738,11.3768708198173,11.963298461862262,7.2545911870751425,15.0,30.0,2027.0,9.170630910892857,26.25546983915833
279,2.8403886126183946,12.48146509462393,1.8977340100772724,11.9331618734206,5.136887486994764,3.570515697260537,16.807334900812947,0.33251232419155363,15.0,30.0,2027.0,9.049519879543645,28.067998581808332
280,6.998891313448139,7.251502381636344,4.655320595967852,1.9127361741771765,5.447339407930523,9.729451796486702,11.323370446008935,7.681387884344326,15.0,30.0,2027.0,9.823046255357138,24.811640911433315
281,5.023155891542947,2.830285540389258,4.358222092471446,3.931507482452255,9.081088663370162,9.837016882292692,16.519725400301354,3.418998047179895,15.0,30.0,2027.0,9.59679244333333,26.977710641218334
282,6.775242147024884,10.38750591959103,5.7728170572826825,2.3795456841018674,5.924555585103859,8.630053897500078,14.107249807802248,1.0230299015933497,15.0,30.0,2027.0,9.522078604761896,26.881283637800017
283,8.593544956803647,0.4053302082354856,5.292023552743946,13.86073518227864,9.36496887033717,7.617571959019736,4.827102283318164,5.038722987263215,15.0,30.0,2027.0,11.929517807500002,25.279568955625
284,3.4492567638030582,15.768932014139372,4.7280299676571556,4.1534211279115345,8.817786516534815,9.15047473981032,3.9453300869905368,4.986768783153212,15.0,30.0,2027.0,10.884216456607144,27.607319669650014
285,8.801184097746525,5.283854274806767,8.161149027441397,8.410849402621416,1.5803216588133784,11.042243588274452,9.383399870998579,2.336998079297485,15.0,30.0,2027.0,10.574022824047615,25.281607234025014
286,1.8143817093712007,9.809692042412363,6.157977636768811,10.265617857033085,9.784689231958108,7.927515855679273,8.999450449720436,0.2406752170567257,15.0,30.0,2027.0,9.443088893214282,26.434377376950014
287,0.14155829456967764,0.4995380570593287,12.904484772494845,10.361677348841006,4.019847386744365,10.42133024181126,12.004213265357496,4.647350633122019,15.0,30.0,2027.0,9.579545016309524,26.358708495833334
288,5.018743892400358,5.397185101957139,9.558653545266825,12.887308031777758,7.452440471973391,10.558422100273681,1.2257685960368936,2.901478260313958,15.0,30.0,2027.0,10.97419685958333,26.23814977078335
289,3.7505041931166314,7.674421585484036,0.22191390918585216,3.9239170239787984,7.624428647876379,8.50131038888448,13.731331783856737,9.572172467617094,15.0,30.0,2027.0,9.332681340416663,26.18701000558331
290,9.343215616157378,2.3808981907665,1.5575422320058039,8.044834659808929,6.664826791458058,9.400243088733832,8.794705742499938,7.442493072439418,16.371240606130147,30.0,2027.0,10.731017569880951,24.763941153199976
291,1.3289918681727195,9.732208742586332,2.959275291389039,9.133294944017692,11.246001856104765,8.187342540994008,7.003350329705972,5.409534427029473,15.0,30.0,2027.0,10.522226407738092,25.841650967658325
292,7.671295793715687,9.056388261451087,8.179334365536787,2.391778530192771,5.954877924814064,9.543000668300332,5.734480220983036,6.468844235006244,15.0,30.0,2027.0,11.337175264940475,24.960084046950005
293,6.033302996440959,13.197418406594858,2.396063398993005,14.67283961735512,1.7517589232808288,0.2203464629913527,13.117919459254011,3.6103507350898636,15.0,30.0,2027.0,9.13321261228174,27.882021988941673
294,10.286808433733315,11.874856287321677,3.5212783353384567,8.505533121382237,1.3819732743245152,4.871752676107585,10.154901704384429,4.4028961674077784,15.0,30.0,2027.0,10.326514469007934,25.775739134925015
295,8.394886098795002,12.64388609932674,0.7243475308900251,7.459292737061318,11.21605562156572,6.25612424526655,1.0205514653762036,7.284856201718439,15.0,30.0,2027.0,11.690769164523811,25.831355278800007
296,4.9341827226014665,6.601269641706228,4.264139851676086,10.92308846331251,0.6406380688443147,7.857227462721981,10.399612779808217,9.379841009329203,15.0,30.0,2027.0,9.924531510714289,25.30968602299998
297,0.3902258625707667,6.2982608009796275,2.5123045006844165,9.428375674621185,15.489524540049548,6.6101729450821205,14.267068486582623,0.0040671894297111145,15.0,30.0,2027.0,9.157490283115074,26.95013926390833
298,4.925508038460105,13.631978025919812,1.4552569471510757,9.102245599868036,6.776979994081639,14.086461802266896,1.8390193707728155,3.1825502214796244,15.0,30.0,2027.0,10.48143478311508,27.373924867341678
299,7.920611816461812,7.686306743067433,6.522316408686485,7.407365992766362,6.623658899423892,7.615822349850934,9.636758143670555,1.4765221566222442,15.110637489450285,30.0,2027.0,10.495406113333331,25.27545391562501
300,0.8815926510079465,12.915061216021735,12.662498208559523,0.799670035767072,5.8649364510619995,2.4643118930456014,6.421872256803166,10.984543644170362,17.005513643562598,30.0,2028.0,10.79356840565476,26.762292752291664
301,4.6060999337359165,7.85231236852027,4.06071258116227,11.841400124400138,11.328305497396794,7.265414109442596,4.22727410498224,3.818481280359773,15.0,30.0,2028.0,10.935184240416666,26.236388536083354
302,5.0637426456017565,3.655530284800394,5.296781776766826,9.205224257504526,1.4010608289740973,9.642786580812713,10.090859587053265,10.644014038486423,15.0,30.0,2028.0,9.807480868690474,25.49417700055831
303,5.839986762583911,5.203398930218159,2.7532765863635307,9.491546799689882,7.449611098489084,13.530861955272522,0.5018710903612261,10.063622569945228,15.165824207076458,30.0,2028.0,10.722910925595237,25.626322565158322
304,0.059295690147948006,10.93783224932734,9.74907398209424,9.940912174973857,7.321468509850517,3.8291506396775334,9.924724552827838,3.237542201100728,15.0,30.0,2028.0,9.443088893214282,26.493998434900014
305,14.645720265583233,2.23620820654724,3.5725967689752034,8.866236599081931,12.137994467692808,9.838701209038232,3.6875617870426733,0.014980696038683914,15.0,30.0,2028.0,11.67266346888889,25.344100620975023
306,4.245527227943663,0.6207716123050007,9.59090685155074,3.781818949664715,2.4361290018707775,10.752527952352247,11.202792761663373,12.369525642649489,15.0,30.0,2028.0,9.735203179166664,25.49417700055831
307,11.23222402809424,9.685097937277838,7.624481905587156,3.643389966314767,11.791256488979577,3.288495407187051,2.431041347176883,5.304012919382486,15.0,30.0,2028.0,11.936908320357144,24.967545962750005
308,7.941067168282157,7.516216438021284,8.850145017405875,6.707466167055665,0.4327056812493006,8.263303510750095,9.6649567297201,5.6241392875155265,15.0,30.0,2028.0,10.75487210321429,24.490488551049978
309,2.95223560722915,2.153598699106817,4.963092436758213,11.300694206190856,11.045865528540798,5.1075771396040395,7.859924544510365,9.617011838059764,15.0,30.0,2028.0,10.876928603749997,25.519819154158313
310,0.27427700136433303,3.3347136847436283,11.910211398272498,9.608375531222789,0.9757502936260524,10.980297965302315,6.592985550331143,11.323388575137239,15.0,30.0,2028.0,10.94376657160714,25.44290736714999
311,0.38666913185615026,5.696278208403527,11.222832262142134,4.825867123284492,7.58514706747576,9.465237091839619,9.515081981635356,6.302887133362959,15.0,30.0,2028.0,9.704614945833333,25.495191991908314
312,14.59380216897496,3.9449246192781744,4.6016136278385344,0.8723278942108412,13.0647604128939,6.848731946928481,3.7624710996112016,3.8063770488528905,18.504991181411015,30.0,2028.0,11.905168475833339,25.333591714525024
313,7.928729934095916,8.825119383941399,6.794199653922549,5.610198680608768,13.11321399420149,1.7992658203010057,5.993796688162236,4.935475844766639,15.0,30.0,2028.0,11.825358208690478,25.358864674325012
314,7.828929454762894,5.422385650539175,4.470419134156939,4.332829975600869,7.376378550139622,5.702362826130347,9.78600527074931,10.08068913792084,15.0,30.0,2028.0,10.595626443690474,24.635011923499977
315,7.747754895545158,3.702125374226534,0.2282378900215489,10.921598156970319,2.788656325856631,11.421047179779954,8.81741452059244,9.373165657007416,15.0,30.0,2028.0,10.087169675595236,24.748317712499976
316,10.856363606274963,3.5842972507826527,6.361179045359058,6.695049752786744,3.324588150953068,4.273311419634494,16.42304834019888,3.482162434010139,15.0,30.0,2028.0,10.572588512499998,25.976557708685007
317,11.608222576631093,3.9394161683796494,1.4112762662802967,6.784116339919162,10.780064948474285,9.325533888069941,7.404126787067769,3.747243025177802,15.0,30.0,2028.0,11.52456489638889,25.43660703202501
318,6.0454497379281795,3.8990752303111553,10.148792506152,5.587483227033421,9.430156224320157,6.847775498588046,9.1177532875692,3.9235142880978433,15.0,30.0,2028.0,9.630336419166664,26.187280481633344
319,10.205672244257197,3.6924660497726034,0.5911148213607185,5.882114078591127,13.654008778289674,0.17176822342064027,8.583023452871918,7.320296775457295,19.89953557597883,30.0,2028.0,11.59222083416667,24.763941153199976
320,7.963196476247604,7.946647547602025,7.817772761359626,11.010576853185338,9.617252200508101,0.4904245048078088,5.504302304307828,4.64982735198167,15.0,30.0,2028.0,11.83868949916667,25.321518852525024
321,4.45718235348318,5.0156694321727535,11.360788054797897,1.028264733019492,10.699149857446717,5.571408128392751,7.236270195755762,9.631267244931443,15.0,30.0,2028.0,10.890848253749995,25.518804162808316
322,6.823987573104371,6.244308777714605,15.422504462225152,13.812825425182389,1.8163150434315416,1.8017072469206423,7.12977897915581,1.643971506149289,15.304600986116206,30.0,2028.0,10.837316431249999,25.71946240817502
323,6.81001672286103,0.09412418901403251,4.1273674895120305,8.828323482248962,6.3102641441409455,12.753393059452545,11.395417566978539,4.6810933457919175,15.0,30.0,2028.0,9.610942416249998,25.681031214708344
324,10.055275857949578,9.055447895249948,1.411900251552536,11.011780225739408,2.853421618121909,7.991446429904295,10.019970787800794,2.600756933681526,15.0,30.0,2028.0,10.24896457257936,25.642339068825013
325,10.599313924987332,8.632937616825972,1.3248435397692684,10.330316088593046,2.4771350247468673,11.705354514187611,3.7221826073703803,6.207916683519521,15.0,30.0,2028.0,11.715566734523811,24.924939599599995
326,1.6207600893235992,7.244684274762865,1.8195011393730485,9.026906226779486,11.592088046867522,5.566381547357117,6.251403367545481,11.878275307990881,15.0,30.0,2028.0,10.708056631666663,25.67524595985832
327,8.226504712814007,9.804022740492083,1.5203740997355606,11.679975285041982,6.194888246234832,1.0291291841507841,11.183140193099712,5.36196553843104,15.0,30.0,2028.0,10.380913237380947,25.02022791994999
328,9.380460670553735,9.461697788308387,10.2067998441652,9.248025203524175,0.022817968750583926,4.052619297052699,8.724046073375195,3.9035331542700242,15.0,30.0,2028.0,10.921243435714285,25.34141614445002
329,4.542176683525909,11.254782443567882,6.261900289134587,5.783522292076186,12.412519425119541,6.140850571728529,2.2198909810526426,6.384357313794726,15.0,30.0,2028.0,10.938314007440477,25.906904854558334
330,9.02349266444762,8.10169306955862,2.908934516688355,9.864556560785225,10.223392059810623,2.2216281319657694,1.4927627438803714,11.16354025286342,15.0,30.0,2028.0,11.737451055000001,24.802658793949988
331,10.66853383959913,6.519808416508841,7.78016982539195,6.564053537271914,0.6163258392436191,8.97296569671348,6.082237739402084,7.7959051058689806,15.0,30.0,2028.0,11.999847693333333,24.53679287029999
332,3.252185589533405,5.276403904431871,3.007282808376067,3.704210988255214,18.419695085237088,2.8986316037024107,5.0976304392932335,11.180610808588378,17.16334877258234,30.0,2028.0,10.722492366666664,25.591518512158316
333,9.390895326851693,9.290155039267725,2.807832670654483,3.4153653992574897,11.097836051253417,9.768960428067778,8.256009864461666,0.9729452201857484,15.0,30.0,2028.0,11.5036437934127,25.683682849375014
334,2.370820754921819,5.67022880639845,7.603195303362045,4.141433721762674,9.879235157792357,10.631991984320194,4.093777140520727,10.609317130921738,15.0,30.0,2028.0,11.007450849583334,25.552856633658326
335,2.4649040437424365,1.3381793512836553,10.356205035304365,7.6155615964128,14.65045425929079,5.860713507087842,4.6337202951895815,8.080261911688531,15.0,30.0,2028.0,11.007450849583334,25.552856633658326
336,7.154340944533309,7.833127908733761,8.796561695423165,10.032771370679866,2.749943411278008,7.384852150944493,4.065864094034887,6.9825384243725095,15.0,30.0,2028.0,11.087639197916666,24.72945791219999
337,7.5428010194373725,9.856539031988422,8.64040432834437,9.343370437604548,8.427745851418008,4.751455355424619,2.605548961009836,3.832135014772821,15.0,30.0,2028.0,11.029461418273812,25.567891347475033
338,6.565582777925102,6.828080675403559,12.662080721085658,11.848597734259359,2.102212126624161,4.795349620000379,5.511288785142247,4.686807559559542,15.0,30.0,2028.0,11.019138681249997,26.153400323333354
339,8.157447569346326,12.16293586706502,11.491555251575903,1.8851755121668248,10.179553665095439,6.208789595703816,4.201334988745449,0.7132075503012202,15.0,30.0,2028.0,11.875072060357148,26.373007417525027
340,5.366400009502996,0.19607435358995015,5.126762948674907,2.998666938711241,13.328289007106088,3.6260866125781765,11.509506754790475,12.848213375046168,15.0,30.0,2028.0,9.810299377023806,25.49417700055831
341,0.6004234184449998,0.42464180917436417,11.912524332566747,5.125384816703517,12.834026197660078,6.958268338033383,7.301002305402078,8.266165037916048,16.57756374409878,30.0,2028.0,10.876928603749997,25.519819154158313
342,1.782014760118384,8.149716089584183,4.792266243835831,6.485263929231269,9.481813590723807,7.242031078450125,9.090962272828241,7.9759320352281575,15.0,30.0,2028.0,9.704614945833333,25.520447299708316
343,6.51904860934255,8.28507214733957,10.66058642759444,5.2752730456452745,5.0372022695536245,9.326560513800901,7.109263652252625,0.8665395189278443,16.920453815543166,30.0,2028.0,10.84367461375,26.20457770838335
344,10.394170888713052,10.538581492522328,13.237370030127053,0.7518506567065781,8.289500818141542,5.942102693743981,4.592025877377578,1.254397542667883,15.0,30.0,2028.0,11.875072060357148,25.64277923867503
345,1.0737306974741654,6.290011896967749,7.578470899518138,7.879628280958727,9.297805202177328,4.205093814827385,9.787660006980353,8.887599201096155,15.0,30.0,2028.0,9.704614945833333,25.495191991908314
346,5.6753340442442965,5.2387803650818805,7.504545132546541,7.604484111734328,9.776137643784766,6.646454432754318,1.3663711335859197,11.187893136267949,15.0,30.0,2028.0,11.05552223875,25.55184164230832
347,1.758984504462685,14.301267682688714,1.3582912812719619,3.448062208426715,0.6951749601013155,10.52334935648844,12.690148673269467,6.478225035615611,18.74649629767509,30.0,2028.0,9.339271684702382,27.06643780264999
348,5.962148925472933,8.000727136879043,2.8088047326254024,3.3526366145811464,8.573585849512934,8.52637730204536,9.241063167867932,8.534656271015256,15.0,30.0,2028.0,9.445528451607139,25.60520600425831
349,5.260510559459484,12.717500365806597,6.061995475249172,7.1088019203348765,6.7999631188848655,4.129678235058284,0.9629512890889915,11.496194249145775,15.462404786971959,30.0,2028.0,10.972465746607146,26.77539204954167
350,8.932094301289567,7.196639777260392,4.704763352544315,2.9210009496138905,9.886061069961055,8.05149719851477,6.29848656852928,7.00945678228673,15.0,30.0,2028.0,11.967004735833335,24.68178939989999
351,2.5945685049735943,2.7912489069130344,8.858006397863338,12.206055434972486,5.408222001920156,2.7827511922500183,8.689808088800943,11.669339472306433,15.0,30.0,2028.0,9.988903834523807,25.519819154158313
352,6.585714450436504,9.22858846453402,1.7191634746678097,4.274750162544799,4.781357241468863,6.27568441097674,11.403556695864017,10.731185099507247,15.0,30.0,2028.0,9.424607348630946,25.84020630850833
353,3.8230348155830667,3.1079359513201106,6.571656262767492,9.650315841549489,10.286512731243901,6.986754846401598,8.9595875289892,5.614202022145142,15.0,30.0,2028.0,9.754807949166665,25.500972353158314
354,6.925563565937067,9.263372771285372,2.7434000243251724,4.59527457090139,4.541838225992131,11.970578596361849,5.538939672324513,9.421032572872507,15.0,30.0,2028.0,10.736231546071426,25.26730919428334
355,6.392117886210738,9.996140075814122,5.311559431248056,10.564124372271413,2.3971235212939743,0.8289191668199081,9.964294931456566,9.475022453544764,15.07069816134046,30.0,2028.0,9.729735135,25.748878232708325
356,9.426757915284293,8.322353737904397,8.49824407146748,5.727798609817683,3.8480889924149615,9.405323221135935,4.3487952493007045,5.422638202674539,15.0,30.0,2028.0,11.967004735833335,24.700249355099995
357,13.207096971432659,3.1245056300109213,2.9729618692259843,2.637502889469854,0.20316909535138225,11.215150757215614,12.715178353211968,8.924434434081617,15.0,30.0,2028.0,10.564022945595243,24.80599536124998
358,6.8743363975665615,13.784675554948858,3.572769814530491,10.567972116912054,6.347437395200164,4.302139130009472,6.585298823231151,1.028517485686593,16.93685328191465,30.0,2028.0,10.497056022043651,27.00979861272502
359,7.854118930036707,0.7400155316754271,10.340959862944201,2.089795031247896,9.557548088059193,8.76425780012352,10.479128633654742,5.174176122258302,15.0,30.0,2028.0,10.553902743273802,24.75119742299998
360,2.7952266899149647,6.717521882821571,2.512938652651472,14.88888416890308,1.4592034058407466,8.93310232334939,9.49788590096583,8.157881833085264,15.037355142467682,30.0,2028.0,9.348746223749997,25.60622099560831
361,7.565111163069446,3.9148153318317043,12.814953234063074,10.387323163223348,13.255738041838915,0.51190335104461,3.886472383258971,2.6636833316699344,15.0,30.0,2028.0,11.285545661249998,25.32585004762502
362,8.839739473380112,3.0094845964630808,6.628781745905367,11.562107420675733,9.034850116047519,5.1392775396960415,4.850684853098188,5.9350742547339586,15.0,30.0,2028.0,11.967004735833335,24.68178939989999
363,4.531027341426071,10.605686678155552,9.413522587520829,7.596403745009849,4.531642052616015,2.6121090356710175,9.657388691946865,6.0522198676538,15.0,30.0,2028.0,9.667579374999999,25.831096941458327
364,2.0332005387885115,9.553300615945282,2.814838709206896,6.473781610664862,5.55066072453592,7.124901741930665,10.782479221696407,10.66683683723146,15.0,30.0,2028.0,9.27398531065476,25.869357508408324
365,5.899701660954392,8.386476651033853,7.716481354819432,9.011008376103495,2.1315841445078982,8.944588114611847,2.526921587414438,10.383238110554641,15.0,30.0,2028.0,11.05552223875,25.57030159750833
366,0.7011298294389758,5.974287102068369,10.3272652100883,3.3231734284210104,11.64927385882057,9.239589533872866,8.60653777466241,5.178743262627498,15.0,30.0,2028.0,10.852116529999996,25.624171174008314
367,12.798193572977228,6.704435066106045,12.23684374286205,9.431599506834509,9.640686789752257,1.1348850847017042,2.9357245710822455,0.1176316656839591,15.0,30.0,2028.0,11.905168475833339,25.333591714525024
368,4.90756388213139,11.698774696417097,0.9333571708489382,13.167388549590013,13.781829014021898,1.2375652279541929,4.069957975131457,5.203563483905016,15.0,30.0,2028.0,10.661670479940476,26.277115668908337
369,6.781411755033815,7.972159308119865,1.241630603580835,8.768834842042883,7.426060125475414,6.076040296566544,9.363722577962333,7.37014049121831,15.0,30.0,2028.0,9.42810053744047,25.433470593408316
370,3.2225832611136145,1.7119589949287413,5.115098156066987,3.595398373207802,7.132165288651136,13.603138998175766,8.093022611912673,12.526634315943273,15.0,30.0,2028.0,10.846685317797615,25.474734084308317
371,6.9191669346430675,5.1788448912798435,8.644080007912779,10.960731427916972,3.875388247045027,7.690253586641659,9.788646405116467,1.856702795747979,15.0861857036962,30.0,2028.0,9.634916112499994,25.43145371537501
372,13.921946838383024,4.9781118442256735,1.5856163234405547,7.426229360527279,1.258142075504538,14.215023219251522,0.567191888651384,11.047738450016022,15.0,30.0,2028.0,11.765280400000004,24.68755071294998
373,0.9626220759782297,9.09617143698646,8.556006817013671,4.106554537591973,13.30757441452063,4.44613279011562,6.575051285068706,7.9498866427247155,15.0,30.0,2028.0,10.856007500773806,25.783553586808335
374,6.1283745329641635,1.321755653922099,6.337079478339408,9.820857025819993,8.404678512818116,11.364492634181904,0.9078599631363767,4.655816049195127,21.05908614962281,30.0,2028.0,11.006894360416663,26.22673949509168
375,6.319629644927864,7.233403857754819,9.70419223572661,8.062457538588934,7.479106646998732,5.05908760792397,5.821134051120032,5.09273608660999,15.228252330349044,30.0,2028.0,11.015407288750003,26.078049576866665
376,0.09572736363580052,10.898423829696295,3.3877649004408377,14.894143498525043,14.37427450068539,1.2838659193024295,1.7801788916720662,8.285621096042137,15.0,30.0,2028.0,10.709387125773809,25.85375535495833
377,10.15666351927474,8.42966112465031,4.602594440249472,0.35950123866979156,10.629252602982,3.042951550347832,11.824073696895114,5.955301826930743,15.0,30.0,2028.0,10.755965577023808,24.742101305949983
378,12.034790885779085,5.177213197502935,2.910916151500333,10.801844023906618,6.0350751214016904,2.676150625109353,12.603381168625138,2.7606288261748455,15.0,30.0,2028.0,10.311696283888885,25.69576478097501
379,8.727133691960958,9.279100468321252,4.361940478657115,4.487722594486629,4.760944356598249,9.538306435365705,0.8152480266633741,13.029603947946711,15.0,30.0,2028.0,11.953673445357145,24.972654459050005
380,2.3082444847271715,10.382986737671683,3.006545450437599,1.0879853847935137,11.774302139529825,11.556534088948434,5.430996400550701,9.452405313341075,15.0,30.0,2028.0,10.619342314523808,25.91264929570833
381,4.983602593363373,8.283528594464373,7.677692992496188,5.598135459405366,14.101169964174364,2.6238819004690384,2.364950092064338,9.125641588661969,15.241396814900995,30.0,2028.0,11.05552223875,25.57030159750833
382,4.201492628707233,10.178662580116528,2.6519452972626536,7.187067326863339,7.959030965748375,4.818851742707793,10.081476014640975,7.9214734439531025,15.0,30.0,2028.0,9.27828386065476,25.879966614858322
383,6.653859042832673,6.191591182061085,8.554590741069894,4.837958518965313,8.768064711487305,3.6208617199860864,9.33516806095411,7.037906022643534,15.0,30.0,2028.0,9.799305784523805,25.42597440725832
384,7.1567425744634,1.851500532521651,7.93833146005851,4.226473748135747,0.7028614777751218,12.737145677781234,8.61297975593053,11.773964773333807,15.0,30.0,2028.0,11.02765296267857,24.568938213099983
385,4.859105472024965,6.404527349331874,9.100986700776009,2.404203888155445,8.292773019166322,8.758135331462189,6.353999384094314,8.82626885498888,15.0,30.0,2028.0,11.05552223875,25.55184164230832
386,3.6506767757103438,0.03283377898943841,5.560762906626107,9.742313441884614,10.684772486180835,12.643332157950189,8.139662804071348,3.406016636904789,16.139629011682338,30.0,2028.0,10.748567776547619,26.197446703783342
387,7.156162488858051,8.666204000614854,11.515024451713963,8.874921029667133,4.589166294901499,8.882821492490638,0.5017806146731848,4.813919627080675,15.0,30.0,2028.0,11.026023249940474,25.42796672202503
388,0.2831331095868469,1.635861302739372,8.028640308862927,9.839714051193255,12.119874532086227,4.24799368861229,7.351118493720018,11.49366451319906,15.0,30.0,2028.0,10.876928603749997,25.519819154158313
389,4.739024164589115,16.13976900790552,6.520070933070849,0.8064628196887222,5.315503268635037,9.403260941499479,7.227543246029525,4.848365618581747,15.0,30.0,2028.0,10.783684798988094,27.662215211758344
390,11.179509905921407,3.6983758897373784,4.2828455763969,6.936093590753487,8.062904126815496,4.399657682854351,10.155816713721357,6.284796513799619,15.0,30.0,2028.0,10.755965577023808,24.629804919399977
391,11.826194599856771,9.86197743728722,0.4966426921211401,4.124628252807025,5.840397288893175,3.9037898732821485,8.690723033912994,10.255646821839525,15.0,30.0,2028.0,10.680150533571425,25.09379123794999
392,3.3790428718103773,10.848110555816152,9.5045797391832,4.490288426661904,9.101668370437524,1.2903326129600388,9.786148211526443,6.599829211604356,15.0,30.0,2028.0,9.626917603571426,25.832111932808324
393,8.365784679543518,2.73139340437412,0.39633775075203825,5.653803187984366,7.425600325622695,11.429648425070267,12.10258698900065,6.894845237652341,15.0,30.0,2028.0,10.383815921071424,24.869888348999975
394,10.437441676757834,2.8651053413241274,5.191072449184192,8.872639144449487,0.2540239105342327,10.106993879889346,11.688864271203188,5.583859326657594,15.0,30.0,2028.0,10.84570041154762,24.59748303524998
395,10.035418041122742,12.324579900731408,2.828562285102123,10.09393318696529,0.2645214497904692,8.776072045806837,6.139982928760142,4.5369301617209885,15.0,30.0,2028.0,11.700205096626982,26.226048542300017
396,0.33332591524512073,9.109790202604763,5.497696852579577,6.212555694128458,12.435853769107739,4.630929603506857,14.095003469700023,2.68484449312746,15.0,30.0,2028.0,9.476990219999998,27.06918310162501
397,4.194319902688114,5.401007437609125,13.883739530676303,12.669771000912759,5.473274716618165,8.880362966915705,1.0258202128592395,3.4717042317205977,15.0,30.0,2028.0,10.921264590416667,26.236388536083354
398,7.397011945758073,6.297754950923594,8.276771896295694,6.082516528209204,8.248420855763346,4.863724218246665,5.264619826735587,8.569179778067832,15.0,30.0,2028.0,11.110864464583331,24.66215985989999
399,7.333919144921966,9.174645899132635,8.061203153226971,5.9156805607775915,6.801971263013104,10.033101218737611,0.9186320474377777,6.7608467127523415,15.0,30.0,2028.0,11.097533174107141,24.94622956645
400,10.625476527568118,2.6834902927987883,3.6153660237270904,10.870398635753183,2.2423492920356964,4.637201840231783,14.605888109814057,5.719829278071277,15.0,30.0,2029.0,10.551230622857139,25.24388601729998
401,2.602387216222502,4.463842544435732,6.948026823854706,8.653718947855202,10.330005103957133,10.488332627072515,8.897760547937834,2.6159261886643823,15.0,30.0,2029.0,9.798576811666663,26.235078409650008
402,2.080189900932343,10.439796576486202,9.715918994147376,0.6462035134162638,12.294511176786122,3.6555099306906684,6.351972418506831,9.815897489034196,15.0,30.0,2029.0,10.949329829940474,25.879693201758332
403,0.7796693053326733,4.76920270961525,9.086494605560937,10.872416495747979,4.912400934417651,5.0322559100281214,8.347303389243287,11.200256650054097,15.0,30.0,2029.0,10.876928603749997,25.519819154158313
404,10.309915694065317,7.897111304152869,1.4323796590134594,8.130765241767465,2.4188482037233965,6.608618202593512,6.853258105371434,11.349103589312547,15.0,30.0,2029.0,11.59222083416667,24.75911240799998
405,3.641862753531458,13.785148232605874,2.6964883238003563,6.71506850136323,2.951333824083021,12.19340913774061,7.4798777491258726,5.536811477749579,15.0,30.0,2029.0,10.436665346071425,26.881435933958333
406,6.393647835531088,8.288208928913246,10.356840229370484,10.411140990859947,3.792831331144349,10.996613166510384,0.287206770860596,4.350789433771587,15.122721313038317,30.0,2029.0,10.968056726249998,26.241441446416694
407,3.4729266434361223,3.84861364813239,7.7871252912465705,5.574518420534246,9.242285673065664,11.381069678663348,8.574163384118563,2.60031547157315,17.518981789229947,30.0,2029.0,10.777366123750003,26.205619010783344
408,3.7489372039293576,3.5036499719857472,13.793928491379692,0.11763421402612856,12.564618499074056,2.8526248414691286,13.529599097082624,4.889007681053262,15.0,30.0,2029.0,9.590749024642856,26.776391911866664
409,10.805801059035712,5.846129104539742,10.183600246104762,13.435918064935624,0.7784364381968543,0.20592791859494108,8.422734195265543,2.4241539701801385,17.89729900314668,30.0,2029.0,11.828863900000004,25.09799379080001
410,8.451939187124434,3.8597631178332543,10.70980260673302,2.2660835695559824,0.4511891306259519,0.9984068171041142,18.63304538180333,2.7783097882506094,21.851460400969298,30.0,2029.0,10.681895593690474,25.75610028441001
411,1.235478022669545,5.812716137496002,5.3100586833778936,10.86957036310047,10.79252621799839,8.905197923635725,6.877599445256646,5.196853206465329,15.0,30.0,2029.0,10.852116529999996,25.619342428808313
412,9.161341191590756,8.7991432539728,3.5237920875917665,0.7095843259237749,14.362362774414304,4.767281047553508,6.725244304767958,1.7419809056888744,20.209270108496252,30.0,2029.0,11.525026795079368,25.36344907577502
413,11.610547453235073,1.9530022057472645,12.342456496917576,10.159656702357067,2.2924857011192707,7.8771336021207405,4.352699261605874,2.481303087148814,16.93071548974832,30.0,2029.0,11.905168475833339,25.333591714525024
414,5.183171178440014,2.2094231692019597,4.981875011876754,11.335618035598065,4.722589262939466,12.375867390867482,12.307008831110164,1.884447119966094,15.0,30.0,2029.0,9.529311323869043,26.30638621458334
415,6.50741693443997,0.07246985381672086,4.53761571364033,9.90175153240872,13.242551973472509,2.2100349192343627,1.8314926768450697,15.277592702978138,16.419073693164187,30.0,2029.0,11.058218593749999,25.535661085208325
416,8.996418453030417,5.015886049917785,8.870908041640867,4.348612502317998,2.85493321624601,8.526550223076011,4.908492452670967,11.478199061099938,15.0,30.0,2029.0,11.967004735833335,24.68178939989999
417,10.293403790928267,2.6683708215158206,8.806798246271235,4.778124009217864,10.12307784492406,4.966234605503313,8.211925245455438,5.152065436184002,15.0,30.0,2029.0,11.826627171250005,24.795190349949983
418,5.394510813281191,9.579749091420927,7.672367973207388,8.731889435621046,3.57992684236498,6.104649152970138,0.5629364752017029,10.366394184617782,18.00757603131484,30.0,2029.0,10.997401219107143,25.813025436358334
419,0.1530953778500238,2.3709677783782594,9.111821370842108,8.547015613345454,11.001665730615148,3.5452114474815404,10.663281229927856,9.60694145155961,15.0,30.0,2029.0,9.704614945833333,25.495191991908314
420,1.9732034473165667,6.06354821279948,11.806455240798188,5.643204933217471,11.24867983222109,7.908330659717179,2.5708019342600483,7.7857757396699725,15.0,30.0,2029.0,11.007450849583334,25.552856633658326
421,2.240684407244095,7.804975131940232,1.3628431236538203,1.8499495135411854,7.790138478360868,5.719811175782825,17.335493772002273,7.036989442085684,18.859114955389018,30.0,2029.0,9.33550636458333,26.319593581333308
422,8.788112620308187,3.2466625226009467,11.756477013504492,6.61635027822201,10.37625091349374,4.556352740445044,1.2507975385824666,8.40899637284311,15.0,30.0,2029.0,11.967004735833335,24.68178939989999
423,2.114247246538027,6.879739849313334,10.740224766187245,5.092597906937008,8.964607786568841,5.568312886176325,5.437334414165949,10.202935144113274,15.0,30.0,2029.0,11.007450849583334,25.552856633658326
424,3.9399716301658265,7.248189012747502,2.9776594628822046,5.903747612928357,6.4396580342836875,11.060167197068566,11.916481957497654,5.514125092426207,15.0,30.0,2029.0,9.35575392363095,25.609181874608307
425,2.936632795844371,10.478843344513747,0.4207649827690286,6.731769069463084,16.61364077057742,1.6967085926738334,7.139319716192991,5.175541980958596,18.80677874700693,30.0,2029.0,10.471780898988095,26.060066528858325
426,4.658485954169041,1.5911406737555032,12.29083145528415,6.592246916700193,13.171695509143806,0.6294918505274534,2.614395054356295,13.451712586063557,15.0,30.0,2029.0,11.030321262083332,25.55184164230832
427,0.8205353226473757,3.017714617064454,13.984323974183487,6.0650086294127,9.844673465270791,2.5581022849687187,8.540898743668283,10.168742962784188,15.0,30.0,2029.0,10.876928603749997,25.519819154158313
428,9.429304316267736,6.080630404257657,8.713998421784524,9.012752929655663,2.5867371213227086,6.293297061550135,5.366617814067076,6.264706079643115,16.251955851451385,30.0,2029.0,11.967004735833335,24.68178939989999
429,12.988948452993402,4.056665177804401,5.742273310383012,10.870536904882282,7.542447582419943,7.556310047175934,0.7368081738911725,5.506010350449852,15.0,30.0,2029.0,11.967004735833335,24.68178939989999
430,3.6567777593657698,10.489229997216663,8.019444847649451,4.0429221429052395,6.445765338683975,9.967901307555417,10.47585025582438,1.9021083507991048,15.0,30.0,2029.0,9.45147034321428,26.46430106453335
431,0.614833512875813,8.748208048394826,12.50028695842751,5.5798753516710855,10.821764931078222,9.179049165338883,5.493222781562258,2.0627592506514056,15.0,30.0,2029.0,10.907933299940476,26.362723636200027
432,11.552642808711253,0.30114804569158,3.6422614710097525,1.1703319823765517,9.607674724685994,12.742231061002322,1.862613519973943,14.121096386548608,15.0,30.0,2029.0,11.795366131666672,24.67390762609999
433,11.272888976828975,0.971098100481035,10.45849188863625,1.463391997432348,4.560194121544413,9.880744933792606,10.51686633102413,5.876323650260245,15.0,30.0,2029.0,10.755965577023808,24.629804919399977
434,1.8887153920341644,7.586032382785739,8.509003312330972,7.114538508216336,6.358104287339702,5.916966112412094,9.019088556679543,8.607551448201452,15.0,30.0,2029.0,9.704614945833333,25.50198734450831
435,6.431969247539925,3.9408207531798354,13.510622199533927,6.710893062058057,12.556799969629852,4.091601855944596,0.06103644025369065,7.696256471860118,15.0,30.0,2029.0,11.058218593749999,25.535661085208325
436,4.228294682866268,6.794760858647661,1.3329833528180937,4.390398183845212,11.969100467820859,2.3216808692334716,9.911726822770468,14.051054761997962,15.0,30.0,2029.0,9.366964423749994,25.60520600425831
437,1.603252304154924,3.688908574925018,13.160962033622573,10.521038641624898,9.409477974407753,9.765712010605574,6.093953052854865,0.6555423899110013,15.101153017893393,30.0,2029.0,10.921264590416667,26.26811588915002
438,6.021530732104813,11.459134984298796,4.281253472089104,3.7484151748460235,11.115736616820499,10.150254535446154,6.5586664077968635,1.6650080765977533,15.0,30.0,2029.0,10.75549374065476,26.686420195983352
439,4.542645495611914,9.868556411343276,11.207393962216278,9.504755828817455,4.454211254822797,9.304777003348685,4.146244033278342,1.9714160105612568,15.0,30.0,2029.0,10.88356153327381,26.461125576883354
440,12.901403778413792,3.4123520765542192,2.9486827432523746,13.847513375043375,0.35701935079027236,11.219731524668706,4.588656820087382,0.5352689817084457,20.189371349481437,30.0,2029.0,11.72515971638889,25.177756013900012
441,12.783446246876373,6.349200364592787,1.5103660231389602,1.1565882062102217,2.6771806981705777,1.6534081883155782,17.620367552994026,11.249442719701472,15.0,30.0,2029.0,10.418446081190472,25.342158741299976
442,9.499928974643012,9.313857515421958,7.318908038140653,9.047256886525025,3.2688995425505403,3.897437161906805,6.2761640847949,6.377547796017114,15.0,30.0,2029.0,11.953673445357145,24.972654459050005
443,13.24633437412133,11.029299597660374,5.842636564045263,9.768963370991525,3.620741847352169,1.3454703706319842,4.733839393600139,5.412714481597219,15.0,30.0,2029.0,11.936908320357144,25.0577715056
444,4.26136601848734,6.885912245928171,0.8774777341649751,2.076111460902622,10.55506750055625,7.221291732932331,11.273893485714517,11.848879821313798,15.0,30.0,2029.0,9.366964423749994,25.60520600425831
445,8.103032559004415,9.427068008017416,5.943924308347388,7.506268668783302,7.379818792881856,3.3544695210152997,5.421213680414389,7.86420446153593,15.0,30.0,2029.0,11.953673445357145,24.972654459050005
446,6.604480535413256,2.8338902909583066,4.569749137279374,17.761172981417502,0.7236617348806713,4.311390207879969,6.072201777630561,12.10017894634375,15.023274388196612,30.0,2029.0,11.115538153750002,25.357079991449996
447,2.6770948586683323,3.8597581693664553,8.19112724190736,4.42014088307251,15.445721511712424,7.560905566419424,0.9583627058874573,11.88688906296604,15.0,30.0,2029.0,11.007450849583334,25.552856633658326
448,3.3084651648367904,6.753661685103184,9.136949572039756,10.981210347974503,3.089940828684729,3.962392216661369,5.493706027932628,10.971342686986743,16.30233146978029,30.0,2029.0,11.007450849583334,25.552856633658326
449,1.9043518046929016,7.152467538707705,1.5390045686935059,4.988315235532943,2.1418808156830296,9.180976259403067,13.705569067864163,14.387434709422688,15.0,30.0,2029.0,9.332681340416663,26.18701000558331
450,1.67790516101254,11.982164139164851,6.8379899695946476,7.928624924226899,7.891012498963212,5.688479768985241,2.6680168073415884,10.325806730711019,15.0,30.0,2029.0,10.935713344940478,26.253016320341672
451,9.464606611851776,2.7833190967002577,4.08857804684077,6.3336935248343815,5.988823716570465,9.443736584864867,8.308917702548623,8.588324715788856,15.0,30.0,2029.0,11.840289165000003,24.65443208164998
452,5.756297485474252,7.821857817833083,5.490725496615379,17.589231925290004,14.537514074889547,2.9404387734098822,0.09990163677556686,0.7640327897122934,15.0,30.0,2029.0,10.959856729583333,26.286903160833358
453,5.986187353050941,9.63013894535399,8.26928496508561,2.41999626613175,4.481735112791765,5.7006049425069545,9.093750988791946,9.418301426287043,15.0,30.0,2029.0,9.729735135,25.760230044608328
454,12.749644084117081,2.0530992219181057,10.380952326284547,4.566970170914811,7.92803808211317,11.64368768094172,4.719283337149901,0.9583250965606699,15.0,30.0,2029.0,11.89671416696429,25.325709940725023
455,0.16067599176916933,2.1235886912538646,4.6085384920928485,4.25701839528495,18.98916237580152,5.888548515541285,2.4519885450905328,10.498390244209052,21.022088748956776,30.0,2029.0,11.007450849583334,25.552856633658326
456,3.080076052516092,5.842367870109025,7.436487541552934,7.574308926350916,6.93385114999066,9.058846968638225,9.0515133598074,6.022548131034751,15.0,30.0,2029.0,9.704614945833333,25.50198734450831
457,2.5673754915663807,5.270367647964539,5.412935983319275,14.39487282280158,14.418675205988784,1.6636956104905487,10.522085789476794,0.7499914483920965,15.0,30.0,2029.0,9.514287922976187,26.210451247400005
458,13.808404012888994,13.456257890554406,2.773561339143289,2.3122424562487947,3.4401398195603754,7.373368138768273,8.147932255708856,3.169235702156846,15.518858384970164,30.0,2029.0,11.473145070793652,26.529704262375017
459,9.77364285814836,6.960584693356645,4.624873503133131,8.372254125057871,8.669053118704742,3.0788060132903183,3.600624480755456,9.920161207553468,15.0,30.0,2029.0,11.967004735833335,24.68178939989999
460,5.048308534681905,8.9080659912222,8.579612423969488,10.223587502868853,5.928267615413431,1.1125457853598741,6.545201488518233,8.654410657966023,15.0,30.0,2029.0,10.904078889940473,25.63277767455833
461,0.13724262532686682,6.628971176034286,9.901644376724809,7.488905033890824,10.965867343517663,0.7038599342572534,10.083285026698473,9.09022448354982,15.0,30.0,2029.0,9.704614945833333,25.495191991908314
462,3.609155330968775,11.146988907302166,11.039741896912021,9.496858412547594,7.062819923126168,1.5041743094165771,6.6679990160225415,4.472262203704155,15.0,30.0,2029.0,10.75551821065476,26.49088573409168
463,13.555816401515298,0.22076894123596955,12.044700208187146,13.970398153933617,11.749906669539707,1.9381374406874714,1.2099599045499934,0.31031228035079716,15.0,30.0,2029.0,11.905168475833339,25.333591714525024
464,10.177289042626754,4.104715919882624,3.4226965820837423,6.439218421856491,8.513873072343713,9.660235859069896,8.282007493225938,4.399963608910843,15.0,30.0,2029.0,11.570297229722227,25.273670073925008
465,11.461815139121244,5.062317994196879,3.9651452825159255,0.003685290437509779,16.779756536600757,2.595496380527997,5.696664275061664,6.959103188489063,17.476015913048954,30.0,2029.0,11.967004735833335,24.68178939989999
466,0.7369584777593727,11.045122606238285,7.717556990889416,4.729698837365081,7.950480822832097,8.569097011345617,8.83682518297486,5.414260070595269,15.0,30.0,2029.0,9.911206492261902,25.864264261408326
467,7.927201084661885,5.161627696548178,1.7380926495816937,7.867708428077259,7.827741048640034,8.463009621908629,7.478030249986785,8.536589220595538,15.0,30.0,2029.0,11.501392525833339,24.757787834799977
468,13.61852781537008,3.821336000387288,1.6288315782337364,16.206326521111624,4.898274513563891,14.410517774311948,0.06829141857424897,0.3478943784471922,15.0,30.0,2029.0,11.650439496686511,25.281429368825016
469,11.57640536709167,9.490881527603156,1.3003092494137651,2.7291075896953063,6.511955373597511,3.1146699012065606,13.294488533485831,6.982182457906197,15.0,30.0,2029.0,10.364763437380946,25.441126346799997
470,1.3589996794477586,1.92898795073761,3.5847226476134475,12.859106845370173,13.832819199719093,12.361365850603633,4.998017640563548,4.07598018594474,15.0,30.0,2029.0,10.637008557103172,26.266876706250017
471,10.548116740740168,1.3970819868456328,0.5234064857469228,7.373009472413259,8.836979252584165,8.986944115862524,7.2042568563382545,10.130205089469078,15.0,30.0,2029.0,11.59222083416667,24.763941153199976
472,12.37937063377577,10.836065951816316,3.9621491764758976,2.509811746663411,7.0110522247755425,5.79455173496433,11.227484580499322,1.2795139510294098,15.0,30.0,2029.0,10.526867701428564,25.606822067525023
473,1.3716298165632987,4.631914670422425,5.590616262471379,8.990402968508924,2.2834731334339504,12.427334174334433,6.46261666030585,13.242012313959744,15.0,30.0,2029.0,10.847124793749995,25.495748312658314
474,3.219979506277933,0.08502593112407847,12.081719997399132,2.432808416016437,8.893504815654545,13.378401361475902,6.2589739082692475,3.978166044531222,19.671420019251496,30.0,2029.0,10.87339981642857,26.25697621238335
475,1.4671186558230354,2.272685363421234,14.022766026494708,0.5519086628321711,14.280134133454183,0.06784129263585854,12.761551684058379,4.489054466608853,20.086939714671566,30.0,2029.0,9.579545016309524,26.544695485808337
476,7.987196676954655,0.9769672922980602,2.958149418811032,9.444397680186377,6.453732379898173,11.327830960343903,5.233820477104239,10.617905114403559,15.0,30.0,2029.0,11.640482613333337,24.712778027849982
477,11.07453976191829,3.797569250931888,10.221760237173937,9.779714134353885,2.430823986384417,7.203043567143381,0.8386063362458338,9.653942725848365,15.0,30.0,2029.0,11.967004735833335,24.68178939989999
478,4.763967568847552,6.86733438927665,10.17641764232506,11.59679747296716,5.231454720608445,0.7195238406872254,8.91702161035848,6.72748275492943,15.0,30.0,2029.0,9.94563080535714,25.518804162808316
479,5.940138599359051,4.00439826105026,8.950574427597507,6.430759171114049,10.367461328702472,6.426623504878998,2.817109684480876,10.062935022816786,15.0,30.0,2029.0,11.058218593749999,25.55184164230832
480,7.654375723341696,4.391442220426867,10.3661858218515,5.5648485223254065,8.918019962443122,1.1728321871097163,4.8617179990123605,12.070577563489332,15.0,30.0,2029.0,11.350506555416661,24.674047732999988
481,3.37819853255613,4.0112580572944445,7.909821253778445,9.206657918738472,9.11582940539608,6.201147312059822,9.861293267599446,5.315794252577155,15.0,30.0,2029.0,9.699993035833332,25.495191991908314
482,9.289358000241876,7.73536827607326,5.645016985496505,6.3093569249428025,9.077298374595001,4.178330126021049,3.232630809530463,9.532640503099046,15.0,30.0,2029.0,11.967004735833335,24.68178939989999
483,6.37277354905005,5.703556673957929,2.0487122633454042,13.16132172475495,5.555626047944055,12.027829659738845,2.601929373453598,7.528250707755172,15.0,30.0,2029.0,10.743184244880949,25.65016863760832
484,10.558116820097055,11.37009791580042,0.9400276386898261,3.8356240926364396,1.3509644648166232,5.251021031626006,11.403711222253175,10.290436814080447,15.0,30.0,2029.0,10.372957270238091,25.298136379799995
485,4.423995432554764,3.9618533598241075,2.220833199854491,13.757837019314989,9.989063093874602,3.0221129804151294,2.8713948834384544,14.146147127260049,15.606762903463409,30.0,2029.0,10.721976281666663,25.67423096850832
486,4.8114538552188035,3.0980450606576104,11.58269324536325,9.42791796006714,3.5687512849575254,10.023049050125413,8.974903370305567,3.5131861733046823,15.0,30.0,2029.0,9.666209989166665,26.187280481633344
487,1.430849532446447,9.312390398518575,3.446742826438066,10.566012901627348,12.827869457062006,0.9872040687740331,6.094796844383357,10.334133970750168,15.0,30.0,2029.0,10.754176854940471,25.79889123845833
488,3.932635656441789,5.114227501769295,6.704377456112767,10.974811032436614,3.6909534969284787,10.402410469713573,3.03523780317761,11.145346583419874,15.0,30.0,2029.0,11.007450849583334,25.55184164230832
489,10.861015982895587,4.825581305738887,4.854667618346655,2.010656931031726,2.019435011633227,6.156060101582533,13.507523363590536,10.765059685180848,15.0,30.0,2029.0,10.740502577023806,25.197032996899978
490,9.256886148387531,14.790504643321718,10.316203087253825,2.69647665852105,7.29297429233948,9.982360470655111,0.4350801537944692,0.2295145457268192,15.0,30.0,2029.0,11.875072060357148,26.75286194115836
491,8.716761392061567,9.891539919282389,2.8009688921423663,13.665011513621947,12.097320087500199,5.975505821287701,0.27719750321661063,1.57569487088722,15.0,30.0,2029.0,11.631748451746034,25.72548589842502
492,4.7585468382951195,7.9328047102488615,6.910614229582176,2.919331292336083,4.341853242295519,7.754098168780022,10.871034588147236,9.511716930314986,15.0,30.0,2029.0,9.795979943690474,25.49417700055831
493,4.712290278932402,11.352020653616854,0.5065784816086106,12.753443961094918,8.57613705997511,8.79251424503133,0.4904977748806425,7.816517544860133,15.0,30.0,2029.0,10.687115853690475,26.184597128708337
494,3.609087378657431,11.561598370931192,7.142134027509155,5.368615963368794,0.9438484219818537,9.273561976039714,9.127200932288556,7.9739529292233104,15.0,30.0,2029.0,9.700847520952383,25.898830682149995
495,7.987946772261032,3.142493317691556,12.673341736054311,7.927673224734989,4.189971011250459,6.054599247938778,10.84793660914007,2.1760380809288,15.0,30.0,2029.0,10.495406113333331,25.27545391562501
496,4.871889916991408,12.238076212211567,2.014506410226627,11.777655106169084,1.055510057230146,0.19445933940945406,13.870668202557095,8.977234755204616,15.0,30.0,2029.0,9.410222825059524,27.18252401338332
497,6.339189744206285,5.230565380513042,10.189773568439964,10.103641335335972,6.525585977561684,4.55098860518064,5.047021472987392,7.013233915775025,15.0,30.0,2029.0,11.058218593749999,25.535661085208325
498,1.6000518931428458,1.559419788522362,4.1629283991893615,10.314963103442693,16.681842091114223,10.320120796401362,7.131181145614691,1.7505664284393438,16.478926354133115,30.0,2029.0,10.790742344583334,26.235078409650008
499,6.727531578760869,10.690674887608917,1.2178061324304148,2.3207041823448096,5.175770934676616,10.596874046642709,8.443789317809468,9.826848919726196,15.0,30.0,2029.0,10.545109720357141,25.854836739008334
500,7.3076164451108605,8.518798849242323,8.492389397132328,5.854688755262426,8.725992916282475,6.519227791726951,3.4417115423994074,6.139574302843226,15.0,30.0,2030.0,11.087639197916666,24.83086101185
501,14.18379800224446,5.938660571929819,11.029315463706007,1.4413558800457276,11.223503872540507,5.366157076076429,0.5691011757756117,5.248107957681443,15.0,30.0,2030.0,11.953342742083336,24.75559232544999
502,10.809503256671736,0.9086243112182025,10.879367327861946,8.272207764600864,3.857025752935479,4.571060053178553,8.666106412965897,7.036105120567327,15.0,30.0,2030.0,11.840289165000003,24.65443208164998
503,6.353463575970649,12.892400967616089,2.786210747498594,5.442313835248747,3.800813347766661,9.965095870500699,9.950783587943958,3.8089180674546,15.0,30.0,2030.0,9.14461246228174,27.395648135966677
504,5.185365188579821,4.977769617209152,11.990071530771399,5.699128061359405,3.11058890773335,10.811426724646076,5.957102526098436,7.2685474436023565,15.0,30.0,2030.0,11.05552223875,25.55184164230832
505,10.079817929824497,6.293113699411371,3.677641294323625,6.679149692945086,9.718860342444541,2.9249164598484816,5.392244118780739,10.234256462421666,15.0,30.0,2030.0,11.80985720666667,24.68178939989999
506,9.748497167137542,10.782776037090478,5.571959961169194,4.979571609833422,10.854714704633352,3.4195086197734526,6.65765587027297,2.985316030089597,15.0,30.0,2030.0,11.732603068690478,25.628201714375024
507,5.610703248661202,12.598321761968526,1.823739161298487,7.633815054773153,2.6119941590113105,10.268336541555378,10.185532929867163,1.4635185027068807,17.8040386401579,30.0,2030.0,9.14461246228174,27.300600760166677
508,7.3697908281917,11.850215530716813,10.6090020748365,11.50071232488031,4.119045045492866,1.2693297890783812,2.2644834728932937,6.017420933910128,15.0,30.0,2030.0,11.027807972440478,25.237183590800004
509,8.616101752745282,4.22592740377311,4.456103172610517,8.644653523598343,6.099018040539627,10.605164581648976,2.0362976130422963,10.316733912041848,15.0,30.0,2030.0,11.967004735833335,24.68178939989999
510,8.156578201033449,10.62755621052514,3.1410531741595062,4.067309427522986,6.676932550547139,2.630055463254776,10.08346012297856,9.61705484997845,15.0,30.0,2030.0,10.436101714285712,25.026846852699986
511,11.385844209592396,4.956948697155244,9.30330063236787,0.7378656300118206,8.944485081425768,2.243186322453625,12.20515416434963,5.223215262643654,15.0,30.0,2030.0,10.695956318273806,24.85113382644998
512,0.7784470721297884,6.157044044523368,5.744018034329025,4.421304951111241,14.154278950290427,11.657580973809873,0.9923575524689167,11.094968421337358,15.0,30.0,2030.0,10.983198277916667,25.544974859858325
513,4.235026795127438,7.770012801884946,6.776615133001803,6.625124113538433,6.172377823101131,2.782740164652384,10.226862412124303,6.107834992076869,19.303405764492695,30.0,2030.0,9.735203179166664,25.49417700055831
514,7.3597834350425675,10.14066122306073,7.151891078566625,9.392072898653659,8.920008218249958,3.881966036587246,6.469164532560147,1.6844525772790628,15.0,30.0,2030.0,10.829914576607141,25.537124755475023
515,11.654178654004898,8.274549632017614,6.443834774847151,4.2119864412090315,15.649367215479334,1.1236867732817437,0.6825854838360841,3.404371692185336,18.555439333138803,30.0,2030.0,11.905168475833339,25.35205166972503
516,9.638821500284982,12.952865814065342,3.148956475608688,14.305914590395965,2.1014191495784535,1.4882980003967343,1.6514600613959256,8.43494244624607,16.277321962027838,30.0,2030.0,11.698719414523811,25.909672597550003
517,11.711662026078958,5.202784241382072,1.8018302569768314,5.580598691791151,8.132412734996915,9.967059065988051,5.494387161172106,7.109265821613917,15.0,30.0,2030.0,11.729500805000002,24.802658793949988
518,12.035064812985553,0.5987623978804847,10.82125525589356,6.863386332173034,3.0771907108665784,11.655665883524549,5.899965410417683,4.04870919625856,15.0,30.0,2030.0,11.89671416696429,25.325709940725023
519,13.263931512759255,11.824837891509576,0.23317979780888315,12.35636130969177,4.545962602095054,2.2640578788233503,3.423627042729473,7.088041964582637,15.0,30.0,2030.0,11.699404389523812,25.355375139150002
520,2.6329728986308507,11.653423317045121,15.137368625095295,11.891325648652003,4.524454805949462,3.7427803992030237,3.3278012774354706,2.0898730279887747,15.0,30.0,2030.0,10.85602539827381,26.74715290635002
521,10.700394440052047,10.316830507125525,4.43383407761846,5.009843679844105,10.336565334859666,5.300089994013283,3.2248666417361207,5.677575324750794,15.0,30.0,2030.0,11.936908320357144,25.0577715056
522,13.525385872344778,13.899674739728814,3.5803738352333143,1.0553281986619878,12.037655572874336,3.446418761972507,6.410212551073717,1.0449504681105561,15.0,30.0,2030.0,11.514228522460321,26.609309889975023
523,11.811458076504586,3.0407565036141135,4.932433893773004,1.971106990169427,1.0891233003255554,14.56868022582957,9.626497605794023,7.9599434039897154,15.0,30.0,2030.0,10.84200889690476,24.144554370449978
524,9.551723183136138,0.1958315968372849,2.211856535444246,7.754257644445198,4.449093305181975,11.632862923676042,7.878574479821988,11.325800331457128,15.0,30.0,2030.0,11.59161805416667,24.756059379399975
525,3.788823148796175,11.667213786358376,1.8591884366225777,6.087774143387479,9.347833106652244,5.100961829126255,5.5188268163266185,11.629378732730277,15.0,30.0,2030.0,10.636319127023807,26.18561212005834
526,3.174298251967628,10.806739637509073,0.8882853007500736,5.184508986680765,2.4719760425023427,9.597562943420039,10.947244763666736,11.929384073503345,15.0,30.0,2030.0,9.27398531065476,25.935395660058326
527,1.3068471670529604,7.077898581141218,15.70941329492657,3.616234713150308,4.2641896350293305,1.6756496881781615,10.057842093869006,11.291924826652446,15.0,30.0,2030.0,9.704614945833333,25.495191991908314
528,6.504933253572096,1.7980831047259185,3.8701913486412787,8.858622326341838,8.199230444397474,7.1010618016017135,9.133227798018702,8.523776163931837,16.010873758769144,30.0,2030.0,9.812995732023806,25.48479179605831
529,9.39754319898202,3.0018394085409272,8.185511191644533,10.889279997557027,4.6557024004330065,9.40361222749749,8.748043773660612,0.71846780168438,15.0,30.0,2030.0,10.85988725952381,25.306234396275013
530,15.088159805680979,12.656263227001977,1.7114622507540644,1.8990770057136388,9.272551171024071,5.379551160114765,0.5444585354750985,8.448476844235406,15.0,30.0,2030.0,11.690769164523811,25.831355278800007
531,9.286043273426092,10.596366575715258,8.761173901441563,9.523450499066946,2.506908161128297,3.0521107226731465,2.4146982438890765,8.859248622659624,15.0,30.0,2030.0,11.936908320357144,25.0577715056
532,13.56379492927673,9.828145415889566,5.965215709751501,6.55151556900893,1.1590277709877184,0.4840556245199083,10.70180845085458,6.746436529711061,15.0,30.0,2030.0,10.792118274285714,24.91363537964999
533,3.4802805164756196,5.971102575502365,5.906706888798317,4.8736610227932085,10.297150688368959,5.6608298787836695,7.574028363428157,11.236240065849707,15.0,30.0,2030.0,10.876928603749997,25.519819154158313
534,5.667076424176747,0.7342398746141341,5.479474551182217,5.849728146851746,19.086367052961137,13.626815181217928,1.7148667220448135,2.841432046951286,15.0,30.0,2030.0,10.918901408809525,26.19760521018335
535,8.868333972987605,10.366418143144895,11.343105775005986,2.4323487406204976,3.7355363848019345,2.8980458542741445,4.326294150793207,11.029916978371732,15.0,30.0,2030.0,11.936908320357144,25.0577715056
536,7.513414568603498,0.4423851391603997,0.9841019576097471,8.246235695327849,11.018869711476155,3.300967200114024,11.066706855482536,12.42731887222579,15.0,30.0,2030.0,9.592334795357141,24.71968445094997
537,5.605249763219876,9.410997135340262,10.599200074939098,13.761347241418562,4.791809509851906,5.702513479796502,2.2977054004006896,2.831177395033105,15.0,30.0,2030.0,10.96086556910714,26.454668377983356
538,8.403458903574046,3.8299453964173984,6.071444152964618,9.690725583290009,6.189653950994862,4.974271654437299,15.67343587276522,0.16706448555654924,15.0,30.0,2030.0,10.575436454999995,25.976557708685007
539,3.196895479510249,7.244383869874015,8.0322183396625,7.8656010594153285,5.353806313471572,4.161742608434234,10.037858588360933,9.10749374127117,15.0,30.0,2030.0,9.704614945833333,25.495191991908314
540,1.243993746260862,1.6332368165677715,10.097627424970215,0.8949954110086811,5.836920379360009,13.048429841936153,5.09928693561249,13.22354731096575,18.921962133318058,30.0,2030.0,10.972738363630954,25.544974859858325
541,9.236905031837184,9.477128964251472,5.03722892386456,2.6668151411450034,6.606452260435621,11.677556267344416,8.106338110480042,2.1915753006417065,15.0,30.0,2030.0,11.72074969732143,25.547493555025024
542,6.479552168241805,8.040870082787873,5.640686037523968,8.91630576726081,7.9104259516850215,6.7374569281541845,1.6517706680555837,9.15690985521495,15.466022541075805,30.0,2030.0,11.058218593749999,25.535661085208325
543,6.364195952003941,3.3746003446699033,9.835169323778008,9.406402147308992,1.8364297065103539,11.43200167515055,2.3589738179720228,10.392227032606227,15.0,30.0,2030.0,11.032739225297616,25.527779311408327
544,5.387002305789728,0.8141620682699262,8.689524502858147,8.721942937142655,6.713517087440373,8.905315619569697,7.802128895106441,7.96640658382303,15.0,30.0,2030.0,10.924999992916664,25.518804162808316
545,3.7457300998652423,5.627217404316165,10.808924769294672,2.9693636857072647,4.44811963028788,8.049755672352944,4.008017977270445,10.12355036691488,20.219320393990508,30.0,2030.0,11.007450849583334,25.552856633658326
546,9.37853204070805,8.20056089791964,6.866825249781107,2.625488085370561,12.591139812286018,3.497613703683847,1.2849775440938793,10.554862666156897,15.0,30.0,2030.0,11.967004735833335,24.700249355099995
547,0.4963022841298086,2.40506648148343,3.0391223439351642,0.954708826001151,11.52204962688835,14.686580662961076,6.550389202837415,15.345780571763603,15.0,30.0,2030.0,10.540703560714284,25.05147580064998
548,1.7734872678280655,7.301152888074777,4.939951093509593,7.215549317546714,8.961441513308,6.420436891358806,7.384348201045597,11.003632827328454,15.0,30.0,2030.0,10.876928603749997,25.519819154158313
549,10.190381632093112,8.679681390598333,2.5349169701709573,5.340764504380984,6.6426439530483945,5.954747782344102,2.5312523656891917,13.125611401674925,15.0,30.0,2030.0,11.716169514523811,24.932821373399992
550,8.64642453475084,11.408221597810648,1.7313438007838666,3.1832903200806246,6.900006299438415,10.158768979280978,0.46095159758075704,12.51099287027387,15.0,30.0,2030.0,11.699404389523812,25.355375139150002
551,3.295782753878484,1.9630811637712198,8.912326065853678,10.757002559195199,4.6572239042029535,10.723299097848399,9.275132591161189,5.41615186408888,15.0,30.0,2030.0,9.704614945833333,25.495191991908314
552,8.61108859363425,0.8946146577272724,10.730866797769268,0.8141375265363628,12.59297670910071,12.714146195086535,3.6538535824302376,4.98831593771536,15.0,30.0,2030.0,11.91765203696429,25.279568955625
553,5.113917308636047,10.544241759129527,5.299596527997945,0.9875459990093404,0.044981785704351844,1.8001446118349542,14.09936641762889,17.110205590058946,15.0,30.0,2030.0,9.829564117857144,26.245552856599993
554,2.3960828714952824,8.991033351962486,2.360295910829085,9.973023150637179,15.227735709437958,3.1931614875374987,12.475184679268054,0.3834828388324573,15.0,30.0,2030.0,9.139410171805551,26.54230267208334
555,5.394781064069253,2.6560536636155225,5.713585839400178,6.390357631751231,4.600670304474341,10.049867994301408,14.063407153621215,6.131276348766846,15.0,30.0,2030.0,9.789257743690472,26.148223729833312
556,10.242629671732798,6.856075345614509,5.457265815496989,1.7946979458792836,5.393894415191133,3.340149539025365,11.31201560097337,10.603271666086549,15.0,30.0,2030.0,10.755965577023808,24.629804919399977
557,3.0890348674020296,5.638114638089419,12.03516374305632,7.240392446990263,4.587266879974335,2.8533684138155677,10.984846575236652,8.571812435435408,15.0,30.0,2030.0,9.704614945833333,25.495191991908314
558,4.557033663124477,13.08627152053987,7.090779546969483,5.463036414441018,7.1089411386087065,10.620539575106168,4.6369624103818285,2.436435730828457,15.0,30.0,2030.0,10.858626060773808,27.403506138216688
559,8.297667127170632,10.268352150630555,4.321315424773462,0.877303285050026,11.157368700882222,5.0645334553657975,7.2561424410626865,7.757317415064623,15.0,30.0,2030.0,11.794439328690478,24.998822795449996
560,11.30086948663611,12.028311933533047,8.275392226569643,7.311417235660982,1.7051081074980072,1.2563537062936565,5.081657046797947,4.651876003340529,18.389014253670076,30.0,2030.0,11.899421392023813,26.36708787392503
561,8.302753743528639,6.512723716641135,2.1057133405587725,12.310328406184112,4.718526933558518,1.3452708930035844,6.212668118764691,10.996095029216137,17.495919818544404,30.0,2030.0,11.729500805000002,24.802658793949988
562,9.964090008413478,3.0521337770735357,0.4381428487292807,9.531196118426966,9.71193437734157,6.703067436061225,6.458013248362736,9.141422185591209,15.0,30.0,2030.0,11.59222083416667,24.753432246749977
563,6.100854223405778,10.680237200792252,10.994798125356704,1.2863409486860513,9.37669211495912,5.516701606485857,4.277696336992629,6.766679443321603,15.0,30.0,2030.0,11.000097574107144,25.878678210408335
564,11.412280390047242,2.7972316597571076,5.5874770057992675,12.311098180066816,5.615964680756145,4.696103096821291,5.772858179325134,6.806986807426996,15.0,30.0,2030.0,11.967004735833335,24.68178939989999
565,6.017640636795381,10.880961057218117,7.104011215826497,4.505295590208682,8.75755877724824,9.553137655622011,7.4278297036681,0.7535653634129692,15.0,30.0,2030.0,10.780429213154761,26.490240708583347
566,4.448320989796489,10.599152439209046,0.2887945576718293,11.893880241810168,4.1762971058284295,4.8795178383633,8.308915819771302,3.3985115384627833,22.006609469086648,30.0,2030.0,10.42827267329365,26.605951592816673
567,4.703968391269757,8.991480862711212,6.518958579529159,3.0944270498011264,4.453918259572256,7.480647994681203,10.302361573355627,9.45423728907966,15.0,30.0,2030.0,9.775058840714284,25.606507770358327
568,6.354166443979789,11.694146975401377,10.290083766368364,4.080513158612471,12.401825973357095,8.946863434875308,0.7884699006739933,0.4439303467316039,15.0,30.0,2030.0,10.897638679940476,26.698192249883355
569,11.114661716083452,6.340893979197274,0.9166765486410708,1.3488481205119678,4.690884785673601,11.500460194258192,8.475307722533795,10.61226693310065,15.0,30.0,2030.0,11.589440484166671,24.756059379399975
570,10.81868469755121,0.19068644987608724,10.522589396220202,4.093741764927658,0.11204242459938193,7.652304045790821,10.887780306424453,10.722170914610189,15.0,30.0,2030.0,10.84570041154762,24.496641869449977
571,6.089193245565448,6.8619013548580785,7.961359420460582,1.9493806767225157,10.325689929052297,6.877345951851348,9.12020772351693,5.814921697972805,15.0,30.0,2030.0,9.812995732023806,25.500972353158314
572,8.270985969626658,12.316845936568532,13.544714952129164,9.595676991971938,7.7995145614032975,0.04988340933531789,0.5686131855898854,2.853764993375207,15.0,30.0,2030.0,11.875072060357148,26.373007417525027
573,5.818980562687511,6.871026932478408,8.025000580008129,1.8866380878319202,0.8083806434463994,12.86068935656748,10.253806930641625,8.47547690633852,15.0,30.0,2030.0,9.836550281309526,25.28303350139998
574,4.953853038258023,7.425915983496423,11.044973057902121,9.725146877966,4.934253910752489,7.4675833939461045,2.0509653207322542,6.492379156791496,15.904929260155088,30.0,2030.0,11.05552223875,25.55184164230832
575,12.870065644609127,5.651369904407119,13.857985926052631,8.036106187680632,0.586440567431307,8.140643564738722,3.8094250967200978,0.4506462779626618,16.597316830397705,30.0,2030.0,11.942101108333334,25.11351762940002
576,9.931728499795568,3.5936274923146474,2.4229490810385172,12.14347028710198,4.509157904105326,7.498231247734417,7.605525797212968,6.988237475298071,15.307072215398504,30.0,2030.0,11.59222083416667,24.763941153199976
577,4.407661588875872,9.414838165868021,1.9767122764046472,5.94157878445413,10.377413587964348,6.82763381485027,8.91906389091161,7.135097890671096,15.0,30.0,2030.0,9.507312994940472,25.915058569208327
578,4.622475243948025,2.8735496988841476,8.197351240361176,11.887443780975858,3.8479382091348984,0.0694662651050865,5.808291987472757,16.409570368598043,16.283913205520008,30.0,2030.0,11.030321262083332,25.55184164230832
579,3.5930317495869724,6.643822993237457,3.168817338136047,1.9834247157653326,16.91774928578622,18.61388505715336,3.062001983409821,1.0172668769247875,15.0,30.0,2030.0,10.642945492103173,25.29918084889164
580,2.5618753604832665,3.7701804163246,2.512462919533065,9.684342328636758,8.912824725419837,7.941884284725277,4.843266513375745,11.37015628247288,18.40300716902857,30.0,2030.0,10.708056631666663,25.67524595985832
581,3.310663271208097,7.8030883253575665,1.3546313172517264,6.479155955525592,8.636797266805887,7.750277230431289,4.912398172535095,8.05270676779235,21.700281693092396,30.0,2030.0,10.708056631666663,25.67524595985832
582,8.027390556412131,2.1919761928904467,7.369087631405323,4.948618844552021,7.853692315873157,11.95295812320194,11.26541973249497,0.051434129478181434,16.339422473691833,30.0,2030.0,10.477209740178571,25.267572141825013
583,12.77654643797463,3.7781562084384186,5.12156050140314,1.2285021539586778,1.505129058054492,9.742686994374287,12.6597218206612,8.187696825135145,15.0,30.0,2030.0,10.737680018690474,24.929071005299978
584,6.3457383208305025,1.0920845249203206,0.045218026582404945,8.466543896057749,5.8302343303079,1.5046822574012653,4.33477050395464,3.006067425310067,39.374660714635155,30.0,2030.0,10.685661663888888,26.357435782666677
585,10.841125962800298,11.959368991715943,10.958903568277185,1.9973706849202053,6.428239691858031,1.0338132992423676,7.9782751476563964,3.802902653529575,15.0,30.0,2030.0,11.732603068690478,25.887427999575024
586,6.765824569162009,5.521254759472601,4.9248866116021714,10.701985154362317,2.789232192418378,9.33547655748598,9.631274655791024,5.330065499705515,15.0,30.0,2030.0,9.794683874523805,25.372585099858316
587,1.5865652086525175,0.7817607773633212,1.8995633080458942,3.1853373092765156,8.581436673723955,14.452890288906875,4.010794761147744,15.917101404057354,19.584550268825822,30.0,2030.0,10.664062104880951,25.519748009549986
588,9.686479231451237,4.207665355277465,0.8405951760253981,6.57843359500213,6.461195059957553,9.83003693272681,11.518715232034616,5.876879417524795,15.0,30.0,2030.0,10.431780273690471,24.739313990949974
589,0.05518382774339592,5.853305772001162,6.386826098447,9.484359263361418,5.801146820757112,10.536682776844742,7.22110737336817,9.661388067476999,15.0,30.0,2030.0,10.876928603749997,25.519819154158313
590,10.198047699951816,2.5713698991507687,2.866378483559982,13.994791546804615,0.4866130090374213,6.986590166787081,4.735044151646164,10.045994513055158,18.11517053000699,30.0,2030.0,11.796260362500002,24.682025651299977
591,4.8008362886023255,11.042406847482777,8.815733018555953,10.089737853176423,4.934212442440314,2.6323636443955722,4.631715630571502,8.05299427477514,15.0,30.0,2030.0,10.997401219107143,25.878678210408335
592,0.6412733015127201,5.945056465544147,11.377905297900059,0.339141405350848,9.286128140305168,12.822411536556922,3.257908831346773,9.537920356529119,16.79225466495424,30.0,2030.0,10.972738363630954,25.544974859858325
593,4.179654363330788,1.7850021912065033,2.6381129928179883,12.490003507657867,12.912066020411642,11.99542615538999,5.979212211288564,3.0205225578966495,15.0,30.0,2030.0,10.586315737519838,26.366787312266673
594,14.730866130094,8.920570283316636,6.844432342335317,5.931656265277339,4.274142460861136,5.371145558450899,1.9166699381280607,7.010517021536606,15.0,30.0,2030.0,11.953673445357145,24.811951979350003
595,8.633481530991105,3.762776798272966,7.725549378616084,8.287963636580496,6.719136996801669,11.083592425914963,0.24786826239741233,8.539630970425304,15.0,30.0,2030.0,11.960864602500003,24.68178939989999
596,2.617254478399814,5.0947536844709935,2.6883263671128375,9.373707641313223,11.102193700385316,4.942816354462631,8.410288629635126,10.770659144220065,15.0,30.0,2030.0,10.56696998583333,25.630848157858313
597,9.44968607974425,0.7920019970397344,7.607335344284711,2.8821888012769374,6.8282976173981815,11.719650255487068,10.766458018755072,4.954381886014051,15.0,30.0,2030.0,10.648520515178568,25.227584475124992
598,8.5149938571477,1.8268501650024858,8.782991021894418,0.02132509854032026,5.178404910460544,3.5167831690778146,15.529936345709388,11.628715432167322,15.0,30.0,2030.0,10.740502577023806,25.28292655385998
599,5.897203441277954,2.4356504098896345,6.121189094158677,9.532306658290294,7.026799107186685,7.232149666972339,6.173688101900906,10.581013520323514,15.0,30.0,2030.0,11.05552223875,25.55184164230832
600,5.272097541919361,7.924488448850308,3.2167489535672056,10.972249240555179,8.62290684368135,1.781171862388958,3.4079674542281055,8.270116099843868,20.532253554965667,30.0,2031.0,10.800451201249999,25.482925464958317
601,10.593749154867266,5.269844411845042,8.88199279610328,6.954051687040251,10.245485488879453,0.7861443069579136,7.6678362039789505,4.60089595032785,15.0,30.0,2031.0,11.802802236666672,25.300314852675015
602,2.3959773148219328,4.081870489133366,6.687059289292977,11.3182906463423,5.464479545484269,9.755527876466399,11.231040892032484,4.065753946426279,15.0,30.0,2031.0,9.514287922976187,26.211466238750003
603,12.709012854931514,0.6767135833265808,4.70636998877422,10.367475381549722,8.628418785526103,6.657583483670122,8.2393721575185,3.0150537647032305,15.0,30.0,2031.0,11.778452905000004,25.306234396275013
604,11.027650608616751,3.191781804473247,10.619424132991462,7.8834385622695535,0.24890622027914408,8.867152308773564,0.4350404088777446,12.204730752048825,15.521875201669719,30.0,2031.0,11.999847693333333,24.53679287029999
605,4.0634423948908225,6.021352926197236,5.622380753987945,5.877650618786722,5.024250145625051,9.805088209794754,2.59303346863464,13.35449213456134,17.63830934752149,30.0,2031.0,11.007450849583334,25.55184164230832
606,10.127461926926639,2.9352226250684343,0.20861643323737544,7.354033446616748,5.438368855141459,6.73593937447451,10.681019777748057,11.519337560786774,15.0,30.0,2031.0,10.431780273690471,24.739313990949974
607,1.5114309808442166,2.8984017956465373,13.22287520956343,7.779397463033182,8.042695681372223,5.565540262982549,10.953280191573509,3.3393320286118673,16.68704638637249,30.0,2031.0,9.514287922976187,26.210451247400005
608,11.747403343421311,7.833061506272116,4.344410967670456,5.5930944870890835,3.1690854881891948,4.100296414409191,7.716662813371102,10.495984979577551,15.0,30.0,2031.0,11.840289165000003,24.65443208164998
609,2.1057421667424228,3.7243397791294477,0.643992614118756,2.43930320182318,15.890568212890468,7.958920427653066,1.345416376804757,16.625479658509985,19.26623756232792,30.0,2031.0,10.708056631666663,25.67524595985832
610,9.390168983590288,2.2143681934157673,8.413366797402988,6.9408921040309846,8.749249468151719,8.016446040905297,3.48552975863593,7.789978653867024,15.0,30.0,2031.0,11.967004735833335,24.68178939989999
611,1.3678062775622721,11.852974043042046,3.6887408516838733,6.599378554057088,4.960511121284082,12.167990196752001,4.24706281646502,9.868799256589185,15.246736882564427,30.0,2031.0,10.72430304910714,26.077648405758335
612,4.26831318876461,8.439585467117347,10.303586369460314,8.520690727706828,2.5635079736821416,10.026066272429867,4.3745194105414145,6.503730590297478,15.0,30.0,2031.0,11.021370499583332,25.57030159750833
613,10.35879882541869,7.871830088494475,11.795827649911919,2.2707250239477603,5.554756356551637,10.996995016126867,0.2539385256082523,1.481525009563453,19.415603504376946,30.0,2031.0,11.899028342500005,25.333591714525024
614,10.985219109719587,2.0554180431652225,4.0661465338050204,8.477775112461964,7.406991279976502,6.543797275052449,5.966992122672732,9.497660523146521,15.0,30.0,2031.0,11.967004735833335,24.68178939989999
615,3.273721366402551,12.550131670674103,5.276298107875641,7.030490730525258,9.924225101745304,0.5637706410866832,1.9361514779342708,14.44521090375619,15.0,30.0,2031.0,10.935713344940478,26.654022345991667
616,8.68413167452179,0.10127030250811377,7.709553656384427,1.1716595368313887,9.762487226672732,12.394890359970985,6.640544386906375,8.535462856204187,15.0,30.0,2031.0,11.835300276666672,24.62468107889998
617,12.246442990561743,2.3949851233625554,3.798486609684404,6.371928341457818,10.188719784597595,5.377019649724088,13.27120946353827,1.351208037073532,15.0,30.0,2031.0,10.575436454999995,25.735499930525016
618,3.5495023385767785,10.310072575270956,2.579303595747034,0.8792645509533411,1.9007554196660097,14.606975558559926,8.666175842523922,12.507950118702034,15.0,30.0,2031.0,10.42862968345238,25.49931711154999
619,5.544649744886304,10.594531022781084,8.37462702514882,8.183827767414726,0.5192676746729866,6.157617237042975,5.231423140574025,10.394056387479079,15.0,30.0,2031.0,11.065092534107144,25.690067730700008
620,5.420060654312029,3.206735473270574,1.7021783278417342,11.297636692668013,7.356072001083024,11.349655417552253,10.951359961697774,3.716301471574597,15.0,30.0,2031.0,9.2365500316865,26.299523582716667
621,12.534067874674964,5.536242424885003,5.391263427699418,4.146133355154363,6.3086356273611965,3.44776044071069,5.133476272695032,10.955006788898192,16.54741378792114,30.0,2031.0,11.967004735833335,24.68178939989999
622,5.8352191080023115,10.871584163178062,0.6553325704979592,11.062251679349647,2.7269708533659243,8.44201138694716,7.2477872080313,6.879384106847583,16.279458923780055,30.0,2031.0,10.55934198690476,25.966532997308327
623,4.697090953282134,7.28535426803898,10.980950408235131,2.929598691746783,10.86780956811895,5.40918359243246,2.556985318899544,10.27302719924601,15.0,30.0,2031.0,11.05552223875,25.55184164230832
624,1.0433734177808491,5.8218763545535355,9.818236524252832,9.083820786561963,6.609808614100468,7.0082470194122966,3.7041474816154363,7.446574360939267,19.463915440783357,30.0,2031.0,11.007450849583334,25.552856633658326
625,2.014925358899447,0.41317137065832965,12.951488342856813,7.307997394658223,7.461830615417725,10.831490816801974,4.365917974711843,6.685867925550772,17.96731020044487,30.0,2031.0,11.007450849583334,25.552856633658326
626,3.1353389141737944,5.629648611075109,12.278215321178747,11.728532148200037,6.0950800771077045,5.481500703586477,7.403950843136479,3.247733381541655,15.0,30.0,2031.0,10.790742344583334,26.235078409650008
627,3.983958074948287,4.233660873272072,10.081801695219328,10.490506717095931,0.393366459067129,3.1571970070068396,8.06942225195716,14.590086921433262,15.0,30.0,2031.0,10.962066656249998,25.33431318524998
628,8.33871499022683,13.294671513576205,4.878501951047493,1.998231228962429,7.320243602532957,11.172070962280303,1.6436661252653948,6.353899626108389,15.0,30.0,2031.0,11.930768187023812,25.917761508000012
629,7.164958898875818,4.423970403222362,12.53777180923623,8.933390225179101,6.734420466752973,6.052013278330618,7.37699268616885,0.5999390119731064,16.176543220260946,30.0,2031.0,10.874065437916668,25.330877983475013
630,2.6148445992680203,1.7344632327492577,2.068646771320353,9.523998104768674,9.529959800205745,12.216789031446783,10.832223899597157,6.479074560644012,15.0,30.0,2031.0,9.272204972440472,25.59833922180831
631,5.863187729229628,5.439111857756981,7.376747406607036,6.374771689428741,7.363538273134893,7.008049551269329,8.224077460614609,7.3505160319587866,15.0,30.0,2031.0,10.924999992916664,25.518804162808316
632,6.923141240869089,3.7223385160116074,0.02184412069501051,8.624841886401796,9.097560915001822,14.971973955410267,5.56766623865839,6.070633126952024,15.0,30.0,2031.0,10.73620353892857,24.435937869649983
633,9.670043297718674,3.1242399922404576,7.619179785753733,8.606051199443634,5.896548495350171,10.965726720401337,5.5531707789203155,3.5650397301716743,15.0,30.0,2031.0,11.901808692500005,25.333591714525024
634,2.6857470660098617,0.4250472529242662,1.47329018483943,4.691502580040341,15.918341577559525,9.144316042555511,6.1112346078994415,14.550520688171627,15.0,30.0,2031.0,10.708056631666663,25.67524595985832
635,9.125889660585056,8.236765440602186,8.18005180413485,4.967017679826251,7.654248027577404,1.7389768453751095,5.557863284609037,9.539187257290111,15.0,30.0,2031.0,11.967004735833335,24.700249355099995
636,7.893345958424041,0.6405991052121546,12.279390879265565,2.7128096875384675,10.162403187841951,1.3786073146650946,15.238085582058492,4.69475828499424,15.0,30.0,2031.0,10.560425579999992,25.965499838035008
637,11.88140496650886,8.941223097235321,9.314960820098497,6.272319321942419,5.962388993775766,1.381822317225754,7.031377749822435,3.101171320695974,16.11333141269498,30.0,2031.0,11.757531802023813,25.400842143325026
638,7.06184351574975,2.5878179978981923,13.428562060469165,2.087024634888769,3.237460155581158,3.616836594830563,9.522397454890148,13.458057585692256,15.0,30.0,2031.0,9.867172582857137,24.812492327483316
639,4.772290081192755,7.685475722374939,2.277193909195859,2.259325807504278,9.731039520275981,9.802198796019802,10.175238780050579,8.297237383385806,15.0,30.0,2031.0,9.441785513273805,25.60520600425831
640,3.704449658484034,3.4638992150541172,10.414891257177114,8.591616639979202,7.883172074067837,2.0248097959169105,9.903120746379223,9.01404061294156,15.0,30.0,2031.0,9.704614945833333,25.495191991908314
641,3.953548509520262,1.1743814741622882,9.538300641976237,9.494478705250398,1.3785921074899419,4.630330583648185,14.417541439711174,9.852036767455973,15.560789770785538,30.0,2031.0,9.696889991666666,26.137290003533312
642,1.5727334358879066,5.527812868587756,4.968780428638275,4.682224581509123,3.8479715382016932,11.47389857415259,6.549958643024685,16.376619929997975,15.0,30.0,2031.0,10.84658621208333,25.495748312658314
643,0.2071143745472982,7.304475601662392,0.846759166816599,14.826696361292663,11.988940937583349,7.432299580640604,1.3130547162488029,8.984143834699816,17.09651542650848,30.0,2031.0,10.708056631666663,25.67524595985832
644,5.439809315395344,7.7949437060024325,7.354910368933124,7.687538435159148,8.418306129090434,8.97700978330811,3.882304428352454,5.445177833758952,15.0,30.0,2031.0,11.05552223875,25.55184164230832
645,18.039754493517215,0.2478517874076167,6.435344892950667,5.092487979451046,4.753407718288766,4.032447086258091,12.84998499338323,1.535920662860278,17.012800385883082,30.0,2031.0,10.575436454999995,25.705071673825014
646,2.668354783619216,2.6899486385731324,6.690572178381413,8.10888917568553,9.325103837540373,9.066081403240661,10.265581062946593,6.18546892001308,15.0,30.0,2031.0,9.704614945833333,25.495191991908314
647,12.493720030104694,0.16236141491361533,13.488496988884403,6.612682877565839,11.146345898217008,1.7763609752848943,5.529178730822625,3.7908530842069186,15.0,30.0,2031.0,11.905168475833339,25.333591714525024
648,14.540768043657785,0.1667862803991028,5.639455605816818,3.1474026890414963,10.629763037435213,4.588224317903282,4.673871299327568,8.812522220432726,17.80120650598602,30.0,2031.0,11.967004735833335,24.68178939989999
649,3.0178304842792856,4.250044476886343,16.743107092429742,6.828835978501707,10.29933106868277,4.153206262230334,8.433202993499174,1.2744416434906418,15.0,30.0,2031.0,10.790742344583334,26.235078409650008
650,4.358438266876121,1.4964769215355243,7.517367521579231,10.855155531401923,4.325503756367408,6.828137068209161,10.527965429849987,9.090955504180645,15.0,30.0,2031.0,9.735203179166664,25.49417700055831
651,2.509289871869074,10.028615243324593,5.464883967722697,3.1560953893659986,8.347930109861576,2.565679878548005,13.688341995290962,8.934624903896678,15.304538640120418,30.0,2031.0,9.605875970238094,26.373713496183324
652,1.9672065630376918,8.21124013438963,13.863451470967583,1.3546721671627349,4.021507200696081,12.237142114252906,1.0171874307005706,12.327592918792801,15.0,30.0,2031.0,10.982171952916667,25.56343481505833
653,4.010664371113155,3.847956046726077,3.9604407354172775,11.459060079181626,9.373851884192389,8.673564037343837,10.344578000455597,3.329884845570038,15.0,30.0,2031.0,9.53933795630952,26.178723894333345
654,10.900594564491165,4.30840503010587,8.960450236336296,12.290552276812265,5.602563945611583,0.9281463699806785,7.189367916983199,4.819919659678944,15.0,30.0,2031.0,11.802802236666672,25.281358069525012
655,7.490271286943379,7.190756759669412,10.096651049901288,1.5963984773470308,3.9102092315885946,14.174807555777743,10.333537822165166,0.20736781660737635,15.0,30.0,2031.0,9.71464287047619,25.136680099925012
656,8.54648653463917,9.390183172331243,3.2667290958275816,10.409512902126332,6.18231045308706,7.787765026091252,6.671933511111799,1.3723146505397459,16.37276465424581,30.0,2031.0,11.525026795079368,25.490716231725017
657,3.164335408203147,10.101113263339181,7.679822833464904,10.40554270180559,6.402816053133968,4.6803353996515495,11.444624783113062,0.450069096913347,15.671340460375264,30.0,2031.0,9.443088893214282,26.43920612215001
658,8.946854237713818,1.4673247390269413,6.116310006234872,9.361885239179152,4.991762527467751,7.869844839715676,8.482351277729174,7.763667132932612,15.0,30.0,2031.0,11.840289165000003,24.65443208164998
659,4.9494721446781975,1.3668674525475861,7.046025502861886,4.093864310527936,15.951161003287293,5.287390456490571,1.113073275926634,1.0289109234101421,29.16323493026976,30.0,2031.0,10.97419685958333,26.23814977078335
660,4.333228838406021,10.82114993948336,0.8494567615647524,11.862983076962575,7.457813387712493,2.220120714005664,8.217488367711772,9.237758914153364,15.0,30.0,2031.0,10.511145922738091,25.966532997308327
661,3.4603009251368735,6.401157957484055,2.146265100417371,4.84103451959912,5.480397636642178,21.065721940188578,1.7931315043364815,9.811990416195341,15.0,30.0,2031.0,10.749592181666662,24.771128555049955
662,9.692986863192006,7.319443498144283,9.431592645622777,7.6469779026640445,9.357869029568917,6.871396049289641,0.7749311068833095,3.904802904635025,15.0,30.0,2031.0,11.905168475833339,25.333591714525024
663,2.888289093541458,6.100197909905094,9.862406347391637,0.3695819580225,8.126893896794023,7.635581965404547,10.18412562245956,9.832923206481182,15.0,30.0,2031.0,9.704614945833333,25.495191991908314
664,2.596203488883841,6.929846917795537,9.727484788378744,11.383792961371595,10.037096156833261,2.481807268857419,7.6219040987626325,4.221864319116974,15.0,30.0,2031.0,10.790742344583334,26.23609340100001
665,1.9884843466686055,14.800602070218734,4.540122638529634,5.000125462925816,16.859281835414322,6.6578668754827435,0.16835175730867738,4.985165013451466,15.0,30.0,2031.0,10.884216456607144,27.62454219526668
666,1.0868274458087048,8.320986235845403,2.6557684812801243,5.066748139941181,12.090557187148399,5.95171589851782,12.843377144590601,6.9840194668677675,15.0,30.0,2031.0,9.327017790416663,26.036126580333317
667,1.0079136706410086,1.2324750762655192,8.9802846900822,6.707120453934191,10.887178147933485,12.620712763179293,5.349364631134403,8.214950566829895,15.0,30.0,2031.0,10.982340819583335,25.544974859858325
668,10.243848980246,11.237972112718733,3.134966104170458,9.522070131598205,3.272191850915011,2.5729359969532934,11.63891399122104,0.2379439774818352,18.139156854695432,30.0,2031.0,10.228436422341266,25.730971681525013
669,13.784829326374782,4.641650645546844,5.899618086354232,3.646362211053546,9.849690078027983,5.855766064918622,11.05885978590254,0.2632238018214512,15.0,30.0,2031.0,10.586234421666664,25.281607234025014
670,5.228686317726849,10.167966127148198,11.083708061767476,3.055030688687469,7.167647684765103,9.588544326956685,3.6043466556287687,5.104070137319458,15.0,30.0,2031.0,10.954589914107144,26.34093203439167
671,0.5431577622855139,3.1943931636487197,13.104324575578431,1.538983841072845,3.965587262353902,7.062808329029301,1.627867436342161,4.007457857833536,34.95541977185559,30.0,2031.0,10.921264590416667,26.26913088050002
672,7.672064084923634,4.513415772461267,7.8976922379311105,6.91193747626999,2.624139872682262,9.947242002648048,5.775962271983711,9.657546281099979,15.0,30.0,2031.0,11.350506555416661,24.674047732999988
673,7.501799483046109,9.404886218619456,5.007692930513606,4.612050578159834,7.355407227537846,8.570875728445309,9.38731775228425,3.1599700813935896,15.0,30.0,2031.0,9.741228968273802,25.50263641767502
674,8.582230688600934,2.8291255037430325,5.4647809541232775,14.650858143911183,2.298099414664665,9.948067393755796,9.327546994120283,1.8992909070808288,15.0,30.0,2031.0,10.586234421666664,25.281607234025014
675,2.6768091340517315,11.44958138114757,13.902643248142118,3.0712372880085,2.67299590118086,6.505948314119387,10.693662779053156,4.0271219542966765,15.0,30.0,2031.0,9.40306576190476,26.696021658850015
676,9.24982245255389,3.7834406169704726,4.062479328699153,9.36876807233872,6.716488885988847,6.954012806701144,5.441031313128477,9.423956523619294,15.0,30.0,2031.0,11.967004735833335,24.68178939989999
677,9.48162362751406,9.966116957879214,3.9371608093779913,4.114323343926501,10.615084494464513,4.0225083994723665,7.6295899999428585,3.380520742773014,16.853071624649488,30.0,2031.0,11.732603068690478,25.578623524425026
678,12.126941208373148,8.812223119488953,2.7327145972689006,7.924839209402719,4.130279901870347,4.729260645667383,5.139522772392989,0.9257603184846673,23.47845822705089,30.0,2031.0,11.648513576746033,25.569932419825026
679,8.586654121440812,4.811499556651437,8.372970729037226,4.617350895450511,8.732514820357238,9.451656824855313,8.950286281743855,1.477066770463606,15.0,30.0,2031.0,10.636427424999997,25.28840258662501
680,0.5560418089529038,8.008757661410838,8.3700215085861,9.019305160494335,13.607397709568222,5.962565910051838,6.086833486339937,1.1690272174901375,17.220049537105695,30.0,2031.0,10.921264590416667,26.26811588915002
681,4.6221921800488985,9.328233333546581,7.108163369304694,6.207167832356074,6.763796365284958,8.417607153999082,8.73050838893198,3.8223313765277385,15.0,30.0,2031.0,9.84121294738095,26.44009085368335
682,6.8049442503582025,9.28986349075576,4.35820936192291,1.8041784232263487,8.052410401971994,8.860064457180519,9.371910931791824,6.458418682792449,15.0,30.0,2031.0,9.778384681547617,25.615021215608337
683,1.883024697227836,1.6256046745095984,12.513099148509014,1.2218327715898876,8.715991830665692,8.300574528227008,5.4558496203844635,15.284022728886507,15.0,30.0,2031.0,11.007450849583334,25.552856633658326
684,8.501850491741587,0.3340938907939653,7.390253569245101,8.965573404753673,10.238043875066946,9.623375471266218,3.507434735942225,6.439374561190289,15.0,30.0,2031.0,11.967004735833335,24.68178939989999
685,1.277818000298992,4.274483388956585,11.869048413497682,4.708181248867707,7.620307615806975,5.877391932442216,6.223699753484383,13.14906964664546,15.0,30.0,2031.0,11.007450849583334,25.552856633658326
686,7.697021542774023,1.1204125166694632,8.96625724044,14.903302718138145,1.8095007778644903,1.275166748683256,2.81506834039784,14.006491294627116,17.406778820405677,30.0,2031.0,11.350506555416661,24.674047732999988
687,4.507011656740032,8.550766823170708,7.380011035283463,7.81552078061153,7.828227199783198,6.186609048753979,4.408716024355142,8.323137431301946,15.0,30.0,2031.0,11.008039209107142,25.682004221758337
688,9.109601673435957,12.809301518619003,5.73337505964942,6.729112680324327,6.776261458105814,7.005056042930997,6.723343223922244,0.11394834301224163,15.0,30.0,2031.0,11.732603068690478,26.483546147375023
689,9.579008505797312,10.55593269789744,10.114618424877484,5.1490647142033295,9.01421056906918,1.1593903513346115,0.4781696641839545,8.949605072636695,15.0,30.0,2031.0,11.936908320357144,25.0577715056
690,1.0206453975857415,8.979481737872822,5.037236714539741,8.680621531176058,8.57543493052863,9.61298193802026,3.125820721660044,9.967777028616705,15.0,30.0,2031.0,10.99411955910714,25.683019213108338
691,5.1930321802149075,9.966063912520033,5.696021267123027,9.977658887839036,8.779311473871509,2.519761929068283,11.416579374431,0.7312956831699438,15.72027529176226,30.0,2031.0,9.55357413464285,26.40924000378335
692,9.803348156878522,8.27847310060361,3.3681104527711905,7.019997758297465,3.7816868925351144,3.996356620567885,3.6664806892561397,9.585176462081034,20.500369867009034,30.0,2031.0,11.739686106666667,24.667685032749986
693,9.914391639229242,7.0655002285434945,7.6515197789813385,7.410289648034366,4.9888956532500535,7.651505422172126,0.773740260808703,9.544157368980677,15.0,30.0,2031.0,11.967004735833335,24.68178939989999
694,12.36123876635998,0.20347865987684585,3.4965146833770246,1.0483631978473018,12.557504770578348,12.165554734415782,13.095213754859008,0.07213143268570327,15.0,30.0,2031.0,10.31690439990079,25.695053834375013
695,3.3768409241219657,14.119845451474665,1.8276986002972382,3.9401809784974082,10.338986399120513,14.20186308852385,3.1697120957924616,4.024872462171896,15.0,30.0,2031.0,10.438777842519839,27.460750666491684
696,3.3325528930431485,5.812548819069834,9.617089299124157,6.443342700312691,11.414390491937908,10.58026758744604,1.8611806252902217,0.718448590289915,20.220178993486087,30.0,2031.0,10.921264590416667,26.246538264083355
697,2.0207472842117555,0.301510068060082,8.559498559910857,7.933330413430773,13.444073872134062,12.082217405014779,5.596702308206481,5.06192008903121,15.0,30.0,2031.0,10.93177630738095,26.20449476073333
698,2.195408730754409,2.1031946477048127,1.8143243045616742,3.823930005493554,4.875761585445416,15.288260177040838,9.197216071832713,15.701904477166591,15.0,30.0,2031.0,9.340629654821429,25.084497438299973
699,2.1885758332677594,7.739262957087904,4.606050222361333,5.965861168619843,1.59888633557188,7.258072798704543,16.66920751490561,5.574720434516404,18.399362734964722,30.0,2031.0,9.686398336666665,26.261481081683304
700,9.425165640309888,7.821907651865402,6.529861226342755,8.47999462700642,0.7488654386135527,4.581920104560698,9.793415751034457,7.61886956026683,15.0,30.0,2032.0,10.84570041154762,24.496641869449977
701,7.848058999460312,6.337867787347126,6.822022652180243,4.693126663068585,8.290800674200128,7.400945828559203,7.570002864117085,6.037174531067315,15.0,30.0,2032.0,11.679950031666667,24.659639085749983
702,10.100920093168526,6.327496769029091,3.218620016338355,1.6099968461720306,8.955166221813972,9.030703060185242,8.793068773670349,6.96402821962244,15.0,30.0,2032.0,10.799409410714286,24.572831008599973
703,6.224517151490998,8.977146897701587,6.852215279865457,2.5226698766955606,6.880789478678664,7.051699544544431,8.239489271905361,6.968584063098017,16.282888436019913,30.0,2032.0,10.906775244940475,25.648966742258327
704,12.581008120476112,7.121143803816308,8.888622128037644,1.3156759834836294,5.03425079416744,10.177331664930374,9.351004496713898,0.5309630083745902,15.0,30.0,2032.0,10.586234421666664,25.281607234025014
705,10.517994460496853,9.477029289658246,0.2226488308098268,9.068848932229063,9.710792803206443,3.734090715776917,7.5992022548431315,4.669392712979529,15.0,30.0,2032.0,11.503064391746031,25.676060473675015
706,4.592213678276255,6.0425834655349355,2.0724201215792637,11.832765233655284,4.964344724334875,5.696852069661175,12.728483190964102,7.07033751599411,15.0,30.0,2032.0,9.363713774940473,25.903290093433313
707,11.662808747008889,9.308676988834844,2.928932535392956,0.4828335613509224,11.86048915641824,4.097583313599222,3.7548150240896416,10.903860673305285,15.0,30.0,2032.0,11.72411976452381,25.08720165765
708,8.679235471453726,9.69705230426485,0.8461442152275107,8.41718203061864,3.812160633079665,5.115923281192204,8.930307974820721,9.501994089342686,15.0,30.0,2032.0,10.54018969071428,25.06438972394999
709,1.828730576939638,12.759821447840526,0.30898953428491815,9.355231080480909,1.6667328740540963,9.20368173665708,0.9069589757883524,18.969853773954476,15.0,30.0,2032.0,10.636319127023807,26.84702608750834
710,11.326060720851169,9.714699370065649,2.851384973967178,0.9359681128914824,9.316456890425435,5.0860651712837335,9.97263210867192,5.7967326518434295,15.0,30.0,2032.0,10.406234665952377,25.02022791994999
711,10.015786608926685,12.071788646203757,0.6658895700905656,7.012659598898057,0.43934099678465194,6.267361875757914,11.84516394100485,4.838110312824529,16.84389844950898,30.0,2032.0,10.358164647341269,26.246856066050015
712,13.308599375294417,10.787100180836415,1.4736062940621777,3.293136378637205,5.615614897977785,2.4234559687760413,7.05084043882117,6.715424778314591,19.332221687280196,30.0,2032.0,11.546370997857144,25.14299116899999
713,9.7811459972815,11.726896925214849,10.918613961390811,2.59793643637647,6.175630449761808,4.329401136945521,4.97828772398382,4.492087369045214,15.0,30.0,2032.0,11.899421392023813,25.854296377725028
714,7.210496490608744,13.526847216070133,0.8258258778407519,6.7184550846599445,10.657684984915543,2.081276618667871,8.419885695470828,3.297075882140564,17.262452149625613,30.0,2032.0,10.467178089960317,26.560501167975016
715,5.500222058295886,9.99869628768316,3.068218906756925,4.761859120425516,6.963921702844568,5.910989256733856,8.773222327458,10.022870339802088,15.0,30.0,2032.0,9.69808697410714,25.844499137908326
716,4.523601952282202,1.8583357474675084,11.183089798689839,12.50559819639293,3.777727765894872,5.983833826720637,7.328455648163437,7.8393570643885795,15.0,30.0,2032.0,10.890848253749995,25.518804162808316
717,8.713429799807665,0.7484368275319893,5.655619087729656,9.995957612097877,5.449421819402382,1.8005881140953912,11.896460004479879,10.740086734855161,15.0,30.0,2032.0,10.755965577023808,24.714455208849976
718,2.1538056009871838,11.02890292681131,6.236646656872591,9.985589524852006,4.007741446816763,3.9279991299779775,11.545890367925178,6.113424345756992,15.0,30.0,2032.0,9.626917603571426,25.832111932808324
719,7.157291461264708,0.6307299370248226,6.869031723468666,6.2216356537594235,11.57382094928823,5.271196692871756,14.591703153121408,2.684590429200987,15.0,30.0,2032.0,9.665470354583327,25.942727837475008
720,6.3578924178664025,8.618132336394524,7.096676560959591,4.814384416167356,4.199597565838635,7.234352380308798,8.10889029342331,8.570074029041377,15.0,30.0,2032.0,10.906775244940475,25.63278618515833
721,2.2562033143376645,3.6687846775756228,1.288035034858726,3.9319699728432354,11.111812315179135,12.341544396617666,11.270329036283862,9.131321252304085,15.0,30.0,2032.0,9.272204972440472,25.59833922180831
722,4.611393533017908,9.926486348609513,7.99007666011091,8.233305661655232,6.323438142556098,10.444700104904149,2.9734886252516457,4.497110923894546,15.0,30.0,2032.0,10.928259449940475,26.46910682564169
723,11.976363180636234,4.665473099135934,4.974316833263511,11.969922228661645,6.254363427531153,6.951414815271384,4.4818222025666605,3.7263242129334726,15.0,30.0,2032.0,11.905168475833339,25.333591714525024
724,12.052028991472694,10.680394629253566,2.6145515015258938,9.512804238381836,8.260179037049658,2.529388129748792,3.7447504008082033,5.605903071759349,15.0,30.0,2032.0,11.699404389523812,25.163248854549998
725,5.529602652423454,7.98332727723709,7.874521094575042,6.419188131029891,8.176357620159283,3.4727971155129858,9.155657038487718,6.38854907057453,15.0,30.0,2032.0,9.810299377023806,25.500972353158314
726,2.667440019204753,6.623595076647392,4.531798465981214,8.517450056323693,5.8101153533264025,10.21012028616704,8.280224716985424,8.35925602536408,15.0,30.0,2032.0,10.876928603749997,25.519819154158313
727,11.958599628248951,11.210254757724096,4.69172862089977,7.6103043241127075,1.947974843356185,7.650716741334534,2.072807978116194,7.857613106207567,15.0,30.0,2032.0,11.936908320357144,25.085998149750004
728,7.988163772691567,14.030557674706555,1.7395027353749462,12.685903091968708,2.735993042102049,0.5881704760261535,2.973454112579478,12.258255094550549,15.0,30.0,2032.0,11.579402731190477,26.03243756665001
729,7.6260348409889795,0.32338387710635996,10.416627414044868,1.6021115317640695,11.472746463646988,2.443181774717584,5.020675265902971,11.064225287655734,20.031013544172446,30.0,2032.0,11.350506555416661,24.674047732999988
730,13.05263177296123,3.002580811695306,12.702938893010554,10.347269797351817,3.0332883510311976,4.760636310637074,2.0737357494798667,6.026918313832954,15.0,30.0,2032.0,11.967004735833335,24.68178939989999
731,12.003895926891483,0.14495324681672342,6.529021435825907,6.924282343537419,11.034701702590853,6.1075959803692665,6.562596037992083,5.692953325976266,15.0,30.0,2032.0,11.840289165000003,24.63256285269998
732,5.892938296710098,0.7583811792760732,7.938228734191504,4.431245410108904,7.694670047952391,1.9365932883893295,13.448739815792496,12.899203227579198,15.0,30.0,2032.0,9.789257743690472,26.084184509833314
733,8.008643920849835,1.2491047940732973,4.628591493488628,3.278064520976873,11.951318451136274,11.128825697761702,7.569239885970435,6.792693767105164,15.393517468637791,30.0,2032.0,11.743320723333335,24.648278763249976
734,14.471706875922012,1.8718560496462757,2.39706320193175,10.103405309848913,8.08339783639069,0.2756884943781316,0.9252622311100291,13.258681060431964,18.612938940340232,30.0,2032.0,11.729500805000002,24.802658793949988
735,11.46801594693486,7.640727800566287,10.372181597914913,5.501131189568465,1.4594612265989089,5.582161974339889,5.885548223987547,7.0907720400891305,15.0,30.0,2032.0,11.967004735833335,24.68178939989999
736,3.444429609899104,2.8012971398554867,7.432453516398587,7.579257211886324,6.205256410865992,10.890320254289417,7.289272097803667,8.601951445838136,15.755762313163292,30.0,2032.0,10.873568820416665,25.519819154158313
737,6.827280766306671,10.578647941645546,0.20804177761979534,4.847665268038744,11.081537408849982,4.225197298054949,5.488307029513192,11.743322509971119,15.0,30.0,2032.0,10.701949787023809,25.570388490033338
738,10.341845112909624,10.450660874235716,5.680739486502917,6.187702081535342,10.057659771670938,8.887441425675151,3.1906653861899543,0.2032858612803501,15.0,30.0,2032.0,11.875072060357148,25.64277923867503
739,8.481693807632865,9.05347607708453,8.327637074113909,5.491807762238259,4.2094916126851345,7.336218742363533,7.004574324065586,5.095100599816183,15.0,30.0,2032.0,11.787706837023814,25.448845008025003
740,6.871664566823466,5.480013102681303,9.49550453676482,10.163219166694807,3.1777186800889647,12.623202311417677,4.373001221750812,2.815676413778155,15.0,30.0,2032.0,10.922145682261906,25.73893795262503
741,11.536179569121389,9.670034597253718,11.236144645712054,1.6800870721389287,0.8504856566376965,6.663967868920587,3.4687405085447294,9.894360081670897,15.0,30.0,2032.0,11.966500452857142,24.770541757749996
742,4.216092263988593,8.03835201657901,8.294111074115479,3.9576989334294925,9.764375424338736,7.335128290167995,7.39197724735528,6.00226475002541,15.0,30.0,2032.0,10.890848253749995,25.518804162808316
743,6.906527087325755,0.027190961197262786,6.344027706832879,5.740094118015297,8.10552683217412,2.716316828973988,10.458925347913548,14.265142207506084,15.436248910061062,30.0,2032.0,9.823046255357138,24.811640911433315
744,5.496031515119712,6.311708402273166,9.853789687596288,5.200477903501005,8.530843881663284,5.284390526679964,5.079312373376979,9.243445709789603,15.0,30.0,2032.0,11.05552223875,25.55184164230832
745,2.8467254763805214,4.5602758659654095,2.9254905444281776,7.357773205091515,10.13583477532626,9.989064990185591,4.628735528781935,12.556099613840594,15.0,30.0,2032.0,10.716006881666665,25.67524595985832
746,9.138893080187405,7.983156183398419,8.195362397652552,2.1453169115672446,5.122399243491904,9.42643312742216,5.51302562849222,7.47541342778809,15.0,30.0,2032.0,11.967004735833335,24.68178939989999
747,4.42268238434289,8.944113238719385,1.9153295857712322,10.72734760745622,11.376341408396792,0.6657833381913785,10.50323295657807,6.4451694805440285,15.0,30.0,2032.0,9.346043320773802,25.71753677405832
748,2.626397776840967,5.619153420711534,5.19699296182967,9.984456068938849,10.468863461776158,8.208179276567865,0.30676915580127545,12.589187877533679,15.0,30.0,2032.0,11.007450849583334,25.552856633658326
749,11.280037218950039,2.758816458257977,7.979206236873624,6.428238369185276,5.783594058652446,12.256473679606481,6.024979762890911,1.0379217191563408,16.450732496426895,30.0,2032.0,11.89568784196429,25.325709940725023
750,2.463717380059301,2.882033209344131,1.3809204218765616,3.682431423965507,12.846424521060847,14.524183607351269,8.12518217117834,9.095107265164044,15.0,30.0,2032.0,10.519063209047617,25.401391788949976
751,3.7269421856774976,7.870077525308921,10.70112479246434,8.754246775595485,5.673994446486391,1.7121204846008107,11.297598327628085,5.263895462238476,15.0,30.0,2032.0,9.699993035833332,25.494340575858313
752,7.704619984128867,9.463490445802247,9.606805143357374,5.581435205660561,5.33529176193503,2.771161189065365,9.760867027591985,4.776329242458574,15.0,30.0,2032.0,10.026172970773805,25.50945616322502
753,1.6814054631366373,6.650436078780129,7.42784395705114,4.469813889194931,0.9482145004573689,12.486197687431819,10.234450102684713,11.101638321263263,15.0,30.0,2032.0,9.781641917380954,25.36832407209998
754,9.595506924906363,3.9752899774346604,2.4597693579844844,6.821431602336612,2.719315914282981,19.73512936017215,0.9724343923984233,8.721122470484325,15.0,30.0,2032.0,11.780963690000004,23.807572390149943
755,6.453298217585349,1.693959587628646,8.854128827191186,3.7549284825241913,6.67909271589748,8.08299772633127,10.041547547610893,9.440046895230985,15.0,30.0,2032.0,9.812995732023806,25.477996443458313
756,6.624094412527789,10.119484480892504,11.551849318769042,1.3661663562344109,5.066177580638874,10.21665721475729,5.682185001046332,4.373385635133762,15.0,30.0,2032.0,10.916215969940476,26.36455142033336
757,17.103382201277007,8.43348125060492,3.5666556757784305,2.7857700408017156,0.7244650834880537,9.559527479476312,9.31583986292818,3.5108784056453786,15.0,30.0,2032.0,10.482920886746031,25.102335490200012
758,3.003986963063514,3.989495811497918,11.483537628625744,4.339225663502541,8.820741541076103,5.248902737238347,9.198047190614703,8.916062464381127,15.0,30.0,2032.0,9.704614945833333,25.50198734450831
759,13.61714848786548,8.408819713574548,3.4429149218621378,5.779474948454799,10.99420588119067,9.436757382407986,2.57778822536291,0.7428904392814633,15.0,30.0,2032.0,11.67266346888889,25.319487347375023
760,8.806701957408174,13.161432656255883,9.917017674683997,1.4682103466333705,3.2708568401848583,3.865665350020852,4.544864649877107,9.965250524935756,15.0,30.0,2032.0,11.936908320357144,25.917761508000012
761,0.8031429439658556,2.0381153792872966,11.70306768485187,5.570439621973033,10.311657705771239,10.090609642606024,6.081330401517775,8.401636620026903,15.0,30.0,2032.0,11.007450849583334,25.552856633658326
762,3.8403033009248047,11.731100289824793,1.180412142327721,10.900349078440327,1.4089932448367803,12.423735383028367,4.288927142313974,9.22617941830323,15.0,30.0,2032.0,10.583644880357141,26.17671535490834
763,7.357061106929342,10.800329494839943,0.4704127276738051,10.473533417668452,6.942610045892869,9.202162515498568,4.37559411962182,5.378296571875206,15.0,30.0,2032.0,10.769995577023808,25.143619314549998
764,9.066406631532091,0.34245227423565916,2.6894010718274552,10.88129937829706,12.158024535099164,9.879364974083922,2.430157700449535,7.552893434475117,15.0,30.0,2032.0,11.729500805000002,24.802658793949988
765,10.301132261251583,9.183022717520238,0.994091806680414,10.537615586251656,5.583791448481371,8.804282098361615,1.6574911162847437,7.938572965168384,15.0,30.0,2032.0,11.716169514523811,25.08720165765
766,0.4674774290064678,4.202994560515797,2.5526824305406506,6.646258260828195,2.7727308193121454,19.181332642251142,0.8050526842267502,17.125183294379266,15.0,31.246287878939576,2032.0,10.741210731666662,24.771128555049955
767,14.093053097493872,3.405902244010264,9.279956040476133,0.42298034647485055,14.07333493083996,7.898976229799092,0.6528239601196795,5.172973150786143,15.0,30.0,2032.0,11.953342742083336,24.79797489939999
768,12.484090041879696,8.756407313130092,7.150669974864184,2.220493794664526,4.564443743690468,1.8661720588296937,15.047754119030973,2.5201967493361113,15.389772204574259,30.0,2032.0,10.557678622857138,26.04744410298502
769,3.366568829424253,9.52663910346836,6.808304838849624,5.961265983253849,8.832159249112706,7.3187808980192814,4.5212309942438464,8.328753690314985,15.33629641331309,30.0,2032.0,10.949329829940474,25.81404042770834
770,7.303078588280626,0.9042522531502684,2.922120626233986,8.786623184855989,13.578513843959213,13.839000852038481,1.0964533177825666,6.569957333698865,15.0,30.0,2032.0,10.777313856547622,24.758617124199986
771,8.368979178702197,8.137218744731971,9.876827718502925,0.09278321043054655,2.3691528611232533,9.044182145688955,7.331897404176015,9.778958736644139,15.0,30.0,2032.0,11.840289165000003,24.672892036849984
772,8.781099750346508,0.550500824393435,7.924287361216761,9.405660080591412,2.9518927243222186,4.21781702945274,9.881359752953,7.226468826080516,19.060913650643414,30.0,2032.0,10.755965577023808,24.629804919399977
773,6.522869590305412,9.009716318931272,6.53063144115592,3.838964641870796,6.415117639697111,9.173549496369501,6.5180475349246,6.991103336745387,15.0,30.0,2032.0,10.906775244940475,25.605748350458335
774,8.154887284532299,9.844468375269875,11.042882175336588,2.4410742323450347,5.830839727279214,7.874534272512737,2.8633887834962275,6.947925149228018,15.0,30.0,2032.0,11.936908320357144,24.967545962750005
775,9.289253824481476,11.133800646510805,9.454353064939031,10.376499125885623,6.2821048535821955,3.3445177277389435,0.9962113981771786,4.123259358684754,15.0,30.0,2032.0,11.875072060357148,25.64277923867503
776,2.5754483889427777,1.6518918171408983,11.401985499841645,4.643608196683004,14.479010248076767,10.869809051334302,4.972261634220937,4.40598516375967,15.0,30.0,2032.0,10.949285857083332,26.27092715633335
777,2.022096477890068,3.0218570760210928,13.312476841333982,8.829877202836135,0.18158034482241772,11.573383399856446,7.280487828258483,8.77824082898138,15.0,30.0,2032.0,10.944693080416666,25.32297416944998
778,13.676237717118507,1.025832333976692,3.965591586892354,3.394047744248639,3.471590881036987,5.289548112369718,11.426877265607162,12.750274358749946,15.0,30.0,2032.0,10.755965577023808,24.629804919399977
779,8.274579971027576,6.779573144892893,5.639512692421919,2.4941423131987794,6.34293711820955,5.212575812725386,10.335944871542727,9.920734075981175,15.0,30.0,2032.0,10.755965577023808,24.629804919399977
780,11.393696294963622,6.718486433679735,10.761967652971578,0.7295637616137177,6.60566314107847,6.767643224330245,10.79836478426928,1.224614707093355,15.0,30.0,2032.0,10.586234421666664,25.281607234025014
781,11.057328486183687,11.990117728995596,12.677704322081107,12.249491116645316,0.07587987873168502,0.6092648804223905,1.885029918940491,4.455183667999724,15.0,30.0,2032.0,11.93635402452381,25.753526562200026
782,2.775466099562364,9.205246935207773,13.627613570069355,6.888836686425158,1.538162480252335,6.800922222662494,5.582515728095282,8.581236277725235,15.0,30.0,2032.0,10.99411955910714,25.819148924008335
783,12.482476458375375,6.825697879964895,5.947784946144093,11.987943700467643,1.9572714341288704,2.376417812038815,10.14692966004862,3.2754781088316878,15.0,30.0,2032.0,10.586234421666664,25.281607234025014
784,8.60674661730597,10.707912697067703,7.38283316477445,5.995611521715478,8.191037640763625,3.833526870550968,2.3492987268518135,7.933032760969993,15.0,30.0,2032.0,11.936908320357144,25.0577715056
785,0.008368672383835566,9.186155498561245,5.468763664298075,11.36055424826888,5.6654920529613895,7.339077527493139,6.147339461478648,9.82424887455479,15.0,30.0,2032.0,10.99411955910714,25.819148924008335
786,8.55431238790644,7.74909890950974,8.409508461656003,4.104143105612855,4.901787063567015,6.781084539469867,6.361233646790761,8.138831885487322,15.0,30.0,2032.0,11.967004735833335,24.68178939989999
787,3.9925580967321106,9.543002962776182,7.992255973383494,7.920673202993945,3.7328433071431477,9.000024672936528,10.314903166215545,2.503738617819049,15.0,30.0,2032.0,9.46257567178571,26.395854671283345
788,12.265947184577417,5.935373848640186,2.830143515367838,4.733317533195582,8.10465605498261,0.9431660695253999,7.4819497198568845,11.54299976963063,16.162446304223458,30.0,2032.0,11.59222083416667,24.763941153199976
789,16.83908033035392,11.844210464641977,2.750843244113301,0.21046673354287013,2.90343412334678,14.208028450330964,0.36681099621104185,3.95211010143743,16.925015556021723,30.0,2032.0,11.600480104424605,25.84074429287502
790,10.078590966865567,9.607515829743232,0.6515490176396911,11.492075048124907,2.923286830921832,7.125541834120264,8.295925059368017,2.1712753621565937,17.654240051059904,30.0,2032.0,11.478715060079367,25.681980017275013
791,0.8042912405435879,13.077661356678068,8.180222767272,9.755875549468733,7.32780247717555,11.647137910856888,0.4623127550628757,3.744695942942303,15.0,30.0,2032.0,10.805162752738092,27.43823288208336
792,9.98449698042437,5.568060679595649,3.856675172211542,0.04779114183478196,10.181435997680731,11.793579645071109,5.587538986449116,7.980421396732709,15.0,30.0,2032.0,11.963042172500002,24.67390762609999
793,0.14100195912286678,5.6766206742040755,7.483793777768975,10.666717488434282,4.430012932000995,8.889284306486763,6.943384683662976,10.76918417831906,15.0,30.0,2032.0,10.876928603749997,25.514990408958315
794,14.688583698913025,0.8153491919594088,2.2581596433990097,1.3643863511490073,13.959536559861402,0.17562918476871675,14.266626162345903,7.471729207603532,15.0,30.0,2032.0,10.421294023690471,25.31168613134998
795,2.3914532426281814,7.993671560097107,8.697256243479082,6.241403318064241,0.5187372281642575,8.399862377532894,10.779910669602572,9.22170274565691,15.756002614774763,30.0,2032.0,9.840705787857148,25.31070101434998
796,11.784877061095683,4.271641043126116,0.17772103877074516,11.181687165408379,12.486667186151525,8.691391139745459,3.068387043815373,3.337628321886725,15.0,30.0,2032.0,11.661844867222223,25.475324672775017
797,1.792370296068447,9.896215681586796,3.4901783552639056,9.687891302701658,11.026020068665733,5.121920607887896,4.373771393408223,9.611632294417339,15.0,30.0,2032.0,10.709387125773809,25.805406839958334
798,8.526230231448906,2.0929741579701058,11.564770376356666,2.6800663399171825,12.762490469778225,3.430199472459693,10.046474650324956,3.8967943017442583,15.0,30.0,2032.0,10.586234421666664,25.281607234025014
799,9.157092748966356,6.817569846223533,10.810751799605043,3.763430471570666,8.472663905733887,9.219001968803626,1.8547267355122983,4.904762523584584,15.0,30.0,2032.0,11.929517807500002,25.331943429675015
800,7.954508814625006,12.66294061575911,7.701685568415553,9.372729179569419,5.759356338170797,0.7807165667756083,10.31541993844256,0.4526429782419552,15.0,30.0,2033.0,10.379200609285709,26.32718337412502
801,12.787283851747308,2.3376139329304726,7.626227129494842,8.85525825032832,6.785025477027779,5.05324481376805,6.937304728567056,4.618041816136167,15.0,30.0,2033.0,11.802802236666672,25.295486107475014
802,8.082119548086059,3.3961765121167566,14.112279050044375,7.149516699989521,2.7715078646782385,6.809745064580631,12.367380785836291,0.31127447466812724,15.0,30.0,2033.0,10.578277446666661,25.408647302475014
803,2.0078934995069035,9.680496838723535,4.368305004339459,3.479182364665321,9.806598595862182,7.561367391040601,10.637119067630229,7.459037238231772,15.0,30.0,2033.0,9.626917603571426,25.754449683358324
804,0.7905613156371148,11.207862013039419,8.863277872441106,1.003846192007881,7.344989135076337,1.190876876184497,10.628704016062832,7.892692502520272,21.077190077030544,30.0,2033.0,9.586894472261905,25.860338576958323
805,7.210734367139462,2.517456029655173,7.306295503352483,8.598263053872117,8.594153721002701,9.697949860579646,10.155749550164971,0.9193979142334404,15.0,30.0,2033.0,9.681846954583328,25.306250821225007
806,8.352159192172104,3.1941429230775515,9.258815241838208,6.825232699990556,6.533797395541446,13.56473718894945,6.827957881559842,0.4431574768708459,15.0,30.0,2033.0,11.766587134464292,25.251727510275014
807,9.427558117633449,6.756208156927399,3.5759945578295804,9.211640188257347,6.504902507080566,8.286484378084918,7.516251319565591,3.72096077462115,15.0,30.0,2033.0,11.56564834805556,25.311914557525014
808,4.374403425347229,11.656408210921876,13.391894890478275,10.852497027425779,6.968353271177799,1.295918388198244,0.8530865512213479,5.607438235229444,15.0,30.0,2033.0,10.938314007440477,26.08451518820834
809,0.08146999104557222,12.425063454671452,4.568919000940751,10.647050921831664,6.716016501242559,1.6375477572373445,10.01270425788833,8.911228115142334,15.0,30.0,2033.0,9.586894472261905,26.60272752319166
810,1.2490839054872933,9.364586854984756,13.011280151932814,1.3314043526839496,3.7625673903275954,12.883669945065165,4.060025171929473,9.337382227588959,15.0,30.0,2033.0,10.950769573154762,25.811267150208337
811,6.748807424145787,4.216308238902544,1.4006614412029992,0.8618666782679044,4.793829339318733,11.058011299174389,12.62431922890935,12.322393433329895,15.9738029167484,30.0,2033.0,9.383984631488092,25.756953031858316
812,9.367066799146986,3.8983013162814983,14.178688742461297,3.7969835543795143,4.747403081891005,4.144169648843739,9.149560147092819,5.717826709903145,15.0,30.0,2033.0,10.755965577023808,24.636600271999978
813,10.96190713421455,7.15676347963069,11.017454618865692,2.4569343377884754,2.0944466595596714,7.219785716908643,5.811793478685725,8.280914574346554,15.0,30.0,2033.0,11.967004735833335,24.68178939989999
814,16.707496390212963,7.061595770241352,3.6595010465206634,9.768386091420657,1.9636172353904173,5.121700050140174,3.6861212474578346,7.031582168615939,15.0,30.0,2033.0,11.80985720666667,24.68178939989999
815,8.991638833423288,8.354428287356804,9.697572865141211,9.040819982446095,1.5647166176440406,3.984927016562777,1.7732447119363117,11.540457635622865,15.052194049866618,30.0,2033.0,11.967004735833335,24.700249355099995
816,4.039012670976399,11.438806040255812,7.031210674550065,9.480779378485238,3.1311386135450947,2.4857410979030625,9.276779040788588,8.116532483495744,15.0,30.0,2033.0,9.597999800833332,26.026425012808332
817,6.8280026769177535,8.913303003952551,3.271200335320391,4.273947109707304,10.56026775814305,3.7420394987639116,6.618783818814377,8.512790107422363,17.279665690958296,30.0,2033.0,10.638906313273806,25.125088148133322
818,4.635427023975628,9.123620497746622,8.722057977857173,7.916153441950727,5.015890935820185,3.5076410604034245,6.5913867839564,9.487822278289842,15.0,30.0,2033.0,10.878877913273806,25.787367340658335
819,6.354061233834946,6.893591245249363,14.501748085904445,10.05728504932925,6.04101075761596,0.3865373957566272,8.386808795810055,1.4251715368836821,15.953785899615674,30.0,2033.0,10.84367461375,26.186117753183343
820,5.175734086460535,4.823966720647241,10.085332226897636,3.242028273837097,2.7987740924460898,10.555786052033731,9.095239848098599,9.223138699579073,15.0,30.0,2033.0,9.810299377023806,25.500972353158314
821,0.3936533501108603,3.5848558563907855,11.708334674566558,3.6301790989722917,11.026466157897755,3.809690650785762,5.9781370475158,14.868683163760188,15.0,30.0,2033.0,11.007450849583334,25.552856633658326
822,4.8887429024445295,1.77997739067903,7.954395489674214,6.148788167369747,11.282859348218556,13.27525646329708,8.836965176620728,0.5227722738655812,15.31024278783053,30.0,2033.0,9.813720236607141,26.215550239583344
823,6.870020778564922,7.635469622406653,2.2043542980565456,9.132582649087333,10.15512220010453,9.062816627928648,3.4008030683429142,6.53883075550846,15.0,30.0,2033.0,10.760070806666663,25.227575845633325
824,10.760957058404385,0.12433905028756274,0.04785448859802619,9.96944778177366,9.992227715956215,10.353489732926533,12.204438183609296,1.5472459884443261,15.0,30.0,2033.0,10.261928700555552,25.547052084475013
825,2.5394342915318404,9.774958042125595,7.600456055950378,1.1919962089611629,4.087248171463951,7.455875647298229,12.21244385685939,10.137587725809453,15.0,30.0,2033.0,9.60305341190476,25.906216769308326
826,7.76446683047781,3.0998420029706897,10.634173486544796,0.7413551178800636,5.486522680805058,11.242661169224123,10.881889406022383,1.1514859294627855,18.997603376612293,30.0,2033.0,10.42182595321428,25.28376120952501
827,1.181573493951764,14.268310526952536,1.5034774182503647,12.93205781023724,0.004685670342878264,13.347279246496226,0.298323033186544,11.464292800582438,15.0,30.0,2033.0,10.613322058452384,26.797535495899997
828,6.33691743049381,1.118464247779699,12.106246671759761,1.1239023577264946,14.545042441703478,0.8040376127677634,7.5606246610298715,11.404764576739128,15.0,30.0,2033.0,10.927696347916665,25.50262360570831
829,8.845825510783385,9.139529332339052,10.752333044151731,4.383520683737774,5.89944385539647,4.231602017117157,2.995821388663691,8.751924167810735,15.0,30.0,2033.0,11.953673445357145,24.972654459050005
830,4.771293766557322,8.423428181093733,10.848051308599446,7.880843793114631,5.57395574039905,9.209955707057565,7.576076430962808,0.7163950722154412,15.0,30.0,2033.0,10.84367461375,26.22357224648335
831,5.393755435833353,9.751077610688533,3.6966586999653237,4.535884461471647,10.738445225378737,9.881548115698493,7.852405147258324,3.1502253037055947,15.0,30.0,2033.0,10.619515556210317,26.43583377343335
832,2.2274653540081317,6.090499433524733,11.485707167291407,1.3321845710808642,2.835629840208194,3.7692594659360696,13.154932888588386,12.817884508121416,16.2864367712408,30.0,2033.0,9.6779097625,25.969630130533314
833,4.271195924148203,1.1127965777633977,2.606322517070265,10.331639616870568,11.275217923783227,7.453878217396818,10.55166837198779,7.3972808509797305,15.0,30.0,2033.0,9.366964423749994,25.60520600425831
834,1.7591092717401149,12.135559271814161,4.49475657948189,6.968383739531269,11.482995282077836,7.759586488415532,4.454043895410137,5.945565471529054,15.0,30.0,2033.0,10.935713344940478,26.654022345991667
835,11.314698153949694,6.496689679111344,2.831050024764028,11.490424401612701,2.226951209008325,2.981815237533069,5.185654336206787,12.472716957814058,15.0,30.0,2033.0,11.729500805000002,24.802658793949988
836,7.478778551068454,4.184854041118183,8.610537845213864,6.837776871806345,6.585278429443721,1.6952701448520262,2.1354915189014805,12.431125055174856,20.040887542421075,30.0,2033.0,11.172803194583333,24.66215985989999
837,1.4888710710876334,0.7009535167593947,7.982308446911237,9.38713199208493,4.892151898482237,8.91896054771352,9.355711821278614,12.273910705682434,15.0,30.0,2033.0,9.704614945833333,25.495191991908314
838,1.070965619340512,13.565534667901264,12.387031963972692,8.98085416414606,1.307542421549029,4.271491002515112,4.6529460230642,8.763634137511128,15.0,30.0,2033.0,10.945320606607142,26.786906025891668
839,9.159298081561783,3.748640018650591,5.67001050991462,1.6001602188663835,10.05905629915527,7.088317257521058,11.300379720689872,6.210188628427311,15.163949265213104,30.0,2033.0,10.755965577023808,24.629804919399977
840,7.32358092296988,11.864562798406693,4.104651103801449,4.645267033617596,0.5777704255876465,7.485448417998315,9.171616296893188,9.827103000725232,15.0,30.0,2033.0,9.873388079583338,25.0954532523
841,2.606147835127472,9.75670257463653,2.3274008861415973,13.323201584124504,3.39849070578178,4.293925098652408,12.538433759715685,6.7556975558200225,15.0,30.0,2033.0,9.255097868988093,25.999428858408322
842,1.0683817797006312,12.451890375941716,7.432019135284975,3.2418259029193246,7.123751328426918,0.9713765412990751,10.108298795870553,11.69345435153895,15.909001789017863,30.0,2033.0,9.586894472261905,26.60272752319166
843,5.795304518034039,0.6241967201439277,11.58819176646607,9.515774950375029,8.171616375507028,16.146447265393867,2.9865087934113745,0.1719596106686616,15.0,30.0,2033.0,10.990197867261905,25.38829725240834
844,0.6057709155312295,9.151361527923818,5.716200178056025,3.2846493284487908,13.650942431822614,3.7208539385415866,12.513874061566074,6.356347618109858,15.0,30.0,2033.0,9.659829651190476,25.903077297158326
845,0.4861603654733266,6.511328807638,11.120974509148457,7.652938804049844,3.603683543714263,5.176127014448858,8.854182375482436,11.594604580044816,15.0,30.0,2033.0,9.988903834523807,25.519819154158313
846,7.301173498322356,5.228601435519106,5.950768493235368,4.970075611402102,4.398541625438444,2.9340217654149168,20.978093195779525,3.2387243748881818,15.0,30.0,2033.0,9.516956457797615,26.018174297760005
847,10.997198534854387,8.907401802634386,9.307977469751622,1.234757785205883,9.85736240339761,4.8112634541815265,3.097825213751825,6.7862133362227635,15.0,30.0,2033.0,11.953673445357145,24.811951979350003
848,11.150038896820721,11.62779690730199,2.98323356029144,5.310163342266617,0.1832688118028789,11.016290377797311,1.9365060407929973,10.792702062926047,15.0,30.0,2033.0,11.748864258690478,25.15211015895
849,0.9518226341332113,7.9507463809689956,21.607869819535804,0.6213951879734585,9.88319458761433,0.763740263712591,9.022053960490437,4.199177165571168,15.0,30.0,2033.0,9.514287922976187,26.218261591350007
850,7.580868863362784,4.760074252419899,10.245854706535724,2.470579411942391,4.509614206648278,9.49671278707945,4.12942151280351,11.806874259207959,15.0,30.0,2033.0,11.350506555416661,24.674047732999988
851,13.290707278794127,1.6231349908036918,4.690704260974636,4.47883736307962,2.1189976327510087,11.357304365779848,10.6505495600608,6.789764547756268,15.0,30.0,2033.0,10.74375397940476,24.621923145599975
852,7.193220781877051,10.247018823954402,7.430447878370094,3.435431209182303,8.64402979608897,4.6808850970945635,7.055521075635154,6.313445337797456,15.0,30.0,2033.0,10.887049186607141,25.039695955149995
853,9.361914253682182,0.05521039698319716,9.888758933894042,5.4179095673401525,7.422071588792023,9.06267712551386,4.947508656161521,8.843949477633014,15.0,30.0,2033.0,11.967004735833335,24.68178939989999
854,6.926903361456149,9.167542186042482,9.402310399889585,6.782238978400704,5.536382704358209,3.4914492126433005,10.324963936990297,3.368209220219272,15.0,30.0,2033.0,9.613995009523807,25.66616850247502
855,7.010900226077029,4.533437842246898,11.116091155071304,6.586567714732381,10.804605019366406,0.08746356918425598,6.597953797453266,8.262980675868455,15.0,30.0,2033.0,10.937812906249999,24.81439884473332
856,0.10502226089469965,0.007877590184795709,11.268192233341116,0.6989469366770195,23.252317962151583,5.298468509186439,11.277766489567014,1.4587420473068293,16.632665970690503,30.0,2033.0,9.514287922976187,26.210451247400005
857,0.5629738006331579,4.224497539512157,4.93435023554059,12.478717060474509,2.620560316566996,6.867363463098601,12.445867168707442,9.984007509137983,15.881662906328565,30.0,2033.0,9.680750754166667,25.629857081958313
858,5.982846831022929,8.5106711273544,1.349766985525844,5.391445681078648,9.887319829433034,6.175892984617308,8.587949123923599,9.114107437044243,15.0,30.0,2033.0,10.631782054999997,25.742218329758327
859,5.691722225703993,2.6016895770596395,10.712193398467322,5.1717976879248395,9.287432919059796,6.783601251067665,4.726841914310464,10.024721026406283,15.0,30.0,2033.0,11.05552223875,25.55184164230832
860,7.415324487280407,5.144950353067027,6.115027294850769,7.414768144151153,8.232082797171932,7.456721049232613,3.465044276840655,9.756081597405444,15.0,30.0,2033.0,11.110864464583331,24.66215985989999
861,10.42796172540338,3.6747199865556954,3.492387609325259,8.096247596143277,1.5349464715352321,19.79989825852503,2.1277363046303375,5.846102047881786,15.0,30.0,2033.0,11.787789208333338,23.60620998314994
862,3.5616718867783064,7.607483864157935,12.832388620456179,11.646782905326617,11.65180142072075,2.342069511239319,3.523834302898812,1.0161950933874109,15.817772395034671,30.0,2033.0,10.921264590416667,26.246538264083355
863,6.032610548699093,2.6860938044684293,2.6380889539001813,10.735952751948926,8.200814351384345,9.069460148672151,6.198267675032673,9.438711765894205,15.0,30.0,2033.0,10.77286870083333,25.67423096850832
864,3.2897066236500674,6.961102209537149,8.06974151113515,4.594636211115024,10.286470893555318,11.456889013489848,5.773672176135405,4.567781361382028,15.0,30.0,2033.0,10.942627570416667,26.241415195766685
865,9.787255221631971,0.6788846973588238,8.22093703926995,0.26232222977522707,11.80495292075878,4.978207897581971,7.157062237852506,12.110377755770777,15.0,30.0,2033.0,11.840289165000003,24.65443208164998
866,4.420649140070284,2.554069542268569,3.7534984277186374,11.087989050871686,9.168921932019284,9.818615192582781,10.40905076297897,3.787205951489786,15.0,30.0,2033.0,9.55325760630952,26.178723894333345
867,10.17691487138241,8.33104513226659,2.895377901585393,4.62179971838593,6.212091833842934,6.474794489576411,10.895461005673592,4.665594791740661,15.726920255546077,30.0,2033.0,10.39217830305555,25.424520281375013
868,8.943216476734346,11.146530470663588,10.874789851900948,0.6824229214148321,2.4647982198454503,5.714395239148887,5.170987050922994,7.6793177059548645,17.323542063414095,30.0,2033.0,11.936908320357144,25.0577715056
869,5.44037931460483,2.316629316186409,10.765057436510798,11.61354754269012,5.763569294945575,1.2522842116969464,9.454949501606412,8.393583381758909,15.0,30.0,2033.0,9.810299377023806,25.49417700055831
870,14.159461110605825,8.094539607554388,8.208793383097452,4.316963761531312,8.481266673159274,6.379273320770689,4.3848352759967515,0.9748668672843045,15.0,30.0,2033.0,11.905168475833339,25.333591714525024
871,6.134296932761936,6.809108287204785,6.887214954111146,4.393049970161429,4.767062952626113,9.441088303054459,5.389533597924013,11.178645002156122,15.0,30.0,2033.0,11.058218593749999,25.55184164230832
872,0.5766946350571943,7.481238941517534,9.749479650121954,10.791858906595754,11.420079376925823,3.2311600644544045,6.588424760030918,5.161063665296426,15.0,30.0,2033.0,10.852116529999996,25.632554875108323
873,10.366881088563543,11.01372164318526,5.444830133411067,3.3956485194528585,1.705313469171866,8.279521310185126,3.780729976418783,11.01335385961149,15.0,30.0,2033.0,11.936908320357144,25.0577715056
874,6.8941636210461,0.5641551310320502,11.485165270467025,7.738804876782965,12.250983269701146,6.622468653649599,8.751523347435748,0.6927358298853604,15.0,30.0,2033.0,9.908568950357143,25.456080877625013
875,8.483941005522233,8.392372328146383,2.46593861310875,10.629506992477484,10.845101312791593,0.8238139612495028,10.205022898740651,3.1543028879633996,15.0,30.0,2033.0,10.269885675555553,25.430439824975014
876,13.316969073196388,1.3967633201852696,6.849340589444586,5.890233780898167,4.486308277073649,8.88299435572094,1.8034177061880332,9.861770728074486,17.512202169218487,30.0,2033.0,11.967004735833335,24.68178939989999
877,11.538297643614703,4.825017387557793,4.358796911016101,6.936908836220657,0.6134848996569499,12.683268666882658,1.9290741923186194,12.11515146273252,15.0,30.0,2033.0,11.993612785000003,24.52431802554999
878,2.3877316622316185,0.5991481239998201,11.30507492618804,4.403706289981229,11.226617066849121,8.721851786366788,1.7096507789382787,14.646219365445107,15.0,30.0,2033.0,11.007450849583334,25.552856633658326
879,7.441624180908412,8.976539522094745,4.497075393845907,2.975937848555522,8.058758005242055,6.538542201922818,5.7943247932967195,9.98959440361224,15.727603650521582,30.0,2033.0,11.097533174107141,24.792322439350002
880,4.5974609357182015,8.236183194783218,9.66694158203515,6.2734728498191705,1.9586498401418562,8.188002441449841,10.005431550252103,6.073857605800459,15.0,30.0,2033.0,9.750839972023806,25.512636955758317
881,4.792603488218889,9.228445951167686,11.654302072231026,7.901109096010768,9.921764250271746,2.156012773588559,2.6625481964933213,6.683214172018002,15.0,30.0,2033.0,11.04219094827381,25.818133932658338
882,3.343219605743301,9.073336078024495,9.263366524692149,5.316394240236825,2.072631777248218,7.413979475199928,11.380314668240144,7.1367576306149365,15.0,30.0,2033.0,9.68369384285714,25.75728368260833
883,4.5145731949499845,2.7590051500150694,11.457599602881261,11.905086653954653,3.6444818056118673,4.589019036292758,3.329216093270613,12.801018463023786,15.0,30.0,2033.0,11.021370499583332,25.55184164230832
884,6.642015937675432,10.087574083998426,6.168394845086293,5.430197039309231,10.142980631563661,9.448888094651746,4.692422157652186,2.38752721006303,15.0,30.0,2033.0,10.916215969940476,26.36072516180003
885,9.401698311204918,13.676376323546728,0.5411277675768463,3.643843513075027,2.8969369054615184,7.511592452478944,6.425986997154199,10.902437729501816,15.0,30.0,2033.0,11.537735772857145,25.9315059398
886,9.979566264721882,10.282394257083636,10.825565269981523,8.730833840394979,10.22944169596107,2.64807053637496,2.230871666722367,0.07325646875957179,15.0,30.0,2033.0,11.875072060357148,25.599996401325033
887,2.137643867217836,7.283579932256875,8.535919871491338,10.607458319164447,7.396978835165122,11.095507094968326,3.9414077948496975,4.001504284886364,15.0,30.0,2033.0,10.917904807083335,26.26913088050002
888,0.02256412362174492,11.58130520477562,11.896962696761205,11.821907070123036,5.460429621501263,8.265953860342176,5.6970791950475,0.25379822782745015,15.0,30.0,2033.0,10.85602539827381,26.74715290635002
889,6.267428094352693,4.519613556868354,14.87905393800876,6.500452721340411,0.2920680553146262,6.771746728326955,11.356348471582255,4.413288434205945,15.0,30.0,2033.0,9.820771147023807,25.932812834333337
890,10.41871540950558,13.398602552277886,7.322289976257548,7.444886708565891,1.5640222795937706,3.5776061656588722,2.740244375415855,8.533632532724589,15.0,30.0,2033.0,11.936908320357144,25.917761508000012
891,1.1482959861934041,9.406142788112227,8.255683829448627,8.094718252075893,13.691447620869008,3.222916192113931,0.6393394172665469,10.541455913920364,15.0,30.0,2033.0,10.99411955910714,25.819148924008335
892,3.7581403576837564,4.6245570352598016,9.221976539852863,2.5802255562172483,6.175325093047565,7.213197811511396,6.865779771131558,14.560797835295814,15.0,30.0,2033.0,10.876928603749997,25.514990408958315
893,7.152161613129974,9.779703171842966,5.289638619297251,5.577787078837161,10.807154243504744,11.011270903743204,2.933549211498549,2.4487351581461496,15.0,30.0,2033.0,10.934167326607144,25.582972342525032
894,3.541710913616669,7.163675481542525,7.780452712768882,8.55528767878806,6.1958301510609,4.421769428523194,10.624591176711082,6.716682456988685,15.0,30.0,2033.0,9.704614945833333,25.495191991908314
895,9.303911965274324,3.5801622296744497,3.403780776673638,9.925696804801916,7.2408637295214024,9.488996496395043,3.7418241100366387,8.31476388762258,15.0,30.0,2033.0,11.739686106666667,24.649225077549982
896,3.608411801166292,8.875289042894803,9.997688781268046,3.2243073945017993,3.7292483992853844,8.201729459936505,8.628850598521206,8.734474522425964,15.0,30.0,2033.0,10.856007500773806,25.64998173360833
897,5.022334167988201,3.2411481538509217,1.9948434084375173,8.809225447310169,1.1853130772276954,11.92823202549174,10.515021483356676,10.907028745616792,16.396853490720297,30.0,2033.0,9.513702194702383,25.59964552253331
898,10.822687911869721,2.0203692719569157,0.2766294895449007,10.032629446146789,0.9560648240876057,12.635508241116497,8.625374893649722,9.630735921627837,15.0,30.0,2033.0,11.65126550416667,24.675550621449975
899,6.324496744635727,10.478993519496623,5.262555819570824,6.980368403110002,15.062220729438087,3.309497621102493,1.518030205971823,6.063836956674422,15.0,30.0,2033.0,11.000097574107144,25.86249765330833
900,4.661897869196876,9.887898406958309,0.4921905820230932,5.404747836910918,4.784974888351871,8.106210258467499,12.095581580982975,6.388739613215984,18.177758963892472,30.0,2034.0,9.292926874345236,26.025218099308326
901,0.894285778682065,4.799455053582894,11.447228457089983,9.16456205807363,2.811771297838973,12.534667614849202,9.795608002114411,3.552421737768838,15.0,30.0,2034.0,9.434459867797617,26.202516911900005
902,4.606786893922047,10.889100613927408,9.33481561158229,6.515278834519325,3.6455696304456926,5.628135956933369,9.030696892027787,5.349615566642078,15.0,30.0,2034.0,9.662957465,25.837892294058328
903,9.198065561784874,4.603523324363594,6.5366256509131295,5.127297309709332,9.122784338708497,5.718267434324646,5.026625589831408,9.666810790364524,15.0,30.0,2034.0,11.967004735833335,24.68178939989999
904,2.101170138416589,9.306907906164488,9.883071164286902,6.446313627176687,6.555855491956747,7.471948999378189,5.192086602758305,8.042646069862093,15.0,30.0,2034.0,10.99411955910714,25.819148924008335
905,10.456107343743824,8.797684185157562,4.4090863357417955,2.243494010874034,5.705667462816716,9.221452953634058,8.833026052525748,5.333481655506255,15.0,30.0,2034.0,11.00407540190476,24.78459466109999
906,0.0027506351792330025,8.315218748035191,8.137334817880047,5.553718622565284,9.837815466232762,9.898037805740875,5.70831552865388,6.624377382098672,15.922430993614054,30.0,2034.0,11.007450849583334,25.57131658885833
907,3.7067222179224073,2.087048984320743,10.229678078813503,8.501124697998383,1.2063089818753583,11.210553165948273,8.346666938571076,9.711896934550259,15.0,30.0,2034.0,10.93522474910714,25.522140446233312
908,8.766599986477233,6.813351265525136,8.365654160368509,10.263372944133508,4.697496906927022,10.649809685418843,2.044408566364499,3.399306484785247,15.0,30.0,2034.0,11.905168475833339,25.333591714525024
909,5.517347996232164,11.694778866329823,9.485282073312142,6.342431676111369,9.470516869852252,0.7665617175714585,2.6180463522945785,9.105034448296216,15.0,30.0,2034.0,10.972465746607146,26.08451518820834
910,4.312128656041005,7.731384834758497,7.318642569731548,10.30838381557501,2.3019100962367114,5.903014089627639,6.438926169844043,10.685609768185548,15.0,30.0,2034.0,10.890848253749995,25.502615095108318
911,7.419848504798804,11.271553326066718,4.97525175927017,1.020484194486207,12.271892631897622,7.198422601549483,3.8995809690479484,6.942966012883042,15.0,30.0,2034.0,11.027807972440478,25.05957325715
912,6.386642421677449,8.954065032453109,4.649942915077603,9.927159037070814,5.31152324116546,6.307488073253754,5.404669301684196,8.058509977617613,15.0,30.0,2034.0,11.044887303273809,25.665823664658337
913,7.051431640842654,3.1532168766607467,9.19278659296288,5.364431804206887,5.419439540208512,10.620118299566077,10.299631076599296,3.898944168952944,15.0,30.0,2034.0,9.672419498333328,25.43230513142501
914,9.588300580186795,1.850791920145038,11.043403924936662,8.175034736789662,2.9153346296957356,2.0042287279427176,7.975532126862755,11.447373353440629,15.0,30.0,2034.0,11.840289165000003,24.65443208164998
915,6.957208424603605,3.680786972098321,11.834330817925329,8.869553648765656,7.276984162423745,5.0132521533805035,7.321645269161572,4.046238551641271,15.0,30.0,2034.0,10.848320342083333,25.456080877625013
916,13.079677319654877,8.803852859952066,1.1801570566580557,12.44026813834691,3.779547299369102,3.4266437768567473,4.176178513797639,8.113675035364608,15.0,30.0,2034.0,11.716169514523811,24.932821373399992
917,8.574299235567047,3.7825084198837184,9.345380802675095,2.0950289934107342,9.352027992919686,7.932284412742259,8.164085755273307,5.7543843875281535,15.0,30.0,2034.0,11.840289165000003,24.65443208164998
918,10.784923746333448,0.7035075939537658,1.8838162615969012,7.305061198636136,9.36467113318758,0.9657286457006743,11.661517564588447,12.33077385600305,15.0,30.0,2034.0,10.431780273690471,24.821526324499974
919,8.395784110846801,3.718419391045249,5.58587777520407,10.374775283965631,10.822135210892583,10.498415075928513,2.972042423975379,2.6325507281417777,15.0,30.0,2034.0,11.905168475833339,25.333591714525024
920,4.607757608191271,5.488417278309388,9.102613834595081,11.183634415952525,10.788114063824878,11.944798329495077,0.47203472652673034,0.7000908547626316,15.712538888342422,30.0,2034.0,10.909197565714283,26.228454200583357
921,7.31578713555971,0.6654336788871384,3.230738653942484,8.077729908226223,10.872080280869165,11.603500056427068,6.332304015544654,6.902426270543554,15.0,30.0,2034.0,10.836422417916667,24.628817005999984
922,5.901203208868306,10.333746207200358,9.019012511090844,10.37928455195804,2.491823499789816,5.987027690576521,9.618878248102508,1.2690240824136074,15.0,30.0,2034.0,9.55357413464285,26.464032316533345
923,9.39855446757769,7.117671889623844,2.2473664667019038,5.505187213475424,7.93066960662311,7.371813828889921,4.968955391929329,10.459781135178773,15.0,30.0,2034.0,11.729500805000002,24.802658793949988
924,8.384874556753816,8.762813281211582,6.354792375289253,7.10570809882688,5.379990084619074,3.7657448672603846,6.348762545715778,8.897314190323234,15.0,30.0,2034.0,11.953673445357145,24.811951979350003
925,6.003662183081338,6.729484319501236,1.1369556393573803,7.703892526379833,7.640096661854313,9.094958806022209,5.607728513982019,9.476160793858913,16.607060555962754,30.0,2034.0,10.77286870083333,25.67423096850832
926,10.369176005823457,0.7567235327839096,17.220644751571662,12.541217854661257,5.969145448061505,2.614585609593198,2.5481523375608446,2.9803544599441616,15.0,30.0,2034.0,11.905168475833339,25.333591714525024
927,4.87606412736781,6.311478329824793,7.466988536844222,7.137262272494251,7.958384681689354,8.721657968452677,3.9590647970035073,8.569099286323388,15.0,30.0,2034.0,11.05552223875,25.55184164230832
928,10.30531879374591,10.379890434395394,13.692304197799139,5.636960484885334,8.84108052676757,0.1842178173430159,5.0193985854384335,0.9408291596252035,15.0,30.0,2034.0,11.875072060357148,25.64277923867503
929,7.836981416214481,0.3841176615361758,7.598050234153933,11.11133977201848,9.571706973262726,1.738387445081266,7.8511237790790345,8.9082927186539,15.0,30.0,2034.0,11.679950031666667,24.659639085749983
930,8.161537641487318,7.6588855144645125,7.426352074977835,6.708904598156043,5.7044746198435305,6.111485266163809,7.262123254299183,5.9662370306077674,15.0,30.0,2034.0,11.840289165000003,24.65443208164998
931,9.88775218376942,0.1887269736896203,7.702700185751657,10.523967707594464,7.784349805829144,10.955324244661243,7.578414851629001,0.37876404707545397,15.0,30.0,2034.0,11.775093121666671,25.306234396275013
932,6.8519945559454785,4.794120542637798,4.125325558810291,6.6269289294574145,5.818093987618251,9.728869448065534,12.491015236951736,4.563651740513498,15.0,30.0,2034.0,9.680933374999997,25.851481600508347
933,8.977366171821801,12.06854086027279,0.21355509621364577,11.424480294770797,6.977602971015594,8.3208852638224,1.2237062880551526,5.793863054027819,15.0,30.0,2034.0,11.690769164523811,25.831355278800007
934,5.382538052536203,8.675099086934638,7.941813048175223,6.310475297646767,5.759704595811906,4.562613226804397,10.386231277286829,5.981525414804032,15.0,30.0,2034.0,9.789378274047616,25.606507770358327
935,8.629440441647237,7.379875098456461,0.10865691144935619,11.716633976534267,9.938908639705557,9.34192872254771,0.9708606308644925,5.110532275683796,16.80316330311112,30.0,2034.0,11.69720628,25.324740595174994
936,4.205181742584354,2.3130011789195057,6.613704027807795,5.240302642378109,10.047126099628219,14.232654637116056,5.345910781011075,0.9163734068750836,21.085745483679805,30.0,2034.0,10.877617483095237,26.10901461055835
937,12.555297474583556,8.757652261769866,12.409331794850159,2.631062643037309,0.5363311576253463,6.433502212490361,5.938196398343581,4.368317667200451,16.37030839009937,30.0,2034.0,11.928769817857145,25.208976792500028
938,8.940416856364658,2.2008170849778494,9.923421684297667,9.824623697103759,5.744241139744022,12.497273608712229,2.2564879707829846,3.612717958016833,15.0,30.0,2034.0,11.89568784196429,25.325709940725023
939,12.63382624315634,6.399422651149113,3.3286081535533203,0.815781734761753,3.388182933700275,9.21050745447354,5.022507014169795,5.262382688417891,23.93878112661797,30.0,2034.0,11.739686106666667,24.645819413349983
940,10.765630787071135,0.5271852616917185,5.3907483408417765,7.073769380988397,2.7519912316045945,1.7743356296737463,12.847917451259859,13.86842191686877,15.0,30.0,2034.0,10.734839027023806,25.051035369549982
941,11.786792467997628,1.022878837919488,7.916707778064336,11.958200348604814,12.032027852883171,5.795987588998493,2.0017935169257193,2.4856116086063547,15.0,30.0,2034.0,11.905168475833339,25.333591714525024
942,6.608104218062925,8.3289077832166,8.043603488284036,7.194493412229926,8.993116302036674,7.450880190591051,5.805002560341357,2.5758920452374223,15.0,30.0,2034.0,10.97419685958333,26.177782535950033
943,3.4546554342135787,9.39798579721161,8.164767041015939,10.984655915088974,1.9388059153048007,7.607830924923776,2.8622354410063946,10.589063531234919,15.0,30.0,2034.0,10.99411955910714,25.819148924008335
944,11.223854293042116,5.035542947937671,13.537226734116297,12.070091756896067,4.180018394643728,0.10699235689806516,4.2089457932612575,3.991208090031072,15.646119633173724,30.0,2034.0,11.905168475833339,25.333591714525024
945,1.1919711947111618,7.975155759758781,9.278763168150924,1.5722323398037434,6.3879398776620215,5.365604530945673,9.071037199944042,11.188538666353075,17.968757262670582,30.0,2034.0,9.704614945833333,25.50198734450831
946,8.266066645950044,6.899427388639959,9.040129515701,4.568857018523049,9.08908695494098,8.803206625242096,4.457753863894986,3.875471987107887,15.0,30.0,2034.0,11.905168475833339,25.333591714525024
947,12.381496016052667,10.630530050765252,8.127176555342967,1.5453141805935688,3.8879449276455036,12.923004084752348,4.260644513700173,1.2438896711475254,15.0,30.0,2034.0,11.84681985589286,25.63489746487503
948,4.092192365114763,4.267290441345176,6.721837102267656,0.3123564980876252,11.31537655860257,4.545640990341378,12.239160475725459,11.506145568515375,15.0,30.0,2034.0,9.697419337500001,25.628842090608313
949,7.162508744744576,6.170813961909041,4.701078086440565,11.76561830463957,6.707365029443024,11.5518015744708,1.4596243799052524,1.9563410445828906,18.52484887386428,30.0,2034.0,10.979199302797618,25.350353527925023
950,6.821801652934798,7.0009399966905255,2.8807537106762595,9.617786317162064,1.134544931099281,7.672289775237513,7.6380995622341015,12.233784053965456,15.0,30.0,2034.0,10.735398047857139,25.188858204883314
951,9.982193661643388,1.5916980270232604,3.551807865193568,0.5421739761131201,8.945904475716642,1.4732712960783452,8.180809998946334,16.25977306615251,19.47236763313283,30.0,2034.0,11.612970535833337,24.66494098809998
952,2.621689047204286,7.877145832059586,10.461763677744514,0.38491758018205796,9.500004537877214,6.569299006763943,6.385454910284064,11.199725407884333,15.0,30.0,2034.0,10.876928603749997,25.503630086458315
953,6.1067137067719655,9.563234056919987,10.616252317528685,5.5475865390496395,9.837247526449339,4.082499257007615,2.473347835556939,6.451293475767061,15.321825284948765,30.0,2034.0,11.000097574107144,25.813025436358334
954,1.0251306303381509,7.8118918762752685,11.005203215342723,3.4376344618089685,9.85219094310088,10.678036575714861,8.544261124823592,2.645651172595565,15.0,30.0,2034.0,10.790742344583334,26.235078409650008
955,8.90501596076158,9.099490945139728,6.776442951600471,3.7756376580420015,0.8226601315909335,8.06538450927037,7.781228196050959,9.774139647543958,15.0,30.0,2034.0,11.862438557023811,24.76145098864999
956,9.935888296695346,8.400561244376528,5.6870623189447445,12.015927771009046,8.670703096263027,5.305971551685948,1.1117855875228995,3.872100133502465,15.0,30.0,2034.0,11.905168475833339,25.35205166972503
957,8.37906426557765,2.4259163653985016,6.7038113132728006,2.64871939706813,10.751780870826932,10.35877233807463,6.128121707646482,7.603813742134873,15.0,30.0,2034.0,11.967004735833335,24.68178939989999
958,7.157838510145854,9.804077597252622,6.100545093020644,6.508095233150041,8.686309442311689,6.851634853860563,7.49642507383473,2.395074196423855,15.0,30.0,2034.0,10.806689309940474,25.57322356342502
959,5.4150959453123475,4.87935195453252,10.67635678605031,6.544048328652482,8.420255353217392,3.5762061578285516,8.90313448722535,6.585550987181044,15.0,30.0,2034.0,10.079322194880948,25.518804162808316
960,4.870439286724443,5.628549936153501,5.229582719922525,8.12446863827684,7.974255067739997,8.61973746979536,5.924972861396648,8.627994019990686,15.0,30.0,2034.0,11.05552223875,25.55184164230832
961,9.311134994341911,5.193072008199191,0.09142973754946945,4.096399647475867,0.08845463719245228,15.680752836537447,9.269716060346388,6.809037445790974,19.460002632566304,30.0,2034.0,10.614261471428577,23.93107613434996
962,12.710267205326943,8.366828740602434,6.014722814450334,3.9782555901227505,2.897288198899675,2.774886707450416,5.332624577541562,12.925126165605885,15.0,30.0,2034.0,11.967004735833335,24.700249355099995
963,3.5666705466447914,13.576561689511065,6.673268186672491,8.656896998313073,2.8137635590488257,7.667435334435063,1.9537868388076722,10.091616846567021,15.0,30.0,2034.0,10.928157249107144,26.778786280591667
964,8.433293659476101,10.775529777885467,6.2291932422402345,5.678112163885401,1.4617400118643098,7.7970610264511615,7.657844497031513,6.967225621165818,15.0,30.0,2034.0,11.794439328690478,25.048022726499994
965,11.257600302843889,2.1571727526783895,9.327375633610659,1.2043924538491677,10.415407049901601,5.7254276031153335,1.9867352202095054,12.925888983791458,15.0,30.0,2034.0,11.967004735833335,24.68178939989999
966,0.3704362220635707,6.47762615004792,11.130091027804475,7.189748445968329,11.713882732975716,1.6450073623218582,6.851289259869682,9.621918798948448,15.0,30.0,2034.0,10.876928603749997,25.514990408958315
967,6.765145450582882,7.100009092127856,8.457612713352068,8.834843528723596,8.945813300097113,7.700129715634948,2.504767762666556,4.691678436814983,15.0,30.0,2034.0,11.006412208749998,26.07823680363336
968,1.3714720648482202,9.303379741329413,5.429158241247238,3.9155581254149547,8.786977738595423,10.52902541719977,0.16976387161667686,13.553801856718776,16.94086294302953,30.0,2034.0,10.99411955910714,25.819148924008335
969,2.562574279137649,8.434198500572542,6.052018464090554,4.749797986445535,8.023958031639333,11.09872319031957,0.3270219722803528,13.75170757551447,15.0,30.0,2034.0,11.00409106625,25.57131658885833
970,9.939815301887341,5.085817683798207,9.825214920158666,5.055876159808809,11.747932837735652,2.3166583227290136,3.8215776179085834,7.207107155973734,15.0,30.0,2034.0,11.967004735833335,24.68178939989999
971,6.5218544601197594,11.3419061055431,6.929379588225975,4.800571604830585,3.281122582549283,5.412677588607692,6.83062719333186,9.881860876791741,15.0,30.0,2034.0,10.833017162321427,26.03154801730833
972,5.788275191452421,5.494700596329021,5.972663641120413,12.098171645829124,4.942117850572271,7.6520322842173565,9.512201765602448,3.5398370248769555,15.0,30.0,2034.0,9.630336419166664,26.18048512903334
973,4.684042635074856,8.48975565735404,2.552798259719587,9.25919497716284,5.882021030120969,6.386574330642725,9.174096482854413,8.571516627070578,15.0,30.0,2034.0,9.391551979107138,25.70655471045832
974,7.978887797629788,10.079088932154294,1.1429226414776985,1.654590346410781,15.272546898247185,1.0987584360295943,3.1192149139488516,14.65399003410181,15.0,30.0,2034.0,11.59175031452381,25.107895605099998
975,6.685986723941889,6.816621268514862,8.896729620999828,5.791767677530111,5.831555995812712,8.303246392706036,5.708177869658577,6.965914450835982,15.0,30.0,2034.0,11.049158666249998,25.483639049008328
976,6.258826125773335,0.057676128303905345,9.969042790906308,0.48383552763550275,8.193124719846082,13.069934496890598,8.936993779882012,4.381968359742108,18.648598071020153,30.0,2034.0,9.59680132208333,26.180358423666675
977,10.392400880478334,8.651808382515929,2.410086042548232,12.832341410550288,2.8445827883970995,14.029658533138685,0.10364288521883414,3.735479077152597,15.0,30.0,2034.0,11.630626706210318,25.464094199825027
978,8.542298128902807,8.088079680467711,9.241937227016608,2.9941174547863803,5.18270047829114,7.6878631646058535,5.129435174805491,8.13356869112401,15.0,30.0,2034.0,11.967004735833335,24.68178939989999
979,12.035248072483732,11.105044686512374,10.10588191156106,2.389868082256227,4.129610333613114,6.058542715330091,4.313490956589336,3.5103738676698275,16.351939373984244,30.0,2034.0,11.875072060357148,25.64277923867503
980,5.7784220473920085,2.3089557437304196,9.381600882899656,1.9536529327779417,8.123410050705132,9.878192643353477,7.429983588279442,10.145782110861925,15.0,30.0,2034.0,10.924999992916664,25.518804162808316
981,3.101911210976043,4.939515713912891,0.10851115982451745,10.37470993719705,4.088831730316694,12.406202964892044,5.466217441377247,7.304416278873301,22.20968356263021,30.0,2034.0,10.668665364166666,25.66736418605832
982,8.977031274484014,9.398512999330732,2.7506358421572483,6.235616943754492,4.358760174981579,9.607469146679051,7.747688703165579,5.924284915447311,15.0,30.0,2034.0,11.571299731190477,25.06694397209999
983,7.285424536754918,8.365759287548636,8.493823633333513,7.57594089354842,3.9443605608795265,9.491348968722793,3.6696132609045784,6.173728858307617,15.0,30.0,2034.0,11.087639197916666,24.736935803799998
984,8.576344377610312,9.178060347112565,0.8013280421626956,9.300376435677778,9.438107666699063,8.183905481388651,3.5562037496006855,5.96567389974825,15.0,30.0,2034.0,11.716169514523811,25.08720165765
985,4.609624573403324,6.599871301686982,3.0740505091250485,4.3493048587121725,1.4475724549581626,17.391243303764803,10.02770694996033,7.500626048389178,15.0,30.0,2034.0,9.47235121125,24.571303405599938
986,12.304964583203896,13.268844631270643,7.992077168357331,0.44229623166523546,1.087098691053161,6.416526167580861,5.411695556083059,8.076496970785815,15.0,30.0,2034.0,11.966500452857142,25.895665111000007
987,9.018643070974338,11.700024436233397,15.119656272576737,2.4770649853076003,3.8745856849749227,1.8099809417031547,2.3550689155058357,8.644975692724016,15.0,30.0,2034.0,11.936908320357144,25.263608483400006
988,13.636189441663344,2.1749336265148744,7.506048013010468,1.3722542025353544,4.42047940201782,7.321646695803232,13.138507292136126,5.429941326318779,15.0,30.0,2034.0,10.734839027023806,25.081463626249985
989,2.5408452086134443,4.009628737095755,10.775764563033649,1.1754646987201014,8.101973394380863,10.625326311271353,7.3546605379880825,0.333447950101541,25.08288859879521,30.0,2034.0,10.790742344583334,26.235078409650008
990,11.81931290665079,4.94352756889423,7.2110662642481635,5.897133157679156,5.199970413112211,0.33171825349428175,5.465354224170166,13.503042087934887,15.628875123816114,30.0,2034.0,11.967004735833335,24.68178939989999
991,7.25473087092129,10.949572807542367,8.590908523094594,1.8246741426856043,10.650152930476056,3.7005872318450854,5.572481322379966,6.45689217105504,15.0,30.0,2034.0,11.02951817827381,25.087662601700004
992,13.529274087712631,0.11575750608817405,13.41627858931011,0.7914956081060555,3.8678142501128776,7.49463805782538,6.984377011456543,8.800364889388232,15.0,30.0,2034.0,11.840289165000003,24.65443208164998
993,3.3049676579489247,3.764901632239978,12.650275075096694,1.0543455638937416,8.374925994869079,9.36656022076614,6.945778614531448,9.538245240653998,15.0,30.0,2034.0,10.876928603749997,25.519819154158313
994,6.468220605701961,6.870381220171073,4.725254095814231,9.663999260689575,2.1342600822069846,6.39487800747828,8.324157114237456,10.41884961370043,15.0,30.0,2034.0,10.927696347916665,25.50262360570831
995,6.768286718685894,4.1487468327312405,4.92685208162666,9.537055923324791,9.794230460731926,9.422858080156463,1.456140856347002,8.945829046396026,15.0,30.0,2034.0,11.049158666249998,25.43024974160833
996,5.3723958118581505,8.07025553780703,5.822284462040454,10.290995655471363,4.720505331497393,7.395373127751749,8.210052609951026,5.118137463622824,15.0,30.0,2034.0,10.882188687916667,26.066400390991653
997,6.801106459422444,1.7814134951535443,6.499799432261784,12.12576290845252,15.221073332393145,4.158132165896886,5.869038977463677,2.5436732289559947,15.0,30.0,2034.0,10.967838677083332,26.04189732470003
998,7.356788041354274,7.0827451656623195,6.352904281508108,1.0152864989197403,8.373174879820413,6.910266857856909,7.592366844299727,10.31646743057851,15.0,30.0,2034.0,10.984148893749998,24.63480254164998
999,12.94743289181476,13.823706563393205,8.117181745246796,1.5204509224959335,6.411408254840917,10.998265210847833,0.3871635740471257,0.7943908373134323,15.0,30.0,2034.0,11.868931927023814,26.633923163575027
1000,7.862904285267911,5.787714216428465,1.6570471185735778,11.488264926370281,5.036544534645513,4.16272283227898,10.234367479660373,8.7704346067749,15.0,30.0,2035.0,10.27144114035714,24.744520995049974
1001,6.984579629139732,14.047757449702852,2.649922597337394,10.821802761387358,0.3997563596324263,8.357869799223124,1.597353301246804,10.140958102330309,15.0,30.0,2035.0,10.750889547857144,26.070916477800004
1002,0.6240398724517975,4.978083692612267,10.41390966896011,5.0785498781722085,9.845201746357834,5.08631883827062,5.826399753628813,7.762652874916069,20.38484367463027,30.0,2035.0,11.007450849583334,25.552856633658326
1003,0.38251318969348497,7.065482047049064,11.030099851284175,11.502242609899657,5.626800519623513,5.439893430659287,7.495560648924036,6.457407702866779,15.0,30.0,2035.0,10.876928603749997,25.519819154158313
1004,11.902790931759705,7.924666783910592,7.366247686339934,10.200968722215508,7.2680313409011434,7.301094555780654,0.2600618189339466,2.776138160158522,15.0,30.0,2035.0,11.905168475833339,25.333591714525024
1005,3.969042770819346,7.442386600220048,4.91222319931426,1.4923976040914166,13.646067925685344,12.17046451995295,1.117723731017778,10.249693648898855,15.0,30.0,2035.0,10.991579727916667,25.543959868508324
1006,4.346604182252596,3.431569458952494,8.162723262408832,12.00390423983911,2.767220335230946,10.196786173118502,0.8826435765955241,13.208548771601992,15.0,30.0,2035.0,11.021370499583332,25.55184164230832
1007,5.724949724131428,5.2266935654420354,11.352998763759725,11.552192090112834,7.583908116694356,1.4827644776239657,5.904147290951093,6.172345971284568,15.0,30.0,2035.0,11.05552223875,25.55184164230832
1008,5.964928190699375,9.09820956981351,8.301977340104024,1.398902916553988,6.955333338626331,11.401728636401092,1.8444041824772914,10.034515825324394,15.0,30.0,2035.0,11.023305597321428,25.805423413658335
1009,4.533456834509764,4.628811809542572,14.56740127384414,5.785546402182563,1.0131906956275052,9.656672523981928,2.006876408012761,12.808044052298767,15.0,30.0,2035.0,11.082002138273808,25.512942248849992
1010,9.917910053285173,1.4167689928986293,4.8155521337294696,9.788040630883074,5.273902575989223,12.287685656660367,9.297478689534346,0.19587090140101399,17.006790365618706,30.0,2035.0,10.558147423511903,25.273725460225013
1011,2.1551113675510507,11.264382090444602,13.265401168944068,8.225608784654707,4.432948022788898,5.387874037569873,5.2586472237058794,5.010027304340916,15.0,30.0,2035.0,10.891772552440477,26.52445539218334
1012,11.748639907872786,4.006862930470465,2.4360185668638006,10.941902312042144,9.67891355659045,12.145718013015399,2.159729325419201,1.8822153877257553,15.0,30.0,2035.0,11.65675034168651,25.46744289897502
1013,6.668113709716341,8.31778122477215,2.5049132353784866,6.660341390653648,9.138856182611045,6.008945008169939,9.435407500762462,6.26564174793593,15.0,30.0,2035.0,9.42810053744047,25.54758159235832
1014,6.279839429203537,0.35288001058457613,10.217107536918562,12.915797353591676,5.4197859602588,0.7035270256474601,15.080947317447741,4.0301153663476486,15.0,30.0,2035.0,9.613959819166663,26.95182267294333
1015,10.668130373724258,4.2454954757998795,8.30133404503296,6.002580646928212,1.7010488747890236,4.770850071364998,10.470434419515499,8.840126092845175,15.0,30.0,2035.0,10.755965577023808,24.629804919399977
1016,9.603579178682157,12.19180993640554,5.238069696405327,8.922766168174668,2.557677374074373,4.667038577592506,0.3038183080708387,11.515240760594589,15.0,30.0,2035.0,11.936908320357144,25.792997573400008
1017,1.8203457543610104,13.243361294695992,10.01580425590552,0.4112204282845707,5.508355152953445,6.647871952025776,2.611135946301584,14.741905215472096,15.0,30.0,2035.0,10.935713344940478,26.786906025891668
1018,11.039727001075073,5.741137632655007,4.8194184714979444,8.896676966445153,11.179532937150793,0.3077070142858816,5.509042371552305,7.506757605337848,15.0,30.0,2035.0,11.967004735833335,24.68178939989999
1019,11.27565094565417,10.950086214033345,3.0871817395057555,2.627042368165576,11.113313264883038,5.323167057943877,2.417650905156297,8.205907504657944,15.0,30.0,2035.0,11.70735463952381,25.079256866849992
1020,13.770170036508603,2.5446323621304043,1.008476300284613,4.215805614881582,9.505545218911989,1.9277139783499686,7.385778667249,9.824905410792013,19.81697241089183,30.0,2035.0,11.59222083416667,24.763941153199976
1021,13.288127762100371,3.8190230025263467,11.002631329994278,7.0017387708230245,1.8644471224108976,11.61224303364476,3.5403077181686724,2.871481260331653,15.0,30.0,2035.0,11.89671416696429,25.325709940725023
1022,5.468665452501881,4.292301821295874,0.23262336829655797,11.022637282243123,10.017754234581366,5.465656819685065,1.2538895340997427,10.03201750649487,22.214453980801526,30.0,2035.0,10.770172345833332,25.67423096850832
1023,11.148379968048086,0.1241078972468792,12.516349573066428,4.421719462874956,12.826901135698211,3.2717407680817256,6.106991200118535,4.583809994865177,15.0,30.0,2035.0,11.929517807500002,25.327672170925027
1024,7.965300859545287,10.587599348186346,6.547032463180943,4.9435752936173465,0.9612100922920163,10.63465985232999,5.8855789289229445,7.4750431619251225,15.0,30.0,2035.0,11.858846377857144,24.953805170200003
1025,18.595835468397773,3.2832395481108154,5.768131677328346,2.999941101357332,15.629391724560426,1.224072472072095,1.6104865182852086,5.888901489888001,15.0,30.0,2035.0,11.967004735833335,24.68178939989999
1026,0.6094769074537195,13.021352826000477,12.95849568565776,3.7990906752020037,9.948341642666579,7.868303909458303,3.2295510160910523,3.565387337470105,15.0,30.0,2035.0,10.85602539827381,27.445732476283357
1027,4.212697204349096,11.680835391457611,6.964468515060194,9.472523315060648,2.737883405689837,7.717307360601015,4.599594493759332,7.614690314022261,15.0,30.0,2035.0,10.935713344940478,26.08451518820834
1028,4.407134465126864,8.6380406361667,11.71131907115473,7.784437890489462,1.8464855675931502,8.456782768763643,1.3051969161955508,10.850602684509893,15.0,30.0,2035.0,11.008039209107142,25.682004221758337
1029,0.8731647955167018,5.8324296301919105,13.834333910774435,0.3213946346777003,7.270142413850803,14.262463302966585,6.047743474943649,6.558327837078218,15.0,30.0,2035.0,10.97695603029762,25.43708771484999
1030,8.788594398563195,6.020549071570556,6.660627700478969,1.5121668885254507,9.786920320012403,9.161509600583285,7.642398900843738,5.427233119422398,15.0,30.0,2035.0,11.840289165000003,24.65443208164998
1031,9.107896160945064,5.254755809701631,8.734662304204232,8.13284948236303,5.57191989457515,4.334299381406045,5.752384577371688,8.111232389433157,15.0,30.0,2035.0,11.967004735833335,24.68178939989999
1032,9.03951635399484,6.313325503600441,0.8039162078629534,4.375247792299122,10.51192545243329,8.971487607320123,3.839862607880069,11.144718474609162,15.0,30.0,2035.0,11.729500805000002,24.802658793949988
1033,3.725780533211408,0.13790076385324235,6.57810353569066,5.443293931768248,8.174544943113236,12.081966976274396,12.774307001494341,6.084102314594465,15.0,30.0,2035.0,9.636442690357143,25.80938362763331
1034,6.281827415769485,2.022222210054715,9.84363918688605,2.539939280435717,10.04383864219087,6.518905781081931,6.170617817048335,11.579009666532896,15.0,30.0,2035.0,11.058218593749999,25.55184164230832
1035,7.6239471355539035,4.751528055921105,5.572033610791274,8.462677441236368,10.346921786541028,3.2142043370238373,4.039047699179997,10.98963993375249,15.0,30.0,2035.0,11.350506555416661,24.674047732999988
1036,6.378430916690186,9.52170295285718,7.9137865657475,7.166932590499343,1.9994288550320547,8.420126594762513,5.053084795458545,8.546506728952677,15.0,30.0,2035.0,11.000097574107144,25.796844879258337
1037,5.014378669059054,2.8427232020110664,7.534898251773514,10.083060907826486,7.279371801399543,9.34379647468676,4.772581180453035,8.129189512790536,15.0,30.0,2035.0,11.05552223875,25.55184164230832
1038,5.570570778599324,6.866064231674544,7.684912081314671,2.7764624763294075,8.88148938035644,10.425535470351305,5.1039079637797355,7.691057617594574,15.0,30.0,2035.0,11.05552223875,25.55184164230832
1039,1.7653285598626975,9.675210022438966,9.837221196893235,8.468908675618662,1.5685614800683811,7.975301997587319,10.62443604629993,5.085032021230805,15.0,30.0,2035.0,9.563977979404761,26.34506660148333
1040,0.8963916854738115,9.719046161896028,9.470163940863136,10.872700402986158,6.375850830790825,8.184592958518564,2.2082075688280782,7.273046450643399,15.0,30.0,2035.0,10.949329829940474,25.81404042770834
1041,8.454896889034577,9.550682086062471,8.842033907483852,8.840613437735078,0.6485061096084485,8.60927266869682,6.182248648361134,3.8717462530176183,15.0,30.0,2035.0,11.912004692857145,25.335074363650023
1042,4.204698011384794,5.99283193321771,8.733841909419192,11.681036491803457,10.574937372767403,5.772744507224825,4.96801454682193,3.0718952273606925,15.0,30.0,2035.0,10.921264590416667,26.236388536083354
1043,13.052799655609006,7.714125139170593,1.7178607746044998,4.742127520208741,7.3528491847194415,7.162609412171447,0.47720701302979385,12.780421300486475,15.0,30.0,2035.0,11.729500805000002,24.802658793949988
1044,9.527324903754954,1.6042366436003528,0.8757551615611732,9.786397706649366,4.666897481199064,1.7955031032144622,7.980559685102573,17.228399220866613,16.534926094051443,30.0,2035.0,11.59222083416667,24.763941153199976
1045,8.807413870396063,9.82474782002626,7.70973805302927,6.145675421697998,3.6912551103324915,1.8348222207098006,6.936117296357547,10.050230207450564,15.0,30.0,2035.0,11.794439328690478,24.952968438449993
1046,5.775469987432244,5.038692315423328,4.786394453850021,5.886667654151903,4.2799983793973295,8.734768319798807,10.198765605293852,10.299243284652514,15.0,30.0,2035.0,9.810299377023806,25.49417700055831
1047,5.9497677670749125,5.388090004003617,12.659974146042124,5.3077614539542,0.922666304328127,6.508361767060566,12.567815231556441,5.695563325980001,15.0,30.0,2035.0,9.91183325154762,25.69801025764998
1048,10.883444252918464,13.30706038908612,6.416192661040214,2.4686729277352697,4.730598184159462,6.410300372958938,10.589091832614331,0.19463937948720508,15.0,30.0,2035.0,10.490567042619041,26.470928460525023
1049,6.504959514153336,7.095303339932893,7.871708355046632,7.594630897199998,6.614776658341931,4.263170049031244,9.53744329948803,5.518007886805934,15.0,30.0,2035.0,9.812995732023806,25.477996443458313
1050,8.81000473796158,11.746541181194909,2.2701995638877284,1.0460096440194269,11.1976832699851,11.626355004310232,3.5107196486014307,4.792486950039597,15.0,30.0,2035.0,11.647604195376987,25.950571032125023
1051,19.679122097828653,2.4135363485217005,0.852134005824938,4.677403848952446,6.418400985946548,2.5335166340059665,1.4737697607801403,16.952116318139602,15.0,30.0,2035.0,11.729500805000002,24.802658793949988
1052,4.858110471994843,8.852935065124647,2.9756233194865,3.1725968270593117,7.586965666805564,7.401271117978164,10.148301490382593,10.004196041168367,15.0,30.0,2035.0,9.47150742863095,25.641691100158322
1053,9.83434363773672,6.87443653871146,10.933652206634628,9.04738262499743,0.48926358713723633,3.5399592236760613,6.314582631199314,7.96637954990715,15.0,30.0,2035.0,11.999847693333333,24.53679287029999
1054,4.1397520225100894,7.550625258326482,9.35453024532519,9.589611451166366,1.9364032095536983,5.469349020372324,8.254617523433696,8.705111269312146,15.0,30.0,2035.0,10.876928603749997,25.518804162808316
1055,3.3828919754875586,10.366688311016292,13.021090044675406,5.607372832224638,1.8396996404578936,12.593439544451007,5.265776864842121,2.9230407868450814,15.0,30.0,2035.0,10.795544177142853,26.506123806733356
1056,12.172115553741122,7.360679793970197,0.4243424206390336,1.9902553053180787,5.966205427540195,13.548669420784645,2.0232516217645964,11.51448045624213,15.0,30.0,2035.0,11.718369513333336,24.745564248699985
1057,3.1239046038452116,1.2196854642471686,12.179500789060247,8.407229538847329,15.077262735868683,1.794112271497504,2.6257955927778314,5.559863548630432,20.012645455225595,30.0,2035.0,11.007450849583334,25.552856633658326
1058,2.2295107946514503,5.946254957266824,9.027555713504176,11.224715229146128,9.83016100373238,9.636273554051595,2.1387040803969195,4.966824667250528,15.0,30.0,2035.0,10.963510057083333,26.216780491983332
1059,12.21296097281657,3.386119417075056,1.124346261071881,6.097212116431914,10.983598509468193,7.076777778666232,0.5997227766267846,12.490997226319124,16.02826494152425,30.0,2035.0,11.729500805000002,24.802658793949988
1060,10.749618770249974,5.255737771698222,4.336918366200664,5.376610542773069,9.73242808350232,7.690575376533865,0.6909305989637096,11.16718049007817,15.0,30.0,2035.0,11.967004735833335,24.68178939989999
1061,8.389444573596933,2.4731423035612683,2.2516350201136355,11.477984298973404,5.534986799374933,8.632633282585303,6.647748629003933,9.592425092790597,15.0,30.0,2035.0,11.59222083416667,24.75911240799998
1062,4.261643500006668,10.074987368066207,5.488960602137702,2.5032652343075252,10.960751908509975,9.342274381541209,0.6528346876751003,11.71528231775561,15.0,30.0,2035.0,10.963249479940476,25.824649534158333
1063,3.9740688992853714,11.602871168555833,13.065963042229392,4.005374182020189,4.30586463035148,5.146227323786684,10.02061567531476,2.8790150784562885,15.0,30.0,2035.0,9.40789431190476,26.66327931443335
1064,9.73767826544539,6.260945029843181,4.54742041286759,5.399953877901012,4.854576464452854,11.998522520266517,9.600092612163778,2.6008108170596747,15.0,30.0,2035.0,10.568038048511903,25.273725460225013
1065,6.076648068295814,4.6411980169207,8.03094289181001,7.609427760127476,5.007728693907868,8.470124686404153,7.445696592274309,7.7182332902596675,15.0,30.0,2035.0,10.927696347916665,25.518804162808316
1066,3.5092736707846672,11.6555134094438,10.125059914640941,12.148418448269911,0.8277322268903349,8.23084815304421,1.8962970436176636,6.606857133308469,15.0,30.0,2035.0,10.983739108630953,25.844743311000002
1067,6.412160228091463,7.030017188992157,6.295807333980328,9.366434916545785,2.049109523415421,9.790539072037856,8.225668487203476,5.830263249733516,15.0,30.0,2035.0,10.927696347916665,25.50262360570831
1068,0.9308674650854376,3.475301162103412,15.326367063123678,8.51805864742696,6.031161521977701,12.147306168187004,8.361116260611558,0.20982171148425208,15.0,30.0,2035.0,10.752461969880951,26.22714407415001
1069,2.5286686168788854,14.64786683294265,3.4283613723549546,7.008813117021106,1.7567755797859699,9.237135723448796,5.748706437556045,5.407602873762923,20.23606944624867,30.0,2035.0,10.688214544940477,26.96284790174167
1070,9.190377352933538,6.581677059916988,11.357421041900112,6.7889310704558685,0.6378309416920707,0.5833091606596643,10.171742654024168,9.688710718417592,15.0,30.0,2035.0,10.84570041154762,24.496641869449977
1071,4.3327775414005565,8.559192552223678,8.406948360529592,8.706762280681275,7.667884171982433,8.049334712434401,1.9228701636542098,7.354230217093862,15.0,30.0,2035.0,11.008039209107142,25.682004221758337
1072,8.907108359761748,1.3279255585007395,9.314637164383843,10.70516253519582,3.4352431389049034,6.145011688511262,9.331858873152653,5.83305268158904,15.0,30.0,2035.0,10.755965577023808,24.629804919399977
1073,12.366484080824959,9.865542585409482,0.016345490838196673,10.064286440407374,9.724894889718508,0.12791728198715419,4.858593232928818,7.975935997885509,15.0,30.0,2035.0,11.699404389523812,25.114048923499993
1074,6.822883017795496,2.467430911163234,15.65833612875141,3.8814859873903846,11.50930726229842,2.2957330784781638,5.276226607966594,7.088597006156289,15.0,30.0,2035.0,11.049158666249998,25.113919709283326
1075,2.5533777578294607,9.082013391950372,10.783152302187094,1.0143512894999236,14.15302512235207,3.0079290313842866,3.661396463294785,10.744754641502006,15.0,30.0,2035.0,10.99411955910714,25.814320178808337
1076,4.840656110118185,12.084159698855904,10.756999046158372,9.143192671039952,6.554354463033096,5.636044642481681,2.2553140729480132,3.7292792953647913,15.0,30.0,2035.0,10.897638679940476,27.28062427591669
1077,10.33109798164656,1.7319927907108703,5.952584282887502,7.575764261215525,6.052132532632189,10.412566650381168,11.587474157973162,1.35638734255302,15.0,30.0,2035.0,10.586234421666664,25.341349225175012
1078,8.009010996826373,4.381778195859136,8.622023876158863,4.767373277792899,7.379151709337875,9.051686072602015,6.445705944017594,6.3432699274052435,15.0,30.0,2035.0,11.74946085666667,24.62640953429998
1079,5.85726503757458,4.957965210189858,9.667167057111412,9.728861213095671,8.8207941806485,4.027688375306591,7.698034294465462,4.242224631607931,15.0,30.0,2035.0,10.84367461375,26.20852103815834
1080,0.7320621631005675,3.650479107770348,7.524742474194073,5.465902267769467,11.767571449179544,8.440837648841521,2.6480233147833374,14.770381574361151,15.0,30.0,2035.0,11.007450849583334,25.552856633658326
1081,8.978680901554323,11.088230139918275,5.739003606384573,7.089727800534772,3.8552206035590575,7.80745259003863,5.334643260347819,5.038417011101604,15.068624086560952,30.0,2035.0,11.899421392023813,25.608162749275017
1082,10.131216965813566,9.787836901723816,5.816694926122886,5.631023858269218,4.156128231458276,11.420203477390407,1.2770165650283198,6.779879074193516,15.0,30.0,2035.0,11.927369124523812,24.959664188950004
1083,9.660747179719813,7.972336799041656,1.4464101542042087,4.6276965346122125,1.7191848179057423,10.911478164602928,9.282066145108962,9.380080204804477,15.0,30.0,2035.0,10.431780273690471,24.739313990949974
1084,10.303168205955435,2.319009199986995,6.749077294563734,4.508821885122465,8.643083202465107,6.764106569318079,5.520557648979243,10.19217599360894,15.0,30.0,2035.0,11.967004735833335,24.68178939989999
1085,7.781086947865931,7.984887437431671,5.618527808632738,6.226521410445591,12.278168024041669,9.37523424305115,1.4152280302677906,2.7143550471357027,16.60599105112776,30.0,2035.0,11.752971605000003,25.343627463825023
1086,10.872615445248018,3.610498271816579,8.814901965851277,8.483818617066147,3.5015222699973783,6.544829229158003,7.454980125538671,5.716834075323938,15.0,30.0,2035.0,11.840289165000003,24.65443208164998
1087,10.172792431288903,9.608577397652201,5.837254528676861,4.561827099878956,9.942879044000218,5.862584614323655,2.9464889297958234,6.067595954383389,15.0,30.0,2035.0,11.936908320357144,24.967545962750005
1088,3.4604488217457376,2.6851422678692263,9.85334881998723,8.00293721616109,8.107892778232372,6.425189685080907,8.644628138274987,7.82041227264845,15.0,30.0,2035.0,10.876928603749997,25.519819154158313
1089,2.4064157348547046,11.848766386958404,5.042028045083488,6.636644807354993,1.5415950698245258,6.78370198000654,7.676703103832238,12.531043708883455,15.533101163201653,30.0,2035.0,10.79356840565476,26.059592332758328
1090,3.627554438270805,10.321459311717984,4.742618876979332,8.86965644071303,2.252409176914674,5.266935368997467,10.058500471297537,9.860865915109164,15.0,30.0,2035.0,9.626917603571426,25.832111932808324
1091,3.6000605134927524,14.725744449420292,12.611585169759197,1.8681514485449906,2.3090568446545108,2.2128373637604324,14.780806130675119,2.891758079692706,15.0,30.0,2035.0,9.38712488690476,28.224088096241672
1092,6.71028808067796,8.611489724373136,8.346323196878027,6.283853091953877,5.659940656343639,4.84911383685839,10.506122705330847,4.0328687075841305,15.0,30.0,2035.0,9.598427113690471,26.157465273600025
1093,4.850314733377278,11.419196847221087,4.420580887823971,9.463588404989583,0.6081575843247028,5.198141326588971,4.62741370881112,11.010425858324552,18.40218064853874,30.0,2035.0,11.031519561607144,25.885760335900002
1094,9.765113926362806,8.283581430363492,11.452738733679652,9.602592985521767,0.9172512920270679,8.444436154881224,6.339701433451332,0.19458404371265914,15.0,30.0,2035.0,11.935836688690477,25.22611231205003
1095,12.940365987825398,11.162777790235493,13.718947533215742,11.270300974721053,0.14258873327372212,4.022067885368477,0.427928577824148,1.3150225175359678,15.0,30.0,2035.0,11.912004692857145,25.424738969800025
1096,8.673606256391809,8.82133089779081,6.3061834523660565,9.498912842502506,5.117616451982219,9.098356832606779,4.646884403236568,2.8371088631232597,15.0,30.0,2035.0,11.891837185357147,25.428199461575037
1097,7.317598844326355,4.7803944033648165,9.635161041886004,14.464004592426777,0.3708708618133011,13.080399252087636,0.05707007468285187,5.294500929412256,15.0,30.0,2035.0,11.17764806029762,24.554439485849993
1098,6.895662186034504,9.093989613770535,8.684113912658491,6.627952281821562,3.6190317194434733,8.645593805719384,2.3973185263887067,9.036337954163347,15.0,30.0,2035.0,11.05500386160714,25.14286635328334
1099,5.981517439667257,2.434527780563719,1.261320170066248,9.402152933356788,11.20957686563351,8.231908484149521,1.823359683819596,11.82472099540403,17.830915647339335,30.0,2035.0,10.77286870083333,25.67423096850832
1100,6.110607749479855,7.984426188801435,7.564892143727593,9.942025030738128,1.1801877278744044,5.965754871821913,7.108173730012646,9.143932557544032,15.0,30.0,2036.0,10.999368714107142,25.521125454883315
1101,9.707219710064956,2.8347336782785124,4.517228530467748,9.144530232539923,6.892617797413606,6.289325799890276,7.180012404030513,8.434331847314466,15.0,30.0,2036.0,11.840289165000003,24.65443208164998
1102,10.611137055960773,6.383292254422494,3.306008123630684,10.492739602533629,6.4557251913855875,10.803451170147808,0.47890190472259553,4.739392858285659,16.729351838910773,30.0,2036.0,11.697012800555555,25.294256432525017
1103,8.267269535287502,8.375852538561972,7.745754144752618,4.949353438937472,5.680527776879006,7.6357741392346155,6.81285541448217,5.532613011864642,15.0,30.0,2036.0,11.840289165000003,24.668063291649982
1104,13.660079790724792,0.8036346629359475,1.9459198291545843,6.321965865428817,5.389627062513339,10.960961320349435,2.249144970450492,13.668666498442592,15.0,30.0,2036.0,11.729500805000002,24.802658793949988
1105,4.998322192170787,10.540121508663823,1.0666075809188877,2.72302065343023,13.567987667553496,3.3929276049368724,4.284616538242884,14.426396254083013,15.0,30.0,2036.0,10.712051326190476,25.99247084410833
1106,0.31301234901730773,4.7068107875973535,9.486456207707516,1.2228663223595126,12.056325823907187,12.343565665099216,1.424911438466438,13.446051405845477,15.0,30.0,2036.0,10.982171952916667,25.544974859858325
1107,0.06485157402189978,5.228489079649804,8.06063666605911,4.251403283916924,10.708745222118845,9.171500851120268,4.48154990820041,9.398078082662995,18.634745332249754,30.0,2036.0,11.007450849583334,25.552856633658326
1108,4.208499938726257,6.3700815415091565,6.846665495810883,7.454429328865071,4.133198136658882,9.173883858886576,8.86900676548138,7.944234934061798,15.0,30.0,2036.0,10.00557241785714,25.518804162808316
1109,4.553012965448168,6.276068983629095,11.782574479127671,6.141775122939615,0.1786915270802737,5.608867349384516,10.488882044165512,9.970127528225154,15.0,30.0,2036.0,9.886930814047622,25.30968602299998
1110,5.089507796541009,6.168644969063669,10.941684642977197,7.049299786695381,7.597404658878785,5.3780276639242945,3.879211592030364,8.896218889889294,15.0,30.0,2036.0,11.05552223875,25.55184164230832
1111,8.130399103847443,1.209460865144622,12.140413244337804,0.8295702100404637,4.455450210450357,6.291629244654939,13.152540096171816,8.790537025352558,15.0,30.0,2036.0,10.734839027023806,25.081463626249985
1112,4.396807465808506,9.851171304243136,5.338565491935933,7.57645275543917,2.338935012442445,8.132133111906738,7.704478612470124,9.661456245753953,15.0,30.0,2036.0,10.821104540654758,25.809220593808327
1113,8.640497909002935,1.2107147735831172,5.223875963169534,11.986381498151122,5.5461401644052,12.536730086869484,0.723130209122628,9.132529395695983,15.0,30.0,2036.0,11.962797377500003,24.67390762609999
1114,10.486527387041152,1.4004080079026373,9.678058087388452,7.466375757226121,2.79752452510906,9.739304215327849,4.636993317776943,8.794808702227789,15.0,30.0,2036.0,11.967004735833335,24.68178939989999
1115,14.241062290653922,3.1551398397531467,14.532627099291897,4.280282829794831,9.21449495916668,3.809423654827451,0.49248905764705525,4.73979169257619,15.534688576288827,30.0,2036.0,11.929517807500002,25.327672170925027
1116,5.825439004457382,2.877154853813834,7.9588991001677725,8.180790790154376,4.15818905416993,10.2357573925161,7.481036279890144,8.282733524830457,15.0,30.0,2036.0,10.924999992916664,25.518804162808316
1117,6.641037709297785,0.25752140520500677,15.311955991636232,8.983988052794894,14.485723021655277,1.0211350880738899,3.8772492605854803,4.421389470751434,15.0,30.0,2036.0,10.992188008749997,26.13981437953336
1118,6.348345120744341,3.360974706922704,1.0673191005911524,1.3054734803946837,12.482068790685835,7.304890392172724,11.925894402626081,11.205034005862478,15.0,30.0,2036.0,9.421664259940473,25.73427693160831
1119,10.548715359811268,6.283653247452225,10.496725063306023,3.780325820692947,3.7118667739164812,4.537038418648806,7.995245423576372,6.407246882094642,16.239183010501236,30.0,2036.0,11.840289165000003,24.65443208164998
1120,13.065081567964748,6.094017170003475,3.3250224069933445,9.41598233286652,9.317618449249684,2.5276341892750205,3.7246590953037737,7.529984788343437,15.0,30.0,2036.0,11.739686106666667,24.64667082939998
1121,10.46419593622039,14.00398038361277,14.91887431749076,7.439626364499798,0.8059412594029264,3.1270463861240807,1.1056574329105853,3.1346779197386994,15.0,30.0,2036.0,11.901706430357144,26.416038398700024
1122,5.71016025968808,8.64202998992516,2.429110580190031,9.346305144881185,10.41735112224432,7.165745408178927,1.193898331485579,10.09539916340671,15.0,30.0,2036.0,10.756841055357143,25.80439354795833
1123,14.46709849840206,2.5226262045983394,9.348675974103992,5.352858625902138,7.196506296853661,4.493790568828965,5.54490564730551,0.4526954622113864,20.620842721793945,30.0,2036.0,11.905168475833339,25.333591714525024
1124,8.930185679603879,6.8436410222063655,9.619854566436711,6.779267519492288,6.419030825898403,8.274580595157667,4.922213336330227,3.211226454874452,15.0,30.0,2036.0,11.905168475833339,25.333591714525024
1125,12.069545250103051,8.908295903542935,8.487999440515463,6.9498616723461275,1.565791708825295,2.3526869618887423,3.5988609048997167,11.066958157878679,15.0,30.0,2036.0,11.953673445357145,24.811951979350003
1126,9.382933792131746,6.651886053782586,8.08911227986239,1.7874716148192817,11.717095472138404,11.45383877663591,0.31537945766911435,5.60228255296056,15.0,30.0,2036.0,11.960864602500003,24.67390762609999
1127,7.491341633837134,2.4560931741711247,8.163355321711327,9.025246944505412,8.307743232606532,7.029850897172341,7.341415086449497,5.184953709546632,15.0,30.0,2036.0,11.02127555,24.75098804114998
1128,8.381620650759308,11.58763893908702,6.365434137078094,3.1911645882046717,8.03964867213104,11.516972318947102,2.0839473826938852,3.8335733110988786,15.0,30.0,2036.0,11.865532864523814,25.846414603925027
1129,0.2778949968235516,4.214366722270721,10.822470519741278,0.5436229988407695,5.3642578282268065,9.532209060911399,11.920659371803266,12.324518501382208,15.0,30.0,2036.0,9.680750754166667,25.652067574158313
1130,2.5939624237111545,12.480777488650343,9.475319676753598,12.103513027765668,3.72239412080171,2.0705271990150633,6.32959849751545,6.223907565787009,15.0,30.0,2036.0,10.935713344940478,26.654022345991667
1131,12.991814782907463,6.605395767591115,5.185610145045743,7.514647961772433,2.38256709831661,5.79225092849937,13.912088602616413,0.6156247132508531,15.0,30.0,2036.0,10.575436454999995,25.862875629825012
1132,7.350625922415084,9.874116773386723,7.951620220908623,8.215425630314131,9.426747912196296,1.4974709458920825,4.931599018064709,5.752393576822354,15.0,30.0,2036.0,11.052743444940477,24.97052258415
1133,9.31790029901206,8.81026199327442,12.186647351528649,3.1700256764420827,8.988380087207892,6.738981757200555,3.825192734221633,1.962610101112707,15.0,30.0,2036.0,11.891837185357147,25.428199461575037
1134,10.484121269067616,6.930813945153649,2.7956986181920187,4.289923057216878,4.848994320310731,12.36507231944579,0.07159358847702872,12.526873846928126,15.68690903520816,30.0,2036.0,11.720754650000005,24.794777020149986
1135,7.298048472800467,14.758915327608314,6.057854837031299,0.4026497320979949,3.4354537382548664,14.475427889017405,0.21078029967655165,8.360869703513103,15.0,30.0,2036.0,10.937334534702382,25.98987406645001
1136,9.89460267541612,7.538565553426997,9.3723963629365,9.19755608718429,2.2345233530217565,7.6045139887898365,2.335145050076207,6.822696929148293,15.0,30.0,2036.0,11.967004735833335,24.68178939989999
1137,6.8171043452754105,0.14727099573577163,10.433181184695185,6.313797474218758,10.05113310344353,10.214398990832292,5.148835721809413,5.8742781839896425,15.0,30.0,2036.0,11.049158666249998,25.113919709283326
1138,8.844509196876235,7.7872637031095175,1.2501380321640043,6.030151280329312,9.840064118893459,5.884343821531555,7.764811350243952,7.598718496851966,15.0,30.0,2036.0,11.59222083416667,24.763941153199976
1139,9.967971337493411,6.883004835224952,7.854740609508932,9.814191252241619,10.70445791220576,3.7378229466516077,2.02083087165364,4.016980235020075,15.0,30.0,2036.0,11.905168475833339,25.333591714525024
1140,8.575888656211069,0.8067314226476938,7.691501078151501,5.552435552713969,8.067457775446165,6.375503934100201,4.288615343529313,13.641866237200093,15.0,30.0,2036.0,11.967004735833335,24.68178939989999
1141,13.151940011145838,7.661921275473374,12.4658387272495,1.7758595623949653,7.023541254512841,6.500625581554572,0.11548009917712893,6.304793488491782,15.0,30.0,2036.0,11.967004735833335,24.68178939989999
1142,14.76114934002385,1.3496055382578038,5.151630013233944,6.985716594499497,7.160658753422285,12.18876589082058,6.975191227561577,0.42728264218046347,15.0,30.0,2036.0,11.769998596130955,25.29835262247501
1143,7.863471454922688,8.891785113075485,2.4931587617539193,3.3761961026183895,3.5984384210623146,6.590963540908761,14.201939138338497,7.984047467319946,15.0,30.0,2036.0,10.240033787380948,25.417390425599994
1144,9.332913017427073,9.825099594303191,8.1551870602066,3.1510098052977065,4.038940145765735,2.4254982205511024,8.916554623194058,9.154797533254538,15.0,30.0,2036.0,10.831930285119045,24.957797183649994
1145,2.3417793375369222,6.152246100076047,8.932667809181355,5.451596041804029,5.058309248455536,0.01413092428831201,11.376874895139597,12.579839582426452,18.09255606109175,30.0,2036.0,9.704614945833333,25.495191991908314
1146,6.525312949150567,3.2018775126886956,11.881984611674058,7.0123466596286805,8.099135844943756,8.114023583817845,10.050309313425023,0.11500952467137253,15.0,30.0,2036.0,9.630336419166664,26.11238586840001
1147,10.401541952158883,7.963597209192235,4.80474501345559,4.201254056874506,8.574913392203715,8.61313938738579,7.053978940726148,3.386830048003138,15.0,30.0,2036.0,11.778452905000004,25.306234396275013
1148,10.818480019575938,2.9329690969199853,4.708455898564475,11.969275792205778,0.6857522377807133,7.011418788231616,6.592500316822205,10.281147849899286,15.0,30.0,2036.0,11.886610485,24.49371964149998
1149,12.520985884826503,7.729310723797537,1.41536564938626,2.6097801105381206,13.503772319682298,2.644563909711963,8.253411325762576,5.67998188455494,15.642828191739804,30.0,2036.0,11.59222083416667,24.763941153199976
1150,7.963624582600945,0.1432632873866483,11.736899831249426,5.932082283464628,12.427703067012615,6.610733619379505,9.261295379355111,0.9243979495511219,15.0,30.0,2036.0,10.495406113333331,25.27545391562501
1151,6.20291427822565,2.0947577928022074,2.592625397393772,3.2794021358540673,5.794172473716627,15.746893297232937,6.501289554686485,12.787945070088252,15.0,30.0,2036.0,10.659278323214282,24.90505049489997
1152,6.070516354102551,12.319605183436442,10.659911973239522,5.729615715651092,9.764686552805786,2.431762107207972,7.083905351292827,0.9399967622638019,15.0,30.0,2036.0,10.75549374065476,27.25468642911668
1153,7.854629470078162,5.354608748083266,8.20600886440341,5.629989525717968,0.9449074606391843,8.03444366706599,9.103655274604293,9.871756989407729,15.0,30.0,2036.0,10.691145861190476,24.549674420349984
1154,12.251410075564712,2.537289469364596,2.675287727447318,1.1547821817013013,5.211651681488733,7.713837600006675,16.256562556265195,7.0212298857313025,15.17794882243017,30.0,2036.0,10.418446081190472,25.342158741299976
1155,11.439010690320186,7.7424088137842215,4.197963251762989,11.941018503560821,2.7453784735893905,4.274569435126248,2.713619279260384,9.946031552595764,15.0,30.0,2036.0,11.967004735833335,24.68178939989999
1156,7.020706187333509,1.6921769197690009,15.392279502703929,8.5770388334608,6.874932921772865,9.946948942387705,3.2567859199945226,2.239130772577665,15.0,30.0,2036.0,10.978842587916667,25.483438195875028
1157,2.8359137388295466,10.360974819117382,6.161469678698831,5.6124888809492655,8.004021020164094,11.046318372352173,1.302489118783304,9.676324371105396,15.0,30.0,2036.0,10.940512659107144,25.879693201758332
1158,3.810550307788116,6.185652560417323,8.863440416507277,3.1111168189859364,6.859119327285454,8.780015690744222,5.754511616594807,11.067176112954861,15.568417148722,30.0,2036.0,11.007450849583334,25.55184164230832
1159,16.393432805089063,1.2735804184827035,0.05665481188608267,6.414117272198238,10.128259721706074,10.601786335533683,8.027931711169852,2.1042369239343057,15.0,30.0,2036.0,11.52456489638889,25.43660703202501
1160,10.2259579975524,7.940050416182448,7.825991437777544,7.042048561875378,2.3909263378684926,5.045762766637493,8.199214431465238,6.330048050641006,15.0,30.0,2036.0,11.840289165000003,24.65443208164998
1161,11.16271420295738,3.4426305237188166,8.145388443045901,12.198936502324791,1.2686116525583504,6.646623620253825,6.028425346687847,5.420116278166563,15.686553430286523,30.0,2036.0,11.996596868333334,24.68178939989999
1162,8.62349096304684,5.875345850139517,4.239752904388828,7.796020779042493,12.312520564879105,5.374555693731245,4.93251602576723,5.845797219004741,15.0,30.0,2036.0,11.967004735833335,24.68178939989999
1163,6.217285964539634,2.2966901664350186,8.819210633107168,0.06400784748761584,7.599737213178367,1.9999745139484084,0.45949462868211605,15.594882504316681,26.94871652830499,30.0,2036.0,11.058218593749999,25.55184164230832
1164,9.73242539949876,5.0161612040546775,8.907326284716126,7.879650357993703,4.855419529093812,12.639625827134696,2.2827142378373035,0.9577759245029185,17.728901235168003,30.0,2036.0,11.89646937196429,25.325709940725023
1165,6.831248827532116,6.4100719426564,6.815973603730529,5.988493005384933,5.383760058389582,6.847205552044868,7.242185451163654,9.481061559097924,15.0,30.0,2036.0,10.918636420416664,25.08656239103332
1166,4.575595749963096,4.134751221656964,5.936469754447096,5.016104606990625,9.842889806552236,7.704849895250313,9.94313278637163,7.846206178768031,15.0,30.0,2036.0,9.750839972023806,25.49417700055831
1167,13.630445897058939,2.237482045178839,0.7423528480956663,8.192344323248534,13.912561890485014,5.907472278022753,2.99957984720097,7.377760870709281,15.0,30.0,2036.0,11.729500805000002,24.802658793949988
1168,9.655321927774477,13.172143391453664,12.116450704659774,3.938823925807008,4.413482901411405,5.018891882875821,5.329738953677397,1.355146312340456,15.0,30.0,2036.0,11.875072060357148,26.49765051452503
1169,13.824521400308395,1.0479371230256604,7.101471654786801,8.721485113352784,3.6171302491045303,11.266632363023332,9.15631909877403,0.26450299762445956,15.0,30.0,2036.0,10.574022824047615,25.28052081282501
1170,2.180371781697565,11.07539752796498,9.978855783775717,3.253472026761587,6.018163402974828,3.520354767097663,8.625597813998503,10.34778689572915,15.0,30.0,2036.0,10.807184890654758,25.864264261408326
1171,6.563261647191496,5.222330399306166,12.357574119439759,6.721245629189753,6.155078217986875,8.854928030636058,3.440053100208819,4.277023137574797,16.408505718466266,30.0,2036.0,10.97419685958333,26.160337572100026
1172,11.392398250307249,3.7363590187535447,7.494309232286613,13.387413283139551,4.392255721201833,2.211625660592972,7.040836335385001,5.344802498333237,15.0,30.0,2036.0,11.840289165000003,24.65443208164998
1173,13.07719142319466,7.505075770851651,10.225448566653512,11.33899069029909,9.252704794253408,0.5828436162435282,2.0807139113628503,0.9370312271413036,15.0,30.0,2036.0,11.905168475833339,25.333591714525024
1174,6.255479416703223,3.842828149189627,1.0300163296393445,8.447807583530686,4.357633252418956,12.691521319233393,0.1283859910414519,13.432727314443362,19.813600643799955,30.0,2036.0,10.725607280595236,25.666349194708317
1175,15.11581311033213,1.7663746181797133,7.625577849860337,9.305540550366047,5.588240569699109,3.7013594519894806,2.9787908950572644,7.855749731000938,16.06255322351498,30.0,2036.0,11.967004735833335,24.68178939989999
1176,9.500718142912946,7.681651372416496,7.336422754445524,1.7352053253497033,6.061061703782965,5.317475165211562,9.86220059964775,7.505264936233051,15.0,30.0,2036.0,10.755965577023808,24.629804919399977
1177,2.6695857228197166,0.2619170275501511,11.880755117979493,1.6922022276025606,1.9869205711012146,12.817939852255146,4.656625634314877,10.820418502168284,23.213635344208562,30.0,2036.0,10.972738363630954,25.544974859858325
1178,4.903515505271638,2.4063864204715255,2.9460806979094114,1.4051032024305248,1.9791265295165918,9.755460246532861,7.245724402747331,15.955446109696139,23.403156885423975,30.0,2036.0,10.647600349999996,25.540208279758314
1179,8.723039801898114,1.6840254732644202,11.667722516906439,5.964468885867657,1.407989706314823,13.849136881295665,5.559873725378625,3.5877489354574053,17.555994073616848,30.0,2036.0,11.893302705297623,25.230576828025022
1180,4.733677103405983,4.954748817400631,8.094425798496301,10.242400894143469,0.8818691709338708,8.285955534567064,13.305989823490094,3.6601021205905684,15.840830736972023,30.0,2036.0,9.723155862380949,26.459372905833337
1181,1.3024636595398944,8.148940197029413,13.852479199675697,11.655172385414346,6.172652225278709,7.599983834045274,3.9588607133868625,2.3094477856298106,15.0,30.0,2036.0,10.921264590416667,26.286575844350022
1182,5.258534320257853,9.599670581793339,6.084349335757883,6.103255764518438,1.2898715732472423,10.039797245581445,7.786546147934532,8.837975030909263,15.0,30.0,2036.0,10.88589799982143,25.799917788083327
1183,8.043107340905047,2.990177412884626,10.622116980846764,13.911059080816115,2.5220155164948257,1.329800171824566,11.372836686649428,4.208886809578622,15.0,30.0,2036.0,10.495406113333331,25.27545391562501
1184,9.818809403143671,5.158308346627805,9.374768857009654,3.6097131567392267,3.746430590434452,9.880611192857529,4.697982865344757,8.713375587842906,15.0,30.0,2036.0,11.967004735833335,24.68178939989999
1185,5.907912983551643,0.46842225766053586,1.9372112722218178,4.558075937419785,4.87463407629278,12.822604572732576,10.57373268080341,13.857406219317452,15.0,30.0,2036.0,9.36466468422619,25.597324230458312
1186,10.747615960950176,1.5393627809484114,9.909957612443112,5.277150312121987,1.0040712230916025,11.120969779052531,7.931359322969121,3.226036322212062,19.243476686210993,30.0,2036.0,11.814431797023815,25.289468378100015
1187,3.282075535619156,12.230104128289167,11.536202905997147,4.7042582115703,1.0086746665156472,13.954427291034417,5.101483214068355,3.1827740469058172,15.0,30.0,2036.0,10.809392706428568,27.077319286466686
1188,5.008464861584601,6.555347140980712,8.526256228603755,8.83978691316258,10.519188864926143,4.88103958656142,3.3552171998479903,7.314699204332799,15.0,30.0,2036.0,11.05552223875,25.55184164230832
1189,6.247146504672967,2.2757605078317793,6.982563938132371,10.27716859051816,11.889075925114573,7.338061279889005,2.4578576515265422,6.168339228115587,16.364026374199018,30.0,2036.0,11.058218593749999,25.55184164230832
1190,12.254320586584031,8.923595508279355,4.243926521456662,14.006966597990981,1.4815980475834527,9.234586405549784,3.6750962409514196,1.1799100916043048,15.0,30.0,2036.0,11.891837185357147,25.428199461575037
1191,7.939830200989559,8.364954735358365,8.174470888704318,4.600116917354266,7.095067552451521,6.480183079414367,4.7349335032179,6.7078247806331115,15.90261834187659,30.0,2036.0,11.876176427500003,24.694096036699992
1192,12.379313168064295,0.7305839418512443,4.214798249941313,3.938121175347486,8.560619016731264,1.7934696609376055,12.059167489129983,11.32392729799681,15.0,30.0,2036.0,10.737680018690474,24.779885149049978
1193,10.444620587573034,9.300365908524022,5.589928185000424,7.8576058856651345,6.3468887951593045,6.5821253413766545,3.705340136823044,5.173125159878382,15.0,30.0,2036.0,11.940011451607145,25.087137126450006
1194,8.097634271534742,11.092955557858772,11.207561623335016,6.46716892330755,7.059505363289456,2.161311592526461,8.091578084355708,0.8222845837922956,15.0,30.0,2036.0,11.732603068690478,25.63303045957502
1195,6.82723984104713,1.096698207090827,18.30226674539994,6.827677130756519,1.388399737998972,1.6454401079108463,5.539031848155619,3.916590029359765,24.456656352280376,30.0,2036.0,10.967838677083332,25.746819726425027
1196,9.693165594444574,2.0941057181601335,5.9371001988512875,8.287924448774547,7.853719915125702,7.241055592029006,11.14017135356884,2.7527571790459042,15.0,30.0,2036.0,10.586234421666664,25.281607234025014
1197,1.6982929957541453,1.2185141364500633,5.086615569632957,13.801560305771178,5.666072836082678,4.147739677456973,10.003120951405341,13.37808352744666,15.0,30.0,2036.0,9.704614945833333,25.495191991908314
1198,6.862509168095433,10.57785048751971,7.5468194424382515,8.75658933204418,4.10268024373399,3.04509771537701,5.080872424313886,9.02758118647754,15.0,30.0,2036.0,10.991037646607145,25.465329046183342
1199,20.406014253161537,1.486467250485457,0.9371627740006349,3.0871926686578135,7.932519564322644,2.7044144047321783,17.968542886418927,0.4776861982208135,15.0,30.0,2036.0,10.261216516388886,26.051518440025003
1200,11.057576141142778,7.94688634925202,10.82599915779359,11.541755028913418,5.900665169082353,2.781419200118527,2.299603178040475,2.646095775656849,15.0,30.0,2037.0,11.905168475833339,25.333591714525024
1201,9.997600493757586,4.434260937640461,11.205412839217967,10.416747083462763,3.815071351732076,0.1938109278627096,1.6006449029374084,11.88409212303575,16.452359340353286,30.0,2037.0,11.967004735833335,24.68178939989999
1202,10.311330514769796,4.719817571528381,10.193241307926677,4.122540040402204,5.4436475199423136,7.612481354727672,0.8693309808208888,11.727610709882061,15.0,30.0,2037.0,11.967004735833335,24.68178939989999
1203,10.777798498159983,11.11637272971541,6.705811093772017,11.906026069028462,0.8312313669139405,1.4538164624294359,7.662746589170263,4.54619719081049,15.0,30.0,2037.0,11.801098975714286,25.40689836595002
1204,8.928941626426358,9.42586159407205,6.003505223161488,10.556536596606882,3.774804448398201,1.814400577767241,8.207741338582116,6.24619667115506,15.042011923830598,30.0,2037.0,11.81936806202381,24.963757095999995
1205,12.397345168393327,4.309716476119608,9.62254929436308,0.5896585620132453,8.957280766872682,10.539699864708686,5.418472030228298,3.165277837301078,15.0,30.0,2037.0,11.905168475833339,25.333591714525024
1206,4.878149323514652,3.80649973282257,4.205529893054213,14.310141161564724,5.416846710843504,0.0543414122290938,11.78546991045486,10.543021855516388,15.0,30.0,2037.0,9.795979943690474,25.59480878450831
1207,8.798595146770134,7.2462247784058675,5.530671239413139,13.00369704999743,3.5301250471757784,4.135044911247898,1.7712710616219356,10.98437076536781,15.0,30.0,2037.0,11.967004735833335,24.68178939989999
1208,13.6942878842476,3.932149962667371,6.160182915550277,0.8789221379835784,12.188385321280126,7.9350151253355445,5.374480081891052,1.573830308715969,18.262746262328477,30.0,2037.0,11.905168475833339,25.333591714525024
1209,10.942775660700871,3.3814545157563267,3.602183432642202,11.012630228130597,1.4902542067545559,8.462705813580625,10.413088956563156,5.694907185871666,15.0,30.0,2037.0,10.566693622857139,24.629804919399977
1210,1.466891322512169,5.471969005998667,10.387145894517017,5.768109493395759,5.678882626204613,7.320579264005437,7.647975059327,11.258447334039335,15.0,30.0,2037.0,10.876928603749997,25.519819154158313
1211,7.452731475235324,3.9576470560232457,3.886488767296737,4.755788017312122,8.20019222994865,3.039539273166562,12.119791262921591,7.570972965499921,19.016848952595847,30.0,2037.0,9.875961114107142,24.77803302524998
1212,7.972184444175899,3.7775343452698387,10.218999348948412,7.674678700363268,4.564138479403577,4.614627438097347,9.940762314324529,6.23707492941713,15.0,30.0,2037.0,10.665137268690474,24.623651600999978
1213,2.6447151369192166,8.554627209373415,7.186288445459991,5.927366967102044,7.377787240878379,2.46255636763922,9.386721636525397,11.210110104985143,15.249826891117191,30.0,2037.0,9.68369384285714,25.607522761708324
1214,10.076379297041552,4.5059785433182125,5.16992280549345,9.327668652271369,6.7221852986825175,6.725002024637922,3.271844814837931,9.201018563717042,15.0,30.0,2037.0,11.967004735833335,24.68178939989999
1215,9.282011102087791,10.461050794594135,7.024175857931796,7.297763636837859,6.749289399297211,6.725488759477295,1.5886739961299146,5.871546453643993,15.0,30.0,2037.0,11.936908320357144,25.0577715056
1216,8.666410878589488,2.1251580638556513,5.950085938930068,1.050189768528983,16.215044405498713,1.9618248169264252,4.278989981657298,14.752296146013382,15.0,30.0,2037.0,11.967004735833335,24.68178939989999
1217,6.625656268730918,1.9980231294911102,3.452516770146176,0.8972006321086509,7.55677766063492,13.909601521434599,10.104429444747757,10.45579457270587,15.0,30.0,2037.0,9.51035580547619,25.324691441858313
1218,10.284296054791456,1.0689706603024953,10.438681173967478,5.885191244322638,10.185805920142567,3.869272661069488,4.122796550626364,9.144985734777523,15.0,30.0,2037.0,11.967004735833335,24.68178939989999
1219,2.059006343404036,7.56190454093888,11.441927964220081,7.503167958006815,6.980486608245249,4.71663670514969,3.5965529603967945,10.482827768761721,15.657489150876728,30.0,2037.0,11.007450849583334,25.552856633658326
1220,8.936671984478325,0.8741812768604538,13.456626548602827,0.31553643079147053,8.229056720126508,10.829149227098522,10.989959225841957,0.47822567003227595,15.890592916167654,30.0,2037.0,10.586234421666664,25.281607234025014
1221,11.900617022323143,3.245275873117973,4.853949885660474,3.230749833049053,6.529681161113962,12.780926530521867,4.985022379465123,5.407553373518068,17.06622394123033,30.0,2037.0,11.959630710833338,24.67390762609999
1222,7.599122175096424,12.216538861588377,6.961582909413185,9.672702682079056,1.2154738920995891,2.5351512717210865,5.738929675781285,7.022783749432805,17.037714782788186,30.0,2037.0,11.313668584464288,25.768958215500007
1223,11.481625353033037,4.257048857316447,13.003582634249817,9.298379500089164,5.300289909515082,9.46475103703954,0.22287176026437142,1.9714509484925478,15.0,30.0,2037.0,11.905168475833339,25.333591714525024
1224,4.778153092297736,6.56863443291346,11.875262726111828,8.286163654029815,5.223629628543813,1.5786588549763023,3.8538923920665558,12.835605219060485,15.0,30.0,2037.0,11.05552223875,25.55184164230832
1225,5.507811259888899,9.766340370613104,6.671352048686316,7.662770295599605,4.301694260793514,0.3213191845493243,10.284082099295937,10.484630480573301,15.0,30.0,2037.0,9.727038779999999,25.753434692008327
1226,9.341126527574188,7.8441723889037265,9.676482039155719,6.881120955096729,1.5396209414593716,4.48261822096994,11.129197617611391,4.023373406316097,15.082287902912835,30.0,2037.0,10.586234421666664,25.281607234025014
1227,8.518934182001928,8.857865658230368,5.141586996826653,2.8602466924407635,9.892519617337669,11.139489521550132,1.9034840528408032,6.68587327877169,15.0,30.0,2037.0,11.947533312023811,24.811951979350003
1228,4.296772449202705,6.317637223913998,7.5383317531326295,8.571435402743923,4.335266677033715,8.245806584377412,8.024516194394902,4.9845832082666215,17.685650506934095,30.0,2037.0,10.846907461249996,26.155424406291655
1229,3.5679490907121854,10.172626008551635,9.074910819865925,10.551136895641585,7.433284119054209,4.061399506634556,3.015912988022235,7.12278057151767,15.0,30.0,2037.0,10.949329829940474,25.825664525508337
1230,9.151394339718593,4.236845668370058,7.226597073790417,8.565284463171766,1.6045075215327889,12.338449739403703,1.8140975034297955,6.717272898930864,18.34555079165202,30.0,2037.0,11.962015847500004,24.67390762609999
1231,10.475514963035355,4.2533454798771695,11.913952999678695,2.605996730788125,0.47604422245944206,10.853858499307247,9.358153883919597,2.8861108845048804,17.17702233642949,30.0,2037.0,10.689459543690473,25.073366628550005
1232,14.005033525454866,7.436864568984952,6.948648461603599,6.61384590878259,4.93124791536639,7.859088391867198,6.664150483409281,0.5411207445311226,15.0,30.0,2037.0,11.778452905000004,25.301405651075015
1233,10.598741548915122,6.62823196228442,3.458659714677001,8.790849788343746,5.987728657457844,1.9192186648084575,6.828039352128344,10.788530311385065,15.0,30.0,2037.0,11.612970535833337,24.617039014099973
1234,5.140624827865374,1.185746695114486,6.402536848263494,10.252799639028112,4.911468229690362,3.209752863282448,12.697129017257256,11.199941879498475,15.0,30.0,2037.0,9.78643518535714,25.816250410083306
1235,12.354494682949479,0.7957978940409993,2.336216566429886,10.426945531975448,9.519053249251467,1.8408006636620589,6.937476126428311,10.789215285262351,15.0,30.0,2037.0,11.59222083416667,24.75911240799998
1236,11.241822076999513,0.6558853093942275,10.516706210592822,6.214125594919823,7.521551107138167,3.6773188913272694,11.747486374389945,3.4251044352382256,15.0,30.0,2037.0,10.586234421666664,25.36916950937501
1237,11.008745346666325,6.701119077174642,12.374134900782378,8.76319521873422,2.607586365863802,5.06768107093658,4.179293330436794,4.298244689405262,15.0,30.0,2037.0,11.905168475833339,25.333591714525024
1238,3.6314163263237647,5.834595478493262,5.601190394034715,12.526445531370763,2.289108795568232,1.1696361679573906,11.49861299748377,11.708408674708727,15.740585634059379,30.0,2037.0,9.704614945833333,25.495191991908314
1239,9.487179265672522,8.101207065721052,0.9986654637123262,8.568154936098802,0.1957725598481899,4.67334574032254,13.406444096185425,4.372196041853515,20.19703483058563,30.0,2037.0,10.388150035079361,25.741993945850005
1240,8.349555896888731,1.4827932000859856,5.506216763446105,7.150761396478963,8.652362058376445,9.406108381427728,7.888712870420016,6.563489432876029,15.0,30.0,2037.0,11.840289165000003,24.65443208164998
1241,7.844365409329638,10.972222188424526,8.143041375228192,0.18469924790304887,5.484909973414004,6.793377652442051,7.6226193354572676,7.954764817801278,15.0,30.0,2037.0,11.617274428690475,25.053229730599995
1242,10.803285102283729,10.031788747463036,10.884089096867937,12.317181314844657,0.3268218088328628,1.8045295649927386,6.1730488929843315,2.659255471730705,15.0,30.0,2037.0,11.912004692857145,25.358322559250027
1243,8.56747403033188,7.908525523039776,8.585372147854956,6.996753863750291,7.72693497947661,2.855824134337805,10.43442897213968,1.9246863490689965,15.0,30.0,2037.0,10.586234421666664,25.281607234025014
1244,8.229253505133363,8.33856958610022,6.706823206182112,5.307600042902258,4.387967258772477,8.189500061687845,5.869236182422839,7.971050156798876,15.0,30.0,2037.0,11.967004735833335,24.700249355099995
1245,9.554804556659803,1.6751998104407655,10.574348628291403,5.67295981616979,10.35620550684406,3.7649428769352316,8.003569157510825,5.397969647148122,15.0,30.0,2037.0,11.840289165000003,24.65443208164998
1246,11.852060346988685,8.481793483660958,3.079929151178498,11.148145662238834,3.603352213353238,4.554042953140809,1.2515320919778374,11.029144097461144,15.0,30.0,2037.0,11.737451055000001,24.831437347099996
1247,11.731542069601643,0.5732569936707461,12.822709162251059,0.5605779089405365,7.654551024027404,2.538040037735837,13.846021164409363,5.2733016393634164,15.0,30.0,2037.0,10.735880667023805,25.214141227899987
1248,10.94734659139249,6.818434516877337,11.180554514020958,1.0417068424953966,2.7151329894612592,7.815949804801687,13.42145988526939,1.0594148556814815,15.0,30.0,2037.0,10.575436454999995,25.844915982775014
1249,9.413683631056209,5.858184136515862,12.121112057146082,1.0561532029552274,2.8838353752457317,4.405115618839237,9.20191837578864,10.059997602453011,15.0,30.0,2037.0,10.755965577023808,24.636600271999978
1250,6.436736939998474,5.266807283090842,8.979514302899858,9.10380373251177,7.916778745929322,6.919424616188732,3.5185717637308143,6.858362615650187,15.0,30.0,2037.0,11.058218593749999,25.535661085208325
1251,6.676246232359069,2.705652695118648,6.923996779735947,5.78923688914412,7.146063905459563,6.838183551345159,11.916222034003221,6.853373644522761,15.151024268311517,30.0,2037.0,9.799305784523805,25.517420049308317
1252,4.391645205925401,8.36376743684802,1.3925006724341678,2.400097142148317,8.044851315127069,0.6455256776778181,8.111862616440893,21.649749933398322,15.0,30.0,2037.0,10.58088963583333,25.648293121708317
1253,9.656252697843232,8.367947361289087,3.2300441610108743,9.779946848996149,3.4860576517869424,0.7668614815407786,10.512280302034757,9.200609495498174,15.0,30.0,2037.0,10.513444964523808,24.566663801549975
1254,12.051842340645088,1.0262444193728768,7.346016343350658,10.245678439928856,1.159023898281973,2.370755481877647,11.646283311195116,9.154155765347783,15.0,30.0,2037.0,10.85148499452381,24.711631875349976
1255,16.583887787368788,0.28323098155752985,11.676843915812375,1.3382499717582212,0.11718826795274821,2.7374361913231575,7.68433738602573,14.578825498201445,15.0,30.0,2037.0,11.886610485,24.52126903169998
1256,4.742563790117704,2.7029442525312883,5.931680333555779,9.1985045766353,9.602540261569866,9.764339205304946,3.9051589454314897,9.152268634853622,15.0,30.0,2037.0,11.05552223875,25.55184164230832
1257,11.551383682669202,0.16740079590972692,5.363661178038584,7.8898925566298965,8.547674296975737,2.1447602904900123,11.841255203116186,7.493971996170653,15.0,30.0,2037.0,10.755965577023808,24.723641350749975
1258,10.003354716145285,1.0179384969500687,1.8014131102694346,7.341365364347675,7.707590406251556,8.772487632969042,5.025711963511322,9.883744095529162,18.446394214026455,30.0,2037.0,11.729500805000002,24.802658793949988
1259,7.495421829255329,9.898977141517697,7.316926595364422,7.261728589928292,2.385777420227208,5.7053532254807,5.997403096010352,7.464513225054593,16.473898877161407,30.0,2037.0,11.114682174940475,24.97052258415
1260,1.2058305892729098,1.440912823873976,13.734024492495019,2.520510031528518,11.506069138172949,6.001528325565526,8.453593362113466,3.9865495295484017,21.15098170742924,30.0,2037.0,10.790742344583334,26.235078409650008
1261,12.133438829982275,7.381007410010919,1.5916673533224972,2.1949254610738276,12.705203614497307,9.320287246394148,0.6330128665266259,9.040457218192406,15.0,30.0,2037.0,11.729500805000002,24.802658793949988
1262,3.940573296299322,4.574175136503319,6.004392939983847,7.127804023101636,10.262390460978102,2.415147553506034,11.06232975619558,9.613186833432163,15.0,30.0,2037.0,9.704614945833333,25.49417700055831
1263,0.314183708175567,8.623990884480452,12.531145232258337,8.48503382428714,3.0957848763914324,1.3141853256415648,10.156876145395053,10.478800003370445,15.0,30.0,2037.0,9.68369384285714,25.607522761708324
1264,4.5873371382063555,6.547232638220433,7.932407183192481,9.100271502662524,6.859794539433314,1.2458174705984042,7.669259602863607,11.057879924822878,15.0,30.0,2037.0,10.890848253749995,25.518804162808316
1265,17.826290889903632,0.13607258075518455,2.8736654875267647,12.15560689429463,5.593853125777759,2.0868643936623954,8.131717308343111,6.195929319736518,15.0,30.0,2037.0,11.610735484166671,24.763941153199976
1266,1.5676573877877689,4.7006112356770355,11.753650032787466,11.058610040684009,4.972315726167076,8.814789833417063,1.1080012776581882,8.986151107848164,17.038213357973227,30.0,2037.0,11.007450849583334,25.552856633658326
1267,7.3470258410689295,2.760805859024971,9.341122498706362,8.70219258905086,9.608551531913577,0.3844299665265664,8.087391547244533,8.768480166464204,15.0,30.0,2037.0,10.984148893749998,24.63480254164998
1268,14.561784817321273,4.723656799509346,5.0210141874305085,2.8854984610875243,12.280074339959643,4.19523965648501,5.026452029199028,6.306279709007665,15.0,30.0,2037.0,11.967004735833335,24.68178939989999
1269,6.639122218069846,10.734924537254267,10.797819539709305,10.52141895175983,1.3327812781410187,10.539417880340718,1.5848659317177949,1.6438048961772114,16.205844766830012,30.0,2037.0,10.92449781279762,26.40350799915003
1270,6.337656152506697,10.038296940876275,11.350713445912312,7.005731575851885,7.031618303723721,8.65533763341091,2.6632675300957662,1.9173784176224267,15.0,30.0,2037.0,10.922574152440477,26.443892273483357
1271,2.220695748611039,7.3529015013696455,6.418894216915789,6.809183052232828,3.515898638360817,7.437873691462816,9.642453815096587,11.602099335950482,15.0,30.0,2037.0,9.704614945833333,25.495191991908314
1272,2.9777697132592675,10.490581474692206,14.434797798556128,3.261599012790891,3.9409482226087125,2.293925783197896,11.341529382552121,6.2588486123427804,15.0,30.0,2037.0,9.626917603571426,25.832111932808324
1273,8.4333446319229,5.00694448932432,5.201852487413581,4.38929870604039,6.887959092799398,5.096883472840022,8.286270086495534,11.697447033163849,15.0,30.0,2037.0,11.840289165000003,24.65443208164998
1274,7.929769248845059,12.599753835288116,1.0229199003635088,1.1742596970363013,8.341135275104707,9.58510004135708,3.1706570792064106,11.176404922798822,15.0,30.0,2037.0,11.579402731190477,25.825201960400005
1275,10.006903419124765,0.5796534983044761,11.19206846980079,11.280058568154933,11.209717856770142,2.0534517113513195,8.484773184278305,0.19337329221527447,15.0,30.0,2037.0,11.778452905000004,25.306234396275013
1276,12.110773074535368,4.372265857670231,9.851185260000886,9.899852485099917,0.2466823712360367,4.853823553082514,0.2612386912344573,13.404178707140591,15.0,30.0,2037.0,11.999847693333333,24.53679287029999
1277,12.305522866360498,3.132799082913956,7.550160767790911,9.455024374862363,2.4936913679912918,12.118722925603,4.659366959704729,3.284711654773247,15.0,30.0,2037.0,11.89671416696429,25.325709940725023
1278,11.038042015775895,10.55559861132743,5.7973773933355774,4.309061399100353,3.904309501929869,3.2091965879514874,6.5313852981353575,9.655029192444035,15.0,30.0,2037.0,11.794439328690478,25.0270049136
1279,6.937937818919622,1.0073034767517723,10.232588523458906,7.563532916911787,7.242765174775115,4.383895590539315,13.200382377699734,1.320314715565337,18.111279405378404,30.0,2037.0,9.618539512499996,25.898295082875016
1280,12.021712050980923,9.948587843722015,1.4220724944937604,11.351604420067474,9.312644182009281,0.44096516697516297,1.8252239641666357,8.677189877584745,15.0,30.0,2037.0,11.699404389523812,25.114048923499993
1281,9.257580028163236,8.477053451446041,9.848751475506555,7.391788881432473,3.3520479541423467,11.727113437098522,0.23411166361741984,4.711553108593413,15.0,30.0,2037.0,11.921063498630954,25.396620727975034
1282,6.41216279356696,7.4616418957807245,6.9494225799290605,9.11332747626385,7.067006261714706,6.636784530066586,2.5059269086665354,8.853727554011583,15.0,30.0,2037.0,11.058218593749999,25.535661085208325
1283,4.361694582271656,1.8158038252670725,11.532365990240898,0.03481199357802495,11.607770692202065,3.6592939086145795,12.342009186336876,9.64624982148883,15.0,30.0,2037.0,9.7113389875,25.628842090608313
1284,7.2912636210521224,4.9075017630552,8.635123008142036,1.2084933076034106,9.136043282718463,8.498488433014852,7.11128233112118,8.211804253292739,15.0,30.0,2037.0,10.960923627083332,24.691118530349982
1285,9.527857383921667,6.040820555413305,9.668289692324933,4.37584982511806,7.4829318331153445,4.772025051585681,2.0885860893799535,5.470325399328474,20.57331416981258,30.0,2037.0,11.967004735833335,24.68178939989999
1286,13.535686147985148,3.1703363640501383,7.680182498580352,2.078406581111309,2.5084519438225255,11.172973642656562,10.992838381112815,3.8611244406811434,15.0,30.0,2037.0,10.574022824047615,25.281607234025014
1287,2.827233247341544,0.31178063965830427,10.58166690285403,0.8682583390389745,15.904108086945875,9.893936899311486,7.634378245589908,6.978637639259879,15.0,30.0,2037.0,10.876928603749997,25.519819154158313
1288,13.705957640576262,9.22026662616905,2.7113438924926228,8.29091836255129,1.9638393503427576,0.258679433555477,9.29210967136123,9.556885022951304,15.0,30.0,2037.0,10.410859170714284,25.024485000199988
1289,6.376374979048815,0.5971447131443837,6.437752709877445,5.8542351010223745,6.924003592870821,9.462389317477998,8.985637798908755,10.362461787649412,15.0,30.0,2037.0,9.812995732023806,25.48479179605831
1290,10.91897904798175,9.901359569676059,8.306456017697794,0.8606254806114032,0.5599787895456063,9.562468100946765,5.590163489796192,9.299969503744434,15.0,30.0,2037.0,11.969751277857142,24.841975288000004
1291,1.243684752336307,2.5254133742894247,11.022769127393008,7.433346645286753,8.248293121788278,2.440507120579977,10.78708263652144,11.298903221804812,15.0,30.0,2037.0,9.704614945833333,25.495191991908314
1292,13.946737397437994,12.072964792148547,12.118391498054727,1.7398736988527514,4.471059554483179,1.1035381531917927,0.14331255096624096,2.613431169950664,21.790691184914103,30.0,2037.0,11.875072060357148,26.373007417525027
1293,6.325538260448942,8.013951330684172,8.862742158012738,7.345795209708668,4.656462640462898,11.808592790710692,1.0788046101457904,6.179954077525441,15.728158922300656,30.0,2037.0,11.034916795297617,25.527779311408327
1294,9.90283466394874,11.50866776359328,9.278004180282831,0.18163265099300988,2.5291055288718494,4.803232811708314,3.280984318347137,13.515538082254833,15.0,30.0,2037.0,11.936908320357144,25.263608483400006
1295,10.397954835747415,8.282979193580696,3.183113796426922,4.237500318537811,2.230459116611459,10.86071930991629,5.785565314176419,10.02170811500299,15.0,30.0,2037.0,11.739686106666667,24.672203801149987
1296,11.172263200065755,5.646069542273337,12.135774771408482,0.6737692368125328,11.222010913511074,2.966996611729131,4.105705682664915,7.07741004153477,15.0,30.0,2037.0,11.967004735833335,24.68178939989999
1297,7.000353255994654,4.260122828192818,2.2516693130782337,9.874965248720356,5.139683862175192,6.500042873914413,8.284337270782196,11.688825347142142,15.0,30.0,2037.0,10.638160646666666,24.95193046363331
1298,8.758400792937447,10.333385796910882,4.9349020076442685,10.126952265209507,5.716612303866291,4.800490553094435,3.4613796225835927,6.867876657753574,15.0,30.0,2037.0,11.936908320357144,25.0577715056
1299,0.7469922893101948,8.647426677255599,11.60800100145623,3.0247723955452104,5.686208698835352,0.25681033980304174,12.975144594636348,12.054644003158028,15.0,30.0,2037.0,9.65698865952381,26.03969916398332
